ID,問題,答え
2,"#2  
point of contact
","point of contact
意味
「連絡窓口」「担当者」「接点」という意味です。
文脈で主に2つあります。

連絡先・担当窓口
ビジネスで最も多い意味です。
Who is the point of contact for this project?
この案件の担当窓口は誰ですか。
接触点・接点
物理的に触れる点、あるいは意見や利害が交わる点です。
We need to identify the points of contact between the two systems.
その2つのシステムの接点を特定する必要がある。

語源
point はラテン語 pungere プンゲレ 「刺す」が語源です。
そこから punctum プンクトゥム 「刺した跡、点」が生まれ、英語 point になりました。
もともとは「先のとがった所」「一点」という感覚です。

of は古英語 of オヴ 「?の、?から」。

contact はラテン語 contingere コンティンゲレ 「触れる、接する」が語源です。
con- コン 「共に」＋ tangere タンゲレ 「触れる」からできています。
そこからラテン語 contactus コンタクトゥス 「接触」を経て英語 contact になりました。

つまり point of contact は、直訳すると
「接触の点」
です。
そこから
「実際に連絡を取る相手」
「物や組織がつながる接点」
という意味になりました。

同じ語源の英語
point と同系統
puncture
punctual
punctuation
pointed

contact と同系統
tangent
tangible
intact
contiguous
touch は別語源ですが意味は近いです

言いかえ
担当窓口の意味なら
contact person
main contact
liaison
です。

補足
ビジネス英語では
single point of contact
という形が非常によく使われます。
意味は「一本化された窓口」「唯一の担当連絡先」です。
"
3,"#3  
mess with 
","mess with は口語表現で「いじる」「干渉する」から転じて「けんかを売る、ちょっかいを出す」の意味です。
"
4,"#4  
address
attend to 
","address a problem ＝ 問題を解決しようとして対処する
attend to a problem ＝ その問題に注意を向けて対応する
"
5,"#5  
have yet to ～
","have yet to ～

意味：
まだ～していない。
まだ～するに至っていない。

形：
have / has yet to + 動詞の原形

例：
We have yet to receive the report.
私たちはまだその報告書を受け取っていない。

The company has yet to announce the results.
その会社はまだ結果を発表していない。

The issue has yet to be resolved.
その問題はまだ解決されていない。

have not ～ yet との違い：
We have not received the report yet.
まだ報告書を受け取っていない。

We have yet to receive the report.
まだ報告書を受け取っていない。
こちらのほうが少し硬く、ビジネス文書・ニュース・TOEIC向きです。「本来はもう済んでいてもよさそうだが、まだ」という感じがあります。

TOEICでよく出る形：
have yet to decide
まだ決定していない

have yet to complete
まだ完了していない

have yet to approve
まだ承認していない

has yet to be finalized
まだ確定されていない

has yet to be determined
まだ決定されていない

注意：
to の後ろは動詞の原形です。

正：
The manager has yet to approve the request.

誤：
The manager has yet to approved the request.
"
6,"#6  
at the request of ～
","at the request of ～ は「～の要請で」「～の依頼により」という意味です。少し硬い表現です。

"
7,"#7  
keep A from ～ing
","keep A from ～ing

意味：
Aが～するのを防ぐ、Aに～させないようにする。

形：
keep + 人・物 + from + 動詞ing

例：
The rain kept us from going outside.
雨のせいで、私たちは外に出られなかった。

This cover keeps dust from entering the machine.
このカバーは、ほこりが機械に入るのを防ぐ。

Heavy traffic kept him from arriving on time.
ひどい渋滞のせいで、彼は時間どおりに到着できなかった。

TOEICで出やすい意味：
「原因・事情が、人や物の行動を妨げる」という意味です。

似た形：
prevent A from ～ing
Aが～するのを防ぐ

stop A from ～ing
Aが～するのを止める

keep A from ～ing
Aが～しないようにする、～するのを妨げる

ニュアンス：
prevent はやや硬め。
stop は普通。
keep は「その状態に保つ」「させない状態にしておく」という感じです。

語源：
keep は古英語 c?pan（ケーパン）「つかむ、保つ、注意する」から来ています。
from は古英語 fram（フラム）「～から、離れて」。
keep A from ～ing は「Aを～することから離れた状態に保つ」→「Aが～するのを防ぐ」という意味です。

同じ語源の英語：
keep：保つ、守る
keeper：管理人、守る人
keeping：保持、管理
keepsake：記念品
from：～から、～を離れて
"
8,"#8  
adhere to
","adhere to は「?に従う」「?を守る」「?にくっつく」という意味です。TOEICでは特に「規則・方針・手順を守る」でよく出ます。
"
9,"#9  
誘いを断る
","「誘いを断る」は英語で decline an invitation が一番きれいです。
"
10,"#10  
on the premises
","on the premises

意味：
敷地内で、施設内で、建物内で。

premises は、この形では「前提」ではなく、「建物・敷地・施設」という意味です。普通は複数形 premises で使います。

例：
Smoking is not allowed on the premises.
敷地内での喫煙は禁止されています。

Visitors must wear ID badges while on the premises.
来訪者は施設内にいる間、IDバッジを着用しなければなりません。

No alcohol may be consumed on the premises.
施設内での飲酒は禁止されています。

TOEICでは、会社・工場・ホテル・学校・イベント会場などの「施設内で」という意味でよく出ます。

注意：
premise 単数形は「前提」という意味で使うことが多いです。
premises 複数形は「敷地、建物、施設」という意味で使うことが多いです。

語源：
premises はラテン語 praemittere（プラエミッテレ）「前に送る、前に述べる」から来ています。
prae-（プラエ）「前に」＋ mittere（ミッテレ）「送る」。

もともとは法律文書で「前に述べられた事項」という意味でした。その後、不動産契約で「前に述べられた土地・建物」を指すようになり、「敷地、建物、施設」という意味になりました。

同じ語源の英語：
premise：前提
premises：敷地、施設
promise：約束する
mission：任務
submit：提出する
transmit：送信する
permit：許可する
admit：認める、入場を許す
"
11,"#11  
It is selling quickly during this holiday season.
","It is selling quickly during this holiday season.

意味：それはこのホリデーシーズン中、よく売れている／急速に売れている。

文法：
It＝その商品
is selling＝売れている。ここでは sell が自動詞で、「売られている」ではなく「売れる」という意味。

ポイント：
sell は「売る」だけでなく、「売れる」という意味でも使います。
例：This book sells well.
この本はよく売れる。

"
12,"#12  
thatの省略
","関係代名詞 that を省略できるのは、that が関係詞節の「目的語」のときです。
This is the book that I bought.
この that は bought の目的語です。I bought the book. なので、that は省略可能。
This is the book I bought. も正しい。
でも、今回の that は主語です。
a shelf that accommodates the materials
＝the shelf accommodates the materials
that が accommodates の主語なので、省略不可です。
要するに、
目的語の that は省略できる：the book that I bought → the book I bought
主語の that は省略できない：a shelf that accommodates them → a shelf accommodates them は不可
"
13,"#13  
It causes minimal traffic problems.

このミニマルの代わりにミニマムは使えるか。
","普通は使いません。この文では minimal が自然です。
It causes minimal traffic problems.
それは交通問題をほとんど引き起こさない。
minimal は「ごくわずかな、最小限の」という形容詞で、実際の影響・被害・問題が少ないことを表します。traffic problems のような「問題・影響・損害」には minimal がよく合います。
minimum も形容詞として使えますが、意味は「規定上・数値上の最低限の」です。
例：
the minimum age
最低年齢
the minimum wage
最低賃金
the minimum requirement
最低要件
だから、
minimum traffic problems
と言うと不自然です。「交通問題の最低数」というように、数値の下限を言っている感じになります。
まとめると、
minimal problems＝問題がごく少ない
minimum requirements＝最低要件
minimum amount＝最低量
minimum age＝最低年齢
この文では minimal が正解です。
"
14,"#14  
fast-paced environment
","fast-paced environment

意味：展開が速い職場・状況、忙しくて変化の速い環境。求人やTOEICでよく出ます。

分解：
fast-paced＝ペースが速い、進行が速い
environment＝環境、職場環境、状況

例：
We are looking for someone who can work in a fast-paced environment.
変化が速く忙しい職場で働ける人を探しています。

語源：
fast は古英語 f?st（フェスト）「しっかりした、固定された」から。そこから「速い」の意味も発達しました。
pace はラテン語 passus（パッスス）「歩み、一歩」から、古フランス語 pas（パ）を通じて英語へ。
environment はフランス語 environ（アンヴィロン）「周囲に」から。en-（アン）「中に」＋ viron（ヴィロン）「回り、円」に関係します。

同じ語源の英語：
fast と同系：fasten「固定する」、steadfast「不動の、確固とした」
pace と同系：pass「通る」、passage「通路、通過」、passenger「乗客」
environment と同系：environ「取り囲む」、environmental「環境の」、environs「周辺地域」
"
15,"#15  
The new albums by Tom Brown were piled on the display table while 〇〇 of his works were placed on the shelves.

a. others
b. ones 
c. those
d. all
","正解：a. others

The new albums by Tom Brown were piled on the display table while others of his works were placed on the shelves.

意味：
トム・ブラウンの新しいアルバムは展示台に積まれており、一方で、彼の他の作品は棚に置かれていた。

ポイント：
others of his works = his other works = 彼の他の作品

この文では、Tom Brown の作品全体のうち、「新しいアルバム」は展示台にあり、「それ以外の作品」は棚にあった、という対比です。while はここでは「一方で」。

なぜ others か：
others は「他のもの」という代名詞です。ここでは others of his works で「彼の作品のうち他のもの」という意味になります。

b. ones はダメ：
ones of his works とは普通言いません。ones は前に出た可算名詞の反復を避ける語ですが、of his works とは相性が悪いです。

c. those はダメ：
those of his works だと「彼の作品のうちそれら」という形になり、不自然です。those works なら可能ですが、those of his works はこの文では合いません。

d. all はダメ：
all of his works だと「彼の作品すべて」になります。しかし前半で new albums が展示台に置かれているので、後半で「すべての作品が棚に置かれた」とすると矛盾します。

覚え方：
some / others
あるものは?、他のものは?

例：
Some products are displayed near the entrance, while others are kept in the storage room.
いくつかの商品は入口近くに展示されており、一方で他の商品は倉庫に保管されている。
"
16,"#16  
as with（アズ・ウィズ）
","意味：
「～の場合と同様に」「～と同じように」「～についても同様に」

使い方：
As with A, B ...
＝Aの場合と同様に、Bも...
"
17,"#17  
Now that ...
","Now that ...（ナウ・ザット）

意味：
「今や～なので」「～したからには」「～である以上」

理由を表す接続詞です。because に近いですが、now that は「状況が変わって、今はこうなったので」という感じが強いです。

例：
Now that the rain has stopped, we can go outside.
雨がやんだので、外に出られる。

Now that you are here, we can start the meeting.
あなたが来たので、会議を始められる。

Now that I understand the rule, the problem seems easy.
ルールが分かったので、その問題は簡単に見える。

Now that he has resigned, the company needs a new manager.
彼が辞任したので、会社は新しい管理者を必要としている。

because との違い：
Because I was tired, I went home.
疲れていたので帰った。
Now that I am tired, I should go home.
今は疲れているので、帰ったほうがよい。

now that は「今そういう状態になったから」という感じです。

語源：
"
18,"#18  
in that
","in that（イン・ザット）

意味：
「～という点で」「～であるという理由で」

because に少し近いですが、in that は「理由全部」ではなく、「その点において」という限定した理由を表します。

例：
This plan is useful in that it saves time.
この計画は、時間を節約できるという点で有用です。
"
19,"#19  
despite と although
","despite と although の違いは、「品詞」と「後ろに来る形」です。

despite（ディスパイト）
意味：～にもかかわらず
品詞：前置詞
後ろ：名詞、名詞句、動名詞

although（オールゾウ）
意味：～だけれども、～にもかかわらず
品詞：接続詞
後ろ：主語＋動詞の文

"
20,"#20  
on behalf of
","on behalf of

意味：?を代表して、?の代理で、?のために。

主な使い方は2つあります。

?を代表して
例：On behalf of the company, I would like to apologize.
会社を代表して、おわび申し上げます。
?のために、?の利益のために
例：She spoke on behalf of the children.
彼女は子どもたちのために発言した。

語源：behalf は、中英語の bihalve / behalf（ビハルヴ／ビハーフ＝側、味方、利益）から来ています。be-（ビ＝近くに、そばに）＋ half（ハーフ＝側、半分）で、「誰かの側に立って」という感じです。
"
21,"#21  
with expertise in ～
","with expertise in ～

意味：～に専門知識・専門能力を持つ、～を専門とする
"
22,"#22  
intact
","intact（インタクト）

意味：無傷の、壊れていない、完全なままの、手つかずの。

ラテン語 intactus（インタクトゥス）＝触れられていない、損なわれていない、に由来します。
in（イン）＝否定、～でない
tactus（タクトゥス）＝触れられた
tangere（タンゲレ）＝触れる

つまり intact は「触れられていない」→「損なわれていない」→「無傷の、完全なままの」という意味です。

同じ語源の英語：
touch「触れる」
tangent「接線、接するもの」
tangible「触れることができる、有形の」
contact「接触」
contagious「接触でうつる、伝染性の」
tactile「触覚の」
tact「機転、如才なさ」
"
23,"#23  
in correspondence with ～
","in correspondence with ～

意味：～と一致して、～に対応して、～と連絡を取り合って

語源：
correspondence（コレスポンデンス）は correspond（コレスポンド）から来ています。
correspond はラテン語 correspondere（コレスポンデーレ）＝互いに応答する、対応する、に由来し
"
24,"#24  
strive to + 動詞の原形
","意味：～しようと懸命に努力する、～するよう努める
"
25,"#25  
Given + 名詞

Given that + 文
","Given + 名詞
意味：～を考慮すると、～を前提とすると

Given that + 文
意味：～ということを考えると、～であることを前提にすると
"
26,"#26  
other と the other 
","３つ以上、２つ
"
27,"#27  
have yet to + 動詞の原形
","have yet to + 動詞の原形

意味：
まだ?していない。
まだ?するに至っていない。

例：
We have yet to receive the report.
私たちはまだその報告書を受け取っていない。

The company has yet to announce the results.
その会社はまだ結果を発表していない。

The problem has yet to be resolved.
その問題はまだ解決されていない。

ポイント：
have yet to do は、意味としては have not done yet に近いです。ただし、have yet to do のほうが少し硬く、ビジネス文書・ニュース・TOEIC向きです。

比較：
We have not received the report yet.
私たちはまだ報告書を受け取っていない。

We have yet to receive the report.
私たちはまだ報告書を受け取っていない。
少しフォーマルで、「受け取るべきだが、まだ受け取っていない」という感じが出ます。

TOEICで重要な形：
have yet to announce
まだ発表していない

have yet to receive
まだ受け取っていない

have yet to decide
まだ決定していない

have yet to complete
まだ完了していない

have yet to be determined
まだ決定されていない

have yet to be finalized
まだ確定されていない

語源：
yet は古英語 g?et / g?t（イェート）「まだ、これまでに」から来ています。

have yet to do は、
have「持っている」
＋ yet「まだ」
＋ to do「すること」
という形で、「まだこれからすることを残している」→「まだ?していない」という意味になります。

注意：
have yet to の後ろは必ず動詞の原形です。

正：
The manager has yet to approve the request.

誤：
The manager has yet approved the request.
この形は不可です。
"
28,"#28  
in monthly installments
","意味：月賦で、毎月分割払いで
"
29,"#29  
inaugural
","意味：初の、最初の、就任の、開始を記念する。

in（イン）＝中へ、～に向けて
augur（アウグル）＝古代ローマの鳥占い師、神意を読む祭司

古代ローマでは、重要な役職に就く前に augur が鳥の飛び方などで神意を占いました。そこから「正式に役職に就く」「正式に始める」という意味になりました。

同じ語源の英語：
inaugurate「就任させる、開始する」
inauguration「就任式、開始」
inaugural「就任の、初の」
augur「占う、予兆となる」
augury「前兆、占い」
"
30,"#30  
in terms of ～
","in terms of ～

意味：
～の点で、～に関して、～という観点から見ると。

例：
In terms of price, this hotel is reasonable.
価格の点では、このホテルは手ごろです。

In terms of quality, the new model is better.
品質の点では、新しいモデルのほうが良いです。

In terms of convenience, this location is ideal.
利便性の点では、この場所は理想的です。

TOEICでよく出る使い方：
in terms of cost
費用の面で

in terms of efficiency
効率の面で

in terms of performance
性能の面で

in terms of customer satisfaction
顧客満足度の面で

言い換え：
regarding ～
～に関して

with regard to ～
～に関して

from the viewpoint of ～
～の観点から

注意：
in terms of は便利ですが、やや硬めです。会話では about ～ や regarding ～ のほうが簡単です。

語源：
term はラテン語 terminus（テルミヌス）「境界、限界、終点、定められた範囲」から来ています。
そこから term は「範囲を定めた言葉」「専門用語」「条件」「期間」という意味になりました。

in terms of は直訳すると「～という用語・条件・範囲において」→「～の観点で、～の面で」という意味です。

同じ語源の英語：
term：用語、期間、条件
terminal：終点の、端末
terminate：終わらせる
determine：決定する
interminable：終わりのない
terminology：専門用語
midterm：中間の、中間試験
"
31,"#31  
comparable to ～
","comparable to ～

意味：
～に匹敵する、～と同等の、～と比較できる。

例：
This product is comparable to the leading brand.
この製品はトップブランドに匹敵します。

The hotel’s service is comparable to that of a five-star hotel.
そのホテルのサービスは五つ星ホテルのサービスに匹敵します。

The results are comparable to last year’s figures.
その結果は昨年の数値と比較できます。

ポイント：
comparable to ～ は、「～と同じくらいの水準で比べられる」「～に匹敵する」という意味です。TOEICでは、品質・価格・性能・結果・サービスなどの比較でよく出ます。

比較：
comparable to ～
～に匹敵する、～と同等の
This model is comparable to more expensive ones.
このモデルは、もっと高い機種に匹敵する。

compared to / with ～
～と比べて
Compared to last year, sales increased.
昨年と比べて、売上は増えた。

語源：
comparable は compare から来ています。
compare はラテン語 comparare（コンパラーレ）「同じように準備する、比べる」から来ています。
com-（コン）「一緒に」
＋ parare（パラーレ）「準備する、整える」
です。

同じ語源の英語：
compare：比較する
comparison：比較
comparable：比較できる、匹敵する
comparative：比較の
comparatively：比較的
prepare：準備する
repair：修理する、整える
separate：分ける
"
32,"#32  
be reliant on
","意味：～に依存している、～を頼りにしている、～に頼っている。

語源：
reliant は rely（リライ）から来ています。rely は古フランス語 relier（ルリエ）＝結びつける、縛る、に由来します。さらにラテン語 religare（レリガーレ）＝再び結びつける、しっかり縛る、から来ています。
re（レ）＝再び
ligare（リガーレ）＝結ぶ、縛る

同じ語源の英語：
rely「頼る」
reliable「信頼できる」
reliance「依存、信頼」
reliant「依存している」
ally「同盟する、味方」
ligament「靭帯」
oblige「義務づける」
obligation「義務」
"
33,"#33  
online purchase/online purchases
","冠詞がない場合は、普通は online purchases のように複数形にします。

an online purchase
1回のオンライン購入

the online purchase
そのオンライン購入

online purchases
オンライン購入、ネット購入全般
"
34,"#34  
連結動詞 linking verb / copular verb
","remain, stay, keep, seem, appear, look, sound, feel, become, get, grow, turn, fall, prove

ほかによく出るもの：
be
He is happy.
彼は幸せだ。

smell
The soup smells good.
そのスープはいい匂いがする。

taste
This cake tastes sweet.
このケーキは甘い味がする。

go
The milk went bad.
牛乳が悪くなった。
go bad / go wrong / go blind / go bankrupt などで使います。

come
His dream came true.
彼の夢は実現した。
come true / come loose / come undone など。

run
The river ran dry.
川が干上がった。
run short of money のような形もあります。

lie
The town lay quiet.
町は静まり返っていた。
やや文学的です。

stand
The door stood open.
ドアは開いたままだった。
やや硬い・文学的です。

sit
He sat still.
彼はじっと座っていた。
sit idle「何もしないでいる」など。

hold
"
35,"#35  
xmeet with ～
","はい。meet with ～ の後ろには基本的に名詞が来ます。

形：
meet with + 名詞

例：
meet with opposition
反対に遭う

meet with resistance
抵抗に遭う

meet with success
成功を収める

meet with approval
承認・賛同を得る

meet with clients
顧客と会う

meet with the manager
部長と面会する

つまり、後ろには「人」も「反応・結果・困難などの名詞」も来ます。

注意：
meet with to do とは普通言いません。

不自然：
The proposal met with to oppose.

自然：
The proposal met with opposition.
その提案は反対に遭った。
"
36,"#36  
The property manager of Murphy Heights apologized that the repainting work on the building's exterior had 〇〇　 apartment residents.

a. inconvenience 
b. inconveniently 
c. inconvenient 
d. inconvenienced
","正解は d. inconvenienced です。

理由：
had の後ろに来るのは過去分詞です。ここでは had inconvenienced で過去完了になります。

had + 過去分詞
had inconvenienced
迷惑をかけていた正解は d. inconvenienced です。
"
37,"#37  
形容詞句による後置修飾
名詞 + 形容詞 + 前置詞 + 名詞
","TOEICで特によく出る「名詞 + 形容詞 + 前置詞 + 名詞」は、この10個です。

applicants eligible for the position＝その職に応募資格のある応募者
employees responsible for sales＝販売を担当している従業員
staff familiar with the system＝そのシステムに詳しい職員
people interested in the seminar＝そのセミナーに関心のある人々
items available for purchase＝購入可能な商品
information relevant to the project＝そのプロジェクトに関連する情報
documents necessary for registration＝登録に必要な書類
issues related to shipping＝配送に関係する問題
expenses associated with travel＝出張に関連する費用
workers capable of handling complaints＝苦情対応ができる従業員

覚え方：
eligible for＝～に適格な
responsible for＝～を担当している、～に責任がある
familiar with＝～に詳しい
interested in＝～に関心がある
available for＝～に利用できる
relevant to＝～に関連する
necessary for＝～に必要な
related to＝～に関係した
associated with＝～に関連した
capable of＝～できる能力がある
"
38,"#38  
複合名詞で、TOEICの試験によく出るやつを、前の名詞だけ挙げて、一覧を書け。
","TOEICで特に出やすい複合名詞だけに絞ると、まずこの20個です。

customer service＝顧客サービス
sales representative＝営業担当者
marketing campaign＝販売促進キャンペーン
product launch＝製品発売
employee training＝従業員研修
training session＝研修会
business trip＝出張
meeting room＝会議室
travel expenses＝旅費
expense report＝経費報告書
job opening＝求人、空き職
job application＝応募書類、求人応募
office supplies＝事務用品
shipping address＝配送先住所
delivery date＝配達日
payment method＝支払方法
reservation confirmation＝予約確認
conference room＝会議室
safety inspection＝安全検査
maintenance schedule＝保守日程

覚えるポイント：前の名詞は基本的に単数形です。customer service、sales representative、office supplies のように使います。
"
39,"#39  
deem
","意味：～だと考える、～だと見なす、判断する。やや硬い表現で、法律・規則・ビジネス文書・TOEICでよく出ます。

形：
deem A B
AをBだと見なす

deem A to be B
AをBであると見なす

be deemed + 形容詞 / 名詞
～と見なされる
"
40,"#40  
「副詞 + 副詞」の形はTOEICでもよく出ます。前の副詞が、後ろの副詞を強めたり、程度を説明したりします。

基本形：
副詞 + 副詞
例：
","exceptionally effectively
very carefully
extremely carefully
particularly well
especially well
remarkably well
exceptionally well
extremely effectively
exceptionally effectively
remarkably effectively
very efficiently
extremely efficiently
remarkably efficiently
quite easily
fairly quickly
rather quickly
surprisingly quickly
incredibly quickly
completely independently
entirely separately
fully automatically
mostly remotely
"
41,"#41  
Disappointingly, few of the customers  〇〇 showed interest in the proposed furniture rental service.

a. survey 
b. surveys 
c. surveying 
d. surveyed
","d. surveyed
正しい。Maruichi surveyed が customers を修飾する関係代名詞省略の節です。

注意点：
複合名詞では、前の名詞は普通単数形です。だから customers survey ではなく、customer survey が普通です。
"
42,"#42  
The presentation of the major photography awards 〇〇 the speeches by the past winners.

A. have followed
B. following
C. will follow
D. to follow.
","正解は C. will follow です。

have followed がダメな理由：
The presentation が単数なら、現在完了は has followed でなければならない。

The award presentation will follow the speeches.
授賞式はスピーチの後に行われます。自然。

The award presentation has followed the speeches.
授賞式はスピーチの後に行われてきた／行われたところだ。不自然な場面が多い。

つまり、has followed なら文法上は単数主語に合いますが、このTOEIC問題の意味では will follow が正しいです。


"
43,"#43  
The outstanding sales results achieved by TJ Electronics 〇〇 to collaborative efforts of the marketing team.

A. attributed 
B. have attributed 
C. were attributed 
D. are attributing

","正解は C. were attributed です。

ポイント：
attribute A to B
AをBに帰する、AはBのおかげだと考える

受け身にすると、
A is / are / was / were attributed to B
AはBに起因するとされる

この場合は、attributed by ではなく attributed to になります。理由は、attribute A to B という動詞の型が決まっているからです。

基本形：
attribute A to B
AをBに帰する
AはBが原因だと考える
AはBのおかげだとする
"
44,"#44  
It is + 形容詞 + that + 主語 + 動詞の原形

これは文法的には「仮定法現在」または「mandative subjunctive」と呼ばれる形です。形は次です。
","TOEICでは特に、
It is essential that ～ be submitted
It is necessary that ～ be completed
It is required that ～ be returned
It is recommended that ～ be updated
It is important that ～ be reviewed
あたりがよく出ます。覚えるなら「必要・重要・提案・要求系の形容詞 + that節では、動詞は原形。受け身は be + 過去分詞」です。
"
45,"#45  
A new remuneration system was initiated last year, 〇〇 in striking improvement in employee morale.

a. resulted, 
b. resulting, 
c. has resulted, 
d. will result.
","理由：
カンマの後ろの resulting in ～ は「その結果～をもたらして」という分詞構文です。前の文全体、つまり「新しい報酬制度が導入されたこと」が原因となって、「従業員の士気向上」という結果が生じた、という意味です。

A resulted は不可。カンマの後ろに resulted を置くなら、主語が必要です。例えば、which resulted in ～ なら正しいです。

C has resulted も不可。これも主語がありません。which has resulted in ～ なら文法上は可能ですが、last year と現在完了 has resulted の相性はやや注意が必要です。

D will result も不可。これも主語がありません。さらに「昨年導入され、これから結果をもたらす」という意味なら文脈次第で可能ですが、この文では in striking improvement とすでに結果を述べているので不自然です。
"
46,"#46  
Orders for office stationery 〇〇 after the Accounting Department has received a copy of the purchase requisition form.

a. were placed, 
b. placed, 
c. will be placed, 
d. have placed
","正解は C. will be placed です。

他の選択肢：
A. were placed
過去形。「注文は出された」となり、after has received との時制が合いにくい。

B. placed
過去形または過去分詞だけで、主語 Orders に対する述語としては不十分。

D. have placed
能動形。「注文が何かを出した」となり不自然。正しくは have been placed なら受け身。
"
47,"#47  
All residents are cordially invited to attend the forthcoming meeting of the Ravenford Neighborhood Association, which 〇〇 on April 17th.

a) was held. 
b) will be holding. 
c) being held. 
d) is to be held.
","正解は d) is to be held です。

他の選択肢：
a) was held
「開催された」。過去なので forthcoming「今度の」と合いません。

b) will be holding
能動進行形。「会合が何かを開催していることになる」ので不自然。正しくは will be held なら可能です。

c) being held
which being held とは言えません。関係詞節には動詞が足りません。which is being held なら「現在開催中／近く開催されるところ」ですが、この文では is to be held が最適です。

forthcoming = これから来る、今度の
だから、過去形 was held は不可。
meeting は「開催される」側なので、受け身 be held が必要。
予定表現として is to be held が合う。
"
48,"#48  
Not until last week had Ms. Witz 〇〇  that the firm was relocating to the outskirts of the city.

a. realizing
b. realized
c. realize
d. had realized
","正解は B. realized です。

理由：
文頭に Not until last week が来ているので、倒置が起きています。

倒置：
Not until last week had Ms. Witz realized that ...

つまり、had + 主語 + 過去分詞 の形になります。だから realized が正しいです。
"
49,"#49  
The architect from Maxwell Design is expected to bring a scale model to the meeting to show how the proposed shopping mall 〇〇.

a. would look
b. was looked
c. to look
d. will be looked.
","正解は a. would look です。

b. was looked
不可。look は「見える」の意味では受け身にしない。

c. to look
不可。how the mall to look とは言えない。動詞が足りない。

d. will be looked
不可。受け身で不自然。look at なら be looked at「見られる」は可能だが、この文では「見える」という意味なので不可。
"
50,"#50  
The highly anticipated documentary The Winner was finally released last weekend, 〇〇 delighted many film enthusiasts.

 a. which, b. when, c. what, d. who
","正解は a. which です。

この文型のパターンも覚えること。
"
51,"#51  
The affordability of the product offered by TechMart is 〇〇 appealed to customers most.

A. what
B. that
C. which
D. who
","正解：A. what

完成文：
The affordability of the product offered by TechMart is what appealed to customers most.

意味：
TechMartが提供した商品の手頃な価格こそが、顧客に最も訴えた点だった。

理由：
what appealed to customers most は「顧客に最も訴えたもの」という名詞節です。ここでは is の後ろに補語として入ります。

B. that は不可。that appealed to customers most だけでは「～したもの」という名詞節になりません。関係代名詞 that を使うなら、the thing that appealed to customers most のように、先行詞 the thing が必要です。

C. which は不可。which appealed to customers most だけでも疑問節のようには見えますが、この文では「何が顧客に最も訴えたか」という意味ではなく、「～したもの」という名詞節が必要なので what が自然です。

D. who は人を表すので不可です。
"
52,"#52  
Although winners of the annual drawing are notified by mail, many people failed to claim prizes to 〇〇 they are entitled.

A. how
B. what
C. which
D. that.
","正解は C. which です。

D. that
意味的には prizes that they are entitled to なら可能です。ただし、前置詞 to を関係代名詞の前に出した形、to 何々 では、to that とは普通言えません。だから不可。

前置詞 + which はOKです。
前置詞 + that は不可です。
"
53,"#53  
The course curriculum was designed by professors from various colleges, each of 〇〇 provided a unique perspective on language acquisition.

A. that 
B. who 
C. all 
D. which 
","入るのは whom です。

先行詞は professors で「人」です。
each of ～ の後ろに来る関係代名詞で、人を受ける場合は whom を使います。

比較：
人：each of whom
物：each of which

例：
The team includes five engineers, each of whom has extensive experience.
そのチームには5人の技術者がいて、その各人が豊富な経験を持っている。

The company released three products, each of which has new features.
その会社は3つの製品を発売し、そのそれぞれに新機能がある。

注意：
each of who は不可です。前置詞 of の後ろなので、目的格 whom を使います。口語では who を使う人もいますが、TOEICでは each of whom が正解です。
"
54,"#54  
thus far
","thus far

意味：
これまでのところ、今までのところ、ここまでは。

例：
The project has been successful thus far.
そのプロジェクトは、これまでのところ成功している。

Thus far, no problems have been reported.
これまでのところ、問題は報告されていない。

使い方：
thus far は so far とほぼ同じ意味です。ただし、thus far のほうが少し硬く、書き言葉・ビジネス文書・報告書向きです。

so far
今のところ、これまでのところ。普通の会話でもよく使う。

thus far
これまでのところ。ややフォーマル。

語源：
thus は古英語 ?us（スース）「このように、こうして」から来ています。
far は古英語 feorr（フェオル）「遠くに、遠い」から来ています。

thus far は直訳すると「このように遠くまで」→「ここまでのところ」→「これまでのところ」という意味です。

同じ語源の英語：
thus：このように、したがって
far：遠い、遠くに
farther：さらに遠く
further：さらに、追加の
so far：これまでのところ
faraway：遠く離れた
far-reaching：広範囲に及ぶ
"
55,"#55  
We are particularly interested in other options, such as opinions about our customer service, but 〇〇feedback is welcome as well.

a. another, 
b. these, 
c. each, 
d. other
","正解は d. other です。

feedback は不可算名詞なので、another や each は基本的に合いません。

a. another feedback は不可。another は「もう一つの」で、単数可算名詞につく。feedback は不可算なので another piece of feedback なら可。
b. these feedback は不可。these は複数名詞につく。these comments なら可。
c. each feedback は不可。each は単数可算名詞につく。each piece of feedback なら可。
d. other feedback が正しい。「その他のフィードバック」という意味で、不可算名詞にも使える。
"
56,"#56  
during の後ろには普通、動名詞 doing は置きません。

during は前置詞ですが、後ろには「名詞」または「名詞句」を置きます。
","不自然・不可：
during discussing the issue
その問題を議論している間に、とは普通言わない
この場合は while を使います。

正しい：
while discussing the issue
その問題を議論している間に
"
57,"#57  
among + 最上級 + 複数名詞、という形はあります。
","= one of the most + 複数名詞
= 最も～なものの一つ、～の中でも特に～なものの一つ
"
58,"#58  
〇〇 a few technical problems experienced on the first day of the exposition, the event went rather smoothly.

a. however, 
b. apart from, 
c. even though, 
d. so as to.
","正解は b. apart from です。

apart from + 名詞
= ～を除けば、～は別として

a. however は副詞なので、直後に名詞句をそのまま置けません。
誤：However a few technical problems, ...
正：However, there were a few technical problems, ...

c. even though は接続詞なので、後ろに主語＋動詞が必要です。
誤：Even though a few technical problems, ...
正：Even though there were a few technical problems, ...

d. so as to は「～するために」で、後ろに動詞の原形が必要です。
誤：So as to a few technical problems, ...
正：so as to avoid a few technical problems

"
59,"#59  
Warehouse personnel at Jetson Freight are urged to exercise extreme caution 〇〇 packaging glass products.

A and 
B because 
C when 
D in order to
","正解：C. when

Warehouse personnel at Jetson Freight are urged to exercise extreme caution when packaging glass products.
意味：Jetson Freightの倉庫担当者は、ガラス製品を梱包するとき、細心の注意を払うよう求められている。

理由：when packaging glass products は when they are packaging glass products の省略形です。TOEICでよく出る「接続詞 when / while + ～ing」の形です。主語が前の文の主語 Warehouse personnel と同じなので、they are が省略されています。

A. and は「注意を払う、そして梱包する」となり、exercise caution and package... なら文法的には近いですが、ここでは「梱包するときに注意する」という意味が必要なので不適切です。

B. because は because packaging... だけでは不自然です。because they are packaging... なら文法的には可能ですが、「梱包しているから注意する」というより、「梱包するとき注意する」が自然です。

D. in order to は後ろに動詞の原形が必要です。in order to package なら形は可能ですが、「梱包するために注意する」となり、ここでは意味がずれます。packaging とはつながりません。
"
60,"#60  
〇〇 the proximity to the office, Shapier is the logical choice for the year-end and reception.

A、including、
B、given、
C、since、
D、provided
","given は「～を考慮すると」「～を前提にすると」という前置詞的な使い方ができます。後ろには名詞が来ます。

意味：
オフィスに近いことを考えると、ShapierはAIと受付のための当然の選択です。

given the proximity to the office
= オフィスへの近さを考えると

"
61,"#61  
as though
","as though ＝ as if で、「まるで～のように」という意味です。

例：
He looked as if he was tired.
He looked as though he was tired.
彼は疲れているように見えた。

違いは小さいですが、as if の方が日常的でよく使われます。as though は少し硬め、文語的に感じることがあります。
"
62,"#62  
whether X or Y
","whether X or Y は「XであろうとYであろうと」「XかYかにかかわらず」という意味です。

例：
Whether rain or shine, the event will be held.

はい、whether は接続詞です。意味は「～かどうか」「～であろうと」です。
"
63,"#63  
as with
","as with は「～と同様に」「～の場合と同じように」という意味です。

形：
As with A, B
Aの場合と同じように、Bである。

as with は「～の場合と同様に」「～についても同じように」です。文頭で使うことが多く、後ろには名詞が来ます。

例：
As with the previous model, this device has a one-year warranty.
前のモデルと同様に、この機器には1年保証がある。

same as は「～と同じ」です。名詞を直接比べる表現です。
例：
This device is the same as the previous model.


"
64,"#64  
As stipulated in the employee handbook, the office staff may not enter laboratories unless permitted to do so by their respective supervisors.

この場合のunlessは、接続詞か?
","unless permitted は「unless + 過去分詞」の省略形です。
元の形は unless they are permitted です。
つまり permitted は過去分詞、unless は接続詞です。

似た形：
if necessary
= if it is necessary
必要なら

when asked
= when he/she is asked
尋ねられたとき

unless otherwise stated
= unless it is otherwise stated
別段の記載がない限り
"
65,"#65  
〇〇 the 5% increase in the admission charge, visitors of Glendale Center Arts remained satisfied with the theater.

a. nevertheless 
b. while 
c. notwithstanding 
d. inasmuch as
","正解は C notwithstanding です。

notwithstanding は「～にもかかわらず」という意味で、前置詞として使えます。後ろに名詞句が来ます。
notwithstanding the 5% increase
= 5%の値上げにもかかわらず

他の選択肢：
a. nevertheless は副詞。「それにもかかわらず」。後ろに名詞を直接置けない。
× Nevertheless the 5% increase

b. while は接続詞。「～する一方で」「～だが」。後ろには普通 S＋V が必要。
× While the 5% increase

d. inasmuch as は接続詞。「～なので」「～の限りでは」。後ろには S＋V が必要。
× Inasmuch as the 5% increase


"
66,"#66  
〇〇  the effort to reduce electricity consumption, the company has replaced all the light bulbs with more energy-efficient ones.

A、in keeping with 
B、on behalf of 
C、in order that 
D、along with
","正解は A. in keeping with です。

B. on behalf of ～ ＝「～を代表して」「～のために」
→ the effortを代表して、とは言えないので不可。

C. in order that S V ＝「SがVするために」
→ 後ろには節が必要。in order that the company reduce... のように主語＋動詞が必要なので不可。

D. along with ～ ＝「～と一緒に」「～に加えて」
→ 「取り組みと一緒に会社が交換した」では意味が不自然。

"
67,"#67  
all the venues for this year's comedy festival have been selected, the marketing team can start to produce promotional materials.

A. Now that 
B. Of 
C. Nearly
D. Besides.
","正解は A. Now that です。

Now that ～ は接続詞的に使い、「今や～なので」「～した以上は」という意味です。理由・前提を表します。

"
68,"#68  
〇〇 the Frampton Museum of History suspended its online ticketing service left many of its patrons disgruntled.

a weather 
b because 
c that 
d indeed.
","正解は C. that です。

意味：
フランプトン歴史博物館がオンラインチケット販売サービスを停止したことが、多くの利用者を不満にさせた。

構造：
That the Frampton Museum of History suspended its online ticketing service
＝「フランプトン歴史博物館がオンラインチケット販売サービスを停止したこと」
これ全体が主語です。

left many of its patrons disgruntled
＝「多くの利用者を不満な状態にした」

注意：
distinguished ではなく disgruntled です。
disgruntled は「不満な、不機嫌な」。
distinguished は「著名な、立派な、際立った」という意味なので、この文では合いません。

a. whether なら、「～かどうか」という名詞節になりますが、この文では「停止したこと」が原因なので that が自然です。
b. because は副詞節を作りますが、because節だけでは文の主語になりにくいので不可。
d. indeed は副詞「実際に」で、文頭に置いても主語を作れません。

"
69,"#69  
After Mr. Sharma mediated the stalled negotiations, the parties in the labor dispute reached a 〇〇 beneficial agreement. 

A. Preferably 
B. Respectively 
C. Mutually 
D. Numerically


","正解は C. Mutually です。

意味：
シャルマ氏が行き詰まった交渉を仲介した後、労働争議の当事者たちは、相互に利益のある合意に達した。

mutually beneficial agreement は決まり表現で、「双方に有益な合意」「互恵的な合意」という意味です。

"
70,"#70  
assume
","assume

意味：1. 仮定する、当然そうだと思う。例：I assume he is busy.＝彼は忙しいのだと思う。2. 引き受ける、負う。例：assume responsibility＝責任を負う。3. ある態度・役割・表情を取る。例：assume office＝就任する。

語源：ラテン語 assumere（アッスーメレ）
ad-＝～へ
sumere＝取る、引き受ける

つまり assume は「自分の方へ取る」→「引き受ける」→「考えとして取り入れる」→「仮定する」という流れです。

同じ語源の英語：
consume＝消費する
resume＝再開する、履歴書
presume＝推定する
assumption＝仮定、思い込み
presumption＝推定、思い上がり
sumptuous＝豪華な
"
71,"#71  
preliminary
","preliminary

意味：予備の、準備段階の、仮の、本格的なものの前の。名詞では「予選、予備試験、準備段階」という意味もあります。

例：preliminary results＝暫定結果、予備的な結果
例：a preliminary meeting＝事前会議
例：a preliminary investigation＝予備調査

語源：ラテン語 prae（プラエ）＋ limen（リーメン）
prae＝前に
limen＝しきい、入口

つまり preliminary は「入口の前にあるもの」→「本番の前に行うもの」→「予備の、準備段階の」という意味です。

同じ語源の英語：
prior＝前の、優先する
previous＝以前の
prepare＝準備する
limit＝限界
eliminate＝取り除く
subliminal＝潜在意識の、意識のしきい下の
"
72,"#72  
advise against doing
","advise against doing は「～しないように忠告する」「～するのはやめた方がよいと勧める」という意味です。

形：
advise 人 against doing
＝人に～しないよう忠告する

warn against doing
caution against doing
recommend against doing
discourage someone from doing
dissuade someone from doing
talk someone out of doing
"
73,"#73  
provisions
","provisions

意味：1. 規定、条項、取り決め。契約書・法律・規則などの中の「定め」。例：under the provisions of the contract＝契約の規定に基づいて。2. 供給品、食料、備蓄品。旅行・災害・軍隊などで使う「必要物資」。

単数形：provision

語源：ラテン語 providere（プロウィデーレ）
pro-＝前もって
videre＝見る

つまり provision は「前もって見ること」→「前もって準備すること」→「備え、供給、規定」という意味になりました。規定という意味は、「将来起こることに備えてあらかじめ決めておくもの」という発想です。

同じ語源の英語：
provide＝供給する、与える
provider＝供給者
provided＝もし～なら、ただし～なら
proviso＝条件、ただし書き
provisional＝仮の、暫定的な
vision＝視覚、展望
visible＝見える
video＝映像
evidence＝証拠
"
74,"#74  
副詞＋副詞＋形容詞の例：
","副詞＋副詞＋形容詞の例：

considerably more comfortable
かなり快適な

much more expensive
ずっと高い

far more convenient
はるかに便利な

significantly more efficient
著しく効率的な

substantially more reliable
かなり信頼性が高い

slightly more difficult
少し難しい

somewhat more useful
いくぶん役に立つ

a lot more attractive
ずっと魅力的な

even more important
さらに重要な

rather too expensive
かなり高すぎる

almost completely ready
ほぼ完全に準備ができている

very highly skilled
非常に高度な技能を持った

quite remarkably effective
かなり著しく効果的な

構造はこうです。

considerably more comfortable
considerably = 副詞
more = 副詞
comfortable = 形容詞

この場合、more comfortable が「より快適な」という比較級のかたまりで、その more を considerably が強めています。

TOEICで特に重要なのは、

much more 形容詞
far more 形容詞
significantly more 形容詞
considerably more 形容詞
slightly more 形容詞

です。意味は全部、「どのくらい more なのか」を前の副詞が説明しています。
"
75,"#75  
Construction of Havertown Sports Arena is nearly complete, and it is 〇〇 to open at the beginning of November.

a. dedicated 
b. slated 
c. commenced 
d. aimed
","正解は b. slated です。

意味：
Havertown Sports Arenaの建設はほぼ完成しており、11月初めにオープンする予定である。

slated to do は「～する予定である」「～することになっている」という意味です。特にニュース・ビジネス文でよく使います。

slate は古フランス語 esclate（エスクラート）「割れた破片、薄い板」に由来し、さらに古ゲルマン系の「割る、裂く」に関係するとされます。もともとは「薄く割れる石板」の意味でした。昔は石板に予定や名前を書いたので、そこから「予定表」「候補者名簿」、さらに be slated to do「～する予定である」という意味になりました。

"
76,"#76  
The board of directors at South Fork Manufacturing has enthusiastically 〇〇 a plan to construct a production facility in Thailand.

A. Endorsed 
B. Comprised 
C. Obfuscated 
D. Proceeded.
","正解は A. endorsed です。

The board of directors at South Fork Manufacturing has enthusiastically endorsed a plan to construct a production facility in Thailand.

意味：
South Fork Manufacturingの取締役会は、タイに生産施設を建設する計画を熱心に支持した。

endorse a plan で「計画を支持する」「計画を承認する」という意味です。

語源：
endorse は、ラテン語 in-（イン、「中に、上に」）＋ dorsum（ドルスム、「背中」）に由来します。そこから古フランス語 endosser（アンドセ、「背中に書く、裏書きする」）を経て英語に入りました。

元の意味は「書類の背中、つまり裏側に書く」でした。そこから「小切手や書類に裏書きして承認する」→「正式に認める」→「支持する、推薦する」という意味に広がりました。

同じ語源の英語：
dorsal（ドーサル）＝背中の、背側の
dorsum（ドーサム）＝背、背面
endorsement（エンドースメント）＝支持、推薦、承認、裏書き
endorser（エンドーサー）＝支持者、推薦者、裏書人

"
77,"#77  
readily

","readily

意味：
すぐに、容易に、快く。

主な意味は3つあります。

容易に、簡単に
This information is readily available online.
この情報はオンラインで簡単に入手できます。

readily available
すぐに利用できる、容易に入手できる
TOEICでかなりよく出ます。

すぐに、速やかに
The staff readily responded to the request.
スタッフはその依頼にすぐ対応しました。
快く、進んで
She readily agreed to help.
彼女は快く手伝うことに同意しました。

語源：
readily は ready + -ly です。

ready は古英語 r?de（レーデ）「用意ができた、準備された」から来ています。
-ly は古英語 -lice（リチェ）「?のように」という副詞を作る語尾です。

つまり、
ready「準備ができた」
＋ -ly「?のように」
＝ readily「準備ができている状態で」→「すぐに、容易に、快く」

同じ語源の英語：
ready：準備ができた
readiness：準備ができていること
already：すでに
readily：容易に、すぐに、快く

TOEICでは、
readily available
容易に入手できる、すぐ利用できる
readily accessible
簡単にアクセスできる
readily understood
すぐに理解される
の形で覚えるとよいです。
"
78,"#78  
address
","address（アドレス）は、動詞では主に次の意味があります。

対処する、取り組む
We need to address this problem.
この問題に対処する必要がある。
TOEICではこの意味が非常によく出ます。address an issue / address a problem / address concerns で「問題・懸念に対処する」。
演説する、話しかける
The president addressed the audience.
社長は聴衆に演説した。
宛名を書く
Please address the envelope to Mr. Smith.
封筒の宛名をスミス氏にしてください。
呼びかける、敬称で呼ぶ
How should I address you?
あなたを何とお呼びすればよいですか。

語源：
address は、ラテン語 ad-（アド、「～へ」）＋ directus（ディレクトゥス、「まっすぐにされた」）に由来します。古フランス語 adresser（アドレセ、「まっすぐ向ける、導く」）を経て英語に入りました。元は「ある方向へまっすぐ向ける」という意味で、そこから「人に言葉を向ける」→「話しかける」、また「手紙を相手に向ける」→「宛名を書く」、さらに「問題に注意を向ける」→「対処する」という意味になりました。

同じ語源の英語：
direct（直接の、導く）
direction（方向、指示）
director（監督、取締役）
correct（正す）
erect（直立した）
rectangle（長方形）
right（まっすぐな、正しい）※遠い関連語です。
"
79,"#79  
improbable
","improbable

意味：ありそうにない、起こりそうにない、見込みが薄い。TOEICでは「It is improbable that ～」で「～である可能性は低い」という形でよく出ます。

例：It is improbable that the board will approve the proposal.
その取締役会がその提案を承認する可能性は低い。

語源：ラテン語 improbabilis（インプロバビリス）
in-＝否定、～でない
probabilis＝証明できる、もっともらしい、ありそうな

つまり improbable は「もっともらしくない」「起こりそうにない」という意味です。

同じ語源の英語：
probable＝ありそうな
probably＝おそらく
probability＝可能性、確率
prove＝証明する
proof＝証拠
approve＝承認する
disapprove＝承認しない、反対する
"
80,"#80  
adhere to X
","adhere to X は「Xを守る」「Xに従う」「Xに固執する」「Xにくっつく」という意味です。

TOEICで多い意味：
adhere to rules
規則を守る

adhere to guidelines
指針に従う
"
81,"#81  
pertain to X
","pertain to X は「Xに関係する」「Xに属する」「Xに該当する」という意味です。

TOEICで多い形：
documents pertaining to the contract
契約に関する書類

rules pertaining to employee conduct
従業員の行動に関する規則

information pertaining to the project
そのプロジェクトに関する情報
"
82,"#82  
be held responsible for X
be held liable for X
be held accountable for X
","be held responsible for X
＝Xについて責任があるとされる、責任を問われる
一番広く使える表現です。道義的責任、業務上の責任、管理責任などに使えます

be held liable for X
＝Xについて法的責任・賠償責任を負う
liable は法律・損害賠償のニュアンスが強いです。「訴えられたら支払う責任がある」という感じです。

be held accountable for X
＝Xについて説明責任・結果責任を負う

"
83,"#83  
rigorously
inadvertently
correspondingly
expressly
","rigorously（リガラスリー）
意味：厳格に、厳密に、徹底的に。
例：The procedure must be rigorously followed.
その手順は厳格に守られなければならない。
語源：rigorous はラテン語 rigor（リゴル）「硬さ、厳しさ」から。さらに rigere（リゲーレ）「硬い、こわばる」に由来。同じ語源：rigor「厳格さ」、rigorous「厳格な」、rigidity「硬直」、rigid「硬い」。

inadvertently（イナドヴァーテントリー）
意味：うっかり、不注意で、意図せずに。
例：He inadvertently deleted the file.
彼はうっかりそのファイルを削除した。
語源：in-（イン、「～でない」）＋ advertent（アドヴァーテント、「注意を向けている」）。advertent はラテン語 ad-（アド、「～へ」）＋ vertere（ヴェルテレ、「向ける、回す」）から。つまり「注意を向けていない」→「うっかり」。同じ語源：advertise「広告する」、advertent「注意深い」、divert「そらす」、convert「変える」、reverse「逆にする」。

correspondingly（コレスポンディングリー）
意味：それに応じて、それに対応して、同じ程度に。
例：Sales increased, and profits rose correspondingly.
売上が増え、それに応じて利益も増えた。
語源：correspond はラテン語 cor- / com-（コム、「共に」）＋ respondere（レスポンデーレ、「答える」）から。元は「互いに答え合う」→「一致する、対応する」。同じ語源：respond「答える」、response「返答」、correspond「対応する」、correspondence「通信、一致」、responsible「責任のある」。

expressly（イクスプレスリー）
意味：明確に、はっきりと、明示的に、特に。
例：The contract expressly prohibits subleasing.
その契約は転貸を明確に禁止している。
語源：express はラテン語 ex-（エクス、「外へ」）＋ premere（プレメレ、「押す」）から。元は「押し出す」→「言葉や形にして外へ出す」→「表現する、明示する」。同じ語源：express「表現する、明示する」、expression「表現」、press「押す」、pressure「圧力」、impress「印象づける」、suppress「抑える」、compress「圧縮する」。

"
84,"#84  
for the duration of
","for the duration of

意味：
「?の間ずっと」「?の期間中」

例：
for the duration of the meeting
会議の間ずっと

for the duration of the contract
契約期間中

語感：
during とかなり近いですが、for the duration of は「その期間の最初から最後まで」という感じが強いです。少し硬い表現です。

例文：
Please keep your phone turned off for the duration of the flight.
飛行中はずっと携帯電話の電源を切っておいてください。

語源：
duration は、ラテン語 durare（ドゥラーレ）「続く、持続する」から来ています。durare は durus（ドゥールス）「硬い、堅い」に由来し、「硬く保たれる」→「長く続く」という意味になりました。

同じ語源の英語：
during：?の間
durable：耐久性のある
endure：耐える、持続する
endurance：忍耐、持久力
duration：継続期間
durability：耐久性
"
85,"#85  
業者が出す正式な見積書・見積り額
","quotation / quote：業者が出す正式な見積書・見積り額
例：We received a quote for $5,000.
5,000ドルの見積りを受け取りました。

TOEICでは、estimate は「見積り額」「見積もる」の両方でよく出ます。業者からの正式な金額なら quote / quotation、一般的な予想額なら estimate / estimated cost が自然です。
"
86,"#86  
Grand Garufia's, the nation's leading company in electronics, has cut spending 〇〇 the board by 5%.

A. across 
B. from 
C. opposite 
D. against
","正解は A. across です。

意味：
Grand Garufia'sは、国内有数の電子機器会社で、全体的に支出を5%削減した。

across the board は熟語で、「全面的に」「全体にわたって」という意味です。

"
87,"#87  
Should any questions regarding the product 〇〇, please contact customer service at 123.

a. arises 
b. arise 
c. arose 
d. arisen
","正解は b. arise です。

意味：
製品に関する質問がありましたら、123のカスタマーサービスまでご連絡ください。

ポイント：
Should + 主語 + 動詞の原形 は、If + 主語 + should + 動詞の原形 の倒置形です。

普通の形：
If any questions regarding the product should arise, please contact customer service.

倒置形：
Should any questions regarding the product arise, please contact customer service.

arise は「発生する、生じる」という意味の自動詞です。ここでは questions が主語なので、「質問が生じる」という意味です。
"
88,"#88  
This confidential database may be accessed and used 〇〇 you comply with all terms and conditions listed below.

a) so that, 
b) provided that, 
c) as well as, 
d) due to.
","正解は b) provided that です。

This confidential database may be accessed and used provided that you comply with all terms and conditions listed below.

意味：
下記のすべての利用規約を守ることを条件として、この機密データベースにアクセスし、使用することができます。

provided that は「もし～ならば」「～という条件で」という接続詞です。契約・規約・許可の文でよく出ます。

a) so that：～するために、～できるように
目的を表すので不自然です。
例：I left early so that I could catch the train.

b) provided that：～という条件で
この文にぴったりです。

c) as well as：～だけでなく、～に加えて
後ろに you comply という文は続けにくく、意味も合いません。

d) due to：～が原因で
後ろには基本的に名詞が来ます。you comply のような文は直接置けません。

結論：
may be accessed and used provided that you comply...
= 規約を守ることを条件として、アクセス・使用できる。
"
89,"#89  
proceeds
","proceeds

意味：
売上金、収益、収入金。

特に、イベント・販売・チャリティーなどで得た「お金」を指します。通常、複数形 proceeds で使います。

例：
The proceeds from the charity event will be donated to local hospitals.
そのチャリティーイベントの収益は、地元の病院に寄付されます。

All proceeds from ticket sales will go to the scholarship fund.
チケット販売の収益はすべて奨学金基金に充てられます。

TOEICでよく出る形：
proceeds from ～
～からの収益

proceeds of the sale
その販売による収益

net proceeds
純収益、必要経費を引いた後の収益

注意：
proceed は動詞で「進む、続行する」ですが、proceeds は名詞で「収益」です。

語源：
proceeds は proceed から来ています。
proceed はラテン語 procedere（プロケーデレ）「前へ進む」から来ています。
pro-（プロ）「前へ」
＋ cedere（ケーデレ）「行く、進む」

もともとは「前へ進む」ですが、そこから「ある行為・販売から出てくるもの」→「収益、売上金」という意味になりました。

同じ語源の英語：
proceed：進む、続行する
process：過程、処理
procedure：手順
precede：先行する
succeed：成功する、後に続く
exceed：超える
concede：譲歩する
access：接近、利用権
"
90,"#90  
waive と exempt の違い：
","waive は「本来は請求・適用できるが、あえて放棄する」。
exempt は「規則・義務などの対象外にする／対象外である」。

語源：
waive は古フランス語 weyver / waiver（ウェイヴェール）＝捨てる、放棄する、見送る、から来ています。さらにゲルマン語系の「置き去りにする、放棄する」に関係するとされます。

同じ語源・関連語：
waiver：権利放棄、免除
waive：放棄する、免除する
waived：放棄された、免除された
"
91,"#91  
endorse
","endorse

意味：支持する、承認する、推薦する。文書・小切手などに「裏書きする」という意味もあります。

例：
The board endorsed the proposal.
取締役会はその提案を承認した。

The athlete endorsed the new sports drink.
その選手は新しいスポーツドリンクを推薦した。

TOEICでは endorse a plan / proposal / candidate の形で、「計画・提案・候補者を支持する、承認する」と出やすいです。

語源：
endorse は古フランス語 endosser（エンドセ）＝背中に載せる、裏に書く、から来ています。
en-（アン）＝～の中へ、～にする
dos（ドス）＝背中
さらにラテン語 dorsum（ドルスム）＝背中、が語源です。

同じ語源の英語：
dorsal：背中の、背側の
dorsum：背、背面
endorsement：支持、承認、推薦、裏書き
endorser：推薦者、裏書人
"
92,"#92  
whereas
","whereas

意味：一方で、ところが、～であるのに対して。2つの事柄を対比するときに使う接続詞です。

使い方：
A whereas B
Aである一方、Bである。

例：
The first model is expensive, whereas the second model is affordable.
最初のモデルは高い一方で、2番目のモデルは手ごろな価格です。

He prefers working alone, whereas his colleague enjoys teamwork.
彼は一人で働くのを好むが、同僚はチームワークを好む。

TOEICでの感じ：
whereas は but より少し硬い表現で、契約書・説明文・比較文によく出ます。
「前半と後半が対照的」なら whereas を疑います。

注意：
whereas は接続詞なので、後ろには主語＋動詞が来ます。
正：whereas the second model is affordable
誤：whereas affordable
"
93,"#93  
be adaptable for
","be adaptable for ～

意味：
～に適応できる、～に合わせて変更できる、～に応用できる。

adaptable は「適応力がある」「変更しやすい」という形容詞です。be adaptable for ～ は「～という目的・用途に合わせて使える」という感じです。

例：
This software is adaptable for different business needs.
このソフトウェアは、さまざまな業務上のニーズに適応できます。

The room is adaptable for meetings, training sessions, and small events.
その部屋は、会議・研修・小規模イベントに合わせて使えます。

TOEICでは、
be adaptable to ～
～に適応できる
の形もよく出ます。

違い：
adaptable to change
変化に適応できる

adaptable for different purposes
さまざまな目的に合わせて使える

つまり、
to は「環境・変化・状況に適応する」
for は「目的・用途に合うように使える」
という感じです。

語源：
adapt はラテン語 adaptare（アダプターレ）「合わせる、適合させる」から来ています。
ad-（アド）「～へ」
＋ aptare（アプターレ）「合わせる、取り付ける」
です。

apt は「適した、頭の回転が速い」という意味です。

同じ語源の英語：
adapt：適応する、適合させる
adaptable：適応できる
adaptation：適応、改作
adapter：アダプター、接続器
apt：適した、～しがちな
aptitude：適性、才能
aptly：適切に
"
94,"#94  
credentials
","credentials

意味：
資格、証明書、認証情報、ログイン情報。

文脈で意味が少し変わります。

資格・経歴・実績
例：
She has excellent credentials for the position.
彼女はその職にふさわしい立派な資格・経歴を持っている。

academic credentials
学歴・学位などの資格

professional credentials
職業上の資格・経歴

身分証明書・証明書
例：
Please show your credentials at the entrance.
入口で身分証明書を提示してください。
ITでの「認証情報」
username、password、ID、API key など、本人確認に使う情報です。

例：
Do not share your login credentials.
ログイン認証情報を共有しないでください。

TOEICでは、
credentials = 資格、証明書、身分証明
IT文脈では、
credentials = ID・パスワードなどの認証情報
と考えるとよいです。

語源：
credential はラテン語 credere（クレーデレ）「信じる」から来ています。
credential は「信じるに足るもの」→「資格証明、証明書」という意味になりました。

同じ語源の英語：
credit：信用、クレジット
credible：信頼できる
credibility：信頼性
creed：信条
incredible：信じられない
accredit：認定する
credentials：資格証明、認証情報
"
95,"#95  
Resort areas in Los Angeles are popular holiday destinations,  〇〇 in tourists from all over the world.

A. abundance
B. abundant
C. abound
D. abounds
","この文には述語動詞がないので、空所には動詞が必要です。動詞である C と D のうち、主語の Resort areas in Los Angeles は複数形なので、C の abound を選びます。abound in ～ は「～であふれている」という意味です。
"
96,"#96  
元に戻った、以前の状態に戻された

嫌がっている、反対している、気が進まない。

","reverted：元に戻った、以前の状態に戻された。revert の過去形・過去分詞です。例：The system reverted to its previous settings.＝システムは以前の設定に戻った。

averse
意味：嫌がっている、反対している、気が進まない。

よく使う形：
be averse to ～
＝～を嫌がる、～に反対である、～する気がない
"
97,"#97  
booking access
","booking access

これは文脈によりますが、そのままなら「予約へのアクセス」「予約機能へのアクセス」「予約できる権限」という意味です。

booking
＝ 予約

access
＝ 利用権、アクセス権、入る権利

booking access
＝ 予約システムを使える権限
＝ 予約ページに入れること
＝ 予約内容を確認・変更できるアクセス権

例：
You will receive booking access after registration.
登録後、予約ページにアクセスできるようになります。

Only members have booking access.
会員だけが予約できます。

Please provide booking access to the event staff.
イベントスタッフに予約管理へのアクセス権を与えてください。

ただし、TOEICやホテル・イベント文脈では、booking access よりも、次の表現のほうが自然です。

access to booking
予約へのアクセス

access to the booking system
予約システムへのアクセス

access to your booking
自分の予約情報へのアクセス

priority booking access
優先予約権

語源：
booking は book から来ています。book は古英語 b?c（ボーク）「本、書物」。昔は予約や記録を帳簿に書き込んだため、book が「予約する」という動詞になりました。

access はラテン語 accessus（アクセッスス）「近づくこと」から来ています。元は accedere（アッケーデレ）「近づく」。ad-（アド）「?へ」＋ cedere（ケーデレ）「行く、進む」です。

同じ語源の英語：
book：本、予約する
booking：予約
booklet：小冊子
access：アクセス、利用権
accessible：アクセス可能な、利用しやすい
accessibility：利用しやすさ
concede：譲歩する
proceed：進む
precede：先行する
exceed：超える
"
98,"#98  
affluent
","affluent

意味：
裕福な、金持ちの、豊かな。

例：
an affluent family
裕福な家庭

an affluent neighborhood
裕福な地域、高級住宅街

affluent customers
富裕層の顧客

TOEICでは、rich より少し硬く、上品な言い方です。人・地域・社会・顧客層などに使います。

例文：
The company targets affluent consumers.
その会社は富裕層の消費者を対象にしている。

語源：
affluent はラテン語 affluere（アッフルエレ）「?へ流れ込む」から来ています。
ad-（アド）「?へ」＋ fluere（フルエレ）「流れる」です。

もともとは「水や物が豊かに流れ込む」→「富が流れ込む」→「裕福な、豊かな」という意味になりました。

同じ語源の英語：
flow：流れる
fluid：流体、流動的な
fluent：流暢な
influence：影響
confluence：合流
effluent：排水、流出物
superfluous：余分な
fluency：流暢さ
"
99,"#99  
in case 
","はい、in case は「～するといけないから」「万一～の場合に備えて」という意味で使えます。

例：
Take an umbrella in case it rains.
雨が降るといけないから、傘を持っていきなさい。
＝万一雨が降る場合に備えて、傘を持っていきなさい。

Please write down the number in case you forget it.
忘れるといけないから、その番号を書いておいてください。

注意：
in case は「実際に起きるか分からないことに備える」感じです。

if との違い：
Take an umbrella if it rains.
雨が降ったら傘を持っていきなさい。
→ 雨が降った場合だけ持つ。

Take an umbrella in case it rains.
雨が降るといけないから傘を持っていきなさい。
→ 雨が降る前から備えて持つ。
"
100,"#100  
comply
","comply

意味：従う、応じる、守る。

よく使う形：
comply with ～
＝～に従う、～を守る

comply を使うなら、こうです。

I complied with the request to attend the interview.

意味：
私は面接を受けるようにという依頼に応じた。

Please comply with the terms and conditions.
利用規約に従ってください。

注意：
comply は自動詞なので、目的語を直接取りません。
正：comply with the rules
誤：comply the rules

語源：
comply はラテン語 complere（コンプレーレ）＝満たす、完全にする、から来たとされます。
com-（コム）＝完全に、一緒に
plere（プレーレ）＝満たす

同じ語源の英語：
complete：完成した、完全な
completion：完成
complement：補完するもの
deplete：使い尽くす
replete：満ちた
plenty：たくさん
plenary：全員出席の、完全な
"
101,"#101  
For decades, Lococo Ada has been dependent on foreign factories to manufacture its petroleum products.

A. dependent
B. depend
C. depended
D. dependence
","正解は A. dependent です。

理由：
has been の後ろには、形容詞が入ります。
dependent は形容詞で、「依存している」という意味です。

be dependent on ～
＝～に依存している

B. depend
動詞の原形。「依存する」。has been depend とは言えない。

C. depended
動詞の過去形・過去分詞。has depended on なら可だが、has been depended on だと「依存されてきた」という受け身になるので、この文では不自然。　← ★

D. dependence
名詞。「依存」。has been dependence とは言えない。

注意：
foreign factory は、普通は foreign factories と複数形にするのが自然です。
to manufacturer は誤りで、正しくは to manufacture です。
"
102,"#102  
deem
","deem

意味：
?だと考える、?だと判断する、?とみなす。

普通の think よりも、かなり硬い表現です。法律・規則・会社文書・公式説明でよく出ます。

例：
The proposal was deemed acceptable.
その提案は受け入れ可能と判断された。

The item is deemed necessary.
その品目は必要とみなされる。

Applicants deemed qualified will be contacted.
適格と判断された応募者には連絡します。

よくある形：
deem A B
AをBだとみなす

The committee deemed the plan feasible.
委員会はその計画を実行可能だと判断した。

be deemed + 形容詞 / 名詞
?とみなされる

This information is deemed confidential.
この情報は機密とみなされます。

語源：
deem は古英語 d?man（デーマン）「判断する、裁く」から来ています。
さらに d?m（ドーム）「判断、判決、運命」に関係します。

同じ語源の英語：
doom：破滅、運命、判決を下す
doomsday：最後の審判の日、破滅の日
deem：判断する、みなす

TOEICでは、deem は「公式に判断する」「みなす」という意味で、受け身の be deemed が特に出やすいです。
"
103,"#103  
wrap up
","wrap up

意味：

終える、まとめる、締めくくる
包む、くるむ
暖かく着込む

TOEICで一番重要なのは「終える、まとめる」です。

例：
Let’s wrap up the meeting.
会議を終わりにしましょう。

We need to wrap up the project by Friday.
金曜日までにそのプロジェクトを完了する必要があります。

To wrap up, let me summarize the main points.
最後に、要点をまとめます。

もともとの意味：
wrap は「包む」、up は「すっかり、完全に」なので、wrap up は「完全に包む」→「物事をきれいにまとめる」→「終える、締めくくる」という意味になります。

語源：
wrap は中英語 wrappen（ラッペン）「包む、巻く」から来た語です。さらに古い起源ははっきりしませんが、「巻く、包む」という意味の語です。
up は古英語 up / upp（アップ）「上へ、完全に」です。

同じ wrap を使う語：
wrapper：包装紙、包むもの
wrapping：包装
gift-wrap：贈り物を包む
unwrap：包みを開ける
wraparound：巻き付く形の
wrap-up：まとめ、総括、締めくくり
"
104,"#104  
artifact / artefact 
","artifact / artefact

意味：
人工物、工芸品、遺物。自然にできたものではなく、人間が作った物を指します。特に考古学では「出土品」「遺物」という意味でよく使います。

違い：
artifact は主にアメリカ英語。
artefact は主にイギリス英語。

意味はほぼ同じです。

例：
ancient artifacts
古代の遺物

cultural artifacts
文化的人工物、文化遺物

The museum displays artifacts from ancient Egypt.
その博物館は古代エジプトの遺物を展示している。

IT・データ分析での意味：
artifact は「本来の対象ではなく、処理や測定の過程で生じた不要なもの」という意味でも使います。
例：
image artifacts
画像のノイズ、圧縮による乱れ

data artifacts
データ処理上のノイズ、不自然な結果

語源：
artifact はラテン語 arte factum（アルテ・ファクトゥム）「技術によって作られたもの」から来ています。

arte は ars（アルス）「技術、芸術」の変化形。
factum は facere（ファケレ）「作る、行う」の過去分詞です。

つまり、
arte「技術によって」
＋ factum「作られたもの」
＝ artifact「人の技術で作られたもの」

同じ語源の英語：
art：芸術、技術
artist：芸術家
artificial：人工の
artisan：職人
factory：工場
fact：事実
manufacture：製造する
benefactor：恩人
effect：効果
defect：欠陥
"
105,"#105  
affiliation　★
affiliated
affiliate ★
affiliating
","affiliation：所属、提携、加盟、関係。例：university affiliation＝大学への所属、political affiliation＝政治的所属、business affiliation＝業務提携。

affiliated：提携している、加盟している、系列の、所属している。例：an affiliated company＝関連会社、系列会社。be affiliated with ～＝～と提携している、～に所属している。

affiliate：★支社★
動詞なら「提携させる、加盟させる、関係づける」。名詞なら「関連会社、加盟団体、提携先、アフィリエイト会員」。例：The company is affiliated with a larger group.＝その会社は大きなグループに属している。

affiliating：affiliate の現在分詞・動名詞。「提携していること、加盟させていること、提携すること」。ただし日常では affiliation や affiliated の方がよく使われます。

語源：affiliate はラテン語 affiliare（アッフィリアーレ）＝養子にする、子として迎える、に由来します。ad-（アド）＝～へ、filius（フィリウス）＝息子。つまり元は「子として結びつける」から「所属させる、提携させる」の意味になりました。同語源：filial＝子の、filiate＝親子関係を定める、filiation＝親子関係・由来。
"
106,"#106  
The revenue office will thoroughly inquire 〇〇 the company's financial dealings of the previous year.

A. of
B. for
C. into
D. from
","意味：
税務署は、その会社の前年の財務取引について徹底的に調査するだろう。

理由：
inquire into ～ で「～を調査する、詳しく調べる」という意味です。

inquire about ～
～について問い合わせる

inquire into ～
～を調査する

この文では、会社の financial dealings「財務取引」を税務署が詳しく調べるという意味なので、inquire into が最適です。

A. inquire of 人
人に尋ねる、という形で使うことがあります。

B. inquire for ～
～を求めて問い合わせる、という意味になることがあります。

C. inquire into ～
～を調査する。これが正解。

D. inquire from は普通この文では使いません。
"
107,"#107  
TOEICでintoを後ろに取る動詞
","TOEICで「動詞 + into」がよく出る形は、主に「変化」「入る」「調査」「分割」「説得」の5系統です。

turn into
?に変わる
The old factory was turned into a museum.
その古い工場は博物館に変えられた。

change into
?に変わる、着替える
The room was changed into a conference area.
その部屋は会議スペースに変えられた。

convert into
?に変換する
The warehouse was converted into offices.
倉庫はオフィスに改装された。

transform into
?に変える、?に変わる
The project transformed into a major success.
そのプロジェクトは大成功に変わった。

develop into
?に発展する
The small event developed into an annual festival.
その小さなイベントは年中行事へ発展した。

grow into
?に成長する
The company grew into a global brand.
その会社は世界的ブランドに成長した。

look into
?を調査する
We will look into the matter.
その件を調査します。

go into
?に入る、詳しく述べる
The report goes into detail about the problem.
その報告書はその問題を詳しく説明している。

get into
?に入る、?の状態になる
Please get into the vehicle.
車に乗ってください。

enter into
契約・合意などに入る、締結する
The two companies entered into an agreement.
その2社は契約を結んだ。

divide into
?に分ける
The participants were divided into three groups.
参加者は3つのグループに分けられた。

separate into
?に分ける
The materials were separated into categories.
資料はカテゴリごとに分けられた。

break into
侵入する、急に始める
Someone broke into the office.
誰かが事務所に侵入した。

run into
偶然会う、問題に遭遇する
We ran into several problems.
いくつかの問題に直面した。

talk 人 into doing
人を説得して?させる
She talked him into joining the project.
彼女は彼を説得してプロジェクトに参加させた。

persuade 人 into doing
人を説得して?させる
The manager persuaded the staff into working overtime.
部長はスタッフを説得して残業させた。

TOEICで特に重要なのは、look into「調査する」、enter into an agreement「契約を結ぶ」、divide into「分ける」、turn/convert/change into「?に変える」、run into problems「問題に遭遇する」です。
"
108,"#108  
Meganal Place announced the release of a limited edition shopper’s card enabling customers to redeem up to two coupons per visit.

A. enable
B. enabled
C. enables
D. enabling
","正解は D. enabling です。

A. enable：動詞の原形。ここでは不可。
B. enabled：過去分詞。「可能にされた」という受け身的な意味になり、この文では不自然。
C. enables：三単現の動詞。文に述語動詞 announced がすでにあるので不可。
D. enabling：現在分詞。前の card を説明して「～できるようにするカード」となるので正解。

いいえ、この文では C. enables は選べません。理由は、which enables の which だけを省略することはできないからです。

関係代名詞を省略できるのは、基本的に「関係代名詞が目的語」のときです。
例：
the card which I used
→ the card I used
この which は used の目的語なので省略できます。

しかし今回の which は、関係詞節の中で主語です。
which enables customers...
この which が enables の主語です。
主語の which は省略できません。

だから、
a shopper’s card enables customers...
なら、「ショッパーズカードは顧客に～を可能にする」という別の文になります。
しかし元の文は、
Meganal Place announced the release of ...
という述語動詞 announced がすでにありま
"
109,"#109  
We hope to archieve a sustainable society to providing 〇〇 alternative to petroleum-fueled vehicles. 

A. viable
B. viability
C. viably
D. vibrancy
","正解は a. viable です。
意味：実行可能な、現実的な、実用に耐える、存続可能な。

TOEICでは viable alternative「実用可能な代替手段」、viable option「現実的な選択肢」、viable solution「実行可能な解決策」の形でよく出ます。

b. viability：名詞。「実行可能性」。viability alternative とは言えない。

c. viably：副詞。「実行可能な形で」。名詞 alternative を直接修飾できない。

d. vibrancy：名詞。「活気、鮮やかさ」。意味が合わない。

"
110,"#110  
The leaders of each team requires 〇〇 evaluation sheet by their members at the end of every month

A. Submit
B. Submitting
C. To submit
D. Submitted
","正解は D. Submitted です。

to submit ではない理由は、後ろの by their members と合わないからです。

文：
The leaders of each team require 〇〇 evaluation sheets by their members at the end of every month.

D. submitted を入れると、
submitted evaluation sheets by their members
＝メンバーによって提出された評価シート
となり、by their members が「誰によって提出されたか」を表します。

一方、C. to submit を入れると、
to submit evaluation sheets by their members
となりますが、これは「メンバーによって評価シートを提出するために」のようになり、不自然です。to submit は「提出するための／提出すること」という能動的な意味なので、evaluation sheets が「提出される側」であることを表せません。

比較：
evaluation sheets submitted by their members
メンバーによって提出された評価シート

evaluation sheets to submit by their members
これは普通言いません。

もし to submit を使うなら、文はこう変える必要があります。
The leaders require their members to submit evaluation sheets at the end of every month.
各チームのリーダーは、毎月末にメンバーに評価シートを提出するよう求める。

つまり、
require 人 to submit ～
＝人に～を提出するよう求める

submitted evaluation sheets
＝提出された評価シート

今回の空所は evaluation sheets を修飾する位置なので、to submit ではなく submitted が最適です。
"
111,"#111  
adjacent
","adjacent

意味：隣接した、すぐ近くの、隣の。

よく使う形：
adjacent to ～
＝～に隣接している

例：
The parking lot is adjacent to the building.
駐車場はその建物に隣接しています。

The hotel is adjacent to the station.
そのホテルは駅のすぐ隣にあります。

語源：
adjacent はラテン語 adjacere（アドヤケーレ）＝そばに横たわる、近くにある、から来ています。
ad-（アド）＝～の方へ、近くへ
jacere（ヤケーレ）＝横たわる

同じ語源の英語：
object：物、反対する
subject：主題、対象、服従させる
project：計画、投影する
reject：拒否する
inject：注入する
eject：排出する
interject：口を挟む
trajectory：軌道
"
112,"#112  
be inclusive of ～
","be inclusive of ～

意味：～を含んでいる、～込みである、～を包含している。

例：
The price is inclusive of tax.
その価格は税込みです。

The tour package is inclusive of meals and transportation.
そのツアーパッケージには食事と交通費が含まれています。

注意：
inclusive of tax
＝税込み

exclusive of tax
＝税抜き

include は動詞で「含む」。
inclusive は形容詞で「含んでいる、包括的な」。
be inclusive of ～ は少し硬い表現で、料金・契約・サービス内容などでよく使います。

語源：
inclusive はラテン語 includere（インクルーデレ）＝閉じ込める、中に入れる、から来ています。
in-（イン）＝中へ
cludere（クルーデレ）＝閉じる

同じ語源の英語：
include：含む
inclusion：包含、含めること
inclusive：包括的な、込みの
exclude：除外する
exclusive：排他的な、除外した
conclude：結論づける
preclude：妨げる
closure：閉鎖、終結
"
113,"#113  
dilute
","dilute

意味：薄める、希釈する。形容詞では「薄められた、希釈された」という意味です。

例：
Dilute the solution with water.
その溶液を水で薄めなさい。

a dilute acid
希酸、薄められた酸

TOEIC的には、化学・清掃・飲料・薬品などで「水などを加えて濃度を下げる」という意味で出ます。

語源：
dilute はラテン語 diluere（ディルエレ）＝洗い流す、薄める、溶かす、から来ています。
di- / dis-（ディ／ディス）＝離れて、ばらばらに
luere（ルエレ）＝洗う

同じ語源・関連語：
dilution：希釈、薄めること
diluted：薄められた
deluge：大洪水、大量に押し寄せるもの
antediluvian：大洪水以前の、非常に古い
"
114,"#114  
article
","はい、article には「記事」だけでなく、「品物、物品、製品」という意味もあります。

article の主な意味：
article：記事、条項、品物、物品

例：
a newspaper article
新聞記事

Article 5 of the contract
契約の第5条

household articles
家庭用品

personal articles
身の回り品、所持品
"
115,"#115  
take a part in 
","take a part in は普通は誤りです。正しくは take part in です。

take part in ～
意味：～に参加する

例：
Many students took part in the event.
多くの学生がそのイベントに参加した。

She will take part in the meeting.
彼女はその会議に参加します。

注意：
part に a は付けません。
誤：take a part in the event
正：take part in the event

ただし、別の意味で take a part はあります。
take a part in a play
劇で役を得る、役を演じる

この場合の part は「役」です。
でも「イベントに参加する」は take part in です。
"
116,"#116  
The sales of Natural and Study Corporation have been growing 〇〇 exponentially in recent years due to the growth of the logistics marketplace.

正解は a. exponentially です。

A. exponentially
B. heavily
","exponentially は「指数関数的に、急激に、非常に大きな勢いで」という意味です。売上・需要・市場・利用者数などが「急成長する」ときによく使います。

heavily は「重く、大量に、かなり」という意味ですが、普通は grow heavily とはあまり言いません。heavily は rain heavily「激しく雨が降る」、invest heavily「多額を投資する」、rely heavily on「大きく依存する」などで使います。
"
117,"#117  
incur
","incur

意味：負う、被る、招く。特に「費用・損失・負債・罰則などを負う」という意味です。

よく使う形：
incur costs：費用が発生する
incur expenses：経費が発生する
incur losses：損失を被る
incur a penalty：罰則を受ける
incur debt：借金を負う

例：
The company incurred significant losses last year.
その会社は昨年、大きな損失を被った。

Additional charges may be incurred.
追加料金が発生する場合があります。

語源：
incur はラテン語 incurrere（インクッレレ）＝中へ走り込む、ぶつかる、招く、から来ています。
in-（イン）＝中へ、～に向かって
currere（クッレレ）＝走る

同じ語源の英語：
current：流れ、現在の
currency：通貨
course：進路、講座
occur：起こる
recur：再発する
concur：同意する、同時に起こる
excursion：遠足、短い旅行
cursor：カーソル
cursive：筆記体の
"
118,"#118  
 〇〇 Johnny Liu appreciated her former workplace's offer, she declined the opportunity because she was already running her own business.

A. while
B. when
C. for
D. in spite of
","正解は a. while です。

理由：
while には「～する一方で」「～だけれども」という譲歩・対比の意味があります。

B. when
「～したとき」。時間の意味になり、対比が弱い。

C. for
「というのは～だから」。接続詞として使えますが、文頭の For Johnny Liu appreciated..., she declined... は不自然です。

D. in spite of
「～にもかかわらず」ですが、後ろには名詞・動名詞が来ます。
in spite of Johnny Liu appreciated ... とは言えません。
"
119,"#119  
意味：短縮された、要約された、省略版の。
","abridged

意味：短縮された、要約された、省略版の。

例：
an abridged version
短縮版、要約版

an abridged dictionary
簡約版の辞書

This is an abridged edition of the novel.
これはその小説の短縮版です。

反対語：
unabridged
省略されていない、完全版の

語源：
abridge は古フランス語 abregier（アブレジエ）＝短くする、から来ています。さらにラテン語 abbreviare（アッブレヴィアーレ）＝短くする、が語源です。
ad-（アド）＝～へ
brevis（ブレウィス）＝短い

同じ語源の英語：
brief：短い、簡潔な
brevity：簡潔さ
abbreviate：省略する、短縮する
abbreviation：略語、省略
abridge：短縮する
abridged：短縮された
"
120,"#120  
so の前のカンマ
","Our customer service line responds 24 hours a day, so you can be at ease...

のように so の前にコンマを置くのが標準的です。

ただし、文が短い場合や、TOEICのような実用英文では、コンマなしでも許容されることがあります。つまり、

コンマあり：より正式・読みやすい
コンマなし：不可ではない、TOEICでは出ることがある

という理解でよいです。

重要なのは、ここでの so は「so that」の省略に近い感じで、「～できるように／だから～できる」という目的・結果を表していることです。この場合、コンマなしで書かれることもあります。

結論：
厳密にはコンマありが望ましい。
ただし、参考書のコンマなしも、TOEIC英文としては間違いとは断定できません。
"
121,"#121  
意味：近所、周辺、近辺、付近。
","vicinity

意味：近所、周辺、近辺、付近。

よく使う形：
in the vicinity of ～
＝～の近くに、～の周辺に

例：
There are several restaurants in the vicinity of the station.
駅の周辺にレストランがいくつかあります。

The hotel is located in the vicinity of the convention center.
そのホテルはコンベンションセンターの近くにあります。

near との違い：
near は普通の「近くに」。
vicinity は少し硬く、「周辺地域・近辺」という名詞です。

語源：
vicinity はラテン語 vicinus（ウィキーヌス）＝近くの、隣の、から来ています。さらに vicus（ウィクス）＝村、集落、地区、に関係します。

同じ語源の英語：
vicinal：近隣の、隣接した
vicinity：近辺、周辺
village：村 ※同系統とされることがあります。
"
122,"#122  
The manager showed his appreciation for the company’s employees by delivering his  〇〇  address at Jolito Electronics’ anniversary ceremony.

A. feasible
B. upcoming
C. private
D. inaugural
","正解は D. inaugural です。

意味：
「その部長は、Jolito Electronicsの記念式典で就任演説を行うことによって、会社の従業員への感謝を示した。」

inaugural address = 就任演説、初回の公式演説

ある。address には「住所」だけでなく、「演説、あいさつの言葉」という意味がある。

例：
inaugural address = 就任演説
opening address = 開会のあいさつ
presidential address = 大統領演説
deliver an address = 演説をする

もとの意味は「相手に向ける、話しかける」ということ。そこから、
address a letter = 手紙を宛てる
address a person = 人に話しかける
address an audience = 聴衆に演説する
address a problem = 問題に対処する
という意味に広がった。

語源：
address は、古フランス語 adresser（アドレセ）「まっすぐに向ける、整える」から来ている。さらにラテン語 ad-（アド、「～へ」）＋ directus（ディレクトゥス、「まっすぐな」）に関係する。

同じ語源の英語：
direct = 指示する、まっすぐな
direction = 方向、指示
director = 監督、取締役
correct = 正す
erect = 直立した、建てる
rectify = 正す

つまり address は「相手に向ける」という中心イメージなので、「住所」も「演説」も同じ語から来ている。
"
123,"#123  
離職率、入れ替わり率、回転率
","turnover rate（ターンオーバー・レート）は、文脈で意味が変わるが、TOEICやビジネスでは主に「離職率」という意味で出ることが多い。

turnover rate = 離職率、入れ替わり率、回転率
"
124,"#124  
全会一致の投票、満場一致の採決
","意味：
unanimous vote = 全会一致の投票、満場一致の採決

例：
The proposal was approved by a unanimous vote.
その提案は全会一致で承認された。

unanimous（ユナニマス）= 全員一致の、満場一致の
vote（ボート）= 投票、票決

語源：
unanimous は、ラテン語 unus（ウーヌス、「一つの」）＋ animus（アニムス、「心、精神」）から来ています。つまり「一つの心になっている」→「全員一致の」という意味です。

同じ語源の英語：
unus 系：
unit = 単位
union = 結合、組合
unique = 唯一の
unify = 統一する

animus 系：
animal = 動物
animate = 生き生きさせる、アニメ化する
animation = アニメーション、活気
animism = アニミズム

vote の語源：
vote はラテン語 votum（ウォートゥム、「誓い、願い、投票」）から。もとは「神への誓願・願い」という意味で、そこから「意思表示」→「投票」になりました。

同じ語源の英語：
vow = 誓い
votive = 奉納の、誓願の
devote = 捧げる、専念する
devotion = 献身、信仰心
"
125,"#125  
To view the list of companies  〇〇  into Electricity Vista Cooperative, click on the link below.

A. consolidated
B. consolidation
C. consolidator
D. consolidates
","正解は A. consolidated です。

B. consolidation は名詞「統合」なので不可。
C. consolidator は名詞「統合する人・会社」なので不可。
D. consolidates は動詞の三単現なので、この位置には不可。

D. consolidates がダメな理由は、companies が複数形だからだけではありません。もっと大事なのは、この位置では「動詞の現在形」ではなく、「companies を後ろから説明する形」が必要だからです。

文の骨組みはこうです。

To view the list of companies 〇〇 into Electricity Vista Cooperative, click on the link below.

主文は、
click on the link below
です。

その前の To view the list of companies 〇〇 into... は「～を見るためには」という不定詞句です。この中で中心になる名詞は companies です。

ここで言いたいのは、
「Electricity Vista Cooperative に統合された会社」
です。

つまり companies は「統合する側」ではなく、「統合された側」です。だから受け身の意味が必要です。

companies consolidated into Electricity Vista Cooperative
= Electricity Vista Cooperative に統合された会社

consolidated は過去分詞で、「統合された」という意味になります。
"
126,"#126  
commensurate
","たぶん commensurate（コメンシュレイト / コメンサレイト） のことだと思います。TOEICではよく出ます。

commensurate = 釣り合った、相応の、比例した

よく出る形：
be commensurate with ～ = ～に見合っている、～に比例している

例：
Salary will be commensurate with experience.
給与は経験に応じて決定されます。

The punishment should be commensurate with the seriousness of the offense.
罰は違反の重大さに見合うべきだ。

語源：
commensurate は、ラテン語 com-（コム、「一緒に」）＋ mensura（メンスーラ、「測定、尺度」）から来ています。つまり「同じ尺度で測れる」→「釣り合っている、相応の」という意味です。

同じ語源の英語：
measure = 測る、尺度
measurement = 測定
dimension = 寸法、次元
immense = 巨大な、計り知れない
mensuration = 測定、測量
commensurable = 同じ尺度で測れる

"
127,"#127  
outreach
","outreach（アウトリーチ）

意味：

支援活動、働きかけ、地域・顧客への接触活動
手を差し伸べること
教育・医療・福祉・営業などで、相手のいる場所へこちらから出向いて働きかけること

TOEIC・ビジネスでは、
community outreach = 地域向け支援活動
customer outreach = 顧客への働きかけ
outreach program = 支援活動、啓発活動
outreach campaign = 外部向けキャンペーン
の形でよく出ます。

例文：
The company launched a community outreach program.
その会社は地域支援活動を開始した。

Our sales team is responsible for customer outreach.
営業チームは顧客への働きかけを担当している。

語源：
outreach は out（アウト、「外へ」）＋ reach（リーチ、「手を伸ばす、届く」）からできた語です。中心イメージは「外へ手を伸ばす」→「外部の人々に働きかける」です。

同じ語源の英語：
out 系：
outside = 外側
outcome = 結果
outbreak = 発生
outbound = 外へ向かう
outlook = 見通し

reach 系：
reach = 届く、手を伸ばす
reachable = 到達可能な
unreachable = 到達不能な
overreach = やり過ぎる、背伸びしすぎる
outreach = 外へ働きかける、支援活動
"
128,"#128  
intact（インタクト）
","intact（インタクト）

意味：
無傷の、損なわれていない、完全なままの、そのまま残っている

例：
The package arrived intact.
荷物は無傷で届いた。

The building remained intact after the earthquake.
その建物は地震の後も無傷のままだった。

TOEICでは、
remain intact = そのまま残る、損なわれずに残る
keep ～ intact = ～をそのまま保つ
の形で出やすいです。

語源：
intact はラテン語 intactus（インタクトゥス）から来ています。
in-（イン、「否定、～でない」）＋ tactus（タクトゥス、「触れられた」）
つまり「触れられていない」→「傷ついていない」→「無傷の、完全なままの」という意味です。

同じ語源の英語：
contact = 接触
tactile = 触覚の
tangent = 接線、接するもの
contagion = 接触感染
tact = 機転、気配り
tactics = 戦術
"
129,"#129  
in observance of

","in observance of（イン・オブザーバンス・オブ）

意味：
～を遵守して、～に従って、～を記念して、～を祝って

TOEICでは「祝日・記念日・規則」に関係して出やすいです。

例：
The office will be closed in observance of National Foundation Day.
建国記念の日を祝って、その事務所は休業します。

The store will close early in observance of the holiday.
その祝日のため、店は早く閉まります。

Employees must act in observance of company policy.
従業員は会社方針を遵守して行動しなければならない。

ポイント：
in observance of a holiday = 祝日を記念して、祝日のため
in observance of rules/regulations = 規則を遵守して

語源：
observance は observe から来ています。
observe はラテン語 observare（オブセルワーレ）「注意して見る、守る」から。
ob-（オブ、「～の方へ、～に対して」）＋ servare（セルワーレ、「守る、保つ」）です。
つまり「注意して守る」→「観察する」「遵守する」「記念して行う」という意味に広がりました。

同じ語源の英語：
observe = 観察する、遵守する
observer = 観察者
observation = 観察、所見
observatory = 天文台、観測所
conserve = 保存する
preserve = 保存する、保護する
reserve = 予約する、取っておく
conservation = 保護、保存
"
130,"#130  
retreat
","退く、後退する、撤退する
避難する、引きこもる
★静養、★研修合宿、隠れ家

TOEIC・ビジネスでは、company retreat / corporate retreat の形で「社員研修旅行、社内合宿、研修会」という意味で出ることがあります。

例：
The army was forced to retreat.
軍隊は撤退を余儀なくされた。

The company held a weekend retreat for its managers.
その会社は管理職向けに週末の研修合宿を開いた。

She went on a yoga retreat.
彼女はヨガの静養合宿に参加した。

語源：
retreat は、古フランス語 retraiter（ルトレテ）「引き下がる」から来ています。さらにラテン語 re-（レ、「後ろへ、再び」）＋ tractare（トラクターレ、「引く、扱う」）に関係します。中心イメージは「後ろへ引く」→「撤退する、身を引く」です。

同じ語源の英語：
treat = 扱う、ごちそうする
treatment = 扱い、治療
contract = 契約する、縮む
extract = 抜き出す
attract = 引きつける
subtract = 引き算する
traction = 牽引、引く力
tractor = トラクター、牽引車

まとめると、retreat は「後ろへ引く」が基本で、そこから「撤退する」「日常から離れて静養・研修する場所や活動」という意味になりました。
"
131,"#131  
Made of water 〇〇 materials, hiking pants are suitable for any outdoor occasion.

A. repel
B. repelled
C. repellent
D. repellently
","正解は C. repellent です。

正しい文：
Made of water-repellent materials, hiking pants are suitable for any outdoor occasion.

意味：
撥水性のある素材で作られているので、ハイキングパンツはどんな屋外活動にも適しています。

water-repellent = 撥水性の、水をはじく

語源：
repel はラテン語 repellere（レペッレレ）から来ています。
re-（レ、「後ろへ、反対方向へ」）＋ pellere（ペッレレ、「押す、追いやる」）
つまり「後ろへ押し返す」→「はね返す、撃退する」という意味です。

同じ語源の英語：
compel = 強制する
com-（一緒に、完全に）＋ pellere（押す）→ 強く押してやらせる

expel = 追い出す
ex-（外へ）＋ pellere（押す）→ 外へ押し出す

propel = 推進する
pro-（前へ）＋ pellere（押す）→ 前へ押し出す

impel = 駆り立てる
in-（中へ）＋ pellere（押す）→ 内側から押す

repellent = はじく性質のある、撥水性の
water-repellent = 水をはじく、撥水性の

repulsive = 不快な、反発を感じさせる
「心理的に押し返したくなる」イメージです。

TOEICでは water-repellent materials = 撥水性の素材 として覚えるとよいです。
"
132,"#132  
管理人、用務員、守衛
保管者、管理責任者
資産・書類などを預かる機関、保管会社
","custodians（カストーディアンズ）

意味：

管理人、用務員、守衛
保管者、管理責任者
資産・書類などを預かる機関、保管会社

単数形は custodian（カストーディアン）です。TOEICでは「建物の管理人・清掃管理者」という意味で出ることが多いです。

例：
The custodians clean the building every evening.
管理人たちは毎晩その建物を清掃します。

All keys must be returned to the custodian.
すべての鍵は管理人に返却しなければなりません。

語源：
custodian はラテン語 custos（クストース、「守る人、番人」）から来ています。そこから custodia（クストーディア、「保護、監視、拘留」）になり、「守る人」→「保管者、管理人」という意味になりました。

同じ語源の英語：
custody = 保護、親権、拘留
customs = 税関
custodial = 管理の、保護の、拘留の
custodian = 管理人、保管者

注意：
janitor も「用務員、清掃員」ですが、custodian は少し広く「建物や物を管理・保管する人」という感じです。
"
133,"#133  
owing to 
","owing to（オウイング・トゥ）

意味：
～のために、～が原因で、～の結果として

because of / due to とほぼ同じです。TOEICでは理由を表す前置詞句としてよく出ます。

例：
The event was canceled owing to bad weather.
悪天候のため、そのイベントは中止された。

Owing to the time constraint, winners are asked to keep their speeches brief.
時間の制約のため、受賞者はスピーチを短くするよう求められている。

文法：
owing to の後ろには名詞・名詞句が来ます。
owing to bad weather
owing to the delay
owing to the repeated oversights

owing to + 文 は普通は不可です。
× owing to it rained
○ owing to the rain
○ because it rained

語源：
owe（オウ）「借りている、負っている」から来ています。owe は古英語 agan（アーガン）「所有する、持つ、負う」に由来します。owing は「～に負っている」→「～が原因で」という意味になりました。

同じ語源の英語：
owe = 借りている、負っている
owner = 所有者
own = 自分自身の、所有する
owing = 未払いの、原因で
IOU = 借用証。「I owe you」の略です。
"
134,"#134  
「銘板」「記念板」「額板」という意味です。
","commemorative plaque の plaque は「銘板」「記念板」「額板」という意味です。

commemorative plaque
＝ 記念銘板、記念プレート

例：
a commemorative plaque on the wall
壁にある記念銘板

The building has a commemorative plaque.
その建物には記念銘板がある。

plaque は、金属・石・木などでできた平らな板で、名前・日付・功績・記念文などを刻んで掲示するものです。日本語の「プレート」に近いですが、正式には「銘板」「記念碑板」という感じです。

語源：
plaque はフランス語 plaque（プラーク）「平たい板、金属板」から来ています。さらに古い語源はオランダ語 plakken（プラッケン）「貼る」、または中世ラテン語 placca（プラッカ）「板、薄片」と関係するとされます。

同じ語源・近い語：
placard（プラカード）＝掲示板、張り紙
plaster（プラスター）＝しっくい、ばんそうこう、塗って貼るもの
plate（プレート）＝皿、板、金属板
plaque は医学では「歯垢」「動脈のプラーク」という意味もあります。これも「表面に付着した板状・膜状のもの」という感覚です。
"
135,"#135  
The considerable number of citizens 〇〇 participate in the Repulse Bay beach cleanup every year.

A. concerningly
B. concern
C. concerned
D. concerning
","正解：C. concerned

The considerable number of citizens concerned participate in the Repulse Bay beach cleanup every year.
意味：関心を持っているかなり多くの市民が、毎年レパルスベイの海岸清掃に参加している。

ここで concerned は「関心を持っている」「心配している」という意味の形容詞で、citizens concerned ＝「関係・関心のある市民たち」という意味になります。後ろから citizens を修飾しています。

B の concern は動詞にもなりますが、この文では使えません。

理由は、主語と動詞の関係です。

The considerable number of citizens 〇〇 participate in the cleanup every year.

この文の中心の動詞は participate です。
つまり、

The considerable number of citizens participate ...
かなり多くの市民が参加する

という文がすでに成り立っています。

ここに B. concern を入れると、

The considerable number of citizens concern participate ...

となり、動詞が concern と participate の2つ並んでしまいます。これは文法的に不可です。

また、concern は「関心を持っている」という自動詞ではありません。基本は他動詞で、

This problem concerns many citizens.
この問題は多くの市民に関係している／心配させる。

のように「X concerns Y」＝「XがYに関係する、Yを心配させる」です。

「市民が関心を持っている」と言いたいなら、

citizens are concerned
市民は関心を持っている／心配している

concerned citizens
関心のある市民たち

citizens concerned about the environment
環境を心配している市民たち

のように concerned を使います。

したがって、この問題では B. concern ではなく、C. concerned が正しいです。
"
136,"#136  
Packets of materials for the marketing seminar were handed out to 〇〇 of the participants at the reception.

A. each
B. every
C. other
D. whose
","正解：A. each

意味：マーケティングセミナー用の資料一式は、受付で参加者一人ひとりに配られた。

理由：
each of the participants は正しい形です。
each of + the 複数名詞
each of + 所有格 + 複数名詞
each of + 代名詞
という形で使えます。

C. other がダメな理由は、other of the participants という形が普通の英語では使えないからです。
もし of を消すなら、
to other participants
他の参加者たちに

という形は文法的に可能です。
"
137,"#137  
G Farm ●● to consider a relocation to another site because its building is aging.

A. has made
B. making
C. to make
D. was made
","正解：D. was made

＝ ～するようにさせられる
＝ ～せざるを得なくなる

という形です。

この文では、

G Farm was made to consider ...
G Farmは検討するようにさせられた
→ 検討せざるを得なくなった

となります。

A. has made はダメです。
G Farm has made to consider ...
とは言いません。make の後ろに to不定詞を直接つけて「～することにした」とはできません。
"
138,"#138  
AをBに割り当てる
","allocate A to B
AをBに割り当てる

例：
The manager allocated critical work to the recruits.
マネージャーは新入社員に重要な仕事を割り当てた。

The recruits were allocated critical work.
新入社員は重要な仕事を割り当てられた。
"
139,"#139  
exemplary
","exemplary（エグゼンプラリー）

意味：模範的な、手本となる、非常に優れた

例：
His conduct was exemplary.
彼の行動は模範的だった。

She showed exemplary leadership.
彼女は模範的なリーダーシップを示した。

語源：
ラテン語 exemplum（エグゼンプルム）＝「例、手本、見本」
ex-（エクス）＝「外へ」
emere（エメレ）＝「取る、選び取る」
つまり「取り出された例」→「手本・見本」→ exemplary「模範的な」とな
"
140,"#140  
put up

strive for ～

","put up
意味1：掲示する、貼る
意味2：建てる、設置する
意味3：泊める
意味4：我慢する

strive for ～
意味：～を得ようと努力する、～を目指して励む
"
141,"#141  
bolster
","bolster（ボルスター）

意味：支える、強化する、後押しする

例：
The company hired more staff to bolster customer service.
その会社は顧客サービスを強化するために、さらに人員を雇った。

The new policy helped bolster employee morale.
新しい方針は従業員の士気を高めるのに役立った。

名詞では「長い枕、支え」という意味もあります。そこから動詞で「支える、補強する」という意味になりました。

語源：
古英語 bolster（ボルスター）＝「長い枕、クッション、支え」
さらにゲルマン系の語で「膨らんだもの、支えるもの」という意味。

同じ語源に近い英語：
bulge「膨らむ」
bulk「大きさ、かさ」
ball「球」
※厳密に同一語源と断定しにくいものもありますが、「膨らみ・丸いもの」という古い語感で近い関係があります。

TOEICでは、
bolster sales「売上を伸ばす」
bolster confidence「信頼・自信を高める」
bolster support「支持を強める」
bolster security「警備を強化する」
の形で出やすいです。
"
142,"#142  
distract
","distract（ディストラクト）

意味：気を散らす、注意をそらす、集中を妨げる。

例：
The noise distracted me from my work.
その騒音で仕事への集中がそがれた。

Don’t distract the driver.
運転手の注意をそらしてはいけない。

形：
distract A from B
Aの注意をBからそらす

名詞：
distraction（ディストラクション）
気を散らすもの、気晴らし

形容詞：
distracted（ディストラクテッド）
気が散った、取り乱した

語源：
ラテン語 distrahere（ディストラヘレ）＝「引き離す、別々に引っ張る」
dis-（ディス）＝「離れて、別々に」
trahere（トラヘレ）＝「引く」
つまり「注意を別の方向へ引っぱる」→「気を散らす」。

同じ語源の英語：
attract「引きつける」
contract「契約する、縮む」
extract「抜き出す」
subtract「差し引く」
traction「牽引、引く力」
tractor「トラクター、引くもの」
"
143,"#143  
Lily's antique market has attracted 〇〇 collectors both within and outside of the town.

a. avid
b. obscure
c. present
d. pivotal
","正解は a. avid です。

Lily's antique market has attracted avid collectors both within and outside of the town.
意味：リリーのアンティーク市場は、町の内外から熱心な収集家を引きつけている。

avid collectors で「熱心な収集家」という自然な組み合わせです。

b. obscure は「無名の、はっきりしない」。obscure collectors だと「無名の収集家」になり、この文脈では不自然です。
c. present は「現在の、出席している」。present collectors とは普通言いません。
d. pivotal は「極めて重要な、中心的な」。pivotal collectors も不自然です。

avid（アヴィッド）の語源：
ラテン語 avidus（アヴィドゥス）＝「熱望している、貪欲な」
avere（アヴェーレ）＝「強く望む、欲する」

同じ語源の英語：
avidity「熱心さ、貪欲さ」
avarice「強欲」
avaricious「強欲な」

TOEICでは、avid reader「熱心な読者」、avid collector「熱心な収集家」、avid supporter「熱心な支持者」の形でよく出ます。
"
144,"#144  
discretion
","discretion（ディスクリエーション）

意味：裁量、自由に判断する権限、慎重さ、分別

よく出る形：
at one’s discretion
～の裁量で、～の判断で

例：
Managers may approve refunds at their discretion.
管理者は自分の裁量で返金を承認できる。

use discretion
慎重に判断する、分別を働かせる

例：
Please use discretion when handling confidential information.
機密情報を扱うときは慎重に判断してください。

語源：
ラテン語 discretio（ディスクレーティオー）＝「分離、区別、判断」
discernere（ディスケルネレ）＝「区別する、見分ける」
dis-（ディス）＝「離れて」
cernere（ケルネレ）＝「ふるい分ける、区別する」

つまり「物事を分けて見極める力」→「判断力、裁量、分別」という意味になりました。

同じ語源の英語：
discern「見分ける」
discrete「別々の、分離した」
discreet「慎重な、口が堅い」
discernment「識別力、判断力」
"
145,"#145  
affiliated store
","affiliated store（アフィリエイテッド・ストア）

意味：提携店、系列店、加盟店

affiliate は「提携させる、加盟させる、関連づける」という意味です。affiliated はその過去分詞形で、「提携している、系列の、加盟している」という形容詞になります。

例：
You can use this coupon at affiliated stores.
このクーポンは提携店で使えます。

ポイント：
affiliated store = 提携店、系列店、加盟店
affiliate company = 関連会社、提携会社
affiliate program = アフィリエイト制度、成果報酬型広告制度

語源：
ラテン語 affiliare（アフィリアーレ）＝「養子にする、子として迎える」
ad-（アド）＝「～へ」
filius（フィリウス）＝「息子」
つまり「息子として加える」→「仲間・系列に加える」→「提携させる、加盟させる」。

同じ語源の英語：
filial「子としての、子の」
filicide「子殺し」
affiliate「提携する、加盟する」
affiliation「提携、所属、加盟」
"
146,"#146  
superb

","superb（スパーブ）

意味：
すばらしい、見事な、非常に優れた、豪華な。

例：
a superb performance
すばらしい演技

a superb view
見事な眺め

語源：
ラテン語 superbia（スーペルビア）＝高慢、誇り、堂々としていること
さらに元は super（スーペル）＝上に、超えて、より上の、から来ています。

つまり superb は、もともとは「上にある」「人より上に立つような」という感じで、そこから「堂々とした」「立派な」「非常に優れた」という意味になりました。

同じ語源の英語：
super＝超、上の
superior＝上位の、優れた
supreme＝最高の
supervise＝監督する、上から見る
supernatural＝超自然の
superbity＝高慢、尊大さ（まれな語）

注意：
superb は good や great より少し上品で、「見事な」「文句なくすばらしい」という感じです。TOEICでは performance, service, quality, view, meal などと一緒に出やすいです。
"
147,"#147  
culminate
","culminate（カルミネイト）

意味：
最高潮に達する、頂点に達する、ついに～という結果になる。

よく使う形：
culminate in ～ ＝ 最終的に～に終わる、～という結果になる
culminate with ～ ＝ 最後に～で締めくくられる

例：
The negotiations culminated in an agreement.
交渉は最終的に合意に達した。

The festival culminated with a fireworks display.
祭りは花火大会で締めくくられた。

語源：
ラテン語 culmen（クルメン）＝頂上、山頂、最高点
これに動詞化する -ate が付いて、「頂点に達する」という意味になりました。

同じ語源の英語：
culmination＝最高潮、頂点、最終結果
culminant＝最高点にある、頂点の
column＝柱、縦列 ※語源的に関連するとされることがある語
colonel＝大佐 ※column と関係する語源経路を持つ語

TOEIC的には、culminate in an agreement / success / a decision / a ceremony のように、「長い過程の最後に、ある結果になる」という文脈で出やすいです。
"
148,"#148  
All employees were reminded 〇〇 the meeting to attend the ceremony to mark the company's 20th anniversary.

a. of
b. when
c. at
d. though
","正解は c. at です。

意味は、「全従業員は、その会議で、会社創立20周年を記念する式典に出席するよう念を押された」です。

ここでの at the meeting は「会議で」という場所・場面を表します。

remind 人 to do で「人に～するよう思い出させる、念を押す」です。受け身にすると、employees were reminded to attend... で「従業員は出席するよう念を押された」となります。

of がだめな理由は、remind 人 of 名詞 なら「人に～を思い出させる」ですが、この文では後ろに to attend という不定詞が来ています。したがって、reminded of the meeting なら「会議を思い出させられた」になりますが、ここでは意味が違います。

when は「～するとき」、though は「～だけれども」なので、この位置には合いません。
"
149,"#149  
garments
","garments

意味：衣服、衣類。clothes より少し硬い語で、店・製造・法律・説明文などでよく使います。単数 garment は「衣服1点」、複数 garments は「衣類」です。

例：protective garments＝防護服、outer garments＝上着類、garment industry＝衣料産業

語源：古フランス語 garment（ガルマン）「衣服、装備」から。さらに動詞 garnir（ガルニール）「備える、装備する、飾る」と関係します。英語の garnish「飾る、料理に付け合わせを添える」、garniture「装飾品」、garner「蓄える」とも同系統とされます。

同じ系統の英語：garnish、garniture、garner、garment。
"
150,"#150  
render
","render

意味：文脈で意味がかなり変わります。主な意味は「～にする」「与える」「提出する」「表現する」「翻訳する」「描画・生成する」です。

render A B：AをBの状態にする
例：The accident rendered him unable to work.
その事故で彼は働けない状態になった。
render service/help：援助・サービスを提供する
例：render assistance
援助を与える
render a decision/report/account：判決・報告・説明などを出す、提出する
例：render a report
報告書を提出する
render into Japanese：日本語に訳す
例：render English into Japanese
英語を日本語に訳す
コンピュータ用語：画像・画面・映像を描画する、生成する
例：render a 3D image
3D画像をレンダリングする

語源：ラテン語 reddere（レッデレ）「返す、戻す、引き渡す」から。re-（レ）「後ろへ、再び」＋ dare（ダレ）「与える」がもとです。古フランス語 rendre（ランドル）を経て英語 render になりました。

同じ語源の英語：return「戻る」、rent「賃貸料」、surrender「降伏する、引き渡す」、rendition「演奏、翻訳、表現」、rendering「描画、翻訳、表現」、date「日付」※ dare「与える」と遠い関係。
"
151,"#151  
susceptible
","susceptible

意味：影響を受けやすい、感染しやすい、傷つきやすい、～に陥りやすい。

よく使う形は susceptible to ～ です。

例：children are susceptible to infection
子どもは感染しやすい。

例：This system is susceptible to cyberattacks.
このシステムはサイバー攻撃を受けやすい。

例：He is susceptible to flattery.
彼はお世辞に乗りやすい。

語源：ラテン語 susceptibilis（ススケプティビリス）「受け入れることができる」から。もとは suscipere（ススキペレ）「下から受け取る、引き受ける」。sub-（スブ）「下から」＋ capere（カペレ）「取る、つかむ」が元です。

同じ語源の英語：receive、recipient、capture、capacity、capable、accept、except、concept、perceive、susceptibility。
"
152,"#152  
The Gurun restaurant decided 〇〇 dishes will be on the recommendation menu based on the homegrown vegetables available each day.

A. those
B. its
C. what
D. how
","正解は C. what です。

意味は、「Gurunレストランは、その日に入手できる自家栽培野菜に基づいて、どの料理をおすすめメニューに載せるかを決めた」です。

ここで what dishes は「どの料理が」という意味です。what ＋ 名詞で「どの～」「どんな～」になります。

decide what dishes will be on the menu
どの料理がメニューに載るかを決める

A. those は「それらのもの」で、those dishes なら名詞を修飾できますが、those だけではこの位置に合いません。

ならないです。A の those は「which/that が省略された形」とは考えられません。

理由は、those は基本的に「それらのもの」「それらの人」という代名詞、または those dishes のように名詞の前に置く限定詞です。一方、which や that は関係代名詞です。those 自体が関係代名詞の代わりにはなりません。

仮に those を使うなら、形としては、

The Gurun restaurant decided those dishes which will be on the recommendation menu ...

のように言いたくなるかもしれませんが、これはこの文では不自然です。decide の後ろには「どの料理を載せるか」という内容が必要です。だから、

decided what dishes will be on the recommendation menu
どの料理が推薦メニューに載るかを決めた
"
153,"#153  
palatable 　
Tenacious　
Fruitful　
Discrete　
","Palatable　口に合う、受け入れやすい
Tenacious　粘り強い、しつこく離れない。
Fruitful　実りの多い、有益な、成果のある。
Discrete　別々の、個別の、分離した。
"
154,"#154  
A couple of weeks 〇〇 the busiest season of the year
","正解は A. into です。

意味は、「一年で最も忙しい時期に入って数週間して」「繁忙期が始まってから数週間後」です。

into はここで「期間・時期に入ってから～経過して」という意味です。

on がダメなのは、on は基本的に「特定の日・日付・曜日・表面・接触点」を表す前置詞だからです。

たとえば、

on Monday
月曜日に

on May 24
5月24日に

on the first day of the season
その季節の初日に

on the busiest day of the year
一年で最も忙しい日に

これは自然です。on は「ある一点の日」に合います。

しかし、

A couple of weeks on the busiest season

とは普通言いません。the busiest season は「一点の日」ではなく、「ある程度続く期間」です。しかも、a couple of weeks は「2週間ほど経過して」という意味にしたいので、「その期間の中に入ってから」という into が必要です。

A couple of weeks into the busiest season
繁忙期に入って2週間ほどして

この into は「期間の中へ入る」→「期間が始まってから～経過して」という意味です。

似た例：

two months into the new job
新しい仕事を始めて2か月して

three days into the trip
旅行が始まって3日目に

one week into the course
講座が始まって1週間して

on を使うなら、

on the first day of the busiest season
繁忙期の初日に

on a busy day
忙しい日に

のように、「日」や「具体的な時点」にします。

結論：season は長さのある期間なので、「その中に入って何週間」という意味では on ではなく into を使います。
"
155,"#155  
from within 
","from within は「内部から」「内側から」という意味です。TOEICで超頻出というほどではありませんが、ビジネス文書・会社組織・施設・建物・システムの文脈では出てもおかしくない表現です。

from within the company
社内から、会社内部から

promote someone from within
社内から昇進させる、内部登用する

hire from within
社内から採用する、内部採用する

support from within the organization
組織内部からの支援

TOEICで特に覚えるなら、promote from within が重要です。意味は「外部から採用するのではなく、社内の人を昇進させる」です。

例：
The company prefers to promote from within.
その会社は内部昇進を好む。

from within は、from inside とほぼ同じ意味ですが、from within の方が少し硬く、文書・ビジネス英語っぽいです。TOEICでは「組織の内部から」「建物の中から」「システム内部から」くらいで理解できれば十分です。
"
156,"#156  
have access to
","have access to

意味：～を利用できる、～にアクセスできる、～に入れる、～を見る権限がある。

access は「接近・利用・入手・閲覧の権利」という意味です。have access to ～ で「～にアクセスする手段・権限がある」という意味になります。

例：
Employees have access to the database.
従業員はそのデータベースを利用できる。

Only managers have access to these files.
管理者だけがこれらのファイルを見る権限がある。

Guests have access to the fitness center.
宿泊客はフィットネスセンターを利用できる。

注意：access to ～ の to は前置詞です。だから後ろに動詞を置くなら ing 形です。

have access to the system
そのシステムを利用できる

have access to using the system は普通は不自然です。普通は have access to the system と言います。

語源：access はラテン語 accessus（アクセスス）「接近、到着」から。動詞 accedere（アッケーデレ）「近づく」が元です。ad-（アド）「～へ」＋ cedere（ケーデレ）「行く、進む、譲る」から成ります。

同じ語源の英語：accede「同意する、加入する」、exceed「超える」、proceed「進む」、precede「先行する」、recede「後退する」、concede「認める、譲歩する」、succeed「成功する、後に続く」、procession「行列」。
"
157,"#157  
even out
","even out

意味：平らにする、均一にする、差をなくす、平均化する、安定する。

even は「平らな、均等な」、out は「外へ、完全に、最後まで」という感じです。even out で「でこぼこ・差・ばらつきがなくなって、均一になる」という意味になります。

例：
The road eventually evened out.
その道はやがて平らになった。

The workload will even out next month.
仕事量は来月にはならされる、落ち着く。

Prices tend to even out over time.
価格は時間がたつと平均化する傾向がある。

語源：even は古英語 efen（エヴェン）「平らな、等しい」から。out は古英語 ut（ウト）「外へ」から。even out は「平ら・均等な状態へ完全にする」という感覚です。

同じ語源の英語：evening「夕方」※昼と夜が釣り合う時、evenly「均等に」、uneven「でこぼこの」、evenness「均一性」、outcome「結果」、outlook「見通し」、output「出力」。
"
158,"#158  
The keynote speaker for the conference 〇〇 at the airport by 11 a.m. will be picked up by the event organizer Maeda.

A. will arrive
B. arrived
C. have arrived
D. arriving
","正解は D. arriving です。

意味：午前11時までに空港に到着する会議の基調講演者は、イベント主催者の前田氏に迎えに来てもらう予定です。

構造はこうです。

The keynote speaker for the conference / arriving at the airport by 11 a.m. / will be picked up ...

中心の文は、
The keynote speaker will be picked up.
その基調講演者は迎えに来てもらう。

arriving at the airport by 11 a.m. は、the keynote speaker を説明する現在分詞です。つまり「午前11時までに空港に到着する基調講演者」という意味です。

A. will arrive がダメな理由は、これを入れると、
The keynote speaker will arrive ... will be picked up ...
となり、動詞が will arrive と will be picked up の2つになってしまいます。接続詞や関係代名詞がないので不可です。

B. arrived も同じで、
The keynote speaker arrived ... will be picked up ...
となり、動詞が2つになってしまいます。

C. have arrived は主語が speaker 単数なので、本来 has arrived ですが、それ以前にこれも動詞が重複するので不可です。
仮にCがhas arrivedであれば、who has arrivedのwhoを省略した形で正解となるか?
いいえ、has arrived でも正解にはなりません。
理由は、関係代名詞 who は、その後ろで主語の役割をしている場合、省略できないからです。

D. arriving は分詞なので、動詞ではなく「説明語句」として使えます。だから正解です。ちなみに by the 11 a.m. ではなく、普通は by 11 a.m. です。
"
159,"#159  
moving business
","意味：引っ越し業、引っ越し会社、運送業者の事業。
"
160,"#160  
seek advice / sought advice
","seek advice / sought advice

意味：助言を求める、相談する。

seek は「探す、求める」という動詞です。seek advice で「アドバイスを求める」です。sought は seek の過去形・過去分詞です。

seek advice
助言を求める、相談する

sought advice
助言を求めた、相談した

例：
You should seek advice from a lawyer.
弁護士に相談したほうがよい。

She sought advice from her supervisor.
彼女は上司に助言を求めた。

TOEICでは、seek advice from ～「～に助言を求める」、seek approval「承認を求める」、seek permission「許可を求める」、seek employment「仕事を探す」などが出やすいです。

語源：seek は古英語 secan（セーカン）「探す、尋ねる、求める」から。さらにゲルマン祖語 sokjan（ソーキヤン）「探す」が元です。

同じ語源の英語：sake「目的、理由」、forsake「見捨てる」。sought は seek の不規則変化で、seek - sought - sought です。
"
161,"#161  
absent oneself from
","absent oneself from

意味：
「～を欠席する」「～から身を引く」「～に出ない」
やや硬い表現で、意図的にその場に行かない、出席しないという意味です。

例：
He absented himself from the meeting.
彼はその会議を欠席した。

She absented herself from work without permission.
彼女は無断で仕事を休んだ。

語源：
absent は、ラテン語 absentem / absens（アブセンテム / アブセンス）「離れている、不在の」から来ています。
さらに分けると、
ab-（アブ）＝「～から離れて」
esse（エッセ）＝「存在する、いる」
つまり、absent は「その場所から離れて存在している」→「不在の」という意味です。

同じ語源の英語：
absence＝不在、欠席
absentee＝欠席者、不在者
absenteeism＝常習的欠勤
present＝出席している、現在の
presence＝存在、出席
essential＝本質的な、不可欠な
essence＝本質
"
162,"#162  
Company M 〇〇 a new scheme, seeing that the previous plan was not providing desirable results.

a. devised
b. valid
c. convinced
d. notified
","正解：a. devised

理由：
devise は「考案する、立案する」という意味なので、devise a new scheme「新しい計画を考案する」で自然です。

devise は、古フランス語 deviser（デヴィゼ）「分ける、整理する、計画する、述べる」から来ています。
さらに元はラテン語 dividere（ディウィデレ）「分ける、分割する」です。

語源の分解：
dis- / di-（ディス / ディ）＝「離れて、別々に」
videre / dividere の vid 部分（ウィデーレ系）＝「分ける」
つまり、「物事を分けて考える」→「計画を立てる」→「考案する」という流れです。

同じ語源の英語：
divide＝分ける、分割する
division＝分割、部門
dividend＝配当、割られる数
individual＝個人、個々の
devise＝考案する
device＝装置、工夫、仕掛け

注意：
devise と device は似ていますが、品詞が違います。
devise は動詞で「考案する」。
device は名詞で「装置、機器、工夫」です。
"
163,"#163  
resistant to ～
","resistant to ～

意味：
「～に抵抗力がある」「～に耐性がある」「～に反対している」

例：
This material is resistant to heat.
この素材は熱に強い。

Some bacteria are resistant to antibiotics.
一部の細菌は抗生物質に耐性がある。

He is resistant to change.
彼は変化に抵抗がある。

ポイント：
resistant は形容詞なので、後ろにはよく to が来ます。
be resistant to X
＝Xに耐性がある、Xに抵抗する

語源：
resistant は、ラテン語 resistere（レシステレ）「立ち向かう、抵抗する」から来ています。
re-（レ）＝「反対に、後ろへ」
sistere（システレ）＝「立たせる、立つ」
つまり「相手に向かって立つ」→「抵抗する」という意味になりました。

同じ語源の英語：
resist＝抵抗する
resistance＝抵抗、耐性
irresistible＝抵抗できない、非常に魅力的な
persist＝固執する、続く
exist＝存在する
insist＝主張する
assist＝助ける
"
164,"#164  
to correspond
","to correspond

意味：

一致する、対応する
手紙・メールでやり取りする
～に相当する

よく使う形：
correspond to X
＝Xに対応する、Xに相当する

correspond with X
＝Xと一致する、Xと文通・連絡する

例：
The results correspond to our expectations.
その結果は私たちの予想に一致している。

This number corresponds to the item number on the list.
この番号はリスト上の商品番号に対応している。

I correspond with him by email.
私は彼とメールでやり取りしている。

語源：
correspond は、ラテン語 correspondere（コレスポンデーレ）「互いに応答する、対応する」から来ています。

分解：
cor-（コル）＝「共に、互いに」
respondere（レスポンデーレ）＝「答える、応じる」

つまり「互いに答え合う」→「対応する」「一致する」「連絡を取り合う」という意味になりました。

同じ語源の英語：
respond＝答える、応答する
response＝返答、反応
responsible＝責任がある
correspondence＝対応、通信、文通
correspondent＝通信員、文通相手
sponsor＝保証人、スポンサー
spouse＝配偶者 ※元は「約束された相手」系統です。
"
165,"#165  
There is no way ～ 
","There is no way ～ は、主に2つあります。

There is no way + 文
意味：「～するはずがない」「～なんてありえない」

There is no way をオフィシャルな場・論文発表の場で言い換えるなら、意味によって変えます。

「～するはずがない」「～はありえない」
→ It is highly unlikely that ～
→ It is extremely unlikely that ～
→ It is improbable that ～
"
166,"#166  
marginally
","marginally（マージナリー）

意味：
「わずかに」「少しだけ」「ぎりぎりで」「かろうじて」

例：
Sales increased marginally.
売上はわずかに増加した。

The new model is marginally better than the old one.
新型は旧型よりわずかに良い。

He passed the exam marginally.
彼はぎりぎりで試験に合格した。

品詞：
副詞です。
形容詞は marginal（マージナル）で、「わずかな」「周辺的な」「限界ぎりぎりの」という意味です。

語源：
marginal は、ラテン語 margo（マルゴー）「端、縁、境界」から来ています。
そこから「端にある」→「中心ではない」→「重要性が小さい」→「わずかな」という意味になりました。

同じ語源の英語：
margin＝余白、端、差、利ざや
marginal＝わずかな、周辺的な
marginalize＝周辺に追いやる、軽視する
marginality＝周辺性、限界性

TOEICでは、
increase marginally＝わずかに増加する
decrease marginally＝わずかに減少する
marginal improvement＝わずかな改善
のように出やすいです。
"
167,"#167  
be entitled to ～
","be entitled to ～

意味：
「～を受ける権利がある」「～の資格がある」
TOEICではかなりよく出ます。

例：
Employees are entitled to paid vacation.
従業員は有給休暇を取る権利がある。

注意：
entitled の後ろは、普通 to が来ます。
be entitled to + 名詞
be entitled to + 動詞の原形
"
168,"#168  
outreach
","outreach（アウトリーチ）

意味：
「支援活動」「地域・外部への働きかけ」「訪問支援」「普及活動」
組織や団体が、外部の人々・地域・顧客・支援対象者に積極的に接触することです。

例：
community outreach
地域支援活動、地域への働きかけ

outreach program
支援プログラム、普及活動
The hospital runs an outreach program for elderly residents.
その病院は高齢住民向けの訪問支援プログラムを行っている。

The company increased its outreach to potential customers.
その会社は見込み客への働きかけを強化した。

語源：
outreach は、
out（アウト）＝「外へ」
reach（リーチ）＝「手を伸ばす、到達する」
からできた語です。

つまり「外へ手を伸ばす」→「外部の人に働きかける」→「支援・普及活動」という意味になりました。

同じ語源・関連語：
reach＝到達する、手を伸ばす
reachable＝到達可能な、連絡可能な
outreach＝外部への支援・働きかけ
overreach＝行き過ぎる、背伸びしすぎる
far-reaching＝広範囲に及ぶ

TOEICでは、
outreach program
community outreach
customer outreach
public outreach
の形で出やすいです。
"
169,"#169  
Thompson has an 〇〇 workshop focusing on the goals of the event to ensure volunteer participation.

A. introduce
B. introducing
C. introductory
","正解：C. introductory

意味：
トンプソンは、ボランティア参加を確実にするために、イベントの目的に焦点を当てた導入ワークショップを持っている／用意している。

理由：
空所の後ろは workshop という名詞です。ここには「どんなワークショップか」を表す形容詞が必要です。

introductory workshop
＝導入ワークショップ、入門ワークショップ

A. introduce は動詞なので不可。
introduce a workshop なら「ワークショップを紹介する」ですが、a introduce workshop とは言いません。

B. introducing は普通この位置では不自然です。
an introducing workshop とはあまり言わず、「何かを紹介するワークショップ」と言いたいなら、

a workshop introducing the goals of the event
イベントの目的を紹介するワークショップ

のように、workshop の後ろに置くのが自然です。

つまり、

introductory workshop
＝導入用のワークショップ

workshop introducing X
＝Xを紹介するワークショップ

introduce a workshop
＝ワークショップを紹介する

この問題では、名詞 workshop の前で使える自然な形容詞が必要なので、C. introductory です。
"
170,"#170  
be compared to
","be compared to

意味：
「～に例えられる」「～と比較される」という意味です。

例：
This city is often compared to Paris.
この都市はよくパリに例えられる。

compare A to B：
AをBに例える。似ている点を強調する。

compare A with B：
AとBを比較する。違い・共通点を調べる。

受け身にすると：
A is compared to B.
AはBに例えられる。

語源：
compare は、ラテン語 comparare（コンパラーレ）から来ています。
com-（コン）＝一緒に
parare（パラーレ）＝準備する、そろえる
つまり「一緒に並べてそろえる」から、「比較する」という意味になりました。

同じ語源の英語：
prepare 準備する
repair 修理する、回復する
separate 分ける
apparatus 装置
pare 削る、切り詰める
"
171,"#171  
purveyor
","purveyor（パーベイヤー）

意味：
供給業者、調達業者、食料品などを納入する人。
特に、レストラン・ホテル・軍隊などに食料や物資を納める業者を指します。
「調理人」という意味では普通は使いません。調理人なら cook、chef、caterer などです。

例：
a purveyor of fine meats
高級肉の納入業者

語源：
古フランス語 porveoir / pourveoir（プルヴォワール）＝備える、供給する
さらにラテン語 providere（プロウィデーレ）＝前もって見る、準備する
pro-（プロ）＝前に
videre（ウィデーレ）＝見る

つまり「前もって見て準備する人」→「必要な物を供給する人」という意味になりました。

同じ語源の英語：
provide　供給する、提供する
provision　供給、食料、規定
provider　提供者
provident　先見の明がある、倹約する
improvise　即興で行う
vision　視覚、ビジョン
evident　明白な
revise　見直す
"
172,"#172  
transferring

expediting



","transferring（トランスファリング） 

expediting（エクスペダイティング）

意味：
expedite の現在分詞・動名詞。
「早める」「迅速に処理する」「促進する」「はかどらせる」という意味です。
「促達らせる」ではなく、「促進する」「迅速化する」が自然です。

例：
We are expediting the delivery.
私たちは配送を急がせています。
"
173,"#173  
stand out
","stand out（スタンドアウト）

get by（ゲットバイ）

get byには通るという意味はないか。
あります。ただし、get by は単独では「通る」よりも、「何とか通り抜ける」「何とかやっていく」という意味になりやすいです。

get by のもとの感覚：
get＝到達する、進む
by＝そばを通って、通過して

なので、物理的に「横を通る」「通り抜ける」に近い意味でも使えます。

例：
Can I get by?
通ってもいいですか。
通れますか。

Excuse me, can I get by?
すみません、通してもらえますか。

The car couldn’t get by the truck.
その車はトラックの横を通れなかった。
"
174,"#174  
conspicuous
","conspicuous（コンスピキュアス）
意味：目立つ、はっきり見える、明白な。「わかりやすい」よりも「目立っていて明らか」という意味です。
語源：ラテン語 conspicere（コンスピケレ）＝よく見る、見渡す。con-（コン）＝一緒に、完全に、specere（スペケレ）＝見る。
同じ語源：inspect 検査する、respect 尊敬する、suspect 疑う、aspect 側面、spectator 観客、spectacle 光景。

aspiring（アスパイアリング）
意味：意欲的な、向上心のある、～を目指している。
例：an aspiring writer 作家志望の人
語源：ラテン語 aspirare（アスピラーレ）＝息を吹きかける、強く望む。ad-（アド）＝～へ、spirare（スピラーレ）＝息をする。
同じ語源：spirit 精神、inspire 鼓舞する、expire 期限が切れる、respire 呼吸する、conspire 共謀する。

reciprocal（レシプロカル）
意味：相互の、互いの、返礼の。数学では「逆数」の意味もあります。
例：reciprocal benefits 相互利益
語源：ラテン語 reciprocus（レキプロクス）＝行ったり来たりする、相互の。
re-（レ）＝後ろへ、戻って、pro-（プロ）＝前へ、の要素が関係するとされます。
同じ語源：reciprocate 報いる、返礼する、reciprocity 相互関係、相互主義。
"
175,"#175  
Among the three speakers, questions 〇〇 to Mr. Parker were the largest in number.

C. addressing
D. addressable


","
正解：B. addressed

questions that are addressed to Mr. Parker
questions which are addressed to Mr. Parker

です。

これが関係代名詞＋be動詞の省略で、

questions addressed to Mr. Parker

になります。
"
176,"#176  
in order of
","in order of

意味：
「～の順に」「～の順番で」という意味です。

例：
in order of arrival
到着順に

in order of importance
重要度の順に

in order of age
年齢順に

in order of size
大きさの順に

in ascending order of price
価格の安い順に

in descending order of price
価格の高い順に

使い方：
in order of + 名詞
の形です。

例文：
The names are listed in order of arrival.
名前は到着順に並べられている。

Please arrange the files in order of date.
ファイルを日付順に並べてください。

語源：
order はラテン語 ordo（オルドー）＝列、順序、階級 から来ています。
そこから「順番」「秩序」「命令」「注文」という意味になりました。

同じ語源の英語：
order　順序、命令、注文する
ordinary　普通の
ordinal　序数の
ordinate　縦座標
subordinate　従属する、部下の
coordinate　調整する、座標
ordination　任命、叙階
"
177,"#177  
in close proximity to
","in close proximity to

意味：
「～のすぐ近くに」「～に近接して」という意味です。

例：
The hotel is in close proximity to the station.
そのホテルは駅のすぐ近くにあります。

The office is located in close proximity to several restaurants.
そのオフィスはいくつかのレストランのすぐ近くにあります。

使い方：
in close proximity to + 名詞
です。TOEICでは、不動産・ホテル・店舗・施設案内などでよく出ます。

言い換え：
near
close to
nearby
within walking distance of

ただし、in close proximity to はやや硬い表現です。普通の会話では near や close to の方が自然です。

語源：
proximity はラテン語 proximitas（プロクシミタース）＝近さ、近接 から来ています。
元は proximus（プロクシムス）＝最も近い、次の、に由来します。

同じ語源の英語：
proximate　近接した、直接の
approximately　およそ
approximate　おおよその、近づける
proxy　代理人
proximal　近位の、中心に近い

まとめ：
in close proximity to は「～のすぐ近くに」。
硬い言い方で、near や close to とほぼ同じ意味です。
"
178,"#178  
That's how ～ 
","That's how ～ は、「それが～する方法だ」「そうやって～するのだ」「だから～なのだ」という意味です。

基本形：
That's how + 主語 + 動詞

例：
That's how I learned English.
そうやって私は英語を学んだ。
＝それが私が英語を学んだ方法だ。

That's how we solved the problem.
そうやって私たちはその問題を解決した。

TOEICで出やすい感覚：
That's how ～ ＝「そうやって～する」「それが～の方法・理由・仕組みだ」

似た形：
That's why ～　だから～だ
That's because ～　それは～だからだ
That's where ～　そこが～する場所だ
That's when ～　その時が～した時だ
"
179,"#179  
Mr. M finally 〇〇 to become the branch manager.
","文脈だけなら、自然なのは次です。

Mr. M finally managed to become the branch manager.
M氏はついに支店長になることができた。

managed to do は「苦労・努力の末に何とか～した」という意味です。finally「ついに」と相性がよいです。

別の候補としては、

Mr. M finally succeeded in becoming the branch manager.
M氏はついに支店長になることに成功した。

ただし空欄の後ろが to become なら managed が最も自然です。succeeded を使うなら succeeded in becoming になります。
"
180,"#180  
anticipated
","anticipated
意味：予想された、期待された、待ち望まれた

例：
the anticipated result
予想された結果／期待された結果

the anticipated increase in sales
予想される売上増加

The new branch is anticipated to open next month.
新しい支店は来月開店すると見込まれている。

expectedとの違い：
expected は普通に「予想される／期待される」。
anticipated は「前もって予想されていた」「楽しみに待たれていた」という感じがやや強い。

語源：
ラテン語 anticipare（アンティキパーレ）
anti-（アンティ）＝前に
capere（カペレ）＝取る、つかむ
つまり「前もって取る」→「先取りする」→「予想する」。

同じ語源の英語：
capture 捕らえる
capacity 容量、能力
capable 能力がある
accept 受け入れる
receive 受け取る
concept 概念
participate 参加する
"
181,"#181  
accompanied by
","accompanied by
意味：～を伴って、～に付き添われて、～と一緒に

例：
The manager arrived accompanied by two assistants.
マネージャーは2人の助手を伴って到着した。

The document must be accompanied by a copy of your ID.
その書類には身分証明書のコピーを添付しなければならない。

TOEICでは、書類・申請書・荷物などに「～が添付されている」という意味でよく出る。
application accompanied by a resume
履歴書が添付された申請書

語源：
ラテン語 ad（アド）＝～へ
ラテン語 companio（コンパニオー）＝パンを共に食べる仲間
com（コム）＝共に
panis（パーニス）＝パン

つまり「一緒にパンを食べる仲間」→「一緒にいる人」→「付き添う、伴う」。

同じ語源の英語：
company 会社、仲間
companion 仲間、付き添い
companionable 親しみやすい
pantry 食料庫
panettone パネットーネ、パン菓子
"
182,"#182  
oneself
","はい。oneself は再帰代名詞で、「自分自身」という意味です。働きは大きく2つあります。

1つ目は、目的語として使う形です。
He introduced himself.
彼は自己紹介した。
この himself は「彼自身を」という目的語です。

2つ目は、主語などを強調する形です。
He himself said so.
彼自身がそう言った。
He said so himself.
彼自身がそう言った。
この himself は「ほかの人ではなく、彼本人が」という強調です。
"
183,"#183  
Feel free to ask questions whenever you have one.

ここのwhenの代わりに、whicheverを使ったら、whateverを使うことができるか。
","この文では whenever が正しいです。

Feel free to ask questions whenever you have one.
質問があれば、いつでも遠慮なく聞いてください。

ここで whenever は「～するときはいつでも」という意味です。when の強調版です。

whichever は使えません。whichever は「どちらでも／どれでも」という選択の意味なので、「いつでも」という時間の意味になりません。

× Feel free to ask questions whichever you have one.
これは文法的におかしいです。

whatever は、形を変えれば使えます。

Feel free to ask whatever questions you have.
あなたが持っているどんな質問でも遠慮なく聞いてください。

この場合、whatever questions で「どんな質問でも」という意味です。

整理すると、

whenever you have one
質問があるときはいつでも

whatever questions you have
あなたが持っているどんな質問でも

whichever question you have
複数の候補の中で、どの質問であっても

ただし、自然な言い方は、
Feel free to ask any questions you have.
または
Feel free to ask questions whenever you have any.
です。
"
184,"#184  
stress
","意味：強調する、力点を置く、重視する

例：
The manager stressed the importance of safety.
マネージャーは安全の重要性を強調した。

Please stress this point in your presentation.
プレゼンではこの点を強調してください。

名詞でも使える：
put stress on X
Xを強調する、Xに重点を置く

例：
The training puts stress on communication skills.
その研修はコミュニケーション能力を重視している。

語源：
ラテン語 stringere（ストリンゲレ）＝強く締める、引き締める
これが古フランス語 estrece（エストレス）＝圧迫、苦境を経て、英語 stress になった。
「締めつける」→「圧力」→「精神的圧力」→「言葉に力を入れる、強調する」という流れ。

同じ語源の英語：
strict 厳しい
restrict 制限する
district 地区
strain 張る、緊張
string ひも
strangle 絞め殺す
constrain 強制する
constrict 締めつける
"
185,"#185  
There were not as many complaints regarding the new holiday guideline 〇〇the managers had anticipated.

A that
B as
C than
D but
","正解は B as です。

There were not as many complaints regarding the new holiday guideline as the managers had anticipated.
新しい休暇ガイドラインに関する苦情は、管理職たちが予想していたほど多くはなかった。

形は、

not as many A as B
Bほど多くのAではない

です。

A that は不可です。as many ～ that という比較の形にはなりません。
C than は、more complaints than ～ なら使えますが、as many ～ than とは言いません。
D but も比較の接続には使えません。
"
186,"#186  
The Human Resources department plans to 〇〇 transfer opportunities to the entire staff in a memo later this week.
","正解は D. announce です。

The Human Resources department plans to announce transfer opportunities to the entire staff in a memo later this week.
人事部は、今週後半にメモで全社員に異動の機会を発表する予定です。

announce A to B で「AをBに発表する／知らせる」です。

この文では、
announce transfer opportunities to the entire staff
異動の機会を全社員に発表する
となります。

B inform は一見よさそうですが、形が違います。inform は普通、

inform 人 of/about 事
人に事を知らせる

なので、
inform the entire staff of transfer opportunities
なら正しいです。

A encourage は「励ます、促す」なので、encourage 人 to do の形が普通です。
C express は「感情・意見を表す」で、transfer opportunities を express するとは言いにくいです。
"
187,"#187  
be critical of X
","be critical of X

意味：Xに批判的である、Xを厳しく見る

例：
The committee was critical of the proposal.
委員会はその提案に批判的だった。

Some employees are critical of the new policy.
一部の従業員は新しい方針に批判的だ。

注意：
critical には「重要な」という意味もありますが、be critical of X の形では普通「Xに批判的である」です。

比較：
be critical to X
Xにとって非常に重要である

例：
Security is critical to the success of the project.
セキュリティはそのプロジェクトの成功に不可欠だ。

語源：
ギリシャ語 kritikos（クリティコス）＝判断できる、識別できる
krinein（クリネイン）＝分ける、判断する

同じ語源の英語：
critic 批評家
criticism 批判、批評
criterion 基準
crisis 危機
crime 罪、犯罪
discriminate 区別する、差別する
"
188,"#188  
to one's dismay
","to one's dismay

例：
To his dismay, the meeting was canceled.
彼ががっかりしたことに、会議は中止された。

To our dismay, the tickets had already sold out.
私たちが残念に思ったことに、チケットはすでに売り切れていた。

one's の部分には、his / her / their / our / my などが入ります。

dismay は「落胆、失望、うろたえ」という意味です。surprise より悪い意味で、「予想外で困った、がっかりした」という感じです。

語源：
dismay は、古フランス語 esmaier（エスメイエ）「動揺させる、怖がらせる」から来ています。さらに、俗ラテン語系の exmagare（エクスマガーレ）「力を失わせる、混乱させる」と関係するとされます。
ex-（エクス）＝外へ、取り去る
magan / may（マガン／メイ）＝力、能力
つまり「力を奪って動揺させる」というイメージです。

同じ語源・近い語源の英語：
may　?かもしれない、可能性がある
might　力、可能性
main　主な、力強い、古い意味で「力」
dismayed　うろたえた、がっかりした
dismaying　落胆させるような

TOEICでは to one's dismay は文頭に出やすく、「残念なことに」と訳すと自然です。

"
189,"#189  
It is essential that the cause of the delay in payment 〇〇 no later than this afternoon

a. to be ascertained
b. will ascertain
c. be ascertained
d. has ascertained
","正解は c. be ascertained です。

It is essential that the cause of the delay in payment be ascertained no later than this afternoon.
支払い遅延の原因は、遅くとも今日の午後までに確認される必要がある。

ポイントは、

It is essential that 主語 + 動詞の原形

という仮定法現在です。essential, necessary, important, imperative などの後の that節では、動詞は原形になります。

さらに、この文では主語が the cause of the delay in payment「支払い遅延の原因」なので、「原因が確認される」という受け身になります。だから、

be ascertained
確認される

になります。

a. to be ascertained は that節の動詞として使えない。
b. will ascertain は「原因が確認する」になり、能動なので不自然。
d. has ascertained も「原因が確認した」になり不自然。

ascertain は「確認する、突き止める」という意味です。ここでは cause が目的語側なので、受け身の be ascertained になります。
"
190,"#190  
imperative
","imperative
意味：必須の、極めて重要な、命令的な

発音：インペラティブ

例：
It is imperative that the report be submitted by Friday.
その報告書は金曜日までに提出されることが絶対に必要だ。

important より強く、「絶対に必要」「必須」という感じです。TOEICでは次の形が重要です。

It is imperative that 主語 + 動詞の原形
～することが絶対に必要だ

例：
It is imperative that all employees attend the meeting.
全従業員が会議に出席することが絶対に必要だ。

語源：
ラテン語 imperare（インペラーレ）＝命令する、支配する
in-（イン）＝中へ、上に
parare（パラーレ）＝準備する、整える
「命令して整えさせる」→「命令する」→「命令的な、必須の」。

同じ語源の英語：
emperor 皇帝
empire 帝国
imperial 帝国の
prepare 準備する
apparatus 装置
separate 分ける
"
191,"#191  
The new line of men's apparel will be available in retail outlets across the country 〇〇 October of this year.
","正解は D. as early as です。

その新しい紳士服ラインは、早ければ今年10月にも全国の小売店で販売される予定です。

as early as October
早ければ10月に、早くも10月に

この as early as は「思ったより早い時期に」「最短でその時期に」という意味です。

A earlier は比較対象が必要です。
例：earlier than expected
予想より早く

B earliest は the earliest などの形なら使うことがありますが、この文には合いません。

C up to the earliest は不自然です。up to は「最大で」「～まで」なので、時期の「早ければ10月」とは合いません。

TOEICでは、
as early as October
早ければ10月に

as late as December
遅ければ12月に

as much as $500
最大500ドルも

as many as 100 people
100人もの

この as ～ as の形でよく出ます。
"
192,"#192  
proximity
","proximity
意味：近いこと、近接、近さ

発音：プロクスィミティ／プロキシミティ

例：
The hotel was chosen because of its proximity to the airport.
そのホテルは空港に近いので選ばれた。

in close proximity to X
Xのすぐ近くに

例：
The office is in close proximity to the train station.
そのオフィスは駅のすぐ近くにある。

TOEICでは、proximity to ～「～への近さ、～に近いこと」がよく出ます。near と違って proximity は名詞なので、後ろは to を取ることが多いです。

語源：
ラテン語 proximus（プロクシムス）＝最も近い
prope（プロペ）＝近くに
そこから「近さ」という意味になった。

同じ語源の英語：
approximate　おおよその、近似の
approximately　およそ
proximal　近位の、中心に近い
proxy　代理、代理人
proximate　近接した、直接の
"
193,"#193  
handle customer inquiries over the telephone or online
","はい、その理解で正しいです。

handle customer inquiries over the telephone or online

これは、

over the telephone
電話で

online
オンラインで

この2つが or で並んでいます。

つまり、

over the telephone or online
= over the telephone or online
= 電話で、またはオンラインで

であって、

over the telephone or over the online

ではありません。

online は副詞として「オンラインで」という意味で、そのまま使えます。だから over the online とは言いません。

似た形：
by phone or online
電話で、またはオンラインで

over the phone or online
電話で、またはオンラインで

in person or online
対面で、またはオンラインで

要するに、over は telephone にだけかかっていて、online にはかかっていません。
"
194,"#194  
in the event that

","in the event that

意味：万一～の場合には、もし～なら

これは if のフォーマルな言い方です。契約書・規則・案内文・TOEICでよく出ます。

例：
In the event that the meeting is canceled, all participants will be notified by e-mail.
万一会議が中止された場合、参加者全員にメールで通知されます。

In the event that you lose your ticket, please contact the service desk.
万一チケットをなくした場合は、サービスデスクに連絡してください。

言い換え：
in the event that = if
in the event of + 名詞 = ～の場合には

例：
In the event of rain, the ceremony will be held indoors.
雨の場合、式典は屋内で行われます。

注意：
in the event that の後ろは「文」が来る。
in the event of の後ろは「名詞」が来る。

語源：
event はラテン語 evenire（エウェニーレ）＝起こる、出てくる、から。
e-（エ）＝外へ
venire（ウェニーレ）＝来る
「外へ出てくる」→「起こる」→「出来事」。

同じ語源の英語：
venue 会場
convene 集まる、招集する
intervene 介入する
prevent 防ぐ
invent 発明する
advent 到来
eventual 最終的な
"
195,"#195  
immensely
","immensely

意味：非常に、とても、大いに、計り知れないほど

発音：イメンスリー

例：
I am immensely grateful for your help.
あなたの助けに大変感謝しています。

The project was immensely successful.
そのプロジェクトは非常に成功した。

immensely popular
非常に人気がある

語源：
ラテン語 immensus（インメンスス）＝測りきれない、広大な
in-（イン）＝否定
mensus（メンスス）＝測られた
metiri（メティーリー）＝測る

つまり「測ることができない」→「巨大な、非常に大きい」→「非常に」。

同じ語源の英語：
measure 測る、測定
meter メートル、計器
dimension 寸法、次元
immense 巨大な、莫大な
mensuration 測定
commensurate 相応の、釣り合った
"
196,"#196  
on one's own
","on one's own

意味：自分一人で、自力で、独力で、誰の助けもなく

例：
He completed the report on his own.
彼は自力でその報告書を完成させた。

I live on my own.
私は一人暮らしをしている。

She started the business on her own.
彼女は独力でその事業を始めた。

one's は主語に合わせて変えます。

on my own
私一人で／自力で

on your own
あなた一人で／自力で

on his own
彼一人で／自力で

on their own
彼らだけで／自力で

似た表現：
by oneself
自分一人で

例：
I did it by myself.
私はそれを自分一人でやった。

違い：
on one's own は「独立して、自力で」という感じが強い。
by oneself は「一人で」という事実を表す感じが強い。

語源：
own は古英語 agen（アゲン）＝自分自身の、所有された、から来た語です。さらにゲルマン語系の語で、「持つ、所有する」という意味に関係します。

同じ語源・近い語：
owe 借りがある、負っている
owner 所有者
ownership 所有権
own 自分自身の、所有する
"
197,"#197  
purveyor
","purveyor

意味：供給業者、納入業者、販売業者

発音：パーヴェイヤー／パーベイヤー

例：
a purveyor of fine foods
高級食品の納入業者

The company is a leading purveyor of office supplies.
その会社は事務用品の大手供給業者です。

TOEICでは vendor, supplier, provider に近い意味です。ただし purveyor はやや硬く、「特定の商品を扱う業者」という感じがあります。

語源：
古フランス語 pourveoir（プルヴォワール）＝前もって用意する、供給する
ラテン語 providere（プロウィデーレ）＝前もって見る、備える
pro-（プロ）＝前に
videre（ウィデーレ）＝見る

つまり「前もって見る」→「前もって準備する」→「供給する」→「供給業者」。

同じ語源の英語：
provide　供給する、提供する
provider　提供者
provision　供給、備え
provisional　暫定的な
improvise　即興で行う
vision　視覚、構想
visible　見える
evidence　証拠
"
198,"#198  
the remainder of X
","the remainder of X

意味：Xの残り、Xの残余、Xの残り部分

例：
the remainder of the year
その年の残り

the remainder of the payment
支払いの残額

the remainder of the report
報告書の残りの部分

例文：
The remainder of the payment must be made by Friday.
支払いの残額は金曜日までに支払わなければならない。

注意：
remainder は「残り」。
reminder は「思い出させるもの、リマインダー」。

語源：
remainder は remain から来ています。
ラテン語 remanere（レマネーレ）＝残る
re-（レ）＝後ろに、再び
manere（マネーレ）＝とどまる、残る

同じ語源の英語：
remain 残る
permanent 永続的な
mansion 邸宅
manor 荘園、屋敷
remnant 残り物、残余
"
199,"#199  
〇〇 fuel prices predicted to rise over the next few months, commuters in the city are considering making greater use of public transportation.

A. while
B. as
C. since
D. with
","正解は D. with です。

With fuel prices predicted to rise over the next few months, commuters in the city are considering making greater use of public transportation.
今後数か月で燃料価格が上昇すると予測されているため、市内の通勤者は公共交通機関をもっと利用することを検討している。

形は、

with + 名詞 + 過去分詞
～が…されている状態で／～なので

です。

ここでは、

with fuel prices predicted to rise
燃料価格が上がると予測されているので

という意味です。

A while は「～する間／一方で」なので、後ろに文が必要です。
While fuel prices are predicted to rise, ...
なら文法的には可能です。

B as も「～なので」と言えますが、後ろに文が必要です。
As fuel prices are predicted to rise, ...
なら正しいです。

C since も「～なので」ですが、これも後ろに文が必要です。
Since fuel prices are predicted to rise, ...
なら正しいです。

この問題では、fuel prices predicted to rise という「名詞＋分詞」の形なので、前に置けるのは with です。
"
200,"#200  
When putting together a supply order, the purchasing manager noticed the copy room was 〇〇 of standard-sized paper.
","正解は a. short です。

When putting together a supply order, the purchasing manager noticed the copy room was short of standard-sized paper.
備品注文をまとめているとき、購買担当マネージャーはコピー室で標準サイズの用紙が不足していることに気づいた。

be short of X
Xが不足している

ここでは、
the copy room was short of standard-sized paper
コピー室は標準サイズの紙が不足していた
という形です。

b. missing は、普通は X is missing「Xがなくなっている／見当たらない」の形です。the copy room was missing of paper とは言いません。
c. exhausted は「疲れ切った」「使い果たされた」ですが、be exhausted of paper は普通言いません。
d. filled は filled with X「Xで満たされている」なら使えますが、filled of X は不可です。意味も「紙でいっぱい」になり、文脈と逆です。

覚える形：
be short of supplies
備品が不足している

be short of staff
人手不足である

be short of money
お金が不足している
"
201,"#201  
Feedback from leadership of AM shows that the journal is popular with novices and professionals 〇〇.
","空欄は alike です。

意味：
AMの幹部からのフィードバックによると、その専門誌は初心者にも専門家にも同様に人気がある。

形：
X and Y alike
XもYも同様に

ここでは、
novices and professionals alike
初心者にも専門家にも同様に

となります。

popular with novices and professionals alike
初心者にも専門家にも人気がある

alike はここでは「似ている」ではなく、「両方とも同じように」という意味です。
"
202,"#202  
Mr. Charles must regretfully decline the invitation to be the keynote speaker due to a prior 〇〇 on the day of the conference.

A. delegation
B. conflict
C. engagement
D. commission
","正解は C. engagement です。

Mr. Charles must regretfully decline the invitation to be the keynote speaker due to a prior engagement on the day of the conference.
チャールズ氏は、会議当日に先約があるため、残念ながら基調講演者の招待を辞退しなければならない。

prior engagement
先約、以前から入っている予定

この表現はTOEICでよく出ます。

B. conflict も「予定の衝突」という意味で使えますが、普通は a scheduling conflict / a prior conflict などの形です。この文の due to a prior 〇〇 なら、最も自然な定型表現は prior engagement です。

A. delegation は「代表団、権限委譲」。
D. commission は「委員会、手数料、任務、委託」なので、この文には合いません。
"
203,"#203  
All photo submissions for the contest will be mailed back to entrants as long as self-addressed, postage-paid return envelopes have been included.

A. submitted
B. submitting
C. submits
D. submissions
","この文なら、正解は D. submissions です。

All photo submissions for the contest will be mailed back to entrants as long as self-addressed, postage-paid return envelopes have been included.
コンテストへの写真応募作品は、返信先記入済み・郵便料金支払い済みの返信用封筒が同封されていれば、応募者に返送されます。

ポイントは、photoが単数であること。

photo submissions
写真の応募作品、写真の提出物

という名詞＋名詞の形です。ここでは photo は形容詞的に submissions を修飾しているので、単数形 photo のままでよいです。

前の文が All photos 〇〇 for the contest なら、
All photos submitted for the contest
となり、A. submitted が正解です。

しかし今回は All photo 〇〇 for the contest なので、
All photo submissions
となり、D. submissions が正解です。
"
204,"#204  
end up

go on

pass over

","end up
意味：結局～になる、最後には～することになる
形：end up doing / end up + 形容詞・名詞
例：He ended up becoming the branch manager.
彼は結局、支店長になった。
例：The plan ended up a failure.
その計画は結局失敗に終わった。
語源：end は古英語 ende（エンデ）＝終わり。up は古英語 up（アップ）＝上へ。「最後の地点に行き着く」から「結局～になる」。

go on
意味：続く、続ける、起こる、次に進む
例：The meeting went on for two hours.
会議は2時間続いた。
例：Please go on.
続けてください。
例：What is going on?
何が起きているのか。
語源：go は古英語 gan（ガーン）＝行く。on は古英語 on（オン）＝上に、接して、継続して。「進み続ける」から「続く」。

pass over
意味：通り過ぎる、見送る、無視する、飛ばす
例：The committee passed over him for promotion.
委員会は昇進で彼を見送った。
例：Let’s pass over that point for now.
その点は今は飛ばしましょう。
語源：pass はラテン語 passus（パッスス）＝歩み、歩幅、通過。over は古英語 ofer（オヴェル）＝上を越えて。「上を越えて通る」から「通り過ぎる、見送る」。

同じ語源：
"
205,"#205  
be devoted to doing

be dedicated to doing

be committed to doing
","正しくは、基本的に次の形です。

be devoted to doing
～することに専念している、～に打ち込んでいる

be dedicated to doing
～することに献身している、～に専念している

be committed to doing
～することに力を入れている、～すると約束している／本気で取り組んでいる

注意点は、ここでの to は不定詞の to ではなく、前置詞の to です。だから後ろは動詞の原形 do ではなく、名詞または動名詞 doing になります。

× be devoted to do
〇 be devoted to doing

例：
She is devoted to helping children.
彼女は子どもを助けることに献身している。

The company is dedicated to improving customer service.
その会社は顧客サービスを改善することに専念している。

We are committed to reducing costs.
私たちはコスト削減に本気で取り組んでいる。

違い：
devoted は「愛情・忠誠・献身」が強い。
dedicated は「仕事・目的に専念」が強い。
committed は「責任を持って本気で取り組む／約束している」が強い。

TOEICでは、
be devoted to 名詞/doing
be dedicated to 名詞/doing
be committed to 名詞/doing
この3つは、to の後ろ
"
206,"#206  
while doing

when doing
","while doing
意味：～している間に、～しながら
例：Please be careful while using the machine.
＝機械を使っている間は注意してください。

when doing
意味：～するとき、～する場合
例：Please show your ID when entering the building.
＝建物に入るときはIDを見せてください。

重要なのは、主節の主語と、while/when以下の動作主が同じときに省略できるということです。

元の形：
Please be careful while you are using the machine.
↓
Please be careful while using the machine.

Please show your ID when you enter the building.
↓
Please show your ID when entering the building.

TOEICでは特に、
while using ～
while working ～
when entering ～
when completing ～
when submitting ～
when making a reservation
のような形がよく出ます。

違いは、
while doing は「その動作の最中」
when doing は「その動作をするとき・する場合」
です。

例：
Do not talk on the phone while driving.
運転中に電話するな。

Please lock the door when leaving the office.
オフィスを出るときはドアに鍵をかけてください。

TOEICでは、空所の前に while / when があり、後ろに名詞ではなく動作が続くなら、動詞のing形を選ぶことが多いです。
"
207,"#207  
draw X from Y
","draw X from Y

意味：YからXを引き出す、取り出す、得る、導き出す

主な使い方：

物を取り出す
She drew water from the well.
彼女は井戸から水をくんだ。
情報・結論・教訓を引き出す
We can draw several conclusions from the data.
そのデータからいくつかの結論を導き出せる。
利益・支援・力などを得る
The company draws most of its revenue from online sales.
その会社は収益の大半をオンライン販売から得ている。

TOEICでよく出る形：
draw a conclusion from ～
～から結論を導く

draw information from ～
～から情報を得る

draw support from ～
～から支援を得る

draw inspiration from ～
～から着想を得る

語源：
draw は古英語 dragan（ドラガン）「引く、運ぶ」から来ています。元のイメージは「引っぱる」です。そこから「線を引く」「引き寄せる」「取り出す」「結論を引き出す」という意味に広がりました。

同じ語源系の英語：
drag：引きずる
draught / draft：引くこと、下書き、草案
drawn：drawの過去分詞、引かれた、描かれた
withdraw：引き下がる、撤回する
overdraw：預金以上に引き出す
drawer：引き出し、引き出す人

まとめ：
draw X from Y は、「Yという元からXを引っぱり出す」というイメージです。物にも、情報にも、結論にも使えます。
"
208,"#208  
〇〇 operating the registers and assisting customers, cashiers at GigaMart also are responsible for stocking the shelve

A. both
B. in addition
C. besides
D. as well
","正解：C. besides

文：
Besides operating the registers and assisting customers, cashiers at GigaMart also are responsible for stocking the shelves.

意味：
レジ操作や顧客対応に加えて、GigaMartのレジ係は棚への商品補充も担当している。

理由：
besides ～ing は「～することに加えて」という意味で、文頭に置けます。

Besides operating the registers and assisting customers,
＝レジを操作し、客を手伝うことに加えて

なぜ他はダメか：
both は both A and B の形が基本なので、文頭で Both operating..., cashiers... とはできません。
in addition は副詞句なので、そのまま後ろに operating という目的語を取りにくいです。使うなら in addition to operating... です。
as well は普通、文末で「～も」という意味に使います。文頭で As well operating... とは言えません。

TOEICで重要：
besides doing
in addition to doing
apart from doing
aside from doing

この4つは「～に加えて／～以外に」でよく出ます。今回の空所は直後に operating という動名詞が来ているので、前置詞として使える besides が正解です。
"
209,"#209  
advance in your career
","advance in your career

意味：キャリアで前進する、出世する、昇進する、仕事上で成長する

例：
This training program will help you advance in your career.
この研修プログラムは、あなたがキャリアで成長するのに役立ちます。

To advance in your career, you need both technical skills and communication skills.
キャリアで前進するには、技術力とコミュニケーション力の両方が必要です。

ポイント：
advance は「前へ進む」という意味です。career と一緒に使うと、「仕事上で前に進む」つまり「昇進する」「より高い職位・能力・収入に進む」という意味になります。

TOEICで出やすい形：
advance in one’s career
career advancement
opportunities for advancement
professional advancement

語源：
advance は、古フランス語 avancer（アヴァンセ）「前へ進める」から来ています。さらに元は avant（アヴァン）「前に」です。

同じ語源の英語：
advantage：有利、利点
vanguard：先陣、前衛
avant-garde：前衛的な
advanced：高度な、上級の、進んだ

まとめ：
advance in your career は「仕事上で前進する」という意味で、TOEICでは研修・昇進・人材育成の文脈でよく出ます。
"
210,"#210  
adhere
","adhere（アドヒア）

意味：

くっつく、付着する
The label adheres to the package.
ラベルが荷物に貼り付いている。
規則・方針・考えなどを守る、従う
Employees must adhere to company policy.
従業員は会社の方針を守らなければならない。

TOEICでは特に adhere to ～ が重要です。
adhere to rules
規則を守る

adhere to guidelines
ガイドラインに従う

adhere to a schedule
予定を守る

adhere to safety standards
安全基準を守る

語源：
adhere はラテン語 adhaerere（アドハエレーレ）から来ています。
ad（アド）＝～へ、～に
haerere（ハエレーレ）＝くっつく、固着する

つまり語源イメージは「～にくっつく」です。そこから「物が付着する」→「規則や考えにくっついて離れない」→「従う、守る」という意味になりました。

同じ語源の英語：
cohere：まとまる、密着する
cohesion：結合、まとまり
inherent：本来備わっている
hesitate：ためらう ※元は「引っかかる」
adhesive：接着剤、粘着性の

まとめ：
adhere to ～ は「～にくっつく」が基本イメージで、TOEICでは「規則・方針・基準を守る」という意味でよく出ます。
"
211,"#211  
A portion of the fee will be paid by the client in advance, and the remainder will be due 〇〇 completion of the project

A. under
B. into
C. upon
D. over
","正解：C. upon

正しい文：
A portion of the fee will be paid by the client in advance, and the remainder will be due upon completion of the project.

意味：
料金の一部は顧客によって前払いされ、残額はプロジェクト完了時に支払期限となる。

upon completion of ～ は「～の完了時に」「～が完了したらすぐに」という意味です。TOEICでよく出ます。

upon arrival
到着時に

upon request
要求があり次第

upon receipt
受領次第

upon completion
完了時に

due upon completion of the project
プロジェクト完了時に支払期限となる

ちなみに最初の Under portion は誤りで、A portion が正しいです。a portion of the fee で「料金の一部」です。
"
212,"#212  
Only those whose professional 〇〇 meet our criteria will be considered for the vacant managerial position.

A. credentials
B. requirements
C. candidates
D. assets
","正解：A. credentials

意味：
当社の基準を満たす専門的な資格・経歴を持つ人だけが、その空席の管理職ポジションの選考対象となります。

ポイント：
credentials は「資格、経歴、実績、証明書類」という意味です。professional credentials で「職業上の資格・経歴」という定番表現です。

whose professional credentials meet our criteria
＝その人の専門的な資格・経歴が、当社の基準を満たす

なぜ他はダメか：
requirements は「要件」なので、whose professional requirements だと「その人の専門的な要件」となり不自然です。普通は meet the requirements「要件を満たす」です。
candidates は「候補者」なので、whose professional candidates は意味が変です。
assets は「資産、強み」ですが、professional assets meet our criteria とは普通言いません。

TOEICでよく出る形：
meet the criteria
基準を満たす

meet the requirements
要件を満たす

professional credentials
専門的資格・経歴

vacant position
空席の職位、募集中のポジション

なお、あなたの文の murmur は、おそらく空所を表す「〇〇」の聞き間違い・入力ミスです。ここには credentials が入ります。
"
213,"#213  
Ms. Teller, the vice president of operations, 〇〇 an employee of the company for over 40 years when she retires.

A. is
B. has been
C. to be
D. will have been
","正解：D. will have been

意味：
業務担当副社長のTellerさんは、退職する時点で、その会社に40年以上勤務していたことになります。

理由：
when she retires は「彼女が退職するとき」という未来の時点を表しています。その未来の時点までに「40年以上勤務していることになる」と言いたいので、未来完了形 will have been を使います。

形：
will have been ～ for over 40 years
40年以上～であったことになる

なぜBではダメか：
has been は現在完了なので、「今まで40年以上勤務している」という意味です。しかし文末に when she retires があるため、基準時点は「今」ではなく「退職するとき」です。だから未来完了が必要です。

重要：
時を表す副詞節 when she retires の中では、未来のことでも will retire ではなく、現在形 retires を使います。

TOEICでよく出る形：
By the time she retires, she will have worked here for 40 years.
彼女が退職する頃には、ここで40年働いたことになる。

When the project is completed, we will have spent six months on it.
そのプロジェクトが完了するときには、私たちはそれに6か月費やしたことになる。
"
214,"#214  
While some customers prefer to make purchases online, 〇〇 shop at our brick-and-mortar store.

A. both
B. most
C. whichever
D. every
","正解：B. most

文：
While some customers prefer to make purchases online, most shop at our brick-and-mortar store.

意味：
オンラインで購入することを好む顧客もいる一方で、ほとんどの顧客は実店舗で買い物をします。

理由：
some customers と対比して、most が「大半の人は」という代名詞として使われています。

some customers prefer ...
一部の顧客は～を好む

most shop ...
大半は買い物をする

ここで shop は名詞ではなく動詞です。　← ★★★
most shop at our store
＝大半の人は当店で買い物をする

なぜ他はダメか：
both は「両方」なので、some と対比して「大半は」になりません。
whichever は「どちらでも」という意味で、この文では不自然です。
every は形容詞なので、every shop なら「すべての店」になってしまいます。every は単独で「全員」という代名詞には普通使えません。全員なら everyone です。

brick-and-mortar store
実店舗、実在店舗
オンライン店に対する「物理的な店舗」という意味です。
"
215,"#215  
Mr. Tanaka assigned volunteers among the staff to help 〇〇 document the progress of the ongoing renovation project.
","正解：B. him

文：
Mr. Tanaka assigned volunteers among the staff to help him document the progress of the ongoing renovation project.

意味：
田中氏は、進行中の改装プロジェクトの進捗を記録するのを手伝ってもらうため、スタッフの中からボランティアを割り当てた。

理由：
help の後ろは「人＋動詞の原形」の形にできます。　← はい、この document は動詞です。

help him document ～
＝彼が～を記録するのを手伝う

him は目的格です。help の目的語になるので、he ではなく him です。

なぜ他はダメか：
he は主格なので、help he document とは言えません。
his は所有格なので、help his document だと「彼の書類を手伝う」のように崩れます。
himself は「彼自身を」という再帰代名詞ですが、ここでは「田中氏を手伝って記録する」という意味なので不自然です。

なお、最初の associated はたぶん assigned の聞き間違いです。associate volunteers とは普通言わず、assign volunteers「ボランティアを割り当てる」が自然です。
"
216,"#216  
〇〇frustration over recent mistakes, Mr. Kenna hired a consultant to straighten out communication problems within the department..

A. out of 

B. surrounding 

C. beyond 

D. among 
","正解は A. out of

正しい文は、おそらくこうです。

Out of frustration over recent mistakes, Mr. Kenna hired a consultant to straighten out communication problems within the department.

意味：
最近のミスに対する不満から、Kenna氏は部署内のコミュニケーション問題を解決するためにコンサルタントを雇った。

ここでの out of は「～から」「～が理由で」という意味です。

out of frustration
不満から、いら立ちから

out of curiosity
好奇心から

out of necessity
必要に迫られて

out of concern
心配から

注意：
straighten out = 解決する、整理する
communication problems = コミュニケーション上の問題

したがって、
straighten out communication problems
コミュニケーション問題を解決する

「strengthen out-of-communication problems」ではありません。これは英語として不自然です。

A. out of = ～から、～が理由で
B. surrounding = ～をめぐる
C. beyond = ～を越えて
D. among = ～の間で
"
217,"#217  
了解。TOEICのPart 5・Part 6では、まず「主語が単数か複数か」「動詞が単数形か複数形か」を必ず確認する。
","例：
The number of applicants is increasing.
応募者の数は増えている。
→ 主語は The number なので単数。is が正しい。

A number of applicants are waiting.
多くの応募者が待っている。
→ 実質の主語は applicants なので複数。are が正しい。

特に注意するもの：
each / every / one of ～ → 単数扱い
both / several / many / a few → 複数扱い
the number of ～ → 単数
a number of ～ → 複数

今後、文法問題ではここを優先して見る。
"
218,"#218  
project confidence
","project confidence

意味：
自信を示す、自信があるように見せる、自信を外に出す、という意味です。

project はここでは「計画」ではなく、「外に向けて表す」「印象を与える」という動詞です。
confidence は「自信」です。

例：
She projects confidence during presentations.
彼女はプレゼン中、自信があるように見える。

You need to project confidence in the interview.
面接では自信を示す必要がある。

語源：
project は、ラテン語 projectus（プロイェクトゥス）から来ています。
pro-（プロ）= 前へ
jacere（ヤケレ）= 投げる
つまり「前へ投げ出す」が原義です。そこから「計画する」「外へ示す」「映し出す」という意味になりました。

同じ語源の英語：
inject = 注入する
eject = 追い出す
reject = 拒絶する
subject = 従属させる、主題
object = 物体、反対する
trajectory = 軌道

confidence は、ラテン語 confidentia（コンフィデンティア）から来ています。
con-（コン）= 共に、完全に
fidere（フィーデレ）= 信じる
つまり「しっかり信じること」が原義です。

同じ語源の英語：
confide = 信頼して打ち明ける
confident = 自信のある
confidential = 秘密の、内密の
fidelity = 忠実
infidelity = 不忠実、不貞
diffident = 自信のない

まとめ：
project confidence = 自信を外に向けて示す、自信がある印象を与える。TOEICでは、project は「計画する」だけでなく「印象を与える」という意味でも出るので注意。
"
219,"#219  
The organizers owe special thanks to the volunteers. Without 〇〇, the event could not have taken place.

A. who’s
B. what
C. whom
D. which
","正解は C. whom

The organizers owe special thanks to the volunteers. Without whom, the event could not have taken place.

意味：
主催者はボランティアに特別な感謝をしています。彼らがいなければ、そのイベントは開催できなかったでしょう。

ここでは、whom は前の文の the volunteers を受けています。つまり、

Without the volunteers, the event could not have taken place.
ボランティアがいなければ、そのイベントは開催できなかった。

これを関係代名詞でつなげて、

the volunteers, without whom the event could not have taken place
その人たちがいなければイベントが開催できなかったボランティアたち

となります。

注意点：
Without whom は、without + 人の目的格です。前置詞の後ろなので who ではなく whom が正式です。

また、the volunteers は複数ですが、whom 自体は単数・複数どちらにも使えます。ここでは複数の volunteers を受けています。could not have taken place は「開催されなかっただろう」という仮定法過去完了です。
"
220,"#220  
unless ～ otherwise 
","unless ～ otherwise は、「特に別の指示・事情がない限り」という意味でよく出ます。

unless = ～でない限り
otherwise = 別の方法で、別の状態で、そうでなければ

よくある形：
unless otherwise stated
特に別段の記載がない限り

unless otherwise noted
特に注記がない限り

unless otherwise specified
特に指定がない限り

unless otherwise instructed
特に別の指示がない限り

例：
Unless otherwise stated, all prices include tax.
特に別段の記載がない限り、すべての価格には税金が含まれます。

Unless otherwise instructed, employees should report to the main office.
特に別の指示がない限り、従業員は本社に出勤してください。

文法的には、otherwise の後ろに過去分詞が来ることが多いです。
stated / noted / specified / instructed などです。

TOEICでは、
unless otherwise noted
unless otherwise specified
が特によく出ます。意味は「別に書いてなければ」「特に指定がなければ」です。
"
221,"#221  
arguably
","arguably

意味：
おそらく、議論の余地はあるが、～と言える、まず間違いなく

使い方：
arguably the best = おそらく最高の、最高と言ってよい
arguably the most important = おそらく最も重要な

例：
This is arguably the best solution.
これは、おそらく最善の解決策と言える。

She is arguably the most experienced member of the team.
彼女は、おそらくチームで最も経験豊富なメンバーだと言える。

注意：
arguably は「絶対に」ではなく、「反論はあり得るが、そう言ってよい」という感じです。TOEICでは、最上級と一緒に出やすいです。

語源：
argue はラテン語 arguere（アルグエレ）から来ています。
arguere（アルグエレ）= 明らかにする、証明する、主張する

arguably は、
argue = 主張する、論じる
-able = ～できる
-ly = 副詞
なので、「主張できる形で」→「～と言ってよい」「おそらく」という意味になります。

同じ語源の英語：
argue = 議論する、主張する
argument = 議論、主張
argumentative = 議論好きな、論争的な
arguable = 議論の余地がある、主張可能な

まとめ：
arguably = 「おそらく～と言える」。特に arguably the best / arguably the most important の形で覚えるとよいです。
"
222,"#222  
cater to
","cater to

意味：
～の要望に応える、～向けに提供する、～に合わせる

例：
This hotel caters to business travelers.
このホテルは出張者向けのサービスを提供している。

The seminar is designed to cater to beginners.
そのセミナーは初心者に対応するように作られている。

TOEICでは、
cater to customers
顧客の要望に応える

cater to tourists
観光客向けにサービスを提供する

cater to the needs of ～
～のニーズに応える

という形で出やすいです。

語源：
cater は、古フランス語 acater（アカテ）から来ています。
acater（アカテ）= 買う、食料を調達する
さらにラテン語 captare（カプターレ）= 取ろうとする、得ようとする、に関係します。
もともとは「食料を買いそろえる、料理を用意する」という意味で、そこから「人の要望に合わせて提供する」という意味になりました。

同じ語源に近い英語：
capture = 捕らえる
captive = 捕虜の、とらわれた
captivate = 魅了する
accept = 受け入れる
except = 除外する

まとめ：
cater to ～ = ～の要望に応える、～向けにサービスを提供する。to の後ろには「人・顧客層・needs」が来やすいです。
"
223,"#223  
errands
","errands

意味：
用事、使い走り、ちょっとした外出用事

発音：
エランド、または エランズ に近いです。複数形なので errands は「エランズ」。

よく使う形：
run errands = 用事を済ませる
do errands = 用事をする

例：
I have to run some errands after work.
仕事の後、いくつか用事を済ませなければならない。

She went out to run errands.
彼女は用事を済ませに外出した。

errand と task の違い：
errand は「外に出て済ませる小さな用事」の感じが強いです。たとえば、郵便局へ行く、薬を買う、銀行へ行く、クリーニングを取りに行く、など。
task はもっと広く「仕事・作業」です。

語源：
errand は古英語 ?rende（エーレンデ）から来ています。
?rende（エーレンデ）= 伝言、使命、用件

同じ語源の英語：
直接同じ語源でよく使う単語は少ないですが、古英語系の errand 自体が「伝言を届ける用件」から「外に出て済ませる用事」になりました。

まとめ：
errands = 用事。特に run errands = 用事を済ませる、で覚えるとTOEICでも使いやすいです。
"
224,"#224  
Mr. LeBlanc will need to rent or borrow a vehicle while his is being repaired in a shop.

A. he
B. him
C. his
D. himself
","正解は C. his

Mr. LeBlanc will need to rent or borrow a vehicle while his is being repaired in a shop.

意味：
LeBlanc氏は、自分の車が修理工場で修理されている間、車を借りる必要があるでしょう。

ここで his は his vehicle の代わりです。つまり、

while his vehicle is being repaired
彼の車が修理されている間

これを短くして、

while his is being repaired

となっています。

文法ポイント：
is being repaired の主語になるものが必要です。
he is being repaired だと「彼自身が修理されている」となり変です。
him is being repaired は、him が目的格なので主語になれません。
himself is being repaired も「彼自身が修理されている」となり変です。
his is being repaired は「彼のもの＝彼の車が修理されている」と読めるので正解です。

注意：
rent or borrow の前は need to が自然です。

正しい文：
Mr. LeBlanc will need to rent or borrow a vehicle while his is being repaired in a shop.
"
225,"#225  
well in advance

","well in advance
かなり前もって、十分早めに

far in advance
ずっと前に、かなり前もって

違い：
well in advance は「十分な余裕をもって」という感じが強いです。TOEICでは非常によく出ます。
far in advance は「時間的にかなり前」という距離感が強いです。

例：
Please make a reservation well in advance.
十分前もって予約してください。

Tickets must be purchased well in advance.
チケットは十分前もって購入しなければならない。

The hotel was booked far in advance.
そのホテルはずっと前から予約されていた。

TOEICでは well in advance の方がよく使われます。特に、
reserve well in advance
book well in advance
notify someone well in advance
prepare well in advance
の形で覚えるとよいです。
"
226,"#226  
expedite
","expedite

意味：
～を早める、～を迅速に処理する、促進する

例：
We will expedite your order.
ご注文を迅速に処理します。

The manager asked the team to expedite the approval process.
マネージャーは承認手続きを早めるようチームに頼んだ。

品詞：
expedite は他動詞です。後ろに目的語を取ります。

expedite delivery
配送を早める

expedite the process
手続きを迅速化する

expedite approval
承認を早める

語源：
expedite はラテン語 expedire（エクスペディーレ）から来ています。
ex-（エクス）= 外へ
pes / pedis（ペス／ペディス）= 足
もともとは「足をからみから外す」→「自由に動けるようにする」→「物事を早く進める」という意味になりました。

同じ語源の英語：
pedal = ペダル、足で踏むもの
pedestrian = 歩行者
pedicure = 足の手入れ
impede = 妨げる
expedition = 遠征、探検、迅速な行動
expeditious = 迅速な

まとめ：
× expeditate
〇 expedite = ～を早める、迅速に処理する

TOEICでは expedite an order / expedite delivery / expedite the process の形でよく覚えるとよいです。
"
227,"#227  
There will be a refresher course for customer service 〇〇 on the correct protocol for handling complaints.
","正解は B. associates

There will be a refresher course for customer service associates on the correct protocol for handling complaints.

意味：
苦情対応の正しい手順について、カスタマーサービス担当者向けの復習講座があります。

ポイント：
customer service associates = カスタマーサービス担当者たち

ここでは associate は名詞で「従業員、担当者」という意味です。複数の担当者向けの講座なので associates が自然です。

単数・複数の確認：
a refresher course は単数ですが、これは「講座」が1つという意味です。
for customer service associates は「誰向けか」を表す部分で、「担当者たち」なので複数形 associates が入ります。

A. associate = 単数名詞。1人だけなら可能だが、講座の対象としては不自然。
B. associates = 複数名詞。正解。
C. associated = 関連した、または過去分詞。ここでは名詞が必要なので不可。
D. associating = 関連している、または動名詞。ここでは「担当者」という名詞にならないので不可。

refresher course = 復習講座、再教育講座
protocol = 手順、規定、作法
handling complaints = 苦情対応
"
228,"#228  
on account of ～
","on account of ～

意味：
～のために、～が理由で、～のせいで

because of ～、due to ～、owing to ～ と近い意味です。

例：
The outdoor event was canceled on account of heavy rain.
大雨のため、屋外イベントは中止された。

The train was delayed on account of mechanical problems.
機械トラブルのため、電車が遅れた。

TOEICでよく見る形：
on account of bad weather
悪天候のため

on account of construction work
工事のため

on account of unforeseen circumstances
予期しない事情により

文法：
on account of の後ろには名詞・名詞句が来ます。
on account of heavy rain
on account of the delay
on account of recent changes

後ろに文をそのまま置くなら because を使います。

○ on account of the storm
○ because there was a storm
× on account of there was a storm

語源：
account は古フランス語 aconter（アコンテ）から来ています。
a-（ア）= ～へ
conter（コンテ）= 数える、説明する
さらにラテン語 computare（コンプターレ）= 計算する、数える、に関係します。

同じ語源の英語：
count = 数える
counter = 計算台、反対の
compute = 計算する
computer = コンピューター
recount = 詳しく話す、再び数える
discount = 割引する

まとめ：
on account of ～ = ～のために。後ろは名詞。TOEICでは「理由」を表す前置詞句として出やすい。
"
229,"#229  
be reluctant to ～
","be reluctant to ～

意味：
～するのに気が進まない、～するのを渋る、～したがらない

例：
He is reluctant to accept the offer.
彼はその申し出を受け入れるのに気が進まない。

Employees were reluctant to work overtime.
従業員たちは残業するのを嫌がった。

TOEICでよく出る形：
be reluctant to agree
同意するのを渋る

be reluctant to disclose information
情報を開示したがらない

be reluctant to make changes
変更するのに消極的である

文法：
be reluctant to の後ろは動詞の原形です。

○ be reluctant to accept
× be reluctant accepting

語源：
reluctant はラテン語 reluctari（レルクターリ）から来ています。
re-（レ）= 後ろへ、反対に
luctari（ルクターリ）= もがく、争う
つまり「反対してもがく」→「気が進まない、嫌がる」という意味です。

同じ語源の英語：
reluctance = 気が進まないこと、抵抗感
reluctantly = しぶしぶ
struggle = もがく、奮闘する ※同系統とされることがあるが、直接同じ形ではない

まとめ：
be reluctant to ～ = ～するのに気が進まない。TOEICでは、後ろに動詞の原形が来ることを確認する。
"
230,"#230  
entail

","entail

意味：
～を伴う、～を必要とする、～という結果を必然的に含む

例：
The job entails frequent travel.
その仕事は頻繁な出張を伴う。

The project will entail additional costs.
そのプロジェクトは追加費用を伴う。

This position entails managing several teams.
この職務には、複数のチームを管理することが含まれる。

文法：
entail は他動詞なので、後ろに名詞または動名詞を取ります。

○ entail additional costs
追加費用を伴う

○ entail working overtime
残業することを伴う

× entail to work overtime
これは不可です。

語源：
entail は古フランス語 entailler（アンタイエ）から来ています。
en-（アン）= 中に、～にする
tailler（タイエ）= 切る
もともとは「財産の相続条件を切り分けて定める」という法律用語でした。そこから「ある条件・結果を必然的に含む」という意味になりました。

同じ語源の英語：
tailor = 仕立屋、仕立てる
detail = 詳細
retail = 小売り
tail = 尾、しっぽ ※直接同じ語源とは別扱いされることもあるので注意

まとめ：
entail = ～を伴う、～を必要とする。TOEICでは entail + 名詞 / entail + 動名詞 の形で覚える。
"
231,"#231  
最上級＋yet
","「最上級＋yet」は、「これまでで一番～」「今までの中で最も～」という意味です。ここでの yet は「まだ」ではなく、「これまでのところ」という意味です。

例：
This is our best product yet.
これは当社のこれまでで最高の製品です。

It was the largest event yet.
それはこれまでで最大のイベントでした。

This is the most successful campaign yet.
これはこれまでで最も成功したキャンペーンです。

形は、

the ＋ 最上級 ＋ 名詞 ＋ yet

または、

the ＋ 最上級 ＋ yet

です。

TOEICでは、
the best yet
the largest yet
the most successful yet
the most advanced yet
the strongest performance yet
のように出ます。

注意点は、yet が文末にあるからといって、必ず「まだ」と訳さないことです。最上級と一緒に使われたら、「これまでで一番」と考えるとよいです。
"
232,"#232  
「問題・危険・リスクを引き起こす、もたらす」という意味です。
","pose a problem / pose a danger / pose a risk は、どれも「問題・危険・リスクを引き起こす、もたらす」という意味です。

pose a problem
問題を引き起こす、問題になる
例：The delay poses a problem for the project.
その遅れはプロジェクトにとって問題になる。

pose a danger
危険をもたらす
例：The chemical leak poses a danger to nearby residents.
その化学物質の漏出は近隣住民に危険をもたらす。

pose a risk
リスクをもたらす
例：Outdated software poses a security risk.
古いソフトウェアはセキュリティ上のリスクをもたらす。

pose はここでは「ポーズを取る」ではなく、「何かを提示する・生じさせる」という意味です。TOEICでは pose a risk / pose a threat / pose a challenge / pose a problem がよく出ます。

語源：pose はラテン語 ponere（ポネレ）「置く」が元です。そこから「置く、提示する、ある状態を生じさせる」という意味になりました。同じ語源の英語には、position「位置」、compose「構成する」、dispose「処分する・配置する」、expose「さらす」、impose「課す」、propose「提案する」、oppose「反対する」などがありま
"
233,"#233  
reservation
","reservation は、「予約」だけでなく、「懸念」「疑念」「ためらい」という意味もあります。

懸念：けんねん
危惧：きぐ
reservation：リザベーション

例：
I have some reservations about the plan.
その計画について、いくつか懸念があります。

He accepted the proposal without reservation.
彼はその提案を無条件で受け入れた。
※ without reservation は「留保なく」「無条件で」

TOEICでは reservation は「予約」の意味が多いですが、文脈によっては「懸念・留保」という意味になります。

語源：
reservation は reserve から来ています。
reserve の語源はラテン語 reservare（レセルワーレ）で、「取っておく、保存する」という意味です。
re-（レ）＝後ろへ、再び
servare（セルワーレ）＝保つ、守る

つまり reservation はもともと「取っておくこと」。そこから「席や部屋を取っておく＝予約」、さらに「完全には賛成せず、判断を一部取っておく＝留保・懸念」という意味になりました。

同じ語源の英語：
reserve　取っておく、予約する
preserve　保存する、保護する
conserve　保存する、節約する
observe　観察する、守る
deserve　値する
servant　使用人
service　サービス、奉仕
"
234,"#234  
depict
","depict

意味：
描く、描写する、表現する

絵・写真・文章・映画などで、人物・場面・状況を「目に見えるように表す」という意味です。

例：
The painting depicts a rural village.
その絵は田舎の村を描いている。

The graph depicts changes in sales.
そのグラフは売上の変化を表している。

The movie depicts the life of a famous scientist.
その映画は有名な科学者の人生を描いている。

TOEICでは、写真・図・記事・映画などが主語になって、
depict a scene
場面を描く

depict changes
変化を表す

depict a person as ～
人を～として描く
の形で出やすいです。

語源：
depict はラテン語 depingere（デピンゲレ）から来ています。
de-（デ）＝下に、完全に
pingere（ピンゲレ）＝描く、絵を描く

つまり、もともとは「しっかり描く」「絵で表す」という意味です。

同じ語源の英語：
picture　絵、写真
paint　絵を描く、塗る
pigment　顔料、色素
pictorial　絵の、絵画的な
depiction　描写、表現
"
235,"#235  
facet
","facet

意味：

一面、側面、様相
宝石などの切子面、カットされた平面

読み：
ファセット

例：
This report examines every facet of the issue.
この報告書は、その問題のあらゆる側面を調べている。

The diamond has many facets.
そのダイヤモンドには多くの切子面がある。

TOEICでは、facet of ～「～の一面・側面」という形で出ることがあります。aspect に近いですが、facet は「多面的なものの一つの面」という感じです。

語源：
facet はフランス語 facette（ファセット）から来ています。さらに元はラテン語 facies（ファキエース）「顔、外観、表面」です。

同じ語源の英語：
face　顔、表面
surface　表面
interface　接点、画面・インターフェース
facial　顔の
efface　消す、削除する
perfunctory ではなく、facet は face 系の語です。
"
236,"#236  
a sound plan
","しっかりした、健全な、確かな
a sound plan
しっかりした計画

sound advice
確かな助言

a sound company
健全な会社

完全な、ぐっすりした
a sound sleep
熟睡

TOEICでは、sound advice「確かな助言」、sound judgment「的確な判断」、sound financial condition「健全な財務状態」などが出やすいです。

語源：
「音」の sound はラテン語 sonus（ソヌス）「音」から来ています。同じ語源の英語は sonic「音の」、sonar「ソナー」、consonant「子音」、resonance「反響」です。

「しっかりした・健全な」の sound は、古英語 gesund（ゲスンド）「健康な、無傷の」から来ています。ドイツ語 gesund（ゲズント）「健康な」と同系統です。意味は「壊れていない」から「健全な、確かな」になりました。
"
237,"#237  
「AをBに委任する」「AをBに任せる」という意味です。Aには「仕事・権限・責任」、Bには「人・部署」が来ます。
","delegate A to B は、「AをBに委任する」「AをBに任せる」という意味です。Aには「仕事・権限・責任」、Bには「人・部署」が来ます。

例：
The manager delegated the task to her assistant.
マネージャーはその仕事を助手に任せた。

The authority was delegated to the regional office.
その権限は地方事務所に委任された。

形：
delegate responsibility to someone
責任を誰かに委任する

delegate authority to someone
権限を誰かに委任する

delegate tasks to staff
仕事をスタッフに任せる

delegate は動詞で「任せる、委任する」。名詞では delegate「代表者、代議員」という意味もあります。

語源：
ラテン語 delegare（デーレガーレ）＝「派遣する、任せる」
de-（デ）＝離れて、下へ
legare（レガーレ）＝送る、任命する、結びつける

同じ語源の英語：
legacy 遺産
legal 法律の
legate 使節、代理人
relegate 左遷する、格下げする
colleague 同僚

TOEICでは delegate A to B の形で、「仕事・責任を人に割り当てる」という意味で出やすいです。
"
238,"#238  
【Listning】

He is putting on a helmet for safety.
","＝彼は安全のためにヘルメットをかぶっているところだ。
＝ヘルメットを装着する動作の途中。
"
239,"#239  
podium
","podium

意味：演壇、表彰台、指揮台。人が立って話す・指揮する・賞を受けるための少し高くなった台。

例：The speaker stood at the podium.
話し手は演壇に立った。

語源：ギリシャ語 podion（ポディオン）「小さい足、土台」→ ラテン語 podium（ポディウム）「高くなった台、演壇」。元は pous / pod-（プース／ポド）＝「足」に関係する。

同じ語源の英語：
pedal　ペダル、足で踏むもの
pedestrian　歩行者
pedicure　足の手入れ
tripod　三脚
podiatry　足病学
antipode　正反対の場所

TOEICでは podium は「演壇」「表彰台」として出ることがあります。give a speech at the podium なら「演壇でスピーチする」です。
"
240,"#240  
【Listning】

Some potted plants are being placed on the ground.
","＝いくつかの鉢植えが地面に置かれているところだ。
＝今まさに誰かによって置かれている作業中。

ポイントは are being placed です。
"
241,"#241  
【Listning】

rest A on B
","rest には「置く、載せる」という意味があります。

rest A on B
AをBの上に置く、載せる

例：
He rested his hand on the table.
彼は手をテーブルの上に置いた。

She rested her head on his shoulder.
彼女は頭を彼の肩にもたせかけた。

The ladder was resting against the wall.
はしごが壁に立てかけられていた。

ポイントは、place / put よりも「そっと置く」「重さを預ける」「支えられている」という感じが強いことです。

語源：ラテン語 restare（レスターレ）「残る、とどまる」→ 古フランス語 rester（レステ）→ 英語 rest。「動かずにとどまる」から「休む」「置かれている」「もたせかける」の意味になりました。

同じ語源の英語：
remain　残る
residue　残り、残留物
resist　抵抗する
restore　元に戻す
restaurant　レストラン
stare　立つ、じっと見る、という語根 stare（スターレ）系に関係します。
"
242,"#242  
【Listning】

The launch of our new mobile phone was a resounding success, right?

このリザウンディング、サクセスとはどういう意味だ。語源も含めて述べよ。
","resounding success は「大成功」「非常に大きな成功」「はっきり成功だと言える成功」という意味です。

The launch of our new mobile phone was a resounding success, right?
＝私たちの新しい携帯電話の発売は大成功だったよね。

resounding はもともと「鳴り響く」という意味です。そこから比喩的に「はっきりした、明白な、圧倒的な」という意味になります。つまり resounding success は、「成功が大きく響き渡るほど明らかだった」というイメージです。

resounding は「リサウンディング」ではなく、普通は「リザウンディング」に近く発音します。」という意味で覚えると。
"
243,"#243  
【Listning】

We've had crews working on it for almost eight months.
","We've had crews working on it for almost eight months.
＝私たちは、それに取り組む作業班をほぼ8か月間ずっと入れてきました。
＝作業員たちに、ほぼ8か月間その作業をさせています。

構造：
We have had + 人 + doing
＝人に?させてきた／人が?している状態を持ってきた

crews
＝作業班、工事班、作業員チーム

working on it
＝それに取り組んでいる、それの作業をしている

for almost eight months
＝ほぼ8か月間

ポイントは、had crews working です。これは単に「作業班を持っていた」ではなく、「作業班が作業している状態を続けていた」という意味です。

似た形：
We had technicians checking the system.
技術者たちにシステムを点検させていた。

We’ve had people waiting outside since morning.
朝から人々が外で待っている状態です。

この文は現在完了なので、「8か月前から作業していて、今もまだ続いている可能性が高い」です。
"
244,"#244  
【Listning】

The deadline will pass.
","The deadline will pass.
締切が過ぎる。

ただし、普通は次のほうが自然です。

The deadline will pass quickly.
締切はすぐに過ぎてしまう。

The deadline will come before you know it.
締切はあっという間に来る。

The deadline will be here before you know it.
締切はあっという間にやって来る。

The deadline is approaching quickly.
締切が急速に近づいている。

「期限が切れる」なら、
The deadline will expire. も文法的には可能ですが、deadline には pass / approach / come up を使う方が自然です。

注意：
dead line は「死んだ線」のように見えてしまいます。
deadline = 締切、期限
と1語で覚えてください。
"
245,"#245  
【Listning】

青天の霹靂、突然の大事件・知らせ
","a bolt from the blue と came out of the blue は、どちらも「青天の霹靂」「突然・予想外」という意味ですが、使い方が違います。

a bolt from the blue
＝青天の霹靂、突然の大事件・知らせ
名詞表現です。

例：
His resignation was a bolt from the blue.
彼の辞任は青天の霹靂だった。

The announcement was a bolt from the blue.
その発表は寝耳に水だった。

out of the blue / came out of the blue
＝突然、思いがけず
副詞表現です。「どのように起きたか」を説明します。

例：
He called me out of the blue.
彼は突然電話してきた。

The news came out of the blue.
その知らせは突然来た。

注意：
came out the blue は普通は誤りです。
正しくは came out of the blue です。
of が必要です。

比較：
His resignation was a bolt from the blue.
彼の辞任は青天の霹靂だった。
→「辞任そのもの」が突然の出来事。

His resignation came out of the blue.
彼の辞任は突然起こった。
→「突然起こった」という起こり方を説明。

つまり、
a bolt from the blue = 名詞「突然の出来事」
out of the blue = 副詞「突然に」
came out of the blue = 「突然起こった／突然現れた」

TOEICでは、名詞として空欄に入れるなら a bolt from the blue、動詞を説明するなら out of the blue が自然です。
"
246,"#246  
【Listning】

Mention hearing this advertisement.
","Mention hearing this advertisement.
＝この広告を聞いたと言ってください。
＝この広告を聞いたことを伝えてください。

mention は「軽く言う」「ついでに述べる」「言及する」という意味です。tell よりも「詳しく説明する」感じは弱いです。

自然な文にすると、
Please mention hearing this advertisement.
この広告を聞いたことを伝えてください。

When you call, please mention hearing this advertisement.
お電話の際は、この広告を聞いたとお伝えください。

文法：
mention + 名詞
mention + 動名詞 ing

なので、hearing this advertisement は「この広告を聞いたこと」という動名詞句です。

mention to hear this advertisement は普通は不可です。
「?したことを言う」は mention doing を使います。
"
247,"#247  
【Listning】

They are putting on suits.
","「今スーツを着ようとしているところ」は、
They are putting on suits.
彼らはスーツを着ようとしている／着ている最中です。

違い：
wear = 身につけている状態
put on = 身につける動作

例：
They are wearing suits.
彼らはスーツを着ている。

They are putting on suits.
彼らはスーツを着ているところだ。

なお、They are wearing suit.
"
248,"#248  
【Listning】

When is the maintenance report due?
","When is the maintenance report due?

意味：
メンテナンス報告書の提出期限はいつですか。
保守点検報告書はいつまでに提出すればよいですか。

ポイント：
due は「期限である」「提出予定である」「支払期限である」という意味です。

report is due
＝ 報告書の期限が来ている
＝ 報告書を提出しなければならない

この文では、
When is ～ due?
＝ ～はいつが期限ですか。
＝ ～はいつまでですか。

TOEICでよく出る形：
When is the report due?
報告書の期限はいつですか。

The report is due by Friday.
報告書は金曜日までに提出です。

The payment is due tomorrow.
支払い期限は明日です。

due の語源：
due は古フランス語 deu（デュ）「支払われるべきもの、当然のもの」から来ています。
さらにラテン語 debere（デベーレ）「借りている、義務がある」にさかのぼります。

同じ語源の英語：
debt：借金、負債
debtor：債務者
duty：義務、職務
due：期限の、当然支払われるべき
overdue：期限を過ぎた、延滞した
"
249,"#249  
【Listning】

How can we alleviate the traffic congestion in this area?
","How can we alleviate the traffic congestion in this area?

alleviate

意味：軽くする、和らげる、緩和する。特に、痛み・苦しみ・問題・負担などを「完全に消す」のではなく、「程度を軽くする」という意味です。

例：
alleviate pain
痛みを和らげる

alleviate stress
ストレスを軽減する

alleviate traffic congestion
交通渋滞を緩和する

語源：
ラテン語 alleviare（アッレウィアーレ）「軽くする、楽にする」から来ています。
ad-（アド）「?へ」＋ levis（レウィス）「軽い」が元です。
つまり alleviate は「重いものを軽くする」というイメージです。

同じ語源の英語：
levity 軽さ、軽率
levitate 浮く、浮遊する
elevator エレベーター
relieve 和らげる、安心させる
relevant 関連がある ※元は「持ち上げる・浮かび上がらせる」系統から発展

TOEICでは、alleviate concerns「懸念を和らげる」、alleviate symptoms「症状を緩和する」、alleviate congestion「混雑を緩和する」のように出やすいです。
"
250,"#250  
【Listning】

Would you mind dropping by my office to talk with me?
","Would you mind dropping by my office to talk with me?

drop by の意味：ちょっと立ち寄る、ふらっと寄る。

例：
Would you mind dropping by my office?
私のオフィスにちょっと寄ってもらえますか。

I’ll drop by later.
あとでちょっと寄ります。

語源：
drop は古英語 dropian（ドロピアン）「落ちる、しずくが落ちる」。
by は古英語 bi（ビ）「そばに、近くに」。
drop by は「近くにふらっと落ちるように行く」→「ちょっと立ち寄る」という意味です。

同じ drop を使う表現：
drop off：降ろす、届ける、眠りに落ちる
drop in：立ち寄る
drop out：脱落する、中退する
drop behind：遅れる
"
251,"#251  
【Listning】

report to work
","はい、report には「出勤する」「出頭する」「現れる」という意味があります。特に report to work / report for duty の形でよく使います。

report to work
出勤する、職場に来る

例：
Employees must report to work by 9:00.
従業員は9時までに出勤しなければならない。

report for duty
勤務につく、任務につく、出頭する

例：
All staff should report for duty at 8 a.m.
全職員は午前8時に勤務につかなければならない。

ただし、普通に「毎日会社に行く」という意味なら go to work / come to work のほうが自然です。report は少し正式で、「指定された場所に現れる」「勤務開始のために出頭する」という感じです。

TOEICでは、report to 人 なら「人の直属である、?に報告する」、report to 場所 / work なら「出勤する、出頭する」と見るとよいです。

例：
She reports to the sales manager.
彼女は営業部長の直属です。

Please report to the reception desk.
受付にお越しください。

Please report to work at 8:30.
8時半に出勤してください。
"
252,"#252  
【Listning】

仕事を割り当てる、作業を配分する。
","allocate the work

The manager allocated the work to each team member.
マネージャーは各チームメンバーに仕事を割り当てた。

allocate A to B：
AをBに割り当てる

allocate B A：
BにAを割り当てる
例：The manager allocated each employee a task.
マネージャーは各従業員に仕事を1つ割り当てた。

語源：
allocate はラテン語 allocare（アロカーレ）から。
ad-（アド）「?へ」＋ locare（ロカーレ）「置く、配置する」。
つまり「ある場所・人に置く」→「割り当てる、配分する」という意味になった。

同じ語源の英語：
location：場所
local：地元の、局所的な
locate：位置を特定する、置く
relocate：移転する
dislocate：脱臼させる、位置をずらす
allocation：割り当て、配分

TOEICでは allocate はよく「仕事・予算・資源を割り当てる」で出ます。
allocate work
allocate resources
allocate funds
allocate a budget
allocate tasks
allocate time

注意：
allocate the work to him は自然。
allocate him to the work は普通は不自然。「彼をその仕事に配置する」なら assign him to the work / assign him to the project のほうが自然です。
"
253,"#253  
【Listning】

hardware store 
","はい、だいたい日本語では「ホームセンター」でよいです。

hardware store は、直訳すると「金物店」「工具店」ですが、アメリカ英語では、工具、ネジ、木材、塗料、園芸用品、修理用品などを売る店を指します。日本で近いのは「ホームセンター」です。

ただし、少し違いがあります。

hardware store
小さめの店でも使う。工具、金具、ネジ、ペンキ、修理用品が中心。

home improvement store
大型のホームセンターに近い。DIY、建材、家具、園芸用品まで広い。

日本語のホームセンター
カインズ、コーナン、DCM、ビバホーム、コメリのような店。hardware store より広い意味で、日用品やペット用品も売ることが多い。

つまり、会話では
I went to a hardware store.
ホームセンターに行った。

で自然です。

ただ、昔ながらの小さい店なら「金物屋」「工具店」と訳した方が合うこともあります。
"
254,"#254  
【Listning】

fundraiser
","はい、その理解でよいです。fundraiser は「資金を集める人」または「資金集めのイベント」という意味です。株式投資の出資者からお金を集める場合にも広く使えますが、日常英語では特に「慈善活動・学校・病院・NPO・政治活動などのための寄付集め」の意味でよく使います。

例：
The school held a fundraiser.
学校が寄付集めのイベントを開いた。

This dinner is a fundraiser for the children’s hospital.
この夕食会は小児病院のための寄付集めイベントです。

She works as a fundraiser for a charity.
彼女は慈善団体で寄付集め担当として働いています。

語源：
fund はラテン語 fundus（フンドゥス）「底、基礎、資金の元」から来ています。そこから「蓄えられたお金、基金」という意味になりました。raise は古ノルド語 reisa（レイサ）「持ち上げる、立てる」から来ています。fundraiser は fund「資金」＋ raiser「上げる人、集めるもの」で、「資金を持ち上げる・増やす人、資金集めの催し」という感覚です。

同じ語源の英語：
fund：資金、基金
funding：資金提供
refund：返金
foundation：基礎、財団
founder：創設者
raise：上げる、集める、育てる
rise：上がる、昇る
arise：生じる
uprising：反乱、蜂起

注意点：
「株式に出資する人から資金を集める」は fundraising と言えますが、投資家向けなら raise capital「資本を調達する」、raise funds「資金を調達する」、seek investment「投資を募る」の方がビジネスっぽいです。チャリティーなら fundraiser がかなり自然です。
"
255,"#255  
【Listning】

convey a message
","convey a message

意味：
「メッセージを伝える」「意図を伝達する」という意味です。

例：
Please convey this message to Mr. Tanaka.
このメッセージを田中さんに伝えてください。

His speech conveyed a clear message.
彼のスピーチは明確なメッセージを伝えた。

convey の語源：
convey は、古フランス語 conveier（コンヴェイエ）「同行する、運ぶ、案内する」から来ています。
さらに元はラテン語 conviare（コンウィアーレ）で、意味は「一緒に道を行く」です。
con-（コン）＝一緒に
via（ウィア）＝道

つまり convey は、「道に沿って一緒に運ぶ」→「物を運ぶ」→「情報・感情・意味を伝える」と広がりました。

同じ語源 via（道）を持つ英語：
via：?を経由して
viaduct：高架橋
deviate：それる、逸脱する
previous：前の
obvious：明らかな
trivial：些細な

TOEICでは convey は「伝える」という意味でよく出ます。
convey information
情報を伝える

convey one’s thanks
感謝を伝える

convey a sense of urgency
緊急感を伝える

はい、convey a message は正しい言い方で、ややフォーマルです。ただし、日常では convey よりも tell / give / send / pass on のほうが一般的です。
"
256,"#256  
【Listning】

utensil
","utensil

意味：
道具、用具、器具。特に、料理や食事で使う道具を指すことが多いです。

例：
kitchen utensils
台所用品、調理器具

cooking utensils
調理器具

eating utensils
食事用の道具、ナイフ・フォーク・スプーンなど

TOEICで出るなら、
Please return all kitchen utensils after use.
使用後はすべての調理器具を返却してください。

語源：
utensil はラテン語 utensilis（ウーテンシリス）「役に立つ、有用な」から来ています。
さらに元は uti（ウーティー）「使う」という動詞です。

つまり、
uti「使う」
→ utensilis「使える、有用な」
→ utensil「使うための道具」
という流れです。

同じ語源の英語：
use：使う
utility：有用性、公共事業
utilize：利用する
usable：使用可能な
useful：役に立つ
usage：使用、用法
"
257,"#257  
【Listning】

I wonder if I should ask you to bring your camera to the event. 

「私はどちらでも大丈夫ですよ」は英語で、
","Either is fine with me. 
"
258,"#258  
【Listning】

ノーマン薬局はいつ開店する予定ですか?
","When's Norman's Pharmacy going to open for business?

When's 　← これを聞き逃した
"
259,"#259  
【Listning】

tentative plan
","tentative plan
暫定的な計画、仮の予定、まだ確定していない案

When's Norman's Pharmacy going to open for business?
ノーマン薬局はいつ営業開始する予定ですか。

答えで、
The opening date is tentative.
開店日はまだ仮です。

We have a tentative plan to open next month.
来月開店する仮の計画があります。

語源：
tentative はラテン語 tentare（テンターレ）「試す、試みる」から。
「試しに出したもの」→「仮の、暫定的な」という意味。

同じ語源の英語：
attempt：試みる
tempt：誘惑する
temptation：誘惑
tentative：仮の、暫定的な

"
260,"#260  
【Listning】

Was it left on?
","Was it left on?
それは電源が入ったままになっていましたか。
それはつけっぱなしでしたか。

left on は「on の状態で放置された」という意味です。

例：
The light was left on.
電気がつけっぱなしだった。

The computer was left on.
パソコンの電源が入ったままだった。

The air conditioner was left on.
エアコンがつけっぱなしだった。

left は leave の過去分詞。
leave O C で「OをCの状態のままにしておく」。
leave it on → それをオンのままにしておく
it was left on → それはオンのままにされた / つけっぱなしだった。
"
261,"#261  
【Listning】

on one's behalf 
","on one's behalf の意味：～の代わりに、～を代表して、～のために。

例：
I am writing on behalf of Mr. Tanaka.
田中さんに代わって書いています。

She accepted the award on behalf of the team.
彼女はチームを代表して賞を受け取った。

ポイント：
on behalf of A = Aの代わりに、Aを代表して
in behalf of A = Aの利益のために、Aを助ける目的で
ただし現代英語では、どちらも on behalf of が広く使われます。

語源：
behalf は古英語 be healfe（ビー・ヘアルヴェ）から来ています。
be（ビー）= by、near「そばに」
half（ヘアルフ）= side「側」
つまり behalf はもともと「～の側に立って」という意味です。
そこから「その人の側に立って行動する」→「～の代わりに、～を代表して」という意味になりました。

同じ語源の英語：
half：半分、側
halve：半分にする
behalf：代理、代表、利益

TOEICでは、on behalf of はかなり頻出です。
on behalf of our company
当社を代表して

on behalf of the manager
マネージャーに代わって

on behalf of all employees
全従業員を代表して
"
262,"#262  
【Listning】

電話番号、メールアドレス、住所などの連絡先情報。
","ポイント：
detail は「細部、詳細」ですが、連絡先の場合は details と複数形にするのが普通です。
contact details = 電話番号、メールアドレス、住所などの連絡先情報。
contact information も同じ意味で、こちらもよく使われます。

語源：
provide は Latin providere（プロウィデーレ）「前もって見る、準備する」から来ています。
pro（プロ）= forward「前へ」
videre（ウィデーレ）= see「見る」
つまり provide は「前もって見て準備する」→「供給する、提供する」。

contact は Latin contactus（コンタクトゥス）「触れること」から来ています。
con（コン）= together「一緒に」
tangere（タンゲレ）= touch「触れる」
つまり contact は「互いに触れる」→「接触、連絡」。

detail は French d?tail（デタイユ）「切り分けられた小部分」から来ています。
de（ドゥ）= down / away「離して」
taille（タイユ）= cut「切る」
つまり detail は「切り分けた小部分」→「細部、詳細」。

同じ語源の英語：
provide：provision, provident, provider
contact：tangent, tangible, contagious, contingent
detail：tailor, retail, entail, curtail
"
263,"#263  
【Listning】

stockroom people
","stockroom people は、普通は「倉庫係の人たち」「在庫室で働く人たち」という意味です。ただし、自然な英語では stockroom staff / stockroom workers / stockroom personnel の方がよく使われます。

stockroom の意味：
在庫室、商品保管室、備品室。

people の意味：
人々、スタッフ、担当者。

例：
Ask the stockroom staff for more supplies.
追加の備品は倉庫係に頼んでください。

The stockroom workers are checking the inventory.
倉庫担当者が在庫を確認しています。

TOEICなら：
stockroom staff
在庫室スタッフ

warehouse personnel
倉庫作業員、倉庫担当者

inventory clerk
在庫管理係

語源：
stock は古英語 stocc（ストック）「木の幹、切り株」から来ています。そこから「蓄え、在庫、資本」という意味に広がりました。
room は古英語 rum（ルーム）「空間、場所」から来ています。
people は Latin populus（ポプルス）「人民、民衆」から、古フランス語 peuple（プープル）を経て英語に入りました。

同じ語源の英語：
stock：stockpile, livestock, stockholder, stockroom
room：bedroom, classroom, restroom, showroom
people：population, popular
"
264,"#264  
【Listning】

conference room と meeting room 
","conference room と meeting room は、どちらも「会議室」ですが、少しニュアンスが違います。

conference room：
やや大きめで、正式な会議・発表・役員会議・社外との打ち合わせなどに使う部屋。机、椅子、スクリーン、プロジェクター、テレビ会議設備などがあることが多いです。日本語では「会議室」「大会議室」に近いです。

meeting room：
もっと一般的な「打ち合わせ用の部屋」。少人数の社内打ち合わせ、面談、相談、チームミーティングなどにも使えます。conference room よりカジュアルで、小さい部屋にも使えます。

違い：
conference room は「正式・大きめ・設備あり」の感じ。
meeting room は「一般的・小さめでも可・打ち合わせ全般」の感じ。

例：
The board meeting will be held in the conference room.
役員会議は会議室で行われます。

Let’s use a meeting room for a quick discussion.
ちょっと話すために会議室を使いましょう。

TOEICでは、conference room は「正式な会議室」としてよく出ます。meeting room は「打ち合わせ部屋」全般です。迷ったら、大人数・正式な会議なら conference room、小規模な打ち合わせなら meeting room と考えるとよいです。
"
265,"#265  
【Listning】

eatery
","eatery

意味：飲食店、食堂、レストラン。ややくだけた言い方です。restaurant よりも軽い感じで、「食べるところ」という意味です。

例：
There are several small eateries near the station.
駅の近くに小さな飲食店がいくつかあります。

語源：
eat「食べる」＋ -ery「場所・業種・活動を表す接尾辞」

eat は古英語 etan（エタン）「食べる」から来ています。
-ery は中英語 -erie（エリー）、古フランス語 -erie（エリー）に由来し、「?をする場所」「?の商売」という意味を作ります。

同じ eat 系の英語：
eater＝食べる人
eating＝食べること
edible＝食べられる
overeat＝食べ過ぎる
eat up＝食べ尽くす

同じ -ery 系の英語：
bakery＝パン屋
brewery＝醸造所
winery＝ワイナリー
fishery＝漁場、漁業
greenery＝緑、草木
"
266,"#266  
【Listning】

They're holding the papers down.
","They're holding the papers down.
彼らは書類を押さえています。
"
267,"#267  
【Listning】

ID badge
","はい、首からぶら下げている社員証・身分証明書は badge と言えます。特に英語では ID badge が自然です。

ID badge
社員証、身分証、入館証

例：
She is wearing an ID badge.
彼女は社員証を身につけています。

He has an ID badge around his neck.
彼は首から社員証を下げています。

The employee is wearing a badge on a lanyard.
その従業員はストラップ付きの身分証を身につけています。

lanyard は「首かけストラップ」のことです。だから正確に言うと、

ID badge on a lanyard
首かけストラップについた社員証

TOEIC写真描写なら、
A man is wearing an ID badge.
男性が社員証を身につけている。
A woman has an ID badge around her neck.
女性が首から社員証を下げている。
が自然です。
"
268,"#268  
【Listning】

He's wearing safety equipment on his face.
","写真をよーく見ると、安全眼鏡をかけている。本当によーく見ないと見えない。
"
269,"#269  
【Listning】

What brings you to ～?
","What brings you to ～? は「何の用で～に来たのですか」「どうして～に来たのですか」という意味です。

例：
What brings you to Japan?
どうして日本に来たのですか。

What brings you to our office today?
今日はどのようなご用件で弊社にいらっしゃいましたか。

What brings you here?
どうしてここに来たのですか。／何の用でここへ？

直訳は「何があなたを～へ連れてきたのか」です。bring は「持ってくる、連れてくる」なので、「あなたをここに来させた理由は何か」という聞き方になります。

語源：
bring は古英語 bringan（ブリンガン）「持ってくる、連れてくる」。
同じ語源・関連語：
bring
brought
bring about「引き起こす」
bring up「育てる、話題に出す」
bring in「導入する、持ち込む」

What brings you to ～? は、Why did you come to ～? より少し自然で丁寧です。店、病院、会社、イベントなどでよく使います。
"
270,"#270  
【Listning】

彼女のメールをあなたに転送します。
","I'll forward her email to you.

意味：
彼女のメールをあなたに転送します。

forward は動詞で「転送する、送る」という意味です。特に email を forward する場合は、「受け取ったメールを別の人に送る」という意味です。

構造：
I’ll = I will「私は～します」
forward = 転送する
her email = 彼女のメール
to you = あなたに

注意：
her email は「彼女が書いたメール」または「彼女から来たメール」という意味になります。「彼女のメールアドレス」ではなく、普通は「彼女のメール本文・メールメッセージ」です。

例：
Please forward the email to me.
そのメールを私に転送してください。

I forwarded your message to the manager.
あなたのメッセージをマネージャーに転送しました。

語源：
forward は古英語 foreweard（フォレウェアルド）「前方へ向いた、前の方の」から来ています。
fore は「前」、-ward は「～の方向へ」という意味です。
そこから「前へ送る」→「転送する」という意味になりました。

同じ語源・関連語：
forehead「額」
forecast「予報する」
foresee「予見する」
toward「～の方へ」
backward「後方へ」
upward「上方へ」
"
271,"#271  
【Listning】

I hope this interview will inspire young people.
","I hope this interview will inspire young people.

意味：
このインタビューが若い人たちを刺激し、やる気にさせることを願っています。
または、
このインタビューが若者たちに刺激を与えるものになればと思います。
このインタビューが若者の励みになることを願っています。

自然な日本語：
このインタビューが若者たちの励みになればと思います。

文法：
I hope ～
～を願っています

this interview
このインタビュー

will inspire
人を刺激する、やる気にさせる、感銘を与える

young people
若い人たち、若者

inspire の語源：
ラテン語 inspirare（インスピラーレ）
意味は「息を吹き込む」。
in-（中へ）＋ spirare（スピラーレ、息をする）
そこから「心に息を吹き込む」→「感動させる、やる気を起こさせる」という意味になった。

同じ語源の英語：
spirit：精神、魂
respire：呼吸する
perspire：汗をかく
expire：期限が切れる、息を引き取る
conspire：共謀する
aspire：熱望する
"
272,"#272  
【Listning】

way more than ～
","way more than ～
～よりずっと多い、～よりはるかに高い

ここでの way は「道」ではなく、副詞で「ずっと、はるかに」という意味です。口語的な強調です。

例：
This is way better.
これはずっと良い。

It’s way too expensive.
それは高すぎる。

He is way older than I thought.
彼は思っていたよりずっと年上だ。

way の語源：
古英語 weg（ウェグ）
意味は「道、進路」。
そこから「道のり、距離」→「大きな隔たり」→ 口語で「ずっと、はるかに」という強調の意味にも使われるようになりました。

同じ語源の英語：
away：離れて、不在で
always：いつも
anyway：とにかく
subway：地下鉄
pathway：小道、経路
waypoint：経由地点
"
273,"#273  
【Listning】

自動車整備工場
","a garage
発音：ア ガラージ / ア ガレージ
意味：車庫、自動車整備工場

TOEICなどでは、garage は単なる「車庫」だけでなく、「自動車修理工場」「整備工場」という意味でも出ます。

例：
The car is being repaired at a garage.
その車は整備工場で修理されています。

I took my car to a garage.
車を整備工場に持って行きました。

語源：
garage はフランス語 garage（ガラージュ）から来ています。
もとは garer（ガレ）「車や馬車を保管する、避難させる」から来た語です。
そこから「車を入れておく場所」→「車庫」→「自動車整備工場」という意味になりました。

同じ語源に近い英語：
garner：集める、蓄える
garrison：守備隊、駐屯地
guarantee：保証する
guard：守る、警備する
"
274,"#274  
【Listning】

time slot
","time slot
発音：タイム・スロット
意味：時間枠、予約枠、割り当てられた時間帯

例：
Please choose a time slot for your interview.
面接の時間枠を選んでください。

The 3 p.m. time slot is already taken.
午後3時の予約枠はもう埋まっています。

TOEIC・ビジネスでは、time slot は「会議・面接・予約・配送・放送などの決まった時間枠」という意味でよく使います。

slot の語源：
中英語 slot（スロット）「細長い穴、差し込み口」。
そこから「何かを入れる場所」→「予定を入れる枠」→ time slot「時間枠」という意味になりました。

同じ語源・関連語：
slot：差し込み口、枠
slot machine：スロットマシン
available slot：空き枠
appointment slot：予約枠
delivery slot：配送時間枠
"
275,"#275  
【Listning】

I’m just browsing.
","I’m just browsing.
見ているだけです。
店員に話しかけられた時によく使います。
"
276,"#276  
【Listning】

You can't afford to miss out.
","You can't afford to miss out.

意味：
これを逃すわけにはいかない。
見逃したらもったいない。
参加しない手はない。

自然な日本語：
これは絶対に見逃せません。
この機会を逃すわけにはいきません。

文法：
can't afford to ～
～する余裕がない、～するわけにはいかない

miss out
機会を逃す、取り残される、参加しそこなう

直訳すると、
「逃す余裕はない」
つまり、
「逃したら損だ」「見逃すべきではない」
という意味です。

例：
This is a limited-time offer. You can't afford to miss out.
これは期間限定のオファーです。見逃すわけにはいきません。

You can't afford to miss out on this opportunity.
この機会を逃すわけにはいきません。

miss out on ～：
～を逃す、～を経験しそこなう

miss の語源：
古英語 missan（ミッサン）
意味は「失敗する、取り逃がす」。
そこから「的を外す」→「逃す、見落とす、恋しく思う」になりました。

afford の語源：
古英語 geforthian（ゲフォルシアン）
意味は「成し遂げる、進める」。
a- + forth「前へ」から、「前へ進めることができる」→「費用や損失を負担できる」→「余裕がある」という意味になりました。

同じ語源・関連語：
miss：逃す、恋しく思う
missing：行方不明の、欠けている
mission：任務
mistake：間違い
afford：余裕がある
affordable：手頃な価格の
unaffordable：手が届かない価格の
forth：前へ
forthcoming：今度の、近く起こる
"
277,"#277  
【Listning】

食器棚、戸棚、収納棚
","cupboard
発音：カバード / カップボードではなく「カバード」に近い
意味：食器棚、戸棚、収納棚

例：
The plates are in the cupboard.
皿は食器棚の中にあります。

Please put the cups back in the cupboard.
カップを戸棚に戻してください。

注意：
つづりは cup + board ですが、発音では p はほとんど読まず、cupboard は「カバード」に近くなります。

語源：
cup は古英語 cuppe（クッペ）「杯、カップ」。
board は古英語 bord（ボルド）「板、机」。
cupboard はもともと「カップを置く板・台」→「食器を入れる棚」になりました。

同じ語源の英語：
cup：カップ、杯
board：板、掲示板、委員会
blackboard：黒板
keyboard：キーボード
sideboard：食器棚、配膳台
cardboard：厚紙、段ボール紙
"
278,"#278  
【Listning】

staircase
","staircase
発音：ステアケース
意味：階段、階段部分、階段室

例：
There is a staircase at the end of the hallway.
廊下の突き当たりに階段があります。

He walked up the staircase.
彼は階段を上がった。

stair と staircase の違い：
stair は「階段の一段」または複数形 stairs で「階段」。
staircase は「階段全体の構造物」です。建物の中の階段設備を指す感じです。

語源：
stair は古英語 st?ger（ステーゲル）「階段、上るもの」。
case はこの場合「箱」ではなく、古フランス語 casse（カス）「枠、容器」に由来するとされます。
staircase は「階段を含む枠・構造」→「階段全体」という意味です。

同じ語源・関連語：
stair：階段の一段
stairs：階段
upstairs：上の階へ、二階で
downstairs：下の階へ、一階で
stairway：階段、階段通路
case：箱、ケース、場合
bookcase：本棚
showcase：陳列ケース
"
279,"#279  
【Listning】

harvest
","harvest
発音：ハーヴェスト
意味：収穫、収穫物、収穫する

例：
The farmers are preparing for the harvest.
農家の人たちは収穫の準備をしています。

They harvest grapes in autumn.
彼らは秋にブドウを収穫します。

a good harvest
豊作

a poor harvest
不作

語源：
古英語 h?rfest（ハルフェスト）
意味は「秋、収穫期」。
昔は harvest 自体が「秋」という意味でも使われました。秋は作物を刈り取る時期なので、「秋」→「収穫期」→「収穫」という意味になりました。

同じ語源・関連語：
harvest：収穫、収穫する
harvester：収穫機、収穫する人
harvest time：収穫期
harvest festival：収穫祭
autumn：秋
crop：作物、収穫物
"
280,"#280  
【Listning】

lorry
","lorry
発音：ローリー
意味：トラック、貨物自動車

主にイギリス英語です。アメリカ英語では truck と言うのが普通です。

例：
A lorry is parked outside.
外にトラックが停まっています。

The goods were delivered by lorry.
商品はトラックで配送されました。

lorry と truck の違い：
lorry：イギリス英語
truck：アメリカ英語
意味はほぼ同じで「トラック」です。

語源：
lorry の語源ははっきりしませんが、19世紀イギリス英語で「低い荷車、貨物用の台車」という意味で使われ始めたとされます。もともとは鉄道や港で荷物を運ぶ台車のようなものを指し、そこから自動車の「貨物トラック」を指すようになりました。

関連語：
lorry driver：トラック運転手
delivery lorry：配送トラック
heavy lorry：大型トラック
truck：トラック
truck driver：トラック運転手
freight：貨物
haul：運搬する
"
281,"#281  
【Listning】

What made you visit our store?
","What made you visit our store?

意味：
何がきっかけで当店に来られたのですか。
なぜ当店に来ようと思ったのですか。

直訳：
何があなたに私たちの店を訪れさせたのですか。

自然な日本語：
ご来店のきっかけは何ですか。

文法：
What made you + 動詞の原形?
何があなたを～させたのですか。
→ なぜ～したのですか。
→ 何がきっかけで～したのですか。

made you visit
あなたに訪問させた
ここで visit は原形です。
made + 人 + 動詞の原形
という形です。

答え方の例：
I saw your advertisement.
広告を見ました。

A friend recommended this store.
友人がこの店をすすめてくれました。

I was just browsing.
ただ見て回っていただけです。

I needed to buy a gift.
贈り物を買う必要がありました。

似た表現：
What brought you here?
何がきっかけでここに来たのですか。

What made you choose our store?
なぜ当店を選んだのですか。
"
282,"#282  
【Listning】

would you prefer meeting us in person or joining online?
","思考時間: 1 秒

Would you prefer meeting us in person or joining online?

意味：
直接会う方がよいですか、それともオンラインで参加する方がよいですか。

自然な日本語：
対面でお会いするのと、オンラインで参加するのと、どちらがよろしいですか。

文法：
Would you prefer A or B?
AとBのどちらを好みますか。
丁寧に「どちらがよろしいですか」と聞く形です。

meeting us in person
私たちと直接会うこと

joining online
オンラインで参加すること

in person
直接、対面で

答え方：
I would prefer meeting in person.
対面でお会いする方がよいです。

I would prefer joining online.
オンラインで参加する方がよいです。

Either is fine with me.
どちらでも大丈夫です。

prefer の語源：
ラテン語 praeferre（プラエフェッレ）
意味は「前に置く、より上に置く」。
prae-（プラエ、前に）＋ ferre（フェッレ、運ぶ）
そこから「一方を前に置く」→「好む、選ぶ」という意味になりました。

同じ語源の英語：
preference：好み、優先
preferable：望ましい
refer：言及する、参照する
offer：提供する
transfer：移す、転送する
infer：推測する
differ：異なる
"
283,"#283  
【Listning】

Why is Billy concerned about leading the event for the local community?
","Why is Billy concerned about leading the event for the local community?

意味：
なぜビリーは地域社会向けのイベントを主導することを心配しているのですか。

自然な日本語：
ビリーはなぜ、地域イベントの運営を任されることを不安に思っているのですか。

文法：
Why is Billy concerned about ～?
なぜビリーは～について心配しているのですか。

be concerned about ～
～を心配している、～を気にしている

leading the event　← 仕切る★★★
イベントを率いること、イベントを主導すること

for the local community
地域社会のための、地元住民向けの

答え方の例：
Because he has never led such a large event before.
彼はこれほど大きなイベントを主導したことがないからです。

Because he is worried about not having enough volunteers.
十分なボランティアが集まらないことを心配しているからです。

Because he is concerned about the budget.
予算を心配しているからです。

concern の語源：
ラテン語 concernere（コンケルネレ）
意味は「混ぜ合わせる、関係する」。
con-（共に）＋ cernere（ケルネレ、分ける・見分ける）
「関係している」→「気にかかる」→「心配させる」という意味になりました。

同じ語源の英語：
concern：心配、関係する
concerning：～に関して
concerned：心配している、関係している
discern：識別する
certain：確かな
criterion：基準
"
284,"#284  
【Listning】

I'm going to meet some of the board members at Memorial Hospital this afternoon.

これは、病院で役員に会うのではなくて、病院の役員に会うということか。
","はい、この文は普通は「Memorial Hospitalの役員数名に会う」という意味です。つまり、「病院で会う」よりも、「Memorial Hospitalに所属する board members に会う」という解釈が自然です。

I'm going to meet some of the board members at Memorial Hospital this afternoon.
今日の午後、メモリアル病院の役員数名に会う予定です。

ここでの at Memorial Hospital は、直前の board members を説明していて、「Memorial Hospitalの理事・役員」という意味になります。

ただし、文法上は少し曖昧で、「Memorial Hospitalで役員数名に会う」と読むことも不可能ではありません。場所をはっきり言いたいなら、次のように言います。

I'm going to meet some board members at Memorial Hospital this afternoon.
今日の午後、メモリアル病院で役員数名に会う予定です。

「病院の役員」とはっきり言いたいなら、次がより明確です。

I'm going to meet some of Memorial Hospital's board members this afternoon.
今日の午後、メモリアル病院の役員数名に会う予定です。

結論：
some of the board members at Memorial Hospital
＝普通は「Memorial Hospitalの役員数名」
ただし文脈によっては「Memorial Hospitalで役員数名」とも読める。
"
285,"#285  
【Listning】

I might take you up on that.
","I might take you up on that.
意味：その申し出に乗るかもしれません。／お願いするかもしれません。

take someone up on ～ は、「人の申し出・提案・招待などを受け入れる」という意味です。that は相手が直前に言った提案を指します。

例：
A: I can drive you to the station.
駅まで車で送れるよ。
B: Thanks. I might take you up on that.
ありがとう。お願いするかもしれない。

語源：
take は古英語 tacan（タカン）「取る、つかむ」。
up は古英語 up（アップ）「上へ」。
on は古英語 on（オン）「上に、接して」。

take up はもともと「取り上げる、持ち上げる」。そこから take someone up on an offer は「相手の申し出を取り上げて受け入れる」という意味になりました。

同じ語源の英語：
take：取る
undertake：引き受ける
overtake：追い越す
up：upstairs, upward, update
on：onto, onward, online

ニュアンス：
I might take you up on that. は、すぐに「お願いします」と決めたわけではなく、「必要になったらお願いするかも」という柔らかい言い方です。
"
286,"#286  
【Listning】

apartment profile 
","apartment profile は、直訳すると「アパートの概要・物件情報」です。

apartment：アパート、集合住宅の一室
profile：概要、特徴をまとめたもの、プロフィール

つまり apartment profile は、人のプロフィールではなく、「そのアパートがどんな物件かをまとめた情報」という意味です。たとえば、所在地、家賃、間取り、広さ、設備、築年数、周辺環境、入居条件などをまとめたものです。

例：
Please fill out the apartment profile.
そのアパートの物件情報を記入してください。

The apartment profile includes rent, size, and available facilities.
そのアパートの概要には、家賃、広さ、利用できる設備が含まれています。

語源：
apartment はイタリア語 appartamento（アッパルタメント）「分けられた場所、部屋」から来ています。さらにラテン語 ad（アド）「?へ」＋ partire（パルティーレ）「分ける」に関係します。英語の part「部分」と同じ系統です。
profile はイタリア語 profilo（プロフィーロ）「輪郭、横顔」から来ています。pro（プロ）「前へ」＋ filum（フィルム）「糸、線」に関係し、「輪郭線」→「特徴をまとめたもの」という意味になりました。

同じ語源の英語：
apartment と同系統：part, depart, separate, partition, compartment
profile と同系統：filament, filigree, file

日本語では「アパートのプロフィール」と訳すより、「物件概要」「物件情報」「アパート概要」と訳すのが自然です。
"
287,"#287  
【Listning】

we should exercise caution.
","we should exercise caution.
意味：私たちは注意を払うべきだ。／慎重に行動すべきだ。

exercise caution は「注意を行使する」ではなく、「注意する」「慎重にする」という少し硬めの表現です。TOEICやビジネス文書でよく出ます。

exercise の意味：行使する、働かせる、使う。
caution の意味：注意、用心、慎重さ。

例：
We should exercise caution when handling confidential documents.
機密文書を扱うときは慎重になるべきです。

Please exercise caution when using this equipment.
この機器を使用する際は注意してください。

語源：
exercise はラテン語 exercere（エクセルケーレ）「訓練する、働かせる、実行する」から。
ex-（エクス）「外へ」＋ arcere（アルケーレ）「閉じ込める、抑える」が元で、「外へ出して働かせる」→「訓練する、行使する」になりました。
同じ語源の英語：exert（力を及ぼす）、coerce（強制する。語源的には arcere 系）、inertia は別系統なので注意。

caution はラテン語 cautio（カウティオー）「用心、警戒」から。動詞 cavere（カウェーレ）「用心する、警戒する」が元です。
同じ語源の英語：cautious（用心深い）、precaution（予防策）、caveat（警告、ただし書き）。
"
288,"#288  
【Listning】

It’s my fault.
","「責任がある」に近い表現でよく使うのは fault（フォールト）です。

It’s my fault.
それは私の責任です。／私のせいです。

It’s not your fault.
あなたの責任ではありません。／あなたのせいではありません。

Who is at fault?
誰に責任がありますか。

つまり、「フォールに責任の意味があるか」というより、たぶん聞こえた単語は fall ではなく fault（フォールト）です。

語源：
fault はラテン語 fallere（ファッレレ）「欺く、失敗させる」から来ています。そこから古フランス語 faute（フォート）「欠点、過失」を経て、英語 fault「過失、責任、欠点」になりました。
同じ語源の英語：fail（失敗する）、false（偽の）、fallacy（誤った考え、誤謬）、fallible（間違いやすい）。
"
289,"#289  
【Listning】

a bunch of ...
","a bunch of ...
意味：たくさんの?、一群の?、ひとまとまりの?。

日常会話ではかなりカジュアルです。フォーマルな文書では避けて、many / a lot of / numerous / several などにした方がよいです。

例：
I have a bunch of things to do.
やることがたくさんある。

A bunch of people were waiting outside.
たくさんの人が外で待っていた。

I bought a bunch of bananas.
バナナを一房買った。

注意：
a bunch of は、元々「束」「房」という意味なので、a bunch of flowers「花束」、a bunch of grapes「ブドウの房」のようにも使います。そこから「たくさんのもの・人」という意味に広がりました。

語源：
bunch は中英語 bunche（バンチェ）「こぶ、ふくらみ、束」から来た語とされます。さらに古い語源ははっきりしません。読みは「バンチ」です。

同じ bunch を使う表現：
a bunch of flowers：花束
a bunch of grapes：ブドウの房
a bunch of keys：鍵束
thanks a bunch：どうもありがとう、皮肉で「ありがとよ」の意味にもなる
the whole bunch：その一団全部、全部まとめて
"
290,"#290  
【Listning】

意味：電動工具。電気・バッテリー・圧縮空気などの動力で動く工具のことです
","power tool
意味：電動工具。電気・バッテリー・圧縮空気などの動力で動く工具のことです。

例：
drill：電動ドリル
saw：電動のこぎり
sander：電動やすり、研磨機
grinder：研削機、グラインダー
impact driver：インパクトドライバー

power tool は、普通は「工具」の話です。「権力の道具」という意味では通常あまり使いません。比喩で言えば不可能ではありませんが、一般的には「電動工具」です。

語源：
power はラテン語 posse（ポッセ）「できる、能力がある」から、古フランス語 poeir / pouvoir（プヴワール）「力、能力」を経て英語に入りました。
tool は古英語 tol（トール）「道具、器具」から来ています。

同じ語源の英語：
power：力、電力、権力
powerful：強力な
empower：権限を与える、力を与える
toolbox：工具箱
toolkit：道具一式、ツールキット
toolmaker：工具製作者
"
291,"#291  
【Listning】

curator
","curator
意味：キュレーター、学芸員、管理者、選定者。

もともとは、美術館・博物館などで展示品や収蔵品を管理・研究・展示する人、つまり「学芸員」の意味です。最近は、ネット記事・動画・商品などを選んでまとめる人という意味でも使われます。

例：
a museum curator
博物館の学芸員

an art curator
美術展のキュレーター

a content curator
コンテンツを選んで整理・紹介する人

語源：
curator はラテン語 curator（クーラートル）「世話をする人、管理する人」から。
元は curare（クーラーレ）「世話をする、注意を払う、管理する」という動詞です。
さらに cura（クーラ）「注意、世話、配慮」が元です。

同じ語源の英語：
cure：治療する、治療
care：世話、注意
curative：治療の
accurate：正確な
secure：安全な
procure：入手する
manicure：マニキュア、手の手入れ

ポイント：
curator は「ただ紹介する人」よりも、「価値を見て選び、整理し、見せ方まで考える人」という感じです。
"
292,"#292  
【Listning】

subsidy
","subsidy
意味：補助金、助成金、交付金。

政府や自治体などが、企業・団体・個人の負担を軽くするために出すお金です。日本語では「補助金」「助成金」と訳すことが多いです。

例：
government subsidies
政府補助金

a housing subsidy
住宅補助

a subsidy for farmers
農家への補助金

The company receives a subsidy from the government.
その会社は政府から補助金を受けている。

語源：
subsidy はラテン語 subsidium（スブシディウム）「援軍、支援、予備兵力」から来ています。
sub-（スブ）「下に、そばで」＋ sedere（セデーレ）「座る」が元で、「後方に控えて座っている兵力」→「必要なときの支援」→「金銭的支援、補助金」という意味になりました。

同じ語源の英語：
subside：沈静化する、下がる
subsidiary：子会社、補助的な
sedentary：座りがちな
session：会議、会期
residence：住居
president：議長、大統領
insidious：陰険な、知らぬ間に進む

注意：
subsidy は「返さなくてよい補助金」の感じが強いです。loan は「貸付金」、grant は「助成金・交付金」で、subsidy と近いですが、grant の方が研究・教育・公共目的の支援金でよく使われます。
"
293,"#293  
【Listning】

a recruiting agency
","a recruiting agency
意味：人材紹介会社、採用仲介会社、リクルート会社。

会社と求職者の間に入り、求人に合う人を紹介する会社です。日本語では「人材紹介会社」「転職エージェント」「採用代理店」などと言います。

例：
I found the job through a recruiting agency.
私は人材紹介会社を通じてその仕事を見つけました。

The company hired a recruiting agency to find engineers.
その会社はエンジニアを探すために人材紹介会社を使いました。

recruiting は recruit「採用する、募集する」の動名詞・形容詞的用法です。
agency は「代理店、仲介機関、機関」です。

語源：
recruit はフランス語 recruter（ルクリュテ）「兵を補充する」から。さらに re-（レ）「再び」＋ cro?tre（クロワートル）「成長する」が元です。つまり「再び増やす、補充する」→「兵を集める」→「人を採用する」になりました。
同じ語源の英語：increase、decrease、crescent、accrue、crew。

agency はラテン語 agere（アゲレ）「動かす、行う」から。agent「行為者、代理人」＋ -cy「状態・性質」で、「代理して動く機関」という意味です。
同じ語源の英語：agent、act、action、active、agenda、agile。

まとめると、a recruiting agency は「人を採用したい会社の代わりに、候補者を探して紹介する会社」です。
"
294,"#294  
【Listning】

dedicated bus lanes
","dedicated bus lanes
意味：バス専用レーン。

dedicated は「専用の、特定の目的のために割り当てられた」という意味です。dedicated bus lanes は「バスのためだけに確保された車線」という意味になります。

例：
The city introduced dedicated bus lanes to reduce traffic congestion.
市は交通渋滞を減らすためにバス専用レーンを導入した。

Buses can travel faster on dedicated bus lanes.
バスは専用レーンを走ることでより速く移動できる。

注意：
「バス専用レーン」は dedicated bus lane で自然です。複数なら dedicated bus lanes。
bus-only lane もよく使います。こちらはもっと直接的に「バスだけのレーン」という感じです。

語源：
dedicated は dedicate から。
dedicate はラテン語 dedicare（デディカーレ）「宣言する、ささげる、正式に割り当てる」から来ています。
de-（デ）「完全に、離れて」＋ dicare（ディカーレ）「宣言する、示す」が元です。

同じ語源の英語：
dedicate：ささげる、専用にする
dedication：献身、専念、献辞
indicate：示す
predict：予測する
dictate：命令する、書き取らせる
dictionary：辞書

まとめると、dedicated bus lanes は「バス専用レーン」で正しい表現です。少し硬め・交通政策っぽい表現です。日常的には bus-only lane でも通じます。
"
295,"#295  
【Listning】

count on
","count on
意味：?を頼りにする、?を当てにする、?を信頼する。

count on 人 / 物 という形で使います。

例：
You can count on me.
私を頼っていいよ。／任せてください。

We count on your support.
皆さまのご支援を頼りにしています。

Don’t count on him to arrive on time.
彼が時間どおりに来るとは当てにしない方がいい。

「頼りになる」は形容詞的に言うなら reliable が自然です。
He is reliable.
彼は頼りになる。

I can count on him.
私は彼を頼りにできる。＝彼は頼りになる。

語源：
count はラテン語 computare（コンプターレ）「計算する、数える」から来ています。
com-（コン）「一緒に」＋ putare（プターレ）「考える、清算する、計算する」が元です。
on は古英語 on（オン）「上に、接して、?に基づいて」からです。

count on は直訳すると「?の上に計算を置く」ような感じで、「それを計算に入れる」→「当てにする」→「頼る」という意味になりました。

同じ語源の英語：
compute：計算する
computer：コンピューター
account：勘定、説明、口座
accountant：会計士
discount：割引する、割引
recount：詳しく話す、再び数える
countable：数えられる
counter：数える人、カウンター
"
296,"#296  
【Listning】

whereby
","はい、whereby は「関係代名詞」というより、正確には「関係副詞」です。

whereby = by which
意味は「それによって」「その方法によって」です。

この文では、

We've made a special deal with the organizers whereby conference attendees get large discounts on their accommodation.

whereby は、前の a special deal を受けています。

a special deal whereby conference attendees get large discounts
= a special deal by which conference attendees get large discounts
= 会議参加者が割引を受けられるような特別契約

つまり、which のように名詞そのものを受ける関係代名詞ではなく、「by which」という副詞句の働きをするので、関係副詞と考えるのが普通です。

比較すると、

関係代名詞：
This is the deal which we made.
これは私たちが結んだ契約です。
which は made の目的語。

関係副詞 whereby：
This is the deal whereby attendees get discounts.
これは参加者が割引を受けられる契約です。
whereby = by which で、「その契約によって」。

注意点：
whereby は where「場所」の意味ではありません。形は where に似ていますが、意味は「それによって」です。フォーマルな書き言葉・契約・制度説明でよく使います。
"
297,"#297  
【Listning】

inclement weather
","inclement weather
意味：悪天候、荒れた天気、厳しい天候

例：
The event was canceled due to inclement weather.
悪天候のため、イベントは中止されました。

inclement は「天候が厳しい、荒れた」という意味の形容詞です。日常会話よりも、案内・通知・ニュース・会社の連絡などで使うややフォーマルな表現です。TOEICにも出てもおかしくありません。

incremented は increment「増加する、増やす」の過去分詞なので、incremented weather だと普通は意味が通りません。「増加された天気」のようになってしまいます。

語源：
inclement はラテン語 in-（イン）「否定」＋ clemens（クレーメンス）「穏やかな、慈悲深い」から来ています。
つまり inclement は「穏やかでない」→「天候が荒れた、厳しい」という意味です。

同じ語源の英語：
clemency：寛大さ、慈悲
clement：穏やかな、温和な
Clement：クレメント、人名
inclemency：悪天候、厳しさ
"
298,"#298  
Unfortunately, on this occasion, we have decided 〇
〇　with your application.
","not to proceed 

意味：
残念ながら、今回はあなたの応募・申請を進めないことに決定しました。

自然な日本語：
残念ながら、今回は不採用とさせていただきます。
残念ながら、今回は選考を見送らせていただくことになりました。

語句：
unfortunately = 残念ながら
on this occasion = 今回は、この機会においては
decide not to ～ = ～しないことに決める
proceed with ～ = ～を進める
application = 応募、申請、申し込み

ポイント：
直接 “We rejected you.” とは言わず、かなり丁寧で遠回しな不採用通知です。job application なら「採用選考を進めない」、visa/application/form なら「申請を進めない」という意味になります。

語源：
unfortunately は in- / un-「否定」＋ fortune「運、幸運」から。fortune はラテン語 fortuna（フォルトゥーナ）「運、幸運、運命」。
同じ語源：fortunate（幸運な）、misfortune（不運）、fortune-teller（占い師）

occasion はラテン語 occasio（オッカシオー）「機会、きっかけ」から。元は occidere（オッキデレ）「落ちる、起こる」に関係。
同じ語源：occasional（時々の）、occasionally（時々）

proceed はラテン語 procedere（プロケーデレ）「前へ進む」から。pro-（前へ）＋ cedere（ケーデレ／退く、進む）。
同じ語源：process（過程）、procedure（手続き）、precede（先行する）、succeed（成功する、後に続く）、concede（認める、譲歩する）

application はラテン語 applicare（アプリカーレ）「貼り付ける、適用する」から。ad-（?へ）＋ plicare（プリカーレ／折る、重ねる）。
同じ語源：apply（応募する、適用する）、applicant（応募者）、appliance（器具）、imply（暗示する）、complicate（複雑にする）
"
299,"#299  
郵便では、Through the mailと英語で言うが、By the mailとは言わないか。
","結論：普通は by mail または through the mail と言います。by the mail は基本的に不自然です。

正しい形：
send it by mail
郵便で送る

send it through the mail
郵便制度を通して送る

receive it in the mail
郵便で受け取る

不自然：
send it by the mail
これは通常言いません。

理由：
by は「手段」を表すとき、交通・通信手段には冠詞 the を付けないことが多いです。
by mail
by email
by post
by train
by bus
by air

一方、through the mail は「郵便という仕組み・経路を通して」という感じなので、the mail になります。mail が「郵便制度」「郵便物の流れ」という名詞として扱われています。

例：
We sent the documents by mail.
私たちは書類を郵便で送りました。

We sent the documents through the mail.
私たちは書類を郵便で送りました。
こちらは「郵便ルートを使って」という感じが少し強いです。

I got the letter in the mail.
その手紙を郵便で受け取った。

注意：
アメリカ英語では by mail / through the mail / in the mail がよく使われます。
イギリス英語では by post / in the post もよく使われます。

語感：
by mail = 郵送で、手段として郵便を使って
through the mail = 郵便制度を通して
in the mail = 郵便で届いて、郵便物の中に入っている感じ

TOEICなら、send / receive / deliver / return などと一緒に出た場合、まず by mail, by post, through the mail, in the mail を疑うとよいです。
"
300,"#300  
【Listning】

One of the women is sipping through a straw.
","写真は男に見える！
"
301,"#301  
お勘定をお願いします。
","Can I have the check, please?
お会計をお願いします。

Check, please.
お勘定お願いします。

ただし、より自然なのは the check です。a check でも通じますが、「その食事の会計」という特定のものなので the check がよく使われます。

イギリス英語では check より bill が普通です。

Could I have the bill, please?
お会計をお願いします。

日本人がレストランで使うなら、無難なのはこれです。

Could I have the check, please?
お会計をお願いします。

なお、check には「小切手」という意味もありますが、レストランでは the check と言えば「伝票・勘定書」の意味になります。
"
302,"#302  
私の図書館の本の返却期限はいつですか
","When will my library book be due?
私の図書館の本の返却期限はいつですか。

意味：
図書館で借りた本について、「いつ返さなければなりませんか」と聞く表現です。

より自然には：
When is my library book due?
私の図書館の本の返却期限はいつですか。

When are my library books due?
私の図書館の本はいつ返却期限ですか。

ポイント：
due は「期限が来ている」「支払期日・提出期限・返却期限である」という意味です。
library book is due = 図書館の本の返却期限が来る

When will my library book be due? も文法的には正しいですが、普通の会話では When is my library book due? の方が自然です。

例：
The book is due tomorrow.
その本は明日が返却期限です。

My report is due on Friday.
私のレポートは金曜日が提出期限です。

Payment is due by the end of the month.
支払いは月末までです。

語源：
due はラテン語 debere（デベーレ）「借りている、義務がある」から、古フランス語 deu（デュ）を経て英語に入りました。
同じ語源：
debt 借金
duty 義務
duly 正式に、適切に
debit 借方、引き落とし
"
303,"#303  
Mentor some students.
","Mentor some students. ＝ 何人かの学生を指導する、助言する、面倒を見る。

mentor は名詞でも動詞でも使えます。名詞なら「指導者、助言者、メンター」。動詞なら「指導する、助言する、育成する」です。

例：
She mentors some students after school.
彼女は放課後に何人かの学生を指導している。

He volunteered to mentor some students.
彼は何人かの学生の指導役を引き受けた。

注意：
Mentor, some students. のようにカンマを入れるのは普通は不自然です。動詞として使うなら Mentor some students. と続けます。命令文なら「何人かの学生を指導しなさい」という意味になります。

語源：
mentor は、ギリシャ神話『オデュッセイア』に出る Mentor（メントール／メンター）という人物名から来ています。オデュッセウスが旅に出るとき、息子テレマコスの世話を Mentor に頼んだことから、「若者を導く助言者」という意味になりました。

同じ語源・関連語：
mentorship：指導関係、メンター制度
mentee：指導を受ける人、メンティー
mentorless：指導者のいない
mentoring：指導、助言活動
"
304,"#304  
A project was undertaken.
","A project was undertaken.
あるプロジェクトが着手された／実施された。

undertake は「引き受ける」「着手する」「実施する」という意味です。
undertaken は undertake の過去分詞です。

文法：
A project = 主語「あるプロジェクト」
was undertaken = 受け身「実施された、着手された」

能動態にすると：
They undertook a project.
彼らはプロジェクトに着手した。

受動態：
A project was undertaken.
プロジェクトが実施された。

undertake はややフォーマルです。普通の言い方なら：
A project was started.
プロジェクトが始められた。

A project was carried out.
プロジェクトが実施された。

A project was launched.
プロジェクトが開始された。

語源：
undertake は under + take からできています。
under は古英語 under（アンダー）「下に」。
take は古ノルド語 taka（タカ）「取る、つかむ」。
undertake はもともと「下で支えるように引き受ける」→「責任を持って引き受ける、実行する」という意味になりました。

同じ take 系の語：
take：取る
mistake：間違える
overtake：追い越す
partake：参加する、分け合う
undertaking：事業、仕事、引き受けたこと
"
305,"#305  
Locate a video.
","Locate a video.
動画を探す／動画の場所を見つける。

locate は「位置を特定する」「見つける」という意味です。find より少し硬めで、「場所を突き止める」という感じがあります。

例：
Please locate the video file.
その動画ファイルを見つけてください。

I can’t locate the video.
その動画が見つかりません。

We need to locate a video for the presentation.
プレゼン用の動画を探す必要があります。

find との違い：
find a video = 動画を見つける。普通の表現。
locate a video = 動画の所在を突き止める。ややフォーマル、事務的。

語源：
locate はラテン語 locus（ロクス）「場所」から来ています。そこから location（場所、位置）、local（地元の、局所的な）などができました。

同じ語源：
location：場所、位置
local：地元の、局所的な
locally：地元で、局所的に
allocate：割り当てる
relocate：移転する
dislocate：脱臼させる、位置をずらす
locus：場所、中心点
"
306,"#306  
Irrigation system
","Irrigation system
灌漑システム、かんがい設備。

意味：
irrigation は「灌漑」、つまり農地・畑・芝生などに人工的に水を送ることです。
system は「仕組み、設備、システム」です。

Irrigation system は、
「農地などに水を供給する設備」
「畑に水をまく仕組み」
という意味です。

例：
The farm installed a new irrigation system.
その農場は新しい灌漑システムを導入した。

The irrigation system supplies water to the fields.
その灌漑システムは畑に水を供給している。

TOEICなら：
irrigation system は、農業・造園・施設管理の文脈で出やすいです。
「watering system（水やり設備）」より少し専門的・フォーマルです。

語源：
irrigation はラテン語 irrigare（イリガーレ）「水を引く、水を注ぐ」から来ています。
in-（イン）「中へ」＋ rigare（リガーレ）「水を流す、湿らせる」という形です。

同じ語源：
irrigate：灌漑する、水を引く
irrigated：灌漑された
irrigator：灌漑装置、灌漑する人
irrigable：灌漑できる

system の語源：
system はギリシャ語 syst?ma（システーマ）「組み立てられたもの、全体」から来ています。
syn-（シン）「一緒に」＋ histanai（ヒスタナイ）「立てる」が元です。

同じ語源：
systematic：体系的な
systematically：体系的に
ecosystem：生態系
subsystem：下位システム
systematize：体系化する
"
307,"#307  
pottery studio
","pottery studio
陶芸スタジオ、陶芸工房。

意味：
pottery = 陶器、焼き物、陶芸
studio = スタジオ、工房、制作室

pottery studio は「陶芸をする場所」「陶器を作る工房」という意味です。ろくろ、粘土、窯などがある場所を指します。

例：
She takes classes at a pottery studio.
彼女は陶芸スタジオで教室に通っています。

The pottery studio offers weekend workshops.
その陶芸工房では週末のワークショップを開いています。

語源：
pottery は pot（ポット）「つぼ、鍋、容器」＋ -ery（エリー）「場所、行為、製品」を表す語尾です。
pot は古英語 pott（ポット）「つぼ、容器」から来ています。

studio はラテン語 studium（ストゥディウム）「熱心さ、学習、研究」から、イタリア語 studio（ストゥーディオ）「勉強部屋、制作室」を経て英語に入りました。

同じ語源：
pot：つぼ、鍋
potter：陶工、陶芸家
pottery：陶器、陶芸、陶芸工房
teapot：急須、ティーポット
flowerpot：植木鉢
study：勉強する、研究する
student：学生
studious：勉強熱心な
studio：スタジオ、工房
"
308,"#308  
contact info
","書いてあるの見ればわかるば、リスニングだと戸惑う。

contact info = 連絡先情報。

意味：
contact = 連絡、接触する
info = information の略で「情報」

contact info は、電話番号、メールアドレス、住所、担当者名などの「連絡先情報」を指します
"
309,"#309  
be endorsed by
","be endorsed by
～によって支持される、承認される、推薦される。

意味：
endorse は「支持する」「承認する」「推薦する」という意味です。
be endorsed by ～ は受け身で、「～によって支持されている／承認されている／推薦されている」となります。

例：
The product is endorsed by many doctors.
その製品は多くの医師に推薦されている。

The proposal was endorsed by the committee.
その提案は委員会によって承認された。

The candidate was endorsed by several organizations.
その候補者は複数の団体から支持を受けた。

TOEICでは：
be endorsed by a company
会社によって推薦される／承認される

be endorsed by the board
取締役会によって承認される

be endorsed by experts
専門家によって推薦される

注意：
「有名人が商品を宣伝・推薦する」という意味でもよく使います。
This watch is endorsed by a famous athlete.
この時計は有名なスポーツ選手が推薦している。

語源：
endorse はラテン語 in dorsum（イン・ドルスム）「背中に」から来ています。
dorsum（ドルスム）は「背中」という意味です。
もともとは「書類の裏に署名する」→「正式に承認する」→「支持・推薦する」という意味に広がりました。

同じ語源：
dorsal：背中の、背側の
endorsement：承認、支持、推薦
endorser：推薦者、裏書人
dorsum：背中、背面
"
310,"#310  
Curator
","Curator
キュレーター、管理者、学芸員、展示企画者。

意味：
curator は、美術館・博物館などで、展示物や資料を管理し、展示内容を企画する人です。日本語では「学芸員」と訳されることが多いです。最近では、ネット記事・動画・商品などを選んでまとめる人にも curator を使います。

例：
She works as a curator at an art museum.
彼女は美術館で学芸員として働いています。

The curator selected paintings for the exhibition.
キュレーターが展覧会用の絵を選びました。

比喩的な使い方：
a content curator
コンテンツを選んで整理する人

curated content
選び抜かれたコンテンツ

語源：
curator はラテン語 curator（クラートル）「世話をする人、管理する人」から来ています。
元は curare（クーラーレ）「世話をする、管理する、治療する」。
さらに cura（クーラ）「世話、注意、心配」が元です。

同じ語源：
cure：治療する、治療
care：世話、注意
curious：好奇心のある
curiosity：好奇心
accurate：正確な
procure：調達する
secure：安全な、確保する
curator：管理者、学芸員
curation：選定、編集、展示企画
"
311,"#311  
Complimentary
","Complimentary
無料の、サービスの／ほめる、称賛の。

意味は大きく2つあります。

無料の、サービスで提供される
例：
complimentary breakfast
無料の朝食

complimentary drink
サービスの飲み物

complimentary ticket
招待券、無料チケット

ホテル・レストラン・イベントでよく出ます。

ほめる、称賛の
例：
a complimentary remark
ほめ言葉

He was very complimentary about her work.
彼は彼女の仕事をとてもほめていた。

注意：
complimentary と complementary は別語です。

complimentary = 無料の／ほめる
complementary = 補完的な、互いに補い合う

語源：
complimentary は compliment から来ています。
compliment はイタリア語 complimento（コンプリメント）「礼儀、敬意の表現」から、さらにラテン語 complere（コンプレーレ）「満たす、完成させる」に関係します。
com-（コン）「完全に」＋ plere（プレーレ）「満たす」が元です。

「相手を満たす言葉」→「ほめ言葉」→「好意として無料で提供されるもの」という意味に広がりました。

同じ語源：
compliment：ほめ言葉、ほめる
complimentary：無料の、称賛の
complete：完成した
completion：完成
complement：補完するもの
complementary：補完的な
plenty：たくさん
replete：満ちた
"
312,"#312  
abundance of
","abundance of
豊富な～、たくさんの～。

意味：
an abundance of + 名詞
= 大量の～、豊富な～

例：
an abundance of information
豊富な情報

an abundance of natural resources
豊富な天然資源

an abundance of food
たくさんの食べ物

TOEICでは、a lot of より少し硬めで、文書・説明文で出やすい表現です。

注意：
普通は an abundance of の形が多いです。
abundance of だけで使うこともありますが、学習上は an abundance of と覚えるとよいです。

例文：
The region has an abundance of fresh seafood.
その地域には新鮮な魚介類が豊富にある。

There is an abundance of evidence to support the claim.
その主張を裏付ける証拠が豊富にある。

語源：
abundance はラテン語 abundantia（アブンダンティア）「豊富さ」から来ています。
元は abundare（アブンダーレ）「あふれる」。
ab-（アブ）「離れて、外へ」＋ unda（ウンダ）「波、水」が元です。
つまり「波のようにあふれ出る」→「豊富」という意味です。

同じ語源：
abundant：豊富な
abundance：豊富さ
abundantly：豊富に
undulate：波打つ
inundate：水浸しにする、殺到させる
redundant：余分な、冗長な
"
313,"#313  
Also, skip naps.
","Also, skip naps.
また、昼寝はしないでください。

ただし、少し強いので自然には：

Also, avoid naps.
また、昼寝は避けてください。

Also, try to avoid taking naps.
また、できるだけ昼寝は避けてください。

come はここでは不要です。come は「来る」なので、also come skip naps だと「また来て昼寝を抜く」のような変な形になります。

全体なら：

First, drink plenty of water. Staying hydrated is key to feeling good. Also, try to avoid taking naps.
"
314,"#314  
clamp 

vise / vice 
","clamp = 一時的に挟んで固定する道具全般
vise / vice = 作業台などに固定された強力な挟み具、万力
"
315,"#315  
minutes
","はい、その感覚でよいです。TOEICで minutes を見たら、まず「分」ではなく「議事録」かもしれない、と疑う価値があります。

特に次の形なら、ほぼ「議事録」です。

meeting minutes
会議の議事録

the minutes of the meeting
その会議の議事録

take minutes
議事録を取る

prepare the minutes
議事録を作成する

review the minutes
議事録を確認する

distribute / circulate the minutes
議事録を配布する、回覧する

例：
Please review the minutes from yesterday’s meeting.
昨日の会議の議事録を確認してください。

この minutes は「数分」ではありません。「会議の記録」です。

ただし、数字が前にある場合は普通に「分」です。

in ten minutes
10分後に

for 30 minutes
30分間

within five minutes
5分以内に

つまり、TOEICではこう見るとよいです。

meeting / conference / board / committee / agenda / review / approve / distribute / take と一緒に出たら「議事録」。
ten / thirty / few / several / within / for / in と一緒に出たら「分」。

覚え方：
minutes は「細かい記録」→「議事録」。
minute の語源はラテン語 minutus（ミヌートゥス）「小さい、細かい」です。
細かい時間単位なら「分」、会議の細かい記録なら「議事録」です。
"
316,"#316  
galvanized
","galvanized（ガルバナイズド）は、主に2つの意味があります。

1つ目は「亜鉛メッキされた」です。金属、特に鉄や鋼を亜鉛でコーティングして、さびにくくした状態です。建材・配管・金網などでよく出ます。

galvanized steel
亜鉛メッキ鋼

galvanized iron
亜鉛メッキ鉄

galvanized pipe
亜鉛メッキ管

2つ目は「刺激を受けて行動を起こした」「奮起させられた」です。人や組織に使う比喩表現です。

The news galvanized the team into action.
その知らせでチームは奮起して行動を起こした。

The incident galvanized public opinion.
その事件が世論を刺激した。

TOEICでは、建材・製品説明なら「亜鉛メッキされた」、人・団体・世論・行動と一緒なら「奮起させた／行動に駆り立てた」と見るとよいです。

語源：
galvanize は、イタリアの科学者 Luigi Galvani（ルイージ・ガルヴァーニ）に由来します。Galvani は電気刺激で筋肉が動く現象を研究した人物です。そこから galvanize は「電気で刺激する」→「刺激して行動させる」になりました。また、金属を電気化学的に処理して亜鉛メッキする意味にもなりました。

同じ語源：
galvanize「刺激して行動させる、亜鉛メッキする」
galvanic「電流の、電気刺激の」
galvanism「動物電気、電気刺激作用」
galvanization「亜鉛メッキ、刺激して行動させること」
"
317,"#317  
TOEICの試験で固有名詞がたくさん出てくる問題は、時間をかけない。もうそれは捨てる。
","その方針はかなり現実的です。TOEICで固有名詞が多い問題は、会社名・人名・部署名・商品名が多くて、内容理解に時間を取られやすいです。特にリーディング後半では、そこで粘ると後ろの簡単な問題を落とす危険があります。

ただし「完全に読まないで捨てる」よりは、まず設問だけ見て、答えの場所がすぐ見つかるかを確認するのがよいです。

実戦ルールとしては：

固有名詞が多い
文書が複数ある
人名・部署名・日付・商品名が入り乱れている
1問目から根拠探しに時間がかかる

この場合は、深追いしない。30秒から40秒探して根拠が見えなければ、いったんマークして次へ進む。

TOEICでは、固有名詞そのものを覚える必要はあまりありません。見るべきなのは「誰が」「何を」「いつ」「どこで」ではなく、設問で聞かれているキーワードと本文中の対応箇所です。

例えば、
Who is Mr. Brown?
When will the event take place?
What is suggested about ABC Company?
みたいな問題なら、固有名詞を全部理解しようとせず、Mr. Brown / event / ABC Company の周辺だけ見ればよいです。

結論：
「固有名詞が多い問題は時間をかけない」は正しい。ただし、最初から完全に捨てるより、「設問→本文の該当箇所だけ探す→見つからなければ捨てる」が一番点数に残りやすいです。
"
318,"#318  
Tapestry
","Tapestry（タペストリー）

意味：

壁掛け用の織物、つづれ織り
絵や模様を織り込んだ厚手の布です。壁に飾る装飾品として使われます。

例：
a medieval tapestry
中世のタペストリー

a wall tapestry
壁掛けの織物

複雑に組み合わさったもの
比喩で「さまざまな要素が織り合わさったもの」という意味でも使います。

例：
The city is a rich tapestry of cultures.
その都市は多様な文化が織り合わさった豊かな場所だ。

語源：
tapestry は古フランス語 tapisserie（タピスリー）「じゅうたん、壁掛け織物」から英語に入りました。
さらに元はギリシャ語 tapes（タペース）「じゅうたん、敷物」にさかのぼるとされます。

同じ語源の英語：
tapis「敷物、じゅうたん」
tapisserie「タピスリー、つづれ織り」
tapestry は「糸で絵や模様を織り込んだ布」から、「いろいろなものが複雑に織り合わさったもの」という比喩にも広がりました。
"
319,"#319  
Some drums are being put away in cases.
","Some drums are being put away in cases.
いくつかのドラムがケースにしまわれているところです。　← 出すのではなくしまう。

ポイント：
Some drums = いくつかのドラム、太鼓
are being put away = しまわれているところ、片付けられているところ
in cases = ケースの中に

put away は「片付ける、しまう」。
be being + 過去分詞 は「今まさに?されているところ」という受け身の進行形です。

put away の例：
The tools are being put away.
工具が片付けられているところです。

The documents were put away in a drawer.
書類は引き出しにしまわれました。

TOEIC Part 1なら、写真で「ドラムをケースに入れている最中」または「ドラムがケースに収納されている様子」なら正解になり得ます。単にケースの近くに置いてあるだけなら、being put away は少し強すぎます。
"
320,"#320  
refrain from
","refrain from 〇〇 は、「〇〇を控える」「〇〇しないようにする」という意味です。

形は：

refrain from + 名詞
refrain from + 動名詞 ing

例：
refrain from eating
食べるのを控える

refrain from smoking
喫煙を控える

refrain from talking
話すのを控える

refrain from using mobile phones
携帯電話の使用を控える

Please refrain from eating or drinking here.
ここでの飲食はお控えください。

Please refrain from taking photos.
写真撮影はお控えください。

Please refrain from making noise.
騒音を出すのはお控えください。

ポイント：
refrain は「控える」というフォーマルな語です。掲示・案内・ルール説明でよく使います。会話では don’t や avoid の方が普通です。

Please don’t eat here.
ここで食べないでください。

Please avoid eating here.
ここで食べるのは避けてください。

TOEICでは、refrain が出たら、ほぼ refrain from ～ing と見てよいです。
"
321,"#321  
The firm's 〇〇 strategy is quite different from that of the competitors.

A. hired
B. to hire
C. hires
D. hiring
","正解：D. hiring

The firm's hiring strategy is quite different from that of the competitors.
その会社の採用戦略は、競合他社の採用戦略とはかなり異なっている。

hiring strategy で「採用戦略」です。hiring が名詞 strategy を前から修飾しています。

A. hired は「採用された」という過去分詞なので、hired strategy だと「採用された戦略」のようになり不自然。
B. to hire は strategy to hire employees ならあり得ますが、空欄直後が strategy なので不自然。
C. hires は動詞または「新規採用者」の複数で、hires strategy とは普通言いません。
D. hiring が正解です。
"
322,"#322  
The branch office in Tokyo will be closed on Thursday and Friday, 〇〇 a national holiday.

A. at
B. of
C. for
D. with
","正解：C. for

The branch office in Tokyo will be closed on Thursday and Friday, for a national holiday.
東京支店は、国民の祝日のため、木曜日と金曜日は休業します。

for a national holiday = 国民の祝日のために、祝日で

理由：
ここでは「休業する理由」を表しているので for が合います。

be closed for ～
～のため休業している

例：
The office will be closed for maintenance.
事務所はメンテナンスのため休業します。

The store is closed for renovation.
その店は改装のため休業しています。

A. at は「時点・場所」なので不可。
B. of は「所属・関係」なので不可。
D. with は「一緒に、～を伴って」なので不可。

TOEICでは、closed for maintenance / closed for renovation / closed for a holiday の形で覚えるとよいです。
"
323,"#323  
Kamiko broadband service earned excellent ratings for 〇〇 on the latest consumer survey.

A. reliable
B. reliability
C. reliably
D. rely
","正解：B. reliability

Kamiko broadband service earned excellent ratings for reliability on the latest consumer survey.
Kamikoのブロードバンドサービスは、最新の消費者調査で信頼性について高い評価を得ました。

ポイント：★★★
for の後ろには名詞が必要です。したがって、名詞の reliability「信頼性」が正解です。

A. reliable
形容詞。「信頼できる」。for reliable とは言えない。

B. reliability
名詞。「信頼性」。for reliability で「信頼性について」。

C. reliably
副詞。「信頼できるように」。for reliably は不可。

D. rely
動詞。「頼る」。for rely は不可。

覚え方：
rely = 頼る
reliable = 信頼できる
reliably = 信頼できる形で
reliability = 信頼性

TOEICでは、前置詞の後ろは基本的に名詞です。今回は for 〇〇 なので、名詞 reliability を選びます。
"
324,"#324  
〇〇　volunteered to complete the report, so Ms. Hughes assigned it to Mr. Nakamura.
","正解：C. no one

No one volunteered to complete the report, so Ms. Hughes assigned it to Mr. Nakamura.
誰もその報告書を完成させると申し出なかったので、ヒューズさんはそれを中村さんに割り当てました。

ポイント：
空欄は文の主語です。volunteered は動詞なので、その前には主語になる名詞・代名詞が必要です。

C. no one = 誰も?ない
No one volunteered = 誰も志願しなかった

A. have not
主語がないので不可。have not volunteered なら「志願していない」ですが、この文では volunteered と過去形がすでにあります。

B. having nobody
having は分詞で、主語になりにくいです。Having nobody volunteered とは言いません。

D. no
no は形容詞なので、後ろに名詞が必要です。no employees volunteered なら可能ですが、no volunteered は不可です。

TOEICでは、no one / nobody は単数扱いです。
No one volunteers.
No one volunteered.
のように使います。
"
325,"#325  
Scavenger
","Scavenger（スカベンジャー）

意味：

腐肉を食べる動物、清掃動物
死んだ動物や腐ったものを食べる動物のことです。

例：
Vultures are scavengers.
ハゲワシは腐肉を食べる動物です。

ごみ・廃品をあさる人
使えるものを探して、ごみや廃品を集める人。

TOEICで出るなら、scavenger hunt「宝探しゲーム、借り物競争」の形もあります。これは、リストにある物を探し集めるゲームです。

例：
scavengers looking for scrap metal
くず鉄を探す廃品回収者たち

不要物を取り除くもの
機械・化学・生物の分野で「不要物を除去するもの」という意味でも使います。

例：
oxygen scavenger
酸素除去剤

語源：
scavenger は中英語 scavager（スカヴァジャー）に由来します。これはもともと「税を集める役人、通りを清掃させる役人」のような意味でした。さらに古フランス語 escauwage（エスコーワージュ）「検査、徴税」に関係するとされます。のちに「街の汚物を片付ける人」→「ごみをあさる人」→「死骸を食べる動物」という意味に広がりました。

同じ語源・関連語：
scavenge「ごみをあさる、廃品を集める、不要物を除去する」
scavenging「ごみあさり、清掃、除去」
oxygen scavenger「酸素除去剤」
free-radical scavenger「フリーラジカル除去物質」

"
326,"#326  
blue tarp
","blue tarp（ブルー・タープ）は、「青い防水シート」「ブルーシート」のことです。

日本語の「ブルーシート」にかなり近いです。ただし英語では blue sheet とはあまり言わず、blue tarp または blue tarpaulin と言います。

tarp = tarpaulin の短縮形
tarpaulin = 防水布、防水シート

例：
Cover it with a blue tarp.
それをブルーシートで覆ってください。

They put a blue tarp over the roof.
彼らは屋根にブルーシートをかけた。

The supplies were stored under a tarp.
物資は防水シートの下に保管されていた。

語源：
tarpaulin は tar（ター）「タール、防水用の黒い油状物質」＋ palling / pall（ポール）「覆い布」に関係するとされます。もともとは、船員が布にタールを塗って防水した覆いから来ています。

同じ語源・関連語：
tar「タール」
tarp「防水シート」
tarpaulin「防水布、防水シート」
pall「覆い布、棺を覆う布」
pallet「荷台、パレット」※直接同語源とは限らないが、形が似ているので混同注意

TOEICや日常英語では、blue tarp = ブルーシート、と覚えてよいです。

語源：
tarpaulin は tar（ター）「タール、防水用の油状物質」＋ palling / pall（ポール）「覆い布」に関係するとされます。昔、船で使う布にタールを塗って防水したことから、「タールを塗った覆い布」→「防水シート」という意味になりました。

同じ語源・関連語：
tar「タール」
tarp「防水シート」
tarred「タールを塗った」
pall「覆い布、棺を覆う布」
pallbearer「棺を担ぐ人」
"
327,"#327  
Display marketing materials.
","Display marketing materials.

意味：
販促資料を展示する。

marketing materials = 販促資料、宣伝資料、マーケティング用資料
"
328,"#328  
clearance
","すき間、間隔
機械・建築・車などで、部品と部品の間の「すき間」です。

例：
"
329,"#329  
waive
","waive（ウェイブ）

意味：
権利・請求・条件などを放棄する、免除する。

例：
waive a fee
手数料を免除する

waive the right to appeal
控訴する権利を放棄する

waive a requirement
要件を免除する

The bank waived the service fee.
銀行はサービス手数料を免除した。

TOEICでは、fee / charge / requirement / right / penalty などと一緒に出やすいです。

注意：
wave（ウェイブ）「手を振る、波」と発音は同じですが、意味もスペルも違います。

waive = 放棄する、免除する
wave = 手を振る、波

語源：
waive は古フランス語 weyver / waiver（ウェイヴェル／ウェイヴァー）「放棄する、見捨てる」から来ています。さらに古ノルド語 veifa（ヴェイファ）「振る、揺らす」と関係があるとされます。「手を振って手放す」ような感覚から、「権利を放棄する」になりました。

同じ語源・関連語：
waiver「権利放棄、免除書」
waive「放棄する、免除する」
wave「手を振る、波」※直接の区別は必要だが、語源的に近いとされることがあります。
waver「揺れる、迷う」
"
330,"#330  
What is suggested about Mr. Kemp?
","What is suggested about Mr. Kemp?
ケンプさんについて何が示唆されていますか。
ケンプさんについて何が分かりますか。

suggested はここでは「提案された」ではなく、「本文から分かる」「暗示されている」という意味です。

TOEICでは、
What is suggested about ～?
= ～について、本文から何が推測できますか。
= ～について、何が分かりますか。

答え方は、本文にそのまま書いてあることではなく、少し言い換えられた内容を選ぶことが多いです。

例：
Mr. Kemp recently joined the company.
ケンプさんは最近その会社に入った。

本文では、
Mr. Kemp attended orientation last week.
ケンプさんは先週オリエンテーションに参加した。
のように書かれていて、そこから「最近入社した」と推測する感じです。
"
331,"#331  
attire
","attire（アタイア）

意味：
服装、衣装、身なり。ややフォーマルな語です。

例：
business attire
ビジネス服、仕事用の服装

formal attire
正装、フォーマルな服装

casual attire
カジュアルな服装

appropriate attire
適切な服装

Please wear appropriate attire for the ceremony.
式典には適切な服装でお越しください。

TOEICでは、dress code「服装規定」と一緒に出やすいです。

例：
The invitation states that formal attire is required.
招待状には正装が必要だと書かれています。

語源：
attire は古フランス語 atirer（アティレ）「整える、準備する、装う」から英語に入りました。さらに a-「?へ」＋ tire「整える、並べる」という感覚です。もともとは「整える」→「身なりを整える」→「服装」という意味になりました。

同じ語源・関連語：
attired「服を着た、装った」
tire「装い、頭飾り」※古い意味
entire「完全な」※語源的には別系統だが形が似ているので混同注意

注意：
attire は不可算名詞として使うことが多いです。
正：formal attire
不自然：a formal attire

普通の会話なら clothes「服」の方が一般的です。
attire は案内文・招待状・会社規則・イベント説明でよく使う少し硬い表現です。
"
332,"#332  
agenda
","agenda は、会議で「何を、どの順番で話すか」を書いたものです。日本語では「議題」「議事日程」「会議の進行表」と訳せます。

例：
Please check the agenda before the meeting.
会議の前に進行表を確認してください。

The agenda includes three main topics.
アジェンダには主な議題が3つ含まれています。

The next item on the agenda is the budget.
次の議題は予算です。

注意：
agenda は「議事録」ではありません。
議事録は minutes です。

agenda = 会議の前に見るもの。これから話す内容・順番。
minutes = 会議の後に残すもの。話し合った内容の記録。

TOEICでは、
review the agenda = 議題・進行表を確認する
prepare the agenda = 議題・進行表を作る
take minutes = 議事録を取る
と覚えるとよいです。
"
333,"#333  
facilitator
","facilitator（ファシリテイター）

意味：
会議や研修、話し合いを円滑に進める人。日本語では「進行役」「調整役」「司会進行役」に近いです。

例：
The facilitator explained the agenda.
進行役が会議の進行表を説明した。

A facilitator will guide the discussion.
ファシリテイターが議論を進行します。

役割：
facilitator は、単に司会をするだけでなく、参加者が話しやすいようにする、意見を整理する、時間を管理する、議論が脱線しないようにする、合意形成を助ける、という役割です。

chairperson / moderator との違い：
chairperson = 会議の議長。権限が強め。
moderator = 討論会・パネル discussion の進行役。
facilitator = 参加者の話し合いを円滑に進める支援役。

語源：
facilitate はラテン語 facilis（ファキリス）「簡単な、やりやすい」から来ています。さらに facere（ファケレ）「作る、行う」が元です。
facilitator は「物事をやりやすくする人」という意味です。

同じ語源：
facility「施設、設備、便利さ」
facile「たやすい、安易な」
facilitate「容易にする、促進する」
fact「事実」
factory「工場」
manufacture「製造する」
"
334,"#334  
The facilitators have not been finalized.
","The facilitators have not been finalized. は、普通は「ファシリテーターが誰になるか、まだ確定していない」という意味です。

finalize は「最終決定する、確定する」なので、

The facilitators have not been finalized.
ファシリテーターの人選はまだ確定していません。
ファシリテーターが誰になるかはまだ決まっていません。

という意味になります。

「ファシリテーターが何をやるか決まっていない」と言いたいなら、普通はこう言います。

The facilitators’ roles have not been finalized.
ファシリテーターの役割はまだ確定していません。

The responsibilities of the facilitators have not been finalized.
ファシリテーターの担当業務はまだ確定していません。

The agenda for the facilitators has not been finalized.
ファシリテーター用の進行内容はまだ確定していません。

つまり、
facilitators have not been finalized = 誰がファシリテーターになるか未確定
facilitators’ roles have not been finalized = ファシリテーターの役割が未確定
です。
"
335,"#335  
She will not attend the meeting in person.
","in person は「本人が直接」「対面で」「実際にその場に行って」という意味です。

She will not attend the meeting in person.
彼女はその会議に対面では出席しません。
彼女は会議の場には直接来ません。

つまり、欠席する可能性もありますが、文だけを見ると「対面では出ない」という意味です。オンラインで参加する可能性は残ります。

比較：
She will attend the meeting in person.
彼女は会議に直接出席します。

She will attend the meeting online.
彼女はオンラインで会議に出席します。

She will not attend the meeting.
彼女は会議に出席しません。

語源：
person はラテン語 persona（ペルソナ）「仮面、登場人物、人」に由来します。
in person は「人としてその場にいる」→「本人が直接、対面で」という意味になりました。

同じ語源：
personal：個人の
personnel：職員、人員
personality：性格、人格
impersonate：なりすます
personify：擬人化する
"
336,"#336  
She did not answer all of Mr. Nielsen’s questions.
","英文が She did not answer all of Mr. Nielsen’s questions. なら、意味は「ミスター・ニールセンの質問すべてに答えたわけではない」です。

つまり、「いくつかは答えたが、全部には答えなかった」という意味です。

全部一つも答えなかったなら、普通はこう言います。

She did not answer any of Mr. Nielsen’s questions.
彼女はミスター・ニールセンの質問に一つも答えなかった。

整理すると：

She did not answer all of his questions.
彼の質問すべてには答えなかった。
＝一部は答えた可能性が高い。

She answered none of his questions.
彼の質問には一つも答えなかった。

She did not answer any of his questions.
彼の質問には一つも答えなかった。

ポイント：
not all は「全部が?というわけではない」。
not any / none は「一つも?ない」。
"
337,"#337  
意味：蛇口、水道の栓
","faucet
意味：蛇口、水道の栓
例：Turn off the faucet.
蛇口を閉めてください。

語源：
faucet は古フランス語 fausset（フォーセ）「樽の栓」から来た語です。さらにラテン語 faux / fauces（ファウケス）「喉、狭い通路」に関係するとされます。水が出る細い通路、というイメージです。
同じ語源系：
fauces：咽頭、喉の奥
faucial：咽頭の、喉の

jabuti は英語というよりポルトガル語で、「リクガメ、カメ」の意味です。Cambridgeでも jabuti = tortoise とされています。ブラジルでよく使う語です。ジブチという国 Djibouti とは別です。

jabuti
意味：リクガメ、陸生のカメ
読み：ジャブチ、ジャブティに近い
英語では普通 tortoise と言います。

語源：
jabuti はブラジル先住民系のトゥピ語系に由来するとされ、「カメ、リクガメ」を表す語です。
同じ語源の英語は、一般的な英単語としてはほとんどありません。英語では借用語として jabuti と書かれることがあります。
"
338,"#338  
A workstation is next to a window.
","A workstation is next to a window.
作業台／作業スペースが窓の隣にあります。

前の文との違い：

Our workstation is next to the window.
私たちの作業スペースは、その窓の隣にあります。

A workstation is next to a window.
ある作業スペースが、ある窓の隣にあります。

ポイント：
a workstation は「ある1つの作業スペース」。特定していない。
the window なら「その窓」。話し手と聞き手がどの窓か分かっている。
a window なら「1つの窓」。特定していない。

TOEIC写真描写なら、A workstation is next to a window. は自然です。
「作業スペースが窓のそばにある」という状態を説明しています。
"
339,"#339  
electroplating
","electroplating
エレクトロプレーティング

意味：電気めっき。金属の表面に、電気を使って別の金属を薄く付着させる加工のことです。

例：
Gold electroplating
金めっき

Chrome electroplating
クロムめっき

The parts are treated by electroplating.
その部品は電気めっき処理されています。

仕組みを簡単に言うと、めっきしたい物を液体の中に入れ、電気を流して、金属イオンを表面にくっつけます。見た目をきれいにする、防錆する、摩耗に強くする、導電性を高める、などの目的があります。

語源：
electro- は electricity「電気」から来た接頭辞で、元はギリシャ語 ?lektron（エーレクトロン）「琥珀」。琥珀をこすると静電気が起きることから「電気」の意味になりました。
plating は plate「薄い金属板、めっきする」+ -ing です。plate は古フランス語 plate（プラート）「平たい金属板」から来ています。

同じ語源：
electric：電気の
electricity：電気
electron：電子
electrode：電極
plate：板、皿、めっきする
plated：めっきされた
gold-plated：金めっきの
silver-plated：銀めっきの
"
340,"#340  
fact sheet
","fact sheet の意味：要点をまとめた資料、事実説明書、概要資料。
"
341,"#341  
Please 〇〇 a copy of each sales report on a separate piece of paper.

A. pick
B. tell
C. reply
D. print
","正解は D. print です。

Please print a copy of each sales report on a separate piece of paper.
各売上報告書を、それぞれ別々の紙に1部ずつ印刷してください。

A. pick
B. tell
C. reply
D. print

A. pick がダメなのは、pick a copy of each sales report on a separate piece of paper という形だと、英語として「それぞれの売上報告書を別々の紙に1部ずつ取る」という自然な意味になりにくいからです。

「印刷物がそこに並んでいて、それぞれを1部ずつ取っていく」なら、普通は pick ではなく、take を使います。

Please take one copy of each sales report.
各売上報告書を1部ずつ取ってください。

Please take a copy of each sales report.
各売上報告書を1部ずつ取ってください。

pick は「選ぶ」「摘む」「拾う」という感じが強いです。pick a copy だけなら「コピーを1つ選ぶ」という意味にはなり得ますが、この問題文の on a separate piece of paper が続くと、「別々の紙に」という印刷条件を表しているので、動詞は print が自然になります。

つまり、
print a copy on a separate piece of paper
別々の紙に1部印刷する

これは自然。

一方、
pick a copy on a separate piece of paper
別々の紙にあるコピーを選ぶ？
別々の紙の上でコピーを拾う？
という変な形になります。

ポイントは on a separate piece of paper です。これは「紙の上にあるものを取る」ではなく、「別々の紙に印刷する」という意味で print と結びつきます。

なお、「置いてある印刷物を取ってください」なら、こう言います。

Please take one copy of each sales report from the table.
テーブルから各売上報告書を1部ずつ取ってください。

Please pick up one copy of each sales report.
各売上報告書を1部ずつ取ってください。

pick 単独ではなく、pick up なら「取る、拾い上げる」になります。TOEICでは、この違いが狙われやすいです。suppress 抑える
"
342,"#342  
She's on leave.
","She's on leave. の意味：彼女は休暇中です。彼女は休職中です。

leave はここでは「許可された休み」という意味です。on leave は「休暇中で、職場・学校などを一時的に離れている」という表現です。

例：
She’s on leave this week.
彼女は今週休暇中です。

Mr. Tanaka is on medical leave.
田中さんは病気休暇中です。

She is on maternity leave.
彼女は産休中です。

TOEICでは、She's on leave. と出たら、普通は「彼女は今日は出勤していない」「休暇中で不在」と考えればよいです。単なる昼休みではなく、会社から認められた休暇です。

語源：
leave は古英語 l?f（レーヴ）「許可、同意」から来ています。この leave は「去る」という動詞 leave とは別系統です。on leave は「許可された休みの状態にある」という感じです。

同じ語源：
by your leave　失礼します、許可を得て
leave of absence　休職、休暇
without leave　無断で、許可なく
AWOL = absent without leave　無断離隊、無断欠勤
"
343,"#343  
perishabl
","perishable の意味：腐りやすい、傷みやすい、長持ちしない。

特に食品・生鮮品によく使います。

例：
perishable food
腐りやすい食品、生鮮食品

perishable goods
傷みやすい商品、生鮮品

This product is perishable and should be refrigerated.
この商品は傷みやすいので冷蔵してください。

TOEICでは、shipping「配送」、storage「保管」、refrigeration「冷蔵」、warehouse「倉庫」などと一緒に出やすいです。

語源：
perishable は perish + -able です。
perish は古フランス語 perir（ペリール）「滅びる、死ぬ」から来ています。さらにラテン語 perire（ペリーレ）「滅びる、消える」が元です。
-able は「?できる、?しやすい」という意味です。

つまり perishable は「滅びやすい、だめになりやすい」→「腐りやすい、傷みやすい」です。

同じ語源：
perish 滅びる、死ぬ、だめになる
imperishable 不滅の、朽ちない
perishable goods 生鮮品
perishables 生鮮食品、生鮮品

反対語：
nonperishable
腐りにくい、保存のきく

例：
nonperishable food
保存食品、常温で長持ちする食品
"
344,"#344  
50% of the total landscaping cost is required now, and the 〇〇 is due upon completion of the project.

A. remains
B. remain
C. remained
D. remainder
","正解は D. remainder です。

50% of the total landscaping cost is required now, and the remainder is due upon completion of the project.
造園費用総額の50%は今必要で、残額はプロジェクト完了時に支払期限となります。

A. remains
B. remain
C. remained
D. remainder

理由：
and の後ろを見ると、

the 〇〇 is due

となっています。the の後ろには名詞が必要です。is due の主語になる名詞です。

D. remainder = 残り、残額

the remainder is due
残額の支払い期限が来る

となり自然です。

A. remains は動詞 remain「残る」の三人称単数、または名詞で「遺体・遺跡」という意味もありますが、この文では不自然です。
B. remain は動詞の原形。「the remain is due」とは言いません。
C. remained は動詞の過去形・過去分詞。「the remained is due」とは言いません。
D. remainder は名詞。「残り、残額」なので正解。

ポイント：
50% is required now
50%は今必要

the remainder is due upon completion
残額は完了時に支払期限となる

upon completion of the project = プロジェクト完了時に

語源：
remainder は remain + -der から。
remain はラテン語 remanere（レマネーレ）「後に残る」から来ています。
re-（レ）「後ろに、再び」+ manere（マネーレ）「とどまる」。

同じ語源：
remain 残る
remaining 残りの
remains 残存物、遺跡、遺体
permanent 永続的な
mansion 大邸宅
manor 荘園、大邸宅
"
345,"#345  
Until the office heating system 〇〇, employees are permitted to work from home.

A. will be fixed
B. is being fixed
C. has been fixed
D. had been fixed
","正解は C. has been fixed です。

Until the office heating system has been fixed, employees are permitted to work from home.
オフィスの暖房システムが修理されるまで、従業員は在宅勤務を許可されています。

理由：
★★★Until の中は「未来のこと」でも will を使わないのが基本です。

× Until the system will be fixed
○ Until the system is fixed
○ Until the system has been fixed

この文では、「修理が完了するまで」という意味なので、完了を強調する has been fixed が自然です。

has been fixed = 修理された状態になっている、修理が完了している

B. is being fixed は「今修理されている最中」という意味です。
Until the system is being fixed だと「修理されている最中になるまで」のようになり、不自然です。

D. had been fixed は過去完了です。主文が employees are permitted と現在形なので、時制が合いません。

ポイント：
until + 現在形 / 現在完了形
未来の意味でも will は使わない。

例：
Please wait until he arrives.
彼が到着するまで待ってください。

Please wait until he has arrived.
彼が到着し終えるまで待ってください。

今回も、
until the heating system has been fixed
暖房システムの修理が完了するまで

となります。
"
346,"#346  
vehicular
","vehicular = 車両の
traffic = 交通、通行量

つまり vehicular traffic は「歩行者ではなく、車・バス・トラックなどの車両の交通」という意味です。やや硬い表現で、道路標識、都市計画、交通規制、工事案内などで使われます。

例：
This road is closed to vehicular traffic.
この道路は車両通行止めです。

Vehicular traffic is heavy during rush hour.
ラッシュ時は車両交通量が多いです。

The bridge is open to pedestrians but closed to vehicular traffic.
その橋は歩行者は通れますが、車両は通行止めです。

普通の会話なら car traffic や traffic だけでもよいです。ただし、歩行者 traffic と区別したいときは vehicular traffic が便利です。

語源：
vehicular は vehicle から来ています。vehicle はラテン語 vehiculum（ウェヒクルム）「乗り物、運ぶもの」から。さらに vehere（ウェヘレ）「運ぶ」が元です。
traffic はイタリア語 traffico（トラッフィコ）「商売、往来」から、フランス語 trafic（トラフィック）を経て英語に入りました。

同じ vehicle / vehere 語源：
vehicle 車両、乗り物
convey 運ぶ、伝える
conveyor コンベヤー、運搬装置
convoy 護送隊、車列
inveigh 激しく非難する
via ～経由で、～を通って
"
347,"#347  
I have attached a brief report on the cost-benefit of 〇〇 robotic technology.

a. used
b. using
c. to use
d. being used
","正解は b. using です。

I have attached a brief report on the cost-benefit of using robotic technology.
ロボット技術を使用することの費用対効果についての簡潔な報告書を添付しました。

a. used
b. using
c. to use
d. being used

理由：
of の後ろには名詞、または動名詞 ～ing が来ます。

c. to use は、of to use という形が基本的に不可です。
× the cost-benefit of to use robotic technology
"
348,"#348  
下4桁が8409 は英語で、
","the last four digits are 8409 

または

ending in 8409 

です。
"
349,"#349  
in-store credit
","in-store credit の意味：その店だけで使える返金分、店内利用クレジット、店舗専用の買い物残高。

たとえば、商品を返品したときに現金では返金されず、「この店で次回の買い物に使える金額」として戻されるものです。

例：
You will receive in-store credit for the returned item.
返品した商品については、店内利用クレジットで返金されます。

We do not offer cash refunds, only in-store credit.
現金での返金はせず、店内利用クレジットのみです。

Your refund will be issued as in-store credit.
返金は店舗専用クレジットとして発行されます。

要するに、「現金では戻らないが、その店で買い物に使えるポイント・残高」のようなものです。日本語なら「ストアクレジット」「店舗内クレジット」「店内利用分」「その店だけで使える返金残高」あたりです。

語源：
in-store は in「中で」+ store「店」で、「店舗内の」。
credit はラテン語 credere（クレデレ）「信じる、信用する」から来ています。「信用」→「貸し方記入」→「使える残高」という意味になりました。

同じ語源：
credible 信用できる
credibility 信頼性
credit 信用、クレジット、貸方
creditor 債権者
creed 信条
credentials 資格証明、信用を示すもの
"
350,"#350  
barren
","barren の意味：不毛の、作物が育たない、実りのない。

主に「土地」「計画」「議論」「努力」などに使います。

例：
barren land
不毛の土地

a barren desert
不毛の砂漠

The discussion was barren.
その議論は実りがなかった。

His efforts proved barren.
彼の努力は実を結ばなかった。

注意：
barren は、人や動物について「子を産めない」という意味でも使われますが、これはかなり直接的で古め・硬めの表現です。普通の会話では慎重に使った方がよいです。

語源：
barren は古フランス語 baraigne（バレーニュ）「不妊の、実を結ばない」から来たとされます。さらに元ははっきりしません。

同じ系統・関連語：
barrenness 不毛、不妊
barrenly 不毛に
barren land 不毛の土地
barren result 実りのない結果

TOEICでは、barren land「不毛の土地」、barren area「不毛地帯」、barren discussion「実りのない議論」のように出ます。
"
351,"#351  
We welcome contributions from readers.
","We welcome contributions from readers.
読者からの投稿・寄稿を歓迎します。

welcome = 歓迎する
contributions = 投稿、寄稿、提供された文章・意見・作品
from readers = 読者からの

ここでの contributions は「お金の寄付」ではなく、雑誌・新聞・ウェブサイトなどへの「投稿」「寄稿」の意味です。

例：
The magazine welcomes contributions from readers.
その雑誌は読者からの投稿を歓迎しています。

We welcome contributions from readers on local issues.
地域の問題について、読者からの投稿を歓迎します。

TOEICでは、newsletter、magazine、publication、article、editorial などと一緒に出やすい表現です。

語源：
contribution は contribute から。
contribute はラテン語 contribuere（コントリブエレ）「一緒に与える、持ち寄る」から来ています。
con-（コン）「一緒に」+ tribuere（トリブエレ）「割り当てる、与える」。

同じ語源：
contribute 貢献する、寄稿する
contributor 寄稿者、貢献者
distribution 配布、分配
attribute ～に帰する、属性
tribute 賛辞、貢ぎ物
tributary 支流
"
352,"#352  
room と suite の違い：
","room = 部屋、客室
suite = 複数の部屋がつながった上級客室、スイートルーム

ホテルやクルーズ船では、

room
普通の客室。寝室1つが中心。ベッド、机、バスルームなどがある。

suite
普通の部屋より広く、寝室とは別にリビングスペースがあることが多い。高級タイプの客室。

例：
I booked a room at the hotel.
ホテルの部屋を予約しました。

We stayed in a suite.
私たちはスイートルームに泊まりました。

注意：
suite の発音は sweet と同じで「スウィート」です。
「スーツ」ではありません。

suite room という言い方は日本語英語っぽいです。英語では普通、a suite だけで「スイートルーム」の意味になります。

語源：
room は古英語 r?m（ルーム）「空間、場所」から。
suite はフランス語 suite（スュイット）「続き、一続きのもの」から。さらにラテン語 sequi（セクィ）「続く、従う」が元です。

同じ suite / sequi 語源：
suit 合う、訴訟、スーツ
suite 一続きの部屋、組曲
sequence 順序、連続
consequence 結果
subsequent その後の
execute 実行する
"
353,"#353  
TOEICで一番怖いのは
","その通りです。TOEICで一番怖いのは、英語力以前に「マークする番号のズレ」です。

特にリスニングでは、1問ズレると、その後も連続してズレる危険があります。だから、問題を解く力と同じくらい、次の確認が大事です。

「今、解いている問題番号」と「マークしている番号」を毎回一致させる。

たとえば Part 3・Part 4 では、1つの会話・説明文につき3問あります。ここで、

32・33・34 を解くはずなのに、
33・34・35 にマークしてしまう

というズレが起きると大きな失点になります。

対策としては、各セットの最初に問題番号を軽く見ることです。

「次は32から34」
「次は35から37」

というように、3問単位で番号を確認する。

Part 5 でも、わからない問題で止まりすぎると、焦ってマークミスしやすくなります。わからなければ仮に印をつけて進む。そして、マーク欄の番号だけは絶対に確認する。

TOEICでは、
英語で迷う失点は仕方ない。
番号ズレの失点は防げる失点。

この意識がかなり大事です。
"
354,"#354  
duty roster
","duty roster

意味：
勤務表、当番表、当直表、担当者一覧。

duty は「義務、職務、任務」。
roster は「名簿、当番表、勤務表」。

つまり duty roster は、
「誰がいつ勤務するか、誰がどの当番をするかを書いた表」
という意味です。

例：
The manager posted the duty roster.
マネージャーは勤務表を掲示した。

Please check the duty roster for next week.
来週の当番表を確認してください。

語源：
duty は、古フランス語 deu / devoir（デュ／ドゥヴォワール）「負っているもの、義務」から来ています。さらに元はラテン語 debere（デベーレ）「借りている、義務がある」です。
同じ語源：
due「期限の来た、支払うべき」
debt「借金」
debtor「債務者」

roster は、オランダ語 rooster（ロースター）「一覧表、表」から英語に入りました。もとは「格子、表」という意味です。
同じ語源に近い語：
roster「名簿、勤務表」
rooster「雄鶏」と形は似ていますが、語源は別系統とされます。

TOEICでは、
employee roster
staff roster
duty roster
work schedule
shift schedule
あたりが近い表現です。

duty roster = 当番表・勤務表
shift schedule = シフト表
employee roster = 従業員名簿
staff roster = 職員名簿
"
355,"#355  
I'll get in touch with vendors about concessions like food and souvenirs.このI'll get in touchはどういう意味か?
","I'll get in touch with vendors about concessions like food and souvenirs.
この I'll get in touch は「連絡を取ります」「問い合わせます」という意味です。

get in touch with ～ = ～と連絡を取る

この文全体は、
「食べ物や土産物のような売店・販売関係について、業者に連絡を取ります。」
という意味です。

vendor = 業者、販売業者
concessions = 売店、販売権、会場内の飲食物・土産物販売

つまり、イベント会場などで、
「食べ物やお土産を売る業者に連絡しておきます」
という感じです。

語源：
touch は古フランス語 touchier（トゥシエ）「触れる」から来ています。
get in touch は直訳すると「接触状態になる」→「連絡を取る」という意味になりました。

同じ touch 系の英語：
touch = 触れる
contact = 接触する、連絡する
keep in touch = 連絡を取り続ける
lose touch = 連絡が途絶える
be out of touch = 連絡が取れていない、事情に疎い
get back in touch = 再び連絡を取る
"
356,"#356  
Mr. Noone will sign a lease for an apartment in the building at 624 Livingstone Road.

A. of
B. by
C. like
D. for
","Mr. Noone will sign a lease for an apartment in the building at 624 Livingstone Road.
ヌーンさんは、リビングストン通り624番地の建物にあるアパートの賃貸契約書に署名します。

lease for an apartment
= アパートの賃貸契約書

ここでは for が「?のための」「?に関する」という意味です。

a lease of an apartment は「絶対に使わない」わけではありません。ただし、このTOEIC文では普通は for が正解です。

正解：D. for

理由は、sign a lease for an apartment が決まり文句に近いからです。

sign a lease for an apartment
= アパートを借りるための賃貸契約書に署名する
= アパートの賃貸契約を結ぶ

一方、a lease of an apartment は文法的には可能です。意味は「アパートの賃貸借」「アパートを貸す契約」という、やや法律文書っぽい言い方です。

例：
the lease of an apartment
そのアパートの賃貸借

a five-year lease of the apartment
そのアパートの5年間の賃貸借契約

ただし、普通に「アパートの契約書に署名する」と言うなら、

sign a lease for an apartment

が自然です。

違いはこうです。

a lease for an apartment
アパートを借りるための契約書

a lease of an apartment
アパートそのものの賃貸借契約、法的・硬め

TOEICでは、sign a lease 〇〇 an apartment なら、ほぼ for を選ぶと考えてよいです。of は完全な間違いではないが、この空所補充では不自然なので不正解です。
"
357,"#357  
The museum's newest acquisitions are usually exhibited in the ground gallery, 〇〇 is located on the first floor.

A. which
B. where
C. so
D. as
","答え：A. which

The museum's newest acquisitions are usually exhibited in the ground gallery, which is located on the first floor.
その博物館の最新収蔵品は、ふつう1階にあるグラウンド・ギャラリーで展示されます。

which is located on the first floor
= それは1階にある

ここで which は、直前の the ground gallery を受けています。

ポイント：
空所の後ろが is located です。
つまり、空所には主語になる語が必要です。
which は主語になれるので正解です。

B. where は不可。
where は「場所で」という副詞なので、主語になれません。
where is located on the first floor とは言いません。


覚え方：
場所名, which is located ～
= ～にある場所名

場所名 where S + V
= SがVする場所

which is located on the first floor
= それは1階にある

which は「それは」という代名詞の働きができるので、主語になれます。

一方、where は「そこで」「そこに」という副詞です。主語にはなれません。

where is located on the first floor
= そこで1階にある

という変な形になります。英語では不可です。

where を使うなら、後ろにちゃんと主語が必要です。

The ground gallery, where the newest acquisitions are exhibited, is located on the first floor.
そのグラウンド・ギャラリーでは最新収蔵品が展示されており、そのギャラリーは1階にあります。

この場合は、

where the newest acquisitions are exhibited
= そこで最新収蔵品が展示される

となり、where の後ろに the newest acquisitions are exhibited という主語＋動詞があります。

今回の文は、

The museum's newest acquisitions are usually exhibited in the ground gallery, which is located on the first floor.

構造はこうです。

the ground gallery = which
which is located on the first floor
= そのギャラリーは1階にある

「場所の話だから where」と考えると引っかかります。見るべきなのは、空所の後ろです。

〇〇 is located
なら、主語が必要なので which。

〇〇 S + V
なら、「そこで」の意味で where が可能です。
"
358,"#358  
undergo
","undergo
意味：経験する、受ける、耐える。
特に「検査・手術・訓練・変化・修理・審査などを受ける」という意味で使う。

例：
undergo surgery
手術を受ける

undergo training
訓練を受ける

undergo inspection
検査を受ける

undergo major changes
大きな変化を経験する

The building is undergoing renovations.
その建物は改修中です。

ポイント：
undergo は「自分から積極的にやる」というより、「ある過程・処置・変化を受ける」という感じ。
TOEICでは undergo renovations / undergo training / undergo inspection / undergo repairs がよく出ます。

語源：
undergo は under＋go。
under は古英語 under（アンダー）「下に」。
go は古英語 g?n（ガーン）「行く」。
もともとは「下を通って行く」「耐えながら進む」という感覚から、「困難・処置・変化などを受ける」という意味になりました。

同じ語源の英語：
under：下に
understand：理解する
underlie：下にある、根底にある
undermine：下から掘る、弱体化させる
go：行く
gone：行ってしまった
underwent：undergo の過去形
undergone：undergo の過去分詞
"
359,"#359  
kiosk
","kiosk は「小型の売店」「案内・注文・発券などをする小型端末」という広い意味です。駅や空港で画面操作して発券する機械を ticket kiosk と言うことはあります。

ただし、日本語の「自動券売機」を普通に言うなら、

ticket vending machine
ticket machine

が一番自然です。

違い：
ticket vending machine = 券を売る自動販売機。いちばん正確。
ticket machine = 券売機。会話で自然。
ticket kiosk = 空港・映画館・駅などのセルフサービス発券端末。画面操作型の端末っぽい響き。

例：
Please buy your ticket from the ticket vending machine.
券売機で切符を買ってください。

You can print your boarding pass at the kiosk.
キオスク端末で搭乗券を印刷できます。
"
360,"#360  
decor
","decor
意味：装飾、内装、飾りつけ。特に「部屋・店・ホテルなどの内装や雰囲気」を指します。

発音：
デイコー / デコー に近いです。
英語では d?cor と書くこともあります。最後の r はアメリカ英語では軽く出ることがあります。

例：
The restaurant has modern decor.
そのレストランは現代的な内装です。

I like the decor of this hotel.
このホテルの内装が好きです。

home decor
室内装飾品、インテリア用品

語源：
decor はラテン語 decor（デコル）「美しさ、優雅さ、飾り」から来ています。
さらに decorare（デコラーレ）「飾る、美しくする」と関係します。

同じ語源の英語：
decorate：飾る、装飾する
decoration：装飾、飾り
decorative：装飾的な
decorator：装飾業者、内装業者
decorum：礼儀正しさ、品位
"
361,"#361  
occupancy
","occupancy
意味：占有、入居、使用率、稼働率。

ホテル・不動産でよく使います。

hotel occupancy
ホテルの客室稼働率

occupancy rate
稼働率、入居率

maximum occupancy
最大収容人数

例：
The hotel has a high occupancy rate.
そのホテルは稼働率が高い。

Maximum occupancy is 50 people.
最大収容人数は50人です。

The building is ready for occupancy.
その建物は入居可能です。

語源：
occupancy は occupy「占める、占有する」＋ -ancy「状態」。
occupy はラテン語 occupare（オックパーレ）「つかむ、占領する、先に取る」から。
さらに ob-（オブ）「?に向かって」＋ capere（カペレ）「取る、つかむ」から来ています。

同じ語源の英語：
occupy：占める、占有する
occupation：職業、占有、占領
occupant：居住者、占有者
preoccupy：頭をいっぱいにする、先に占める
capture：捕らえる
captive：捕虜の
capacity：容量、能力
"
362,"#362  
aspired
","aspired
意味：目指した、熱望した、志した。
aspire の過去形・過去分詞です。

形：
aspire to 名詞
aspire to be / become ～
～を目指す、～になりたいと思う

例：
She aspired to a career in medicine.
彼女は医学関係の仕事を志した。

He aspired to become a lawyer.
彼は弁護士になることを目指した。

The company aspired to be a global leader.
その会社は世界的リーダーになることを目指した。

注意：
aspired は「ちょっと欲しい」ではなく、「高い目標を強く目指した」という感じです。
TOEICでは aspire to become ～ / aspire to be ～ の形で出やすいです。

語源：
aspire はラテン語 aspirare（アスピラーレ）「息を吹きかける、?へ向かって息をする」から。
ad-（アド）「?へ」＋ spirare（スピラーレ）「息をする」。
「上に向かって息を吹く」ような感覚から、「高い目標を目指す」という意味になりました。

同じ語源の英語：
spirit：精神、霊
inspire：鼓舞する、ひらめきを与える
expire：期限が切れる、息を吐き終える
respire：呼吸する
conspire：共謀する
aspiration：熱望、志望
aspirational：向上心のある、憧れのある
"
363,"#363  
work for you
","あなたに都合がよい
一番よく出る意味です。
Does 3 p.m. work for you?
午後3時で都合はいいですか。

Would Monday work for you?
月曜日でご都合よろしいですか
"
364,"#364  
accrued vacation leave
","たまっている有給休暇
未消化の有給休暇
すでに権利として発生している休暇

例：
Employees may use their accrued vacation leave.
従業員は、すでにたまっている有給休暇を使うことができます。

Unused accrued vacation leave will be paid out upon resignation.
退職時に、未使用の発生済み有給休暇が精算されます。

accrue は「少しずつ発生する、積み上がる」という意味です。給料、利息、休暇、費用などによく使います。

例：
Interest accrues daily.
利息は毎日発生します。

Vacation days accrue every month.
休暇日数は毎月たまっていきます。

語源：
accrue はラテン語 accrescere（アックレスケレ）「増える、成長する」から来ています。
ad-（アド）「?へ」＋ crescere（クレスケレ）「成長する、増える」です。

同じ語源の英語：
increase：増える、増加
decrease：減る、減少
crescent：三日月、増えていく月
create：作る
crew：乗組員、集団
concrete：具体的な、コンクリートの

TOEICでは、accrued vacation leave は「取得済みの休暇」ではなく、「権利としてたまっている休暇」と考えるとよいです。
"
365,"#365  
firsthand / first-hand
","firsthand / first-hand は、「直接の」「じかに得た」「自分で体験した」という意味です。

形容詞：
firsthand information
直接得た情報、一次情報

firsthand experience
実体験、直接の経験

副詞：
I heard it firsthand.
私はそれを直接聞いた。

I learned firsthand how difficult the job was.
その仕事がどれほど大変かを身をもって知った。

ポイント：
firsthand は「人から聞いた」ではなく、「自分で見た・聞いた・経験した」という意味です。

反対に近い表現：
secondhand
また聞きの、中古の

例：
This is firsthand information.
これは直接得た情報です。

This is secondhand information.
これは又聞きの情報です。

語源：
first は古英語 fyrst（フュルスト）「最初の」。
hand は古英語 hand（ハンド）「手」。
firsthand は「最初の手から」→「間に人を挟まず、直接に」という意味です。

同じ hand を使う表現：
secondhand：中古の、又聞きの
handmade：手作りの
handbook：手引書
handle：扱う
handout：配布資料
hand over：引き渡す
"
366,"#366  
flyer / flier
","flyer / flier は、「チラシ」「ビラ」という意味です。

flyer
チラシ、広告ビラ
飛行機に乗る人、飛行家
飛ぶもの

TOEICでよく出るのは「チラシ、広告ビラ」です。

例：
Please distribute these flyers to customers.
このチラシをお客様に配ってください。

I saw a flyer for the new restaurant.
新しいレストランのチラシを見ました。

The flyer advertises a special sale.
そのチラシは特別セールを宣伝しています。

flyer と flier はどちらも使われますが、現在は flyer の方がよく見ます。特に「広告チラシ」は flyer が普通です。

語源：
fly は古英語 fl?ogan（フレーオガン）「飛ぶ」から来ています。
-er は「?する人・もの」を表す接尾辞です。
flyer はもともと「飛ぶ人・飛ぶもの」→「空を飛ぶ紙片」→「チラシ、ビラ」という意味にもなりました。

同じ語源の英語：
fly：飛ぶ
flight：飛行
flying：飛んでいる
flyover：高架道路、上空通過
butterfly：蝶
flyer / flier：チラシ、飛ぶ人
"
367,"#367  
discontinued items
","discontinued items は、「販売終了品」「製造中止品」「取扱終了商品」という意味です。

discontinued
中止された、継続されなくなった

items
商品、品目

discontinued items
販売終了になった商品
製造中止になった品目
もう取り扱っていない商品

例：
The store is offering discounts on discontinued items.
その店は販売終了品を割引しています。

Discontinued items cannot be returned.
販売終了品は返品できません。

Some discontinued items are still available online.
一部の販売終了品はまだオンラインで購入できます。

discontinue は「続けるのをやめる」「中止する」という意味です。商品なら「製造をやめる」「販売をやめる」という意味になります。

語源：
discontinue は、ラテン語 discontinuare（ディスコンティヌアーレ）「連続しなくする」から来ています。
dis-（ディス）「離す、反対にする」＋ continuare（コンティヌアーレ）「続ける」です。

同じ語源の英語：
continue：続ける
continuous：連続した
continual：頻繁に続く
continuity：連続性
discontinuous：不連続の
discontinuation：中止、廃止
"
368,"#368  
They are well attended.
","They are well attended. は、「それらは出席者が多い」「よく人が集まる」という意味です。

well attended
出席者が多い
参加者が多い
盛況である

例：
The seminars are well attended.
そのセミナーは参加者が多いです。

The meetings are usually well attended.
その会議はたいてい出席者が多いです。

The event was well attended.
そのイベントは盛況でした。

attend は「出席する、参加する」。
well attended は直訳すると「よく出席されている」ですが、日本語では「多くの人が出席している」「参加者が多い」と訳すと自然です。

注意：
They are well attended. の they は、meetings, seminars, workshops, events などを指すことが多いです。人を指して「彼らはよく出席されている」とは普通言いません。

語源：
attend はラテン語 attendere（アッテンデレ）「注意を向ける、伸ばす」から来ています。
ad-（アド）「?へ」＋ tendere（テンデレ）「伸ばす、向ける」です。

同じ語源の英語：
attention：注意
attendant：付き添い、係員
attendance：出席、出席者数
tend：傾向がある、世話をする
extend：延ばす
intend：意図する
tension：緊張
"
369,"#369  
tailspin
","tailspin は、「急降下」「きりもみ状態」「大混乱」「急激な悪化」という意味です。

もとの意味：
飛行機が tail「尾部」を上にして、spin「回転」しながら急降下する状態。

そこから比喩で、
会社・経済・精神状態・計画などが「制御不能に悪化する」という意味になります。

例：
The plane went into a tailspin.
飛行機はきりもみ状態に入った。

The company went into a tailspin after the scandal.
その会社はスキャンダル後、急激に混乱・悪化した。

The stock market was sent into a tailspin.
株式市場は大混乱に陥った。

He went into a tailspin after losing his job.
彼は仕事を失って精神的にひどく落ち込んだ。

よく使う形：
go into a tailspin
大混乱に陥る、急激に悪化する

send ～ into a tailspin
～を大混乱に陥れる

語源：
tail は古英語 t?gel（テゴル）「尾」。
spin は古英語 spinnan（スピンナン）「糸を紡ぐ、回転する」。
tailspin は「尾を下にして回転する飛行状態」から、比喩で「制御不能な悪化」という意味になりました。

同じ語源の英語：
tail：尾、後部
tailgate：車の後部扉、車間を詰めて運転する
spin：回転する、紡ぐ
spinner：回るもの、紡ぐ人
spindle：軸、紡錘
spider：クモ ※もとは「糸を紡ぐもの」という語源です。
"
370,"#370  
 spiraling
","spiraling は、「らせん状に回っている」「ぐるぐる回りながら進む」「悪化がどんどん進む」という意味です。

もとの意味：
spiral
らせん、渦巻き

spiraling
らせん状に回っている
渦を巻くように進んでいる

例：
The smoke was spiraling upward.
煙が渦を巻くように上がっていた。

The plane was spiraling downward.
飛行機が回転しながら落ちていた。

比喩では、「どんどん悪化する」「止まらずに増える」という意味です。

例：
Costs are spiraling.
費用がどんどん膨らんでいる。

The situation is spiraling out of control.
状況が制御不能なほど悪化している。

Inflation is spiraling.
インフレが急速に進んでいる。

tailspin との違い：
tailspin は「急に制御不能になって落ちる感じ」。
spiraling は「ぐるぐる回るように、だんだん悪化・拡大していく感じ」。

よく使う形：
spiral out of control
制御不能になる

spiraling costs
膨れ上がる費用

a downward spiral
悪循環、下向きの連鎖

語源：
spiral はギリシャ語 speira（スペイラ）「巻いたもの、輪」から、ラテン語 spira（スピラ）「巻き、らせん」を経て英語に入りました。

同じ語源の英語：
spiral：らせん、渦巻き
spire：尖塔
coil：巻く、巻いたもの ※意味は近いが別語源
spiral staircase：らせん階段
"
371,"#371  
In the meantime
","In the meantime は「その間に」「それまでの間に」という意味です。

発音：
イン・ザ・ミーンタイム

意味：
ある出来事が起こるまでの間、または別のことが進んでいる間に、という意味です。

例：
The repairs will take two weeks. In the meantime, you can use this room.
修理には2週間かかります。その間、この部屋を使えます。

I’m waiting for his reply. In the meantime, I’ll prepare the documents.
彼の返事を待っています。その間に、書類を準備します。

meantime は mean + time です。
mean はここでは「中間の」という意味です。
time は「時間」です。
つまり meantime は「中間の時間」→「その間」という意味になります。

語源：
mean は古英語 gem?ne（ゲメーネ）「共通の、中間の」から来ています。
time は古英語 t?ma（ティーマ）「時間、時期」から来ています。

同じ語源の英語：
mean：中間の、平均の、意味する
means：手段
meanwhile：その間に
time：時間
timely：時宜を得た
timeout：中断時間

in the meantime と meanwhile はかなり近いです。
in the meantime は「それまでの間に」という感じ。
meanwhile は「一方で、その間に」という感じも出ます。
"
372,"#372  
Migration season
","Migration season
意味：渡りの季節、移動の季節。

特に、鳥・魚・動物が季節ごとに移動する時期を指します。
たとえば鳥なら「渡り鳥が北へ、または南へ移動する季節」です。

例：
Spring is migration season for many birds.
春は多くの鳥にとって渡りの季節です。

During migration season, millions of birds pass through this area.
渡りの季節には、何百万羽もの鳥がこの地域を通過します。

migration の意味：
移動、移住、渡り。
人間にも動物にも使えます。
human migration = 人の移住
bird migration = 鳥の渡り
seasonal migration = 季節的移動

語源：
migration はラテン語 migrare（ミグラーレ）「移動する、移住する」から来ています。
英語にはラテン語 migratio（ミグラーティオー）「移動、移住」を経て入りました。

同じ語源の英語：
migrate = 移動する、移住する
migrant = 移住者、渡りをする動物
immigrate = 入国して移住する
emigrate = 出国して移住する
immigration = 入国移住
emigration = 出国移住
transmigration = 移住、移動、輪廻転生

season の語源：
ラテン語 satio（サーティオー）「種まき」から、古フランス語 saison（セゾン）を経て英語に入りました。
もともとは「種まきに適した時期」→「季節、時期」という意味です。

同じ語源の英語：
season = 季節、時期
seasonal = 季節の
seasonable = 季節に合った
out of season = 季節外れの
"
373,"#373  
attentive
","attentive
読み：アテンティブ

意味：
注意深い、よく気がつく、親切に世話をする。

attentive to ～：
～に注意を払っている、～に気を配っている

例：
The staff were very attentive.
スタッフはとても気が利いていた。

Please be attentive to small details.
細かい点に注意してください。

He is attentive to customers’ needs.
彼は顧客の要望によく気を配っている。

似た語：
careful = 注意深い
attentive = 注意深い＋相手や物事に気を配る
kind = 親切な
considerate = 思いやりがある

語源：
attentive はラテン語 attendere（アッテンデレ）「注意を向ける、心を向ける」から。
ad-（アド）＝～へ
tendere（テンデレ）＝伸ばす、向ける
つまり「心をそちらへ伸ばす」→「注意を向ける」。

同じ語源の英語：
attend = 出席する、注意を向ける、世話をする
attention = 注意
attendance = 出席
attendant = 付き添い、係員
tend = 傾向がある、世話をする
tendency = 傾向
extend = 伸ばす
intend = 意図する
pretend = ふりをする
contend = 争う
tension = 緊張
"
374,"#374  
Place more emphasis on ～
","Place more emphasis on ～

意味：
～をもっと重視する
～にもっと重点を置く
～をより強調する

例：
We should place more emphasis on safety.
安全をもっと重視すべきです。

The company is placing more emphasis on customer service.
その会社は顧客サービスにより重点を置いています。

Schools are placing more emphasis on communication skills.
学校はコミュニケーション能力をより重視するようになっています。

構造：
place emphasis on ～
＝ ～に重点を置く

place more emphasis on ～
＝ ～にもっと重点を置く

place less emphasis on ～
＝ ～をあまり重視しない

似た表現：
emphasize ～
～を強調する

focus more on ～
～にもっと集中する

give more importance to ～
～をより重要視する

語源：
emphasis はギリシャ語 emphasis（エンファシス）「表示、強調」から。
en-（エン）＝中に
phainein（ファイネイン）＝見せる、現れる
つまり「中からはっきり見せる」→「強調」という意味です。

同じ語源の英語：
emphasize = 強調する
emphatic = 強調された、断固とした
phenomenon = 現象
fantasy = 空想
phantom = 幻、幽霊
phase = 段階、相
phosphorus = リン、発光物質
"
375,"#375  
Eventually
","Eventually
読み：イヴェンチュアリー

意味：
最終的には、結局は、やがて、そのうち。

「すぐではないが、時間がたって最後にはそうなる」という意味です。

例：
He eventually found a job.
彼は最終的に仕事を見つけた。

The problem was eventually solved.
その問題は結局解決された。

Eventually, she became a manager.
やがて彼女はマネージャーになった。

finally との違い：
finally は「ついに、最後に」という感じで、待っていたこと・順番の最後を強調します。
eventually は「時間はかかったが、最終的にはそうなった」という感じです。

例：
Finally, the meeting ended.
ついに会議が終わった。

He eventually understood what I meant.
彼は最終的には私の言った意味を理解した。

語源：
eventually は event「出来事、結果」から来ています。
event はラテン語 evenire（エウェニーレ）「起こる、結果として生じる」から。
e-（エ）＝外へ
venire（ウェニーレ）＝来る
つまり「外へ出てくる、結果として現れる」→「出来事、結果」。

同じ語源の英語：
event = 出来事
eventual = 最終的な、結果としての
advent = 到来
convene = 集まる、招集する
convention = 会議、慣習
intervene = 介入する
prevent = 防ぐ
revenue = 収入
avenue = 大通り、道筋
"
376,"#376  
One of the new features at the gym, the rock climbing wall, is 〇〇 members use most.

A. close to
B. other than
C. the one
D. one time
","答え：C. the one

完成文：
One of the new features at the gym, the rock climbing wall, is the one members use most.

意味：
そのジムの新しい設備の一つであるロッククライミングウォールは、会員が最もよく使うものです。

理由：
the one members use most
＝ the one that members use most
＝ 会員が最もよく使うもの

members use most が the one を後ろから説明しています。that は省略されています。

A. close to
close to members use most とは言えません。「～に近い」という意味なので文法的に合いません。

B. other than
other than は「～以外」という意味。is other than members use most とは言えません。

C. the one
正解。「そのもの」「その設備」という意味で、前の the rock climbing wall を受けます。

D. one time
one time は「一度」「かつて」という意味。ここでは意味が合いません。

注意：
at the both gym は不自然です。
正しくは at the gym または at both gyms です。

member used most も、普通は members use most です。過去の話なら members used most です。
"
377,"#377  
Before the training, Mr. Bonnie was 〇〇 unaware of recent developments in the announced delivery system.

A. largely
B. closely
C. faintly
D. finally
","答え：A. largely

正しい文：
Before the training, Mr. Bonnie was largely unaware of recent developments in the announced delivery system.

意味：
研修の前、ボニー氏は発表された配送システムの最近の進展について、ほとんど知らなかった。

ポイント：
largely unaware of ～
＝ ～をほとんど知らない
＝ ～について大部分は認識していない

largely は「主に、大部分は、ほとんど」という意味です。
completely unaware なら「全く知らない」ですが、largely unaware は「ほとんど知らない」です。

B. closely
closely unaware とは普通言いません。closely は「注意深く、密接に」。

C. faintly
faintly aware なら「かすかに気づいている」と言えますが、faintly unaware は不自然です。

D. finally
finally unaware とは言いません。「最終的に知らなかった」という意味になり、文脈に合いません。

語句：
be unaware of ～
～を知らない、～に気づいていない

例：
He was unaware of the problem.
彼はその問題に気づいていなかった。
"
378,"#378  
〇〇 weeks, it was clear that the long-term sponsorship deal with basketball star Joel Littleton would be successful.

A. within
B. several
C. just
D. during
","答え：A. within

完成文：
Within weeks, it was clear that the long-term sponsorship deal with basketball star Joel Littleton would be successful.

意味：
数週間もしないうちに、バスケットボール選手ジョエル・リトルトンとの長期スポンサー契約は成功するだろうということが明らかになった。

理由：
within weeks
＝ 数週間以内に
＝ 数週間もしないうちに

文頭に置いて、
Within weeks, it was clear that ～
「数週間以内に、～ということが明らかだった」
という形になります。

B. several
several weeks なら「数週間」という意味ですが、この文では several weeks, it was clear... とは言えません。
Several weeks later, なら可能です。

C. just
just weeks だけでは不自然です。
just weeks after ～ なら「～のほんの数週間後に」と言えます。

D. during
during weeks とは普通言いません。
during the weeks after ～ なら可能です。

ポイント：
Within weeks はTOEICでよく出る表現です。
within days = 数日以内に
within months = 数か月以内に
within a year = 1年以内に
"
379,"#379  
depending on ～
","意味：
～によって
～次第で
～に応じて

例：
The price varies depending on the size.
価格はサイズによって変わります。

Depending on the weather, we may cancel the event.
天気次第で、イベントを中止するかもしれません。

Delivery time depends on your location.
配達時間は場所によって異なります。

注意：
depending on は文頭にも文中にも置けます。

Depending on the results, we will change the plan.
結果次第で、計画を変更します。

We will change the plan depending on the results.
結果に応じて、計画を変更します。

depend on との違い：
depend on は動詞。
depending on は前置詞句のように使う表現。

例：
It depends on the weather.
それは天気によります。

Depending on the weather, we may go out.
天気次第で、外出するかもしれません。

語源：
depend はラテン語 dependere（デペンデレ）から。
de-（デ）＝下へ
pendere（ペンデレ）＝ぶら下がる
つまり「下にぶら下がる」→「～に頼る、～次第である」。

同じ語源の英語：
depend = 頼る、～次第である
dependent = 依存している
dependence = 依存
independent = 独立した
independence = 独立
pendant = ペンダント、ぶら下がる飾り
suspend = つるす、一時停止する
suspension = 停止、つり下げ
append = 付け加える
appendix = 付録、虫垂
"
380,"#380  
grain of salt
","grain of salt

意味：
「話半分に聞く」「うのみにしない」「少し疑って受け取る」という意味です。

よくある形：
take A with a grain of salt
Aを話半分に受け取る
Aをそのまま信じない

例：
Take his story with a grain of salt.
彼の話は話半分に聞いた方がいい。

You should take online reviews with a grain of salt.
ネットのレビューは、少し疑って読んだ方がいい。

I’d take that rumor with a grain of salt.
その噂はうのみにしない方がいい。

語源：
grain はラテン語 granum（グラーヌム）「穀粒、粒」から。
salt は古英語 sealt（セアルト）「塩」から。
with a grain of salt は、古代ローマの博物学者プリニウスの記述にある「毒に対して塩を一粒添える」という話に由来するとされます。そこから「有害かもしれない話を、そのまま飲み込まず、少し中和して受け取る」ような意味になりました。

同じ語源の英語：
grain 系：
grain　穀粒、粒、木目
granular　粒状の
granule　小粒
granary　穀物倉
pomegranate　ザクロ ※多くの粒がある果物

salt 系：
salt　塩
salty　塩辛い
salary　給料 ※塩代・塩に関係する語源と説明されることが多いが、厳密には説が分かれます
saline　塩分を含む
salad　サラダ ※塩を振った野菜から
ポイント：
grain of salt は単独より、take it with a grain of salt の形で覚えるとよいです。米英では普通の表現です。
"
381,"#381  
He is weighing some fruit.
","彼は果物の重さを量っている。

weigh は「重さを量る」という動詞です。
ここでは、店員や客が、はかりに果物をのせて重さを確認している場面です。

weigh の発音：
ウェイ
"
382,"#382  
DYE
","DYE

意味：
染料、染める。

名詞：
dye = 染料
例：
This red dye is used for clothes.
この赤い染料は服に使われる。

動詞：
dye = 染める
例：
She dyed her hair black.
彼女は髪を黒く染めた。

発音：
ダイ

語源：
dye は古英語 deag（デアグ）「色、染料」から来ています。さらにゲルマン語系の言葉で、「色をつける」という意味につながります。

同じ語源・近い語：
dyer：染物職人、染色業者
dyed：染められた
dyeing：染めること、染色

注意：
die（ダイ）「死ぬ」と発音は同じですが、意味もつづりも違います。

dye = 染める、染料
die = 死ぬ
"
383,"#383  
concession stand
","concession stand

意味：
売店、軽食売り場。

映画館、球場、劇場、イベント会場などで、飲み物・ポップコーン・ホットドッグ・お菓子などを売る小さな売り場のことです。

例：
I bought popcorn at the concession stand.
売店でポップコーンを買った。

There is a concession stand near the entrance.
入口の近くに売店がある。

日本語では：
映画館なら「売店」
球場なら「売店」「軽食売り場」
イベント会場なら「飲食売店」
が自然です。

concession の語源：
ラテン語 concedere（コンケーデレ）「譲る、許す」から。
con-（コン）＝一緒に、完全に
cedere（ケーデレ）＝行く、譲る

もともと concession は「譲歩」「許可」「営業権」という意味です。
concession stand は「会場から営業する権利を与えられた売店」なので、concession stand と言います。

同じ語源の英語：
concede：認める、譲歩する
recede：後退する
proceed：進む
precede：先行する
exceed：超える
access：接近、アクセス
success：成功
"
384,"#384  
fort と fortress の違い。
","fort と fortress の違い。

fort：
砦、要塞、小規模な軍事拠点。
比較的小さいものにも使えます。木や土で作った砦、前線基地、子どもが作る「秘密基地」にも使えます。

例：
The soldiers built a fort on the hill.
兵士たちは丘の上に砦を作った。

The children made a fort with blankets.
子どもたちは毛布で秘密基地を作った。

fortress：
大きくて頑丈な要塞、城塞。
石造り・城壁・高い防御力という感じが強いです。比喩で「難攻不落の場所・組織」にも使います。

例：
The city was protected by a huge fortress.
その都市は巨大な要塞に守られていた。

The castle became a fortress during the war.
その城は戦争中、要塞になった。

違いを短く言うと：
fort = 砦、軍事拠点。小さいものにも使える。
fortress = 大要塞、城塞。大きくて強固な感じ。

日本語感覚：
fort：砦
fortress：要塞、城塞、難攻不落の砦

語源：
fort はラテン語 fortis（フォルティス）「強い」から、古フランス語 fort（フォール）を経て英語に入りました。
fortress は同じ fort に、名詞を作る -ess がついた形で、「強固な場所」という意味です。

同じ語源：
force：力
fortify：強化する、防備を固める
fortification：要塞化、防御施設
comfort：慰める、安心させる
effort：努力
reinforce：補強する
forte：得意分野、強み
"
385,"#385  
landscaping company
","landscaping company は「造園会社」「庭づくりの会社」「外構・植栽工事の会社」です。

意味：
庭、芝生、植木、花壇、石畳、フェンス、外構などを設計・施工・管理する会社。

landscaping = 造園、庭づくり、外構整備
company = 会社

例：
We hired a landscaping company to redesign our garden.
庭を作り直すために造園会社を雇った。

A landscaping company maintains the lawn and trees around the office.
造園会社がオフィス周辺の芝生や木を管理している。

語源：
landscape は、land「土地」＋ -scape「景色・形づくられたもの」から。もとはオランダ語 landschap（ラントスハップ）「土地の景色、地域」から英語に入りました。
company は、ラテン語 com（コム）「一緒に」＋ panis（パーニス）「パン」からできた companion「一緒にパンを食べる仲間」と関係があります。

同じ語源：
land 系：landlord, mainland, homeland, farmland
-scap 系：seascape, cityscape, moonscape
company / panis 系：companion, accompany, accompaniment

日本語では、
landscaping company = 造園会社
landscaper = 造園業者、庭師
landscaping services = 造園サービス、庭の手入れサービス
lawn care company = 芝生管理会社
外構工事会社 = exterior construction company / landscaping and exterior company
"
386,"#386  
We've had it for quite a while.
= We have had it for quite a while.
","意味：
「それはかなり長い間あります」
「それをかなり長く持っています」
「それをかなり長く使っています」

We've = We have
had = have の過去分詞
for quite a while = かなり長い間

つまり現在完了で、
「過去から今までずっと持っている／使っている」
という意味です。

例：
We've had this printer for quite a while.
このプリンターはかなり長く使っています。

We've had this issue for quite a while.
この問題はかなり前からあります。

We've had it for quite a while, so we may need to replace it.
かなり長く使っているので、交換が必要かもしれません。

quite a while は「けっこう長い間」。
a while より長い感じです。

注意：
We've had it. だけだと「もううんざりだ」「もう限界だ」という意味になることがあります。
ただし、We've had it for quite a while. は、ふつう「長く持っている／使っている」です。
"
387,"#387  
The Stolmar Library is 〇〇  to announce its second annual International Book Fair.

A. exciting
B. excited
C. excitement
D. excite
","答え：B. excited

A の exciting は、この文ではほぼダメです。

The Stolmar Library is exciting to announce its second annual International Book Fair.

この形にすると、直訳では「ストルマー図書館は、第2回国際ブックフェアを発表するのにワクワクさせる存在だ」のようになってしまいます。主語 The Stolmar Library が「人をワクワクさせるものだ」という意味になり、後ろの to announce とつながりが悪いです。

正しい形：
The Stolmar Library is excited to announce its second annual International Book Fair.
ストルマー図書館は、第2回国際ブックフェアを発表できることをうれしく思っています。

excited は「自分がワクワクしている／うれしく思っている」。
exciting は「人をワクワクさせる」。

比較：
We are excited to announce the event.
私たちはそのイベントを発表できてうれしい。

The event is exciting.
そのイベントはワクワクするものだ。

The announcement is exciting.
その発表はワクワクするものだ。

だから、もし exciting を使うなら、
The International Book Fair is exciting.
The announcement is exciting.
なら自然です。

ただし、
The library is exciting.
図書館はワクワクする場所だ。
という文なら文法的には可能です。しかし、
The library is exciting to announce...
とは普通は言いません。

結論：
TOEICでは A は不正解。
「be excited to announce」は決まり文句として覚えてよいです。
"
388,"#388  
The public work office will accept a bid for the reconstruction of Bluebee Square 〇〇 August 1st.

A. inside
B. against
C. onto
D. through
","答え：D. through

The public work office will accept a bid for the reconstruction of Bluebee Square through August 1st.
公共事業事務所は、Bluebee Squareの再建工事の入札を8月1日まで受け付けます。

through August 1st は、アメリカ英語で「8月1日まで」「8月1日を含めて」という意味です。

つまり、
accept bids through August 1st
= 8月1日まで入札を受け付ける
= 8月1日当日も受け付ける

A. inside は「～の内側に」で、期限には普通使いません。
inside the building なら可。

B. against は「～に反対して」「～に備えて」「～に接して」で、この文には合いません。

C. onto は「～の上へ」で、移動・接触の意味です。
onto the stage なら可。

D. through は「～を通して」「～までずっと」。期限では「～まで、～を含めて」という意味になります。

似た表現：
until August 1st = 8月1日まで。ただし、8月1日を含むかは文脈による。
by August 1st = 8月1日までに。締切の感じ。
through August 1st = 8月1日いっぱいまで、8月1日を含めて。

この問題では、accept a bid through August 1st が自然です。
"
389,"#389  
After Mr. Rush retired, Mr. Chuo took the 〇〇  in planning the company's social event.

A. leader
B. leading
C. lead
D. leads
","take the lead in ～ing
= ～することを主導する
= ～で先頭に立つ
= ～で中心的役割を果たす

この表現では、the の後は lead です。
take the lead が決まり文句です。

A. leader は「リーダー、人」なので、take the leader in planning とは言いません。
B. leading は「主要な」「導くこと」ですが、take the leading in とは普通言いません。
C. lead は名詞で「主導、先頭」なので正解。
D. leads は複数形または三単現で、この表現では使いません。

例：
She took the lead in organizing the event.
彼女がそのイベントの準備を主導した。

The marketing team took the lead in developing the campaign.
マーケティングチームがそのキャンペーン開発を主導した。
"
390,"#390  
〇〇 caterers charge an extra fee for cups and napkins.

A. most
B. almost
C. most of
D. than most
","答え：A. most

C. most of は、後ろに the / these / those / my など、限定された名詞が来るときに使います。
○ Most of the caterers charge...
そのケータリング業者たちの大半は請求する。
しかし、
× Most of caterers
とは普通言いません。

D. than most は「たいていのものよりも」という比較表現です。
例：
This caterer charges more than most.
この業者は大半の業者より高い料金を取る。
今回の文頭には合いません。

まとめ：
Most caterers = ほとんどのケータリング業者
Almost all caterers = ほぼすべてのケータリング業者
Most of the caterers = そのケータリング業者たちの大半
"
391,"#391  
hold back
","hold back の意味：

抑える、止める
He held back his anger.
彼は怒りを抑えた。
秘密にする、言わないでおく
She held back some information.
彼女はいくつかの情報を伏せた。
前に進ませない、妨げる
Fear held him back.
恐怖が彼の前進を妨げた。
生徒を留年させる
He was held back a year.
彼は1年留年させられた。

hold the back が使える場合：
物理的に「背中・後ろ側を押さえる」という意味ならありえます。
Hold the back of the chair.
椅子の背もたれを押さえてください。

Hold the back of the box.
箱の後ろ側を持ってください。

ただし、熟語としては hold back です。

語源：
hold は古英語 healdan（ヘアルダン）「保つ、持つ、支える」から。
back は古英語 b?c（バック）「背中、後ろ」から。

同じ語源：
hold 系：holder, household, behold, uphold, withhold
back 系：backward, background, backbone, backup

まとめ：
hold back = 抑える、隠す、妨げる
hold the back = 後ろ側・背中部分を持つ、押さえる
熟語として覚えるなら hold back です。
"
392,"#392  
We were able to lease a storefront.
","私たちは店舗物件を借りることができました。
"
393,"#393  
lease
","lease は「借りる」という意味にも、「貸す」という意味にもなります。つまり両方あります。

ただし、文の主語によって意味が決まります。

We leased a storefront.
私たちは店舗物件を借りた。
この場合、主語が借り手なので「借りた」と読むのが普通です。

The owner leased the storefront to us.
所有者がその店舗物件を私たちに貸した。
この場合、主語が貸し手なので「貸した」です。

We leased out the storefront.
私たちはその店舗物件を貸し出した。
lease out にすると、はっきり「貸し出す」という意味になります。

整理すると：

lease a store / lease an office
店・事務所を借りる、または貸す。文脈で判断。

lease something from someone
誰々から借りる。

lease something to someone
誰々に貸す。

lease out something
何かを貸し出す。

TOEICなどでは、
The company leased office space.
その会社はオフィススペースを借りた。
と読むことが多いです。会社が自分で使うために契約した、という流れだからです。

語源：
lease は古フランス語 laissier（レシエ）「放す、残す、許す」から来ています。さらにラテン語 laxare（ラクサーレ）「ゆるめる、解放する」にさかのぼります。

同じ語源の英語：
release：解放する、発表する
relax：くつろぐ、緩める
lax：厳しくない、ゆるい
delay：遅らせる、延期する
"
394,"#394  
storefront
","storefront は、直訳すると「店の前面」「店先」です。store は「店」そのもの、storefront は「道路に面した店の正面部分」または「路面店舗の物件」という感じです。

store
店。営業している店そのもの。
例：
I went to a store.
店に行った。

She owns a store.
彼女は店を経営している。

storefront
もともとは「店の正面、ショーウィンドウ、入口まわり」。
そこから、不動産や開業の話では「通りに面した店舗スペース」「路面店舗」「店舗物件」という意味になります。
例：
We leased a storefront.
路面の店舗物件を借りた。

The storefront has large windows.
その店先には大きな窓がある。

つまり、ただ「営業している店」なら store でよいです。
「これから借りる店舗スペース」「通りに面した店舗物件」「店の外から見える正面部分」を言いたいなら storefront が自然です。

違い：
store = 店そのもの
storefront = 店の正面／路面店舗スペース／店舗物件

たとえば、
We opened a store.
店を開いた。
これは「商売としての店」を開いたという意味。

We leased a storefront.
路面店舗の物件を借りた。
これは「営業するための場所・物件」を借りたという意味。

We leased a store. と言うと、「すでに存在する店そのものを借りた」「店という事業を借りた」ようにも聞こえます。だから不動産の話では a storefront, retail space, commercial space, shop space などの方が自然です。

語源：
store は古フランス語 estore（エストール）「蓄え、備蓄」から。さらにラテン語 instaurare（インスタウラーレ）「建て直す、備える」に関係します。
front は古フランス語 front（フロン）「額、前面」から。ラテン語 frons（フロンス）「額、前面」が元です。

同じ語源：
store：店、蓄える
storage：保管
restore：復元する
front：前面
frontier：国境、辺境
confront：向き合う
affront：侮辱する、面と向かって怒らせる
"
395,"#395  
vetting process
","vetting process
意味：審査過程、事前審査、身元確認の手続き、選別プロセス

vet は「調べる」「審査する」「身元を確認する」という動詞です。vetting process は、人・会社・情報・候補者などを採用・契約・許可する前に、問題がないか調べる手続きです。

例：
The company has a strict vetting process for new employees.
その会社には、新入社員に対する厳しい審査過程があります。

All vendors must go through a vetting process.
すべての業者は事前審査を受けなければなりません。

The candidate passed the vetting process.
その候補者は審査を通過しました。

日本語では、文脈によって次のように訳せます。
採用なら：採用前審査、身元確認
業者なら：業者審査、取引先審査
政治家・候補者なら：候補者審査、身体検査
情報なら：内容確認、事実確認

vetting process と screening process の違い：
screening process は「ふるい分け」の感じが強いです。多数の中から条件に合わないものを落とす。
vetting process は「問題がないか詳しく調べる」感じが強いです。経歴、信用、リスク、資格などを確認する。

語源：
vet は veterinarian（ヴェタリネリアン、獣医）を短くした言葉です。もともと馬などを獣医が検査することから、「検査する」「審査する」という意味に広がりました。
veterinarian はラテン語 veterinarius（ヴェテリナリウス）「家畜・荷役動物に関する」から来ています。

同じ語源の英語：
veterinarian：獣医
veterinary：獣医の、家畜医療の
vet：獣医、退役軍人、審査する
vetted：審査済みの
vetting：審査、身元確認
"
396,"#396  
Take classes in person.
","Take classes in person.
意味：対面で授業を受ける。オンラインではなく、教室などに実際に行って授業を受ける、という意味です。

take classes は「授業を受ける」。
in person は「直接会って」「対面で」「本人がその場にいて」。

例：
I take classes in person.
私は対面で授業を受けています。

Do you take classes online or in person?
オンラインで授業を受けていますか、それとも対面ですか。

She prefers taking classes in person.
彼女は対面授業を受けるほうを好みます。

「授業をする」ではなく、「授業を受ける」です。
先生側なら：
teach classes in person
対面で授業をする

in person の反対は：
online
remotely
virtually

語源：
take は古英語 tacan（タカン）「取る、つかむ」から。北欧語系の語です。
class はラテン語 classis（クラッシス）「階級、区分、集団」から。
person はラテン語 persona（ペルソナ）「仮面、役割、人」から。

同じ語源の英語：
take：取る、受ける
undertake：引き受ける
class：授業、階級
classify：分類する
classification：分類
person：人
personal：個人の
personality：人格
in-person：対面の
"
397,"#397  
the name of the business
","the name of the business
その事業・会社・店の名前

または、もっと普通に：

business name
商号、屋号、会社名、店名

例：
What is the name of the business?
その会社・店の名前は何ですか。

Please enter your business name.
事業名・会社名・店名を入力してください。

The business name is Sakura Caf?.
事業名は Sakura Caf? です。

違い：
the name of the business = そのビジネスの名前
business name = 事業名、屋号、会社名

書類や登録フォームでは business name がよく使われます。口で尋ねるなら What is the name of the business? が自然です。
"
398,"#398  
orchard
","orchard
意味：果樹園。リンゴ、オレンジ、桃、梨、チェリーなど、果物の木を育てている畑・園地のことです。

発音：
orchard
オーチャード

例：
an apple orchard
リンゴ園

a peach orchard
桃の果樹園

They own an orchard.
彼らは果樹園を持っています。

TOEIC写真描写なら：
There are trees in an orchard.
果樹園に木が並んでいます。

Workers are picking fruit in an orchard.
作業員が果樹園で果物を収穫しています。

注意：
farm は「農場」全体。
orchard は「果物の木が植えてある果樹園」。
garden は「庭、庭園、菜園」なので、普通は orchard とは違います。

語源：
orchard は古英語 ortgeard（オルトゲアルド）「野菜・果樹の庭」から来ています。
ort は「植物、野菜」、geard は「囲われた場所、庭」です。
geard は yard（ヤード）「庭」と同じ語源です。

同じ語源の英語：
yard：庭
garden：庭、庭園
kindergarten：幼稚園
vineyard：ブドウ園
churchyard：教会の墓地・境内
backyard：裏庭
"
399,"#399  
bruise
","bruise
意味：打撲、あざ。または「打撲する」「あざができる」。

発音：
bruise
ブルーズ

例：
I have a bruise on my arm.
腕にあざがあります。

He bruised his knee.
彼は膝を打ってあざを作った。

The fruit bruises easily.
その果物は傷みやすい。

注意：
人の体なら「あざ」「打撲」。
果物なら「傷み」「打ち傷」という意味にもなります。

語源：
bruise は古英語 bry?san（ブリューザン）「砕く、押しつぶす」に関係するとされます。中英語では brusen（ブルーゼン）「壊す、傷つける」の形で使われました。

同じ語源・近い系統：
bruised：打撲した、あざのできた
bruising：激しい、こたえるような
bruise easily：あざができやすい
black-and-blue：青あざだらけの
"
400,"#400  
Attendees should bring a 〇〇 of the accounting report to Friday's meeting.

A. number
B. copy
C. message
D. figure
","答え：B. copy

Attendees should bring a copy of the accounting report to Friday's meeting.
出席者は、金曜日の会議に会計報告書のコピーを持参してください。

ポイント：
bring a copy of ～ = ～のコピーを持ってくる

ここでは「会計報告書そのもの」ではなく、「会計報告書の写し・コピー」を持ってくるという意味なので copy が入ります。

A がダメな理由は、a number of の後ろには「複数名詞」が来るからです。

正しい形：
a number of reports
いくつかの報告書、多数の報告書
"
401,"#401  
Yamamoto's ideas have greatly improved the hiring 〇〇 for new employees at Bensoft Inc.

A. experienced
B. to experience
C. experiencing
D. experience
","答え：D. experience

Yamamoto's ideas have greatly improved the hiring experience for new employees at Bensoft Inc.
山本さんのアイデアは、Bensoft社の新入社員にとっての採用体験を大きく改善した。

ここでは hiring experience で「採用過程での体験」「採用される側が経験するプロセス」という意味です。つまり、応募・面接・採用連絡・入社前対応などを含む「採用体験」です。

似た形：
customer experience = 顧客体験
user experience = ユーザー体験
employee experience = 従業員体験
hiring experience = 採用体験
"
402,"#402  
on the package
","意味：
「その包装・パッケージに」
「その荷物に」
「その小包に」

例：
The expiration date is printed on the package.
賞味期限はパッケージに印刷されています。

Please check the label on the package.
荷物についているラベルを確認してください。

The instructions are on the package.
説明はパッケージに書いてあります。

ポイント：
on は「表面にくっついている」という感じです。
on the package = パッケージの表面に

in the package だと「パッケージの中に」です。

例：
The label is on the package.
ラベルはパッケージの表面にある。

The product is in the package.
商品はパッケージの中にある。
"
403,"#403  
The Mountain Ceramics of Cape Town is located 〇〇 view of its namesake peak

A. along
B. toward
C. within
D. amid
","答え：C. within

The Mountain Ceramics of Cape Town is located within view of its namesake peak.
ケープタウンの「マウンテン・セラミックス」は、その名前の由来となった山頂が見える場所にあります。

ポイント：
within view of ～ = ～が見える範囲内に、～を望む場所に

ここでは「その名前の由来となった山頂が見える場所にある」という意味なので、within が正解です。

A. along view of とは言いません。
along は「～に沿って」なので、along the road / along the coast のように使います。

B. toward view of とは言いません。
toward は「～の方へ」ですが、view of と組み合わせません。

D. amid view of とは言いません。
amid は「～の真ん中に、～に囲まれて」ですが、amid beautiful scenery のように使います。

namesake は「同じ名前のもの」「名前の由来になったもの」という意味です。ここでは its namesake peak で「その店名・施設名の由来になっている山頂」という意味です。
"
404,"#404  
provided tha
","provided that

意味：
「もし～なら」
「～という条件で」
「ただし～である場合に限り」

条件を表す接続表現です。if より少し硬く、契約書・規則・ビジネス文書・TOEICでよく出ます。

例：
You may use the conference room provided that you reserve it in advance.
事前に予約すれば、その会議室を使ってよい。

We will approve the request provided that all documents are submitted by Friday.
すべての書類が金曜日までに提出されれば、その申請を承認します。

言い換え：
provided that = if
provided that = on condition that
provided that = as long as

注意：
provided that の後ろには「主語＋動詞」が来ます。

正：
provided that you arrive on time
あなたが時間通りに到着するなら

不自然：
provided that on time

語源：
provide はラテン語 providere（プロウィデーレ）「前もって見る、準備する」から来ています。
pro-（プロ）= 前に
videre（ウィデーレ）= 見る

provided はもともと「準備された」「条件として備えられた」という意味で、そこから provided that ～ = 「～という条件が備わっていれば」→「もし～なら」となりました。

同じ語源の英語：
provide = 提供する、備える
provision = 供給、規定、条項
provider = 提供者
provident = 先を見越した、用意周到な
video = 映像
vision = 視覚、構想
visible = 見える
evidence = 証拠
supervise = 監督する
"
405,"#405  
in accordance with ～
","in accordance with ～

意味：
～に従って
～に基づいて
～に一致して
～に沿って

かなり硬い表現です。契約書、規則、法律、会社の手続き、TOEICでよく出ます。

例：
The payment will be processed in accordance with company policy.
支払いは会社方針に従って処理されます。

All employees must act in accordance with safety regulations.
全従業員は安全規則に従って行動しなければならない。

The product was tested in accordance with international standards.
その製品は国際基準に従って試験された。

言い換え：
in accordance with = according to
in accordance with = in line with
in accordance with = following

ただし、according to よりも in accordance with の方が硬く、「規則・基準・契約に正式に従う」という感じが強いです。

語源：
accordance は accord から来ています。
accord はラテン語 accordare（アッコルダーレ）「心を合わせる、一致させる」から、古フランス語 acorder（アコルデ）を経て英語に入りました。
ad-（アド）= ～へ
cor / cordis（コル／コルディス）= 心

もともとは「心が合う」「一致する」という意味で、そこから in accordance with ～ = 「～と一致して」「～に従って」となりました。

同じ語源の英語：
accord = 一致する、合意
according to = ～によれば、～に従って
cordial = 心からの、親切な
concord = 一致、調和
discord = 不一致、不和
record = 記録する ※もとは「心に呼び戻す」
courage = 勇気 ※cor「心」由来
heart = 心 ※意味は近いが語源は別系統です。
"
406,"#406  
期限超過の、返却期限・提出期限を過ぎ
","overdue
"
407,"#407  
exhibitors
","exhibitors
エグジビターズ

意味：
展示者、出展者、展示会にブースを出す会社・人

単数：
exhibitor
エグジビター
出展者、展示者

例：
Many exhibitors participated in the trade show.
多くの出展者がその見本市に参加した。

The exhibitors displayed their new products.
出展者たちは新製品を展示した。

関連語：
exhibit = 展示する、展示品
exhibition = 展示会、展覧会
exhibitor = 出展者、展示者
trade show exhibitor = 見本市の出展者

語源：
exhibitor は exhibit から来ています。
exhibit はラテン語 exhibere（エクスヒベーレ）「差し出す、見せる、提示する」から来ています。
ex-（エクス）= 外へ
habere（ハベーレ）= 持つ

つまり語源的には「外へ持ち出して見せる」→「展示する」です。

同じ語源の英語：
exhibit = 展示する
exhibition = 展示会
habit = 習慣、服装
habitat = 生息地
inhabit = 住む
prohibit = 禁止する
inhibit = 抑制する
ability = 能力 ※habere「持つ」系統から派生した語です。
"
408,"#408  
take a stroll
","take a stroll

意味：
散歩する
ぶらぶら歩く
ゆっくり歩く

walk よりも「急がず、気楽に歩く」という感じです。

例：
They are taking a stroll along a walkway.
彼らは歩道に沿って散歩している。

Let’s take a stroll after lunch.
昼食後に散歩しよう。

He took a stroll through the park.
彼は公園をぶらぶら歩いた。

言い換え：
take a stroll = go for a walk
ただし stroll の方が「のんびり散歩」の感じが強いです。

語源：
stroll はドイツ語系の語と関係があるとされ、ドイツ語 strolchen（シュトロルヒェン）「ぶらつく、放浪する」と近い語です。

関連語：
stroll = 散歩する
stroller = 散歩する人、ベビーカー
strolling = 散歩している、ぶらぶら歩く
"
409,"#409  
Would you care to do ～?
","Would you care to do ～?

意味：
～したいですか
～していただけますか
～なさいますか

かなり丁寧で、少し古風・フォーマルな言い方です。

ただし、普通はこう言います。

Would you care to + 動詞の原形?

例：
Would you care to join us?
ご一緒されますか。

Would you care to have some coffee?
コーヒーはいかがですか。

Would you care to explain?
説明していただけますか。
※これは文脈によっては「説明してもらおうか」という少し詰問調にもなります。

注意：
Would you like care to do? は不自然です。
正しくは次のどちらかです。

Would you like to do ～?
～したいですか。

Would you care to do ～?
～したいですか／～していただけますか。

care の語源：
care は古英語 caru（カル）「心配、悲しみ、気遣い」から来ています。
そこから「気にする」→「したいと思う」という意味にも広がりました。

同じ語源・関連語：
care = 気にする、世話
careful = 注意深い
careless = 不注意な
caretaker = 管理人、世話人
healthcare = 医療、健康管理
"
410,"#410  
Councilwoman
","Councilwoman
カウンシルウーマン

意味：
女性の市議会議員
女性の地方議会議員

council = 議会、評議会
woman = 女性

つまり councilwoman は「議会に属する女性議員」です。特にアメリカ英語で、市議会・町議会などの女性議員を指すことが多いです。

例：
She was elected as a councilwoman.
彼女は市議会議員に選ばれた。

The councilwoman proposed a new housing policy.
その女性市議は新しい住宅政策を提案した。

男性なら：
councilman
男性の市議会議員

性別を出さない言い方なら：
council member
議会議員、市議会議員

語源：
council はラテン語 concilium（コンキリウム）「集会、会議」から、古フランス語 concile（コンシル）を経て英語に入りました。
con-（コン）= 一緒に
calare（カラーレ）= 呼ぶ、召集する

woman は古英語 wifmann（ウィーフマン）から来ています。
wif（ウィーフ）= 女性
mann（マン）= 人

同じ語源の英語：
council = 議会、評議会
councilor / councillor = 議員、評議員
counsel = 助言する、弁護士 ※綴りと意味は近いが、別語として区別されます
reconcile = 和解させる、一致させる ※同じく concilium 系とされます
"
411,"#411  
sanction waivers
","sanction waivers

意味：
制裁免除
制裁措置の適用除外
制裁を一部免除する許可

sanction は文脈に注意が必要です。普通は2つの意味があります。

sanction = 制裁
economic sanctions
経済制裁

sanction waivers
制裁免除、制裁の適用除外

例：
The country requested sanction waivers.
その国は制裁免除を求めた。

The government granted temporary sanction waivers.
政府は一時的な制裁免除を認めた。

sanction = 承認、認可
official sanction
公式承認

ただし sanction waivers という組み合わせでは、たいてい「制裁の免除」です。

waiver = 免除、権利放棄、適用除外

語源：
sanction はラテン語 sanctio（サンクティオー）「法令、罰則を伴う規定」から来ています。さらに sancire（サンキーレ）「神聖なものとして定める、法律で定める」に由来します。
同じ語源：
sanction = 制裁、承認
sanctuary = 聖域、避難所
sanctify = 神聖にする
saint = 聖人
sacred = 神聖な

waiver は waive から来ています。古フランス語 weiver / waiver（ウェイヴェ／ウェイヴァー）「捨てる、放棄する」から英語に入りました。
同じ語源：
waive = 放棄する、免除する
waiver = 免除、権利放棄
waivable = 免除可能な
"
412,"#412  
objective mediator
","objective mediator
オブジェクティブ・ミーディエイター

意味：
客観的な調停者
中立的な仲介者
公平な仲裁役

objective = 客観的な、公平な、私情をはさまない
mediator = 仲介者、調停者

つまり objective mediator は、争っている二者のどちらか一方に肩入れせず、公平な立場で話し合いをまとめる人です。

例：
They need an objective mediator to resolve the dispute.
彼らはその紛争を解決するために、公平な調停者を必要としている。

An objective mediator can help both sides reach an agreement.
客観的な調停者は、双方が合意に達するのを助けることができる。

似た表現：
neutral mediator
中立的な調停者

impartial mediator
公平な調停者

third-party mediator
第三者の調停者

TOEIC・ビジネスでは、objective は「目的」よりも「客観的な」という意味で出ることも多いです。ここでは objective mediator = 「客観的・公平な仲介者」です。
"
413,"#413  
along with
","along with
アロング・ウィズ

意味：
～と一緒に
～に加えて
～とともに

例：
Please submit the form along with your ID.
身分証と一緒にその用紙を提出してください。

She came along with her brother.
彼女は兄と一緒に来た。

The report includes charts along with detailed explanations.
その報告書には、詳しい説明に加えて図表も含まれている。

ポイント：
along with は、with より少し「一緒に添えて」「付け加えて」という感じが出ます。

with との違い：
I went with him.
私は彼と一緒に行った。

I sent the invoice along with the receipt.
請求書を領収書と一緒に送った。
この場合は「添付して」「一緒に付けて」という感じです。

語源：
along は古英語 andlang（アンドラング）「全体にわたって、～に沿って」から来ています。
and-（アンド）= 反対に、向かって
lang（ラング）= 長い

with は古英語 with（ウィズ）「反対に、近くに、～とともに」から来ています。昔は「against」に近い意味もありましたが、後に「一緒に」の意味が中心になりました。

同じ語源・関連語：
long = 長い
length = 長さ
along = ～に沿って
alongside = ～のそばに、～と並んで
with = ～と一緒に
within = ～の中に
without = ～なしで
"
414,"#414  
measurably
","measurably
メジャラブリー

意味：
測定できるほど
目に見えて
はっきりと分かる程度に
かなり、明確に

measure = 測る
measurable = 測定可能な
measurably = 測定できるほどに、明らかに

例：
The new system measurably improved productivity.
新しいシステムは生産性を目に見えて改善した。

Sales increased measurably after the campaign.
キャンペーン後、売上は明らかに増えた。

The treatment measurably reduced pain.
その治療は痛みを測定できるほど軽減した。

ポイント：
measurably は「なんとなく良くなった」ではなく、「数字やデータで分かるくらいに」という感じです。

反対語：
immeasurably
計り知れないほどに、非常に

語源：
measure はラテン語 mensura（メンスーラ）「測定、寸法」から来ています。もとは metiri（メティーリー）「測る」に由来します。

同じ語源の英語：
measure = 測る、尺度
measurement = 測定
measurable = 測定可能な
measurably = 測定できるほどに
dimension = 寸法、次元
meter = メートル、計器
commensurate = 釣り合った、相応の
"
415,"#415  
fondly
","fondly
フォンドリー
意味：愛情を込めて、懐かしく、好意的に

例：
She remembered her teacher fondly.
彼女は先生を懐かしく思い出した。

He spoke fondly of his hometown.
彼は故郷のことを愛情を込めて話した。

profoundly
プロファウンドリー
意味：深く、非常に、心から

例：
I was profoundly moved.
私は深く感動した。

The decision profoundly affected the company.
その決定は会社に大きな影響を与えた。

found は「見つけた」「設立した」「鋳造した」などの意味ですが、foundly という副詞は通常使いません。

語源：
fondly の fond は、中英語 fond（フォンド）「愚かな、だまされやすい」から来て、後に「愛情が深い、好意を持つ」という意味に変わりました。
同じ語源・関連語：
fond = 好きである
fondly = 愛情を込めて、懐かしく
fondness = 愛着、好意

profoundly の profound は、ラテン語 profundus（プロフンドゥス）「深い」から来ています。
pro-（プロ）= 前へ、下へ
fundus（フンドゥス）= 底

同じ語源：
profound = 深い、重大な
profoundly = 深く、非常に
foundation = 基礎
fundamental = 基本的な
fund = 資金
bottom/fundus 系の「底」のイメージです。
"
416,"#416  
representative of ～
","representative of ～

意味：
～を代表する
～を典型的に表している
～の代表例である
～をよく示している

例：
This painting is representative of his early work.
この絵は彼の初期作品を代表するものです。

The survey results are representative of the general population.
その調査結果は一般人口を代表している。

This case is representative of a larger problem.
この事例は、より大きな問題をよく表している。

ポイント：
representative of ～ は、「～の中から選ばれた代表」という意味だけでなく、「～の特徴をよく表している」という意味でよく使います。

名詞の representative：
a sales representative
営業担当者

a representative of the company
会社の代表者

形容詞の representative：
a representative sample
代表サンプル

語源：
represent はラテン語 repraesentare（レプラエセンターレ）「目の前に示す、現前させる」から来ています。
re-（レ）= 再び、強調
praesentare（プラエセンターレ）= 示す、提示する
praesens（プラエセンス）= 目の前にいる、現在の

同じ語源の英語：
represent = 代表する、表す
representative = 代表者、代表的な
representation = 表現、代表
present = 現在の、提示する
presence = 存在、出席
presentation = 発表、提示
"
417,"#417  
appease
","appease
アピーズ

意味：
なだめる
怒りを静める
要求を一部のんで相手を落ち着かせる
宥和する

例：
The manager tried to appease the angry customer.
店長は怒っている客をなだめようとした。

The government made concessions to appease the protesters.
政府は抗議者をなだめるために譲歩した。

He tried to appease his boss by apologizing.
彼は謝罪して上司の怒りを静めようとした。

ニュアンス：
appease は単なる calm down より、「相手の要求を少し受け入れて、怒りや不満を抑える」という感じがあります。政治では appeasement「宥和政策」として、強硬な相手に譲歩して衝突を避けようとする意味でも使います。

語源：
appease は古フランス語 apaisier（アペジエ）「平和にする、なだめる」から来ています。
a-（ア）= ～へ
pais（ペ）= 平和

pais はラテン語 pax（パークス）「平和」に由来します。

同じ語源の英語：
peace = 平和
peaceful = 平和な
appease = なだめる
appeasement = 宥和、なだめること
pacify = 平定する、なだめる
pacific = 平和的な、太平洋の
pact = 協定、条約
"
418,"#418  
dwindle
","dwindle
ドゥウィンドル

意味：
だんだん減る
次第に小さくなる
衰える
先細りになる

例：
Their savings began to dwindle.
彼らの貯金はだんだん減り始めた。

The number of visitors has dwindled.
訪問者数は減少してきた。

Food supplies are dwindling.
食料の備蓄が少なくなってきている。

ポイント：
dwindle は「急に減る」ではなく、「少しずつ減っていく」という感じです。
decrease より少し文学的・描写的です。

似た語：
decrease = 減る、減少する
decline = 減少する、衰える
shrink = 縮む、小さくなる
diminish = 減少する、弱まる
wane = 衰える、弱くなる

語源：
dwindle は古英語 dwinan（ドゥイーナン）「消えていく、衰える」に由来するとされます。
そこから「だんだん小さくなる、減っていく」という意味になりました。

関連語：
dwindling = 減少している、先細りの
dwindled = 減った、衰えた
dwindle away = だんだん消えていく
"
419,"#419  
novice
","novice
ノヴィス

意味：
初心者
未経験者
新米

ある分野を始めたばかりで、まだ経験が少ない人です。

例：
He is a novice programmer.
彼は初心者プログラマーです。

This course is designed for novices.
この講座は初心者向けです。

I’m still a novice at skiing.
私はスキーはまだ初心者です。

似た語：
beginner = 初心者。いちばん普通。
novice = 初心者、新米。少し硬め。
rookie = 新人。スポーツ・仕事でよく使う。
amateur = 素人。プロではない人。

語源：
novice はラテン語 novicius（ノウィキウス）「新しい、新参の」から、古フランス語 novice（ノヴィス）を経て英語に入りました。
novus（ノウス）= 新しい

同じ語源の英語：
new = 新しい
novel = 新しい、小説
novelty = 目新しさ
innovate = 革新する
innovation = 革新
renovate = 改修する
novice = 初心者、新米
"
420,"#420  
chick
","chick
チック

意味：
ひよこ
若い鳥
若い女性 ※古い・くだけた言い方で、場合によっては失礼

例：
A chick hatched from the egg.
卵からひよこがかえった。

The chicks are following the hen.
ひよこたちが雌鶏について歩いている。

注意：
chick = 若い女性、女の子、という意味もありますが、かなりカジュアルで、相手によっては失礼です。普通は使わない方が安全です。

語源：
chick は chicken の短縮形です。
chicken は古英語 cicen（チチェン）「若鶏、ひよこ」から来ています。

同じ語源・関連語：
chicken = 鶏、鶏肉
chick = ひよこ
chickpea = ひよこ豆 ※形がひよこに似ていることから
chickadee = アメリカの小鳥の名
"
421,"#421  
attentive
","attentive
アテンティブ

意味：
注意深い
気配りのある
よく注意を払っている
親切に世話をする

例：
The staff were very attentive.
スタッフはとても気配りがよかった。

Please be attentive during the training session.
研修中は注意深く聞いてください。

He is attentive to details.
彼は細部に注意を払う。

ポイント：
attentive は、単に「注意している」だけでなく、人に対して使うと「よく気がつく」「世話が行き届いている」という良い意味になります。

反対語：
inattentive
不注意な、注意散漫な

語源：
attentive は attend から来ています。
attend はラテン語 attendere（アッテンデレ）「注意を向ける、心を向ける」から来ました。
ad-（アド）= ～へ
tendere（テンデレ）= 伸ばす、向ける

同じ語源：
attend = 出席する、世話をする、注意を払う
attention = 注意
attentive = 注意深い、気配りのある
attendance = 出席
tend = ～しがちである、世話をする
extend = 伸ばす
intend = 意図する
tension = 緊張
"
422,"#422  
intermittent
","intermittent
インターミッテント

意味：
断続的な
時々止まる
時々起こる
途切れ途切れの

例：
intermittent rain
断続的な雨

intermittent pain
時々起こる痛み

The internet connection is intermittent.
インターネット接続が断続的に切れる。

There were intermittent power outages.
断続的な停電があった。

ポイント：
intermittent は「ずっと続いている」のではなく、「起こる、止まる、また起こる」を繰り返す感じです。

似た語：
occasional = 時々の
sporadic = 散発的な
periodic = 周期的な
intermittent = 断続的な

語源：
intermittent はラテン語 intermittere（インテルミッテレ）「間に中断を入れる、途中でやめる」から来ています。
inter-（インテル）= 間に
mittere（ミッテレ）= 送る、行かせる

同じ語源の英語：
intermit = 中断する
intermittent = 断続的な
mission = 任務、派遣
submit = 提出する、服従する
permit = 許可する
transmit = 送信する
admit = 認める、入場を許す
dismiss = 解散させる、退ける
"
423,"#423  
be prepared to + 動詞の原形
","be prepared to + 動詞の原形

意味：
～する準備ができている
～する覚悟がある
必要なら～するつもりである

例：
Please be prepared to answer questions.
質問に答える準備をしておいてください。

We must be prepared to change the schedule.
私たちは予定を変更する覚悟をしておく必要がある。

The company is prepared to offer a refund.
会社は返金する用意がある。

ポイント：
be ready to ～ と近いですが、be prepared to ～ の方が少し硬く、「準備・覚悟がある」という感じが強いです。

be prepared for + 名詞
～に備えている

例：
Be prepared for delays.
遅延に備えてください。

語源：
prepare はラテン語 praeparare（プラエパラーレ）「前もって用意する」から来ています。
prae-（プラエ）= 前に
parare（パラーレ）= 用意する、整える

同じ語源：
prepare = 準備する
preparation = 準備
prepared = 準備ができた
preparatory = 準備の
apparatus = 装置、器具
repair = 修理する ※「再び整える」の意味から来ています。
"
424,"#424  
coercive
","coercive
コアーシブ

意味：
強制的な
威圧的な
力ずくで従わせるような

例：
coercive measures
強制措置

coercive power
強制力

coercive behavior
威圧的な行動

The government used coercive measures.
政府は強制的な措置を使った。

ポイント：
coercive は、単に「強い」ではなく、「相手の自由意思を抑えて、従わせる」という感じです。政治、法律、軍事、職場のハラスメントなどで使います。

動詞：
coerce
コアース
強制する、無理やり従わせる

例：
He was coerced into signing the agreement.
彼はその契約に署名するよう強制された。

名詞：
coercion
コアーション
強制、威圧

語源：
coerce はラテン語 coercere（コエルケーレ）「抑え込む、囲い込む、制限する」から来ています。
co-（コ）= 一緒に
arcere（アルケーレ）= 閉じ込める、遠ざける

同じ語源・関連語：
coerce = 強制する
coercion = 強制
coercive = 強制的な
arcane = 秘密の、難解な ※arcere 系の「閉じ込める」と関係
ark = 箱舟、箱 ※遠い関連とされることがあります。
"
425,"#425  
stymie
","stymie
スタイミー

意味：
妨げる
邪魔する
行き詰まらせる
進行を阻む

例：
The project was stymied by budget cuts.
そのプロジェクトは予算削減で行き詰まった。

The investigation was stymied by a lack of evidence.
捜査は証拠不足で進展を阻まれた。

New regulations could stymie growth.
新しい規制が成長を妨げる可能性がある。

ポイント：
stymie は「完全に止める」というより、「前に進めなくする」「行き詰まらせる」という感じです。少し硬めの語です。

語源：
stymie はもともとゴルフ用語です。古いゴルフで、自分のボールとカップの間に相手のボールがあって、直接打てない状態を stymie と呼びました。そこから「進行を邪魔する」「行き詰まらせる」という一般的な意味になりました。

関連語：
stymied = 妨げられた、行き詰まった
obstruct = 妨害する
hinder = 妨げる
impede = 妨げる
hamper = 妨げる、制約する
"
426,"#426  
ace in the hole
","ace in the hole
エイス・イン・ザ・ホール

意味：
切り札
奥の手
いざという時の秘密兵器
隠してある強力な手段

例：
The new product is our ace in the hole.
その新製品は我々の切り札です。

He kept that information as an ace in the hole.
彼はその情報を奥の手として取っておいた。

語源：
ポーカー由来の表現です。
ace = エース、最強の札
hole = ポーカーで、他人に見せずに伏せて持つ札

つまり ace in the hole は、
「伏せ札として持っているエース」
→「まだ相手に見せていない強力な切り札」
という意味です。

似た表現：
trump card = 切り札
secret weapon = 秘密兵器
backup plan = 予備策
hidden advantage = 隠れた強み
"
427,"#427  
deterrent
","deterrent
ディターレント

意味：
抑止力
思いとどまらせるもの
犯罪・攻撃・悪い行動を防ぐためのもの

例：
Nuclear weapons are seen as a deterrent.
核兵器は抑止力と見なされている。

Strict penalties can act as a deterrent to crime.
厳しい罰則は犯罪の抑止力になり得る。

The alarm system is a deterrent against theft.
警報装置は盗難防止になる。

形容詞でも使います：
a deterrent effect
抑止効果

deterrent force
抑止力

語源：
deterrent は deter から来ています。
deter はラテン語 deterrere（デテルレーレ）「怖がらせて思いとどまらせる」から来ています。
de-（デ）= 離れて
terrere（テルレーレ）= 怖がらせる

同じ語源の英語：
deter = 思いとどまらせる、抑止する
deterrent = 抑止力、抑止の
deterrence = 抑止
terror = 恐怖
terrify = 怖がらせる
terrible = 恐ろしい
terrific = すごい、恐ろしい ※元は「恐怖を起こさせる」
"
428,"#428  
ramp up
","ramp up
ランプ・アップ

意味：
増やす
強化する
加速する
本格化させる

特に、生産量・活動量・支援・圧力・軍備などを「段階的に増やす」という意味です。

例：
The company plans to ramp up production.
会社は生産を増やす予定です。

Ukraine is ramping up drone production.
ウクライナはドローン生産を強化している。

The government ramped up pressure on the company.
政府はその会社への圧力を強めた。

We need to ramp up hiring.
採用を強化する必要がある。

ポイント：
increase より口語的で、「勢いをつけて増やす」「ギアを上げる」という感じがあります。

反対表現：
ramp down
減らす、縮小する

語源：
ramp はもともと「傾斜路、坂道」です。
車などが坂道を上がっていくイメージから、ramp up = 上へ上げる、増やす、強化する、となりました。

関連語：
ramp = 傾斜路、ランプ
ramp up = 増やす、強化する
ramp down = 減らす、縮小する
scale up = 拡大する
step up = 強化する、増やす
"
429,"#429  
vis-?-vis
","vis-?-vis
ヴィザヴィ／ヴィズアヴィ

意味：
～に対して
～と比べて
～との関係で
～に向かい合って

少し硬い表現です。英語では、比較・関係を述べるときによく使います。

例：
Japan's position vis-?-vis China is complicated.
中国に対する日本の立場は複雑です。

The yen weakened vis-?-vis the dollar.
円はドルに対して下落した。

We need to consider our policy vis-?-vis Russia.
ロシアに対する我々の政策を考える必要がある。

元の意味：
「向かい合って」
「面と向かって」

語源：
フランス語 vis-?-vis（ヴィザヴィ）から来ています。
vis = 顔、面
? = ～に
vis = 顔、面

つまり直訳は「顔と顔を向かい合わせて」です。

同じ語源・関連語：
vision = 視覚、構想
visible = 見える
visual = 視覚の
visit = 訪問する
vista = 眺め
visage = 顔、顔つき
"
430,"#430  
incendiary
","incendiary
インセンディアリー

意味：

火をつける、焼夷性の
扇動的な、人を怒らせる、対立をあおる

例：
incendiary bomb
焼夷弾

incendiary device
発火装置、焼夷装置

His speech was incendiary.
彼の演説は扇動的だった。

The article used incendiary language.
その記事は人をあおるような表現を使っていた。

ポイント：
incendiary はもともと「火をつける」という意味です。そこから比喩で、「怒り・暴動・対立に火をつける」→「扇動的な」という意味になります。

名詞でも使います：
an incendiary
放火犯、扇動者、焼夷弾

語源：
incendiary はラテン語 incendium（インケンディウム）「火事、火災」から来ています。
incendere（インケンデレ）= 火をつける、燃やす
in-（イン）= 中へ、上に
candere（カンデーレ）= 白く輝く、燃えるように光る

同じ語源：
incense = 香、激怒させる
incandescent = 白熱した、白熱電球の
candle = ろうそく
candor = 率直さ ※「白さ、明るさ」から
candidate = 候補者 ※古代ローマで白い服を着たことから
candid = 率直な、隠し立てしない
"
431,"#431  
cocky and bold
","cocky and bold
コッキー・アンド・ボールド

意味：
生意気で大胆な
自信過剰で、怖いもの知らずの
うぬぼれていて、思い切った態度の

cocky = うぬぼれた、生意気な、自信過剰な
bold = 大胆な、恐れない、思い切った

例：
He was cocky and bold in the debate.
彼は討論で生意気で大胆だった。

The young commander sounded cocky and bold.
その若い指揮官は、自信過剰で大胆に聞こえた。

ニュアンス：
cocky は悪い意味です。「自信がありすぎて鼻につく」。
bold は良い意味にも悪い意味にもなります。「勇敢・大胆」でもあり、「ずうずうしい・無遠慮」でもあります。

cocky and bold は、
「態度は少し生意気だが、行動は大胆」
という感じです。

語源：
cocky は cock（コック）「雄鶏」から来ています。雄鶏が胸を張って威張るように見えることから、「生意気な、自信過剰な」という意味になりました。
bold は古英語 beald / bald（ベアルド／バルド）「勇敢な、大胆な」から来ています。

関連語：
cocky = 生意気な、自信過剰な
cockiness = 生意気さ
bold = 大胆な
boldly = 大胆に
boldness = 大胆さ
embolden = 勇気づける、強気にさせる
"
432,"#432  
antithetical
","たぶん antithetical です。
アンティセティカル

意味：
正反対の
相いれない
対立する
まったく相反する

例：
His views are antithetical to mine.
彼の考えは私の考えと正反対です。

Violence is antithetical to democracy.
暴力は民主主義とは相いれない。

That policy is antithetical to our values.
その政策は私たちの価値観と相いれない。

形：
be antithetical to ～
～と正反対である
～と相いれない

語源：
antithetical は antithesis から来ています。
antithesis はギリシャ語 antithesis（アンティテシス）「反対に置くこと、対立」から来ました。
anti-（アンティ）= 反対の
tithenai（ティテナイ）= 置く

同じ語源：
antithesis = 正反対、対照
antithetical = 正反対の
thesis = 論文、命題
hypothesis = 仮説
synthesis = 統合、合成
parenthesis = 括弧、挿入句
"
433,"#433  
write it off
","write it off
ライト・イット・オフ

意味：

見込みがないとして諦める
重要でないとして無視する
損金処理する、帳簿から消す
車などを全損扱いにする

例：
Don’t write him off yet.
まだ彼を見限るな。

Many people wrote the team off after their first loss.
多くの人は初戦で負けた後、そのチームはもうダメだと見なした。

The company wrote off the bad debt.
会社はその不良債権を損金処理した。

The car was written off after the accident.
その車は事故後、全損扱いになった。

ポイント：
write off はもともと会計で「帳簿から消す」という意味です。そこから比喩で、「もう価値がない」「見込みがない」と判断して切り捨てる、という意味になります。

語源：
write は古英語 writan（リタン）「刻む、書く」から来ています。
off は古英語 of / off（オフ）「離れて」から来ています。

write off は語源的には「書いて帳簿から外す」→「損失として処理する」→「見限る」という流れです。

関連語：
write-off = 損金処理、全損、見限り
write down = 評価額を下げる、書き留める
write up = 詳しく書く、評価額を上げる
write out = 書き出す
write in = 書き込む
"
434,"#434  
porcupine
","porcupine
ポーキュパイン

意味：
ヤマアラシ

体に長いトゲのような毛を持つ動物です。敵に襲われると、そのトゲで身を守ります。

例：
A porcupine has sharp quills.
ヤマアラシには鋭いトゲがあります。

The dog got too close to a porcupine.
犬がヤマアラシに近づきすぎた。

quill
クイル
意味：ヤマアラシなどのトゲ、羽ペン

語源：
porcupine は古フランス語 porc espin（ポルク・エスパン）から来ています。
porc（ポルク）= 豚
espin（エスパン）= トゲのある

つまり語源的には「トゲのある豚」です。

同じ語源・関連語：
pork = 豚肉
porcine = 豚の
porcupine = ヤマアラシ
spine = 背骨、トゲ
spiny = トゲのある
spike = とがったもの、急上昇
"
435,"#435  
impregnable
","impregnable
インプレグナブル

意味：
難攻不落の
攻め落とせない
突破できない
論破できないほど強固な

城・要塞・防御・議論・立場などに使います。

例：
The fortress was considered impregnable.
その要塞は難攻不落と考えられていた。

an impregnable defense
突破できない防御

His argument seemed impregnable.
彼の議論は反論できないほど強固に見えた。

ポイント：
軍事なら「攻め落とせない」。
比喩なら「崩せない、反論できない、揺るがない」。

語源：
impregnable は古フランス語 imprenable（アンプルナーブル）「取ることができない、捕らえられない」から来ています。
in-（イン）= ～できない
prendre（プランドル）= 取る、捕らえる

prendre はラテン語 prendere / prehendere（プレンデレ／プレヘンデレ）「つかむ、捕らえる」に由来します。

同じ語源：
prison = 監獄
prisoner = 囚人
prehend = つかむ
comprehend = 理解する ※頭でつかむ
apprehend = 逮捕する、理解する
enterprise = 事業 ※「引き受ける」系統
surprise = 驚かせる ※不意につかむ、から。
"
436,"#436  
tiptoeing away
","tiptoeing away
ティップトウイング・アウェイ

意味：
つま先立ちでそっと立ち去っている
音を立てないようにこっそり離れていく

tiptoe = つま先で歩く、忍び足で歩く
away = 離れて、去って

例：
He was tiptoeing away from the room.
彼は部屋からそっと忍び足で立ち去っていた。

The child tiptoed away so no one would notice.
その子は誰にも気づかれないように、そっと立ち去った。

ポイント：
tiptoeing away は、ただ「歩いて去る」ではなく、「見つからないように」「静かに」「こっそり」という感じがあります。

語源：
tiptoe は tip + toe です。
tip（ティップ）= 先端
toe（トウ）= 足の指

つまり tiptoe は「足の指の先」→「つま先立ちで歩く」という意味です。

関連語：
tiptoe = つま先で歩く、忍び足で歩く
tiptoeing = つま先で歩いている
on tiptoe = つま先立ちで
sneak away = こっそり立ち去る
creep away = 忍び足で去る
"
437,"#437  
nursery
","nursery
ナーサリー

意味：
保育園
託児所
子ども部屋
苗床、苗木畑

文脈で意味が変わります。

保育園、託児所
特に小さい子どもを預かる場所です。

例：
She works at a nursery.
彼女は保育園で働いている。

The child goes to nursery.
その子は保育園に通っている。

子ども部屋
赤ちゃんや幼児の部屋。

例：
They painted the nursery blue.
彼らは子ども部屋を青く塗った。

苗床、苗木畑
植物を育てる場所。園芸店・苗木店の意味にもなります。

例：
I bought some plants at a nursery.
苗木店で植物を買った。

語源：
nursery は nurse から来ています。
nurse はラテン語 nutrire（ヌートリーレ）「養う、育てる」から、古フランス語 nourrice（ヌリス）を経て英語に入りました。

同じ語源：
nurse = 看護師、世話をする
nursery = 保育園、子ども部屋、苗床
nurture = 育てる、養育する
nutrition = 栄養
nutrient = 栄養素
malnutrition = 栄養失調
"
438,"#438  
books contributor
","books contributor

意味：
書評欄の寄稿者
本・書籍分野の記事を書く寄稿者
本について寄稿する人

books = 本、書籍分野
contributor = 寄稿者、貢献者

たとえば新聞・雑誌・サイトで books contributor とあれば、
「本・書評関係の記事を寄稿している人」
という意味です。

例：
She is a books contributor for The New Yorker.
彼女はニューヨーカー誌の書籍欄の寄稿者です。

He works as a books contributor and critic.
彼は書籍分野の寄稿者兼評論家として働いている。

contributor の語源：
contributor は contribute から来ています。
contribute はラテン語 contribuere（コントリブエレ）「一緒に与える、持ち寄る」から来ています。
con-（コン）= 一緒に
tribuere（トリブエレ）= 分け与える、割り当てる

同じ語源：
contribute = 寄稿する、貢献する
contributor = 寄稿者、貢献者
contribution = 寄稿、貢献、寄付
tribute = 賛辞、貢ぎ物
attribute = ～に帰する、属性
distribute = 分配する
retribution = 報い、報復
"
439,"#439  
client directory
","client directory
クライアント・ディレクトリー

意味：
顧客名簿
顧客一覧
取引先一覧
顧客情報の一覧表

client = 顧客、依頼人、取引先
directory = 名簿、住所録、一覧、ディレクトリ

例：
Please update the client directory.
顧客名簿を更新してください。

The client directory includes names, phone numbers, and email addresses.
顧客一覧には、名前、電話番号、メールアドレスが含まれています。

You can find the contact information in the client directory.
連絡先情報は顧客名簿で確認できます。

ITでは directory は「フォルダ」「階層化された一覧」という意味にもなります。
client directory がIT文脈なら、「クライアント用ディレクトリ」「顧客データの保存フォルダ」という意味になることもあります。

語源：
client はラテン語 cliens（クリエンス）「保護を受ける者、従属者」から来ています。
directory は direct から来ており、ラテン語 dirigere（ディリゲレ）「まっすぐ導く、指示する」に由来します。

同じ語源：
client = 顧客、依頼人
clientele = 顧客層
direct = 指示する、直接の
directory = 名簿、住所録、ディレクトリ
direction = 方向、指示
director = 取締役、監督
indirect = 間接的な
"
440,"#440  
banner
","banner
バナー

意味：
旗
横断幕
見出し
広告バナー

主な意味は3つです。

旗、横断幕
イベントや店の前に掲げる大きな旗・幕。

例：
A banner was hanging above the entrance.
入口の上に横断幕が掛かっていた。

ウェブ広告のバナー
サイト上に出る横長の広告画像。

例：
Click the banner to visit the website.
そのバナーをクリックするとウェブサイトに移動します。

見出し・スローガン
新聞やウェブページの大きな見出し、または運動の標語。

例：
They marched under the banner of reform.
彼らは改革の旗印のもとで行進した。

語源：
banner は古フランス語 baniere（バニエール）「旗、標識」から英語に入りました。さらにゲルマン語系の bandwa（バンドワ）「しるし、合図」と関係するとされます。

同じ語源・関連語：
banner = 旗、横断幕、バナー
band = 帯、集団
banneret = 旗を掲げる騎士
standard = 旗、基準 ※意味は近いですが語源は別です。
"
441,"#441  
A lot of people took advantage of the promotion.
","A lot of people took advantage of the promotion.

意味：
多くの人がそのキャンペーンを利用した。
多くの人がその販促企画・割引特典を活用した。

take advantage of ～ は、文脈で2つの意味があります。

よい意味：
～を利用する、活用する

例：
Customers took advantage of the sale.
客たちはセールを利用した。

You should take advantage of this opportunity.
この機会を活用すべきです。

悪い意味：
～につけ込む、～を悪用する

例：
He took advantage of her kindness.
彼は彼女の親切につけ込んだ。

この文では promotion が「販売促進、キャンペーン、割引」なので、よい意味です。
A lot of people took advantage of the promotion.
= 多くの人がそのキャンペーンをうまく利用した。

語源：
advantage は古フランス語 avantage（アヴァンタージュ）「利益、有利な点」から来ています。
さらに avant（アヴァン）「前に」に由来します。

同じ語源：
advance = 前進する、進歩
advanced = 高度な、進んだ
advantage = 利点、有利
advantageous = 有利な
vanguard = 前衛、先頭部隊
"
442,"#442  
raffle
","raffle
ラッフル

意味：
くじ引き
抽選会
福引き

賞品を用意して、チケットを買った人・参加した人の中から抽選で当選者を決めるものです。

例：
They held a raffle at the charity event.
彼らはチャリティーイベントで抽選会を開いた。

I won a prize in the raffle.
私はくじ引きで賞品が当たった。

raffle ticket
抽選券、くじ券

動詞でも使います：
They raffled off a bicycle.
彼らは自転車をくじで配った。

語源：
raffle は古フランス語 rafle（ラフル）「さいころ遊び、全部さらうこと」から来たとされます。もともと偶然・賭け・くじの感じがある語です。

関連語：
raffle = 抽選会、くじ引き
raffle ticket = 抽選券
draw = 抽選する
lottery = 宝くじ、抽選
prize draw = 景品抽選
"
443,"#443  
opticians
","opticians
オプティシャンズ

意味：
眼鏡店
眼鏡技師たち
眼鏡を作る人・売る人たち

単数：
optician
オプティシャン
眼鏡技師、眼鏡店の人

例：
I went to the optician’s.
眼鏡店に行った。

The optician adjusted my glasses.
眼鏡技師が私の眼鏡を調整した。

There are several opticians near the station.
駅の近くに眼鏡店がいくつかある。

注意：
optician = 眼鏡を作る・調整する人、眼鏡店
optometrist = 検眼士、視力検査をする専門職
ophthalmologist = 眼科医、医師

イギリス英語では optician’s で「眼鏡店」の意味によくなります。

語源：
optic はギリシャ語 optikos（オプティコス）「見ることに関する」から来ています。
opsis（オプシス）= 視覚、見ること

同じ語源：
optic = 目の、視覚の
optical = 光学の、視覚の
optician = 眼鏡技師
optics = 光学
optometry = 検眼
ophthalmology は「眼科」で、語源は別のギリシャ語 ophthalmos（オフタルモス）「目」です。
"
444,"#444  
The survey shows that most customers find Randy Sweets packaging 〇〇.

A. appealed
B. appealing
C. appeal
D. appealingly
","正解：B. appealing

The survey shows that most customers find Randy Sweets packaging appealing.

意味：
その調査によると、ほとんどの顧客はRandy Sweetsの包装を魅力的だと思っている。

文法：
find + 目的語 + 形容詞
「目的語を～だと思う」という形です。

find Randy Sweets packaging appealing
= Randy Sweetsの包装を appealing だと思う

appealing は形容詞で「魅力的な、人を引きつける」という意味です。

A. appealed は過去形・過去分詞なので不可。
customers find packaging appealed とは言えません。

使えません。この文では appealed は形容詞としては不自然で、正解になりません。

ポイントは、appeal は基本的に「人に訴える」「魅力がある」という自動詞です。

The packaging appeals to customers.
その包装は顧客に魅力的に映る。

この形ならOKです。受け身にして、

customers are appealed by the packaging

とは普通言いません。つまり appealed は「魅了された」という形容詞としては通常使わない、ということです。

似ている形で言うなら、

customers find the packaging appealing.
顧客はその包装を魅力的だと思う。

customers find the packaging attractive.
顧客はその包装を魅力的だと思う。

customers find the packaging interesting.
顧客はその包装を興味深いと思う。

この appealing は現在分詞由来の形容詞で、「人の心に訴える」「魅力的な」という意味です。

一方、appealed は過去分詞ですが、appeal には普通「包装が人を appeal する」という他動詞の使い方がありません。だから「包装が appeal された状態」という形容詞にしにくい。

比較すると分かりやすいです。

The news surprised me.
I found the news surprising.
I was surprised by the news.

これは surprise が他動詞「人を驚かせる」なので、surprised も使えます。

しかし appeal は、

The packaging appealed to me.
I found the packaging appealing.

であって、

I was appealed by the packaging.
I found the packaging appealed.

とは普通言いません。

結論：
find + 目的語 + 形容詞 の形自体は正しいですが、そこに入る形容詞が appealed ではない。appealing「魅力的な」が正しい、ということです。
"
445,"#445  
A lot of publicity
","A lot of publicity
意味：
「多くの宣伝」「大きな注目」「かなりの報道・世間の関心」

publicity は「宣伝、広報、世間への露出、報道による注目」という意味です。advertising「広告」と違って、必ずしもお金を払って出す広告だけではありません。ニュースで取り上げられる、SNSで話題になる、口コミで広がる、という「世間に知られること」も publicity です。

例：
The new product got a lot of publicity.
その新製品は大きな注目を集めた。

The event received a lot of publicity.
そのイベントはかなり報道された／かなり宣伝された。

The scandal brought a lot of bad publicity.
そのスキャンダルで悪い意味で大きく報道された。

publicity は普通、不可算名詞です。だから a publicity とは普通言わず、a lot of publicity, much publicity, little publicity のように言います。

語源：
publicity は public からできた語です。public はラテン語 publicus（プブリクス）「人民の、公の」から、古フランス語 public（ピュブリク）を経て英語に入りました。publicity は「公にすること」→「世間に知られること、宣伝、報道」という意味になりました。

同じ語源の英語：
public「公の、公共の」
publish「出版する、公表する」
publication「出版物、公表」
publicize「宣伝する、公表する」
republic「共和国」
publicly「公然と、公に」
"
446,"#446  
promptly at 1 o'clock
","promptly at 1 o'clock

これが自然です。

意味：
1時きっかりに
1時ちょうどに
遅れずに1時に

例：
The meeting will begin promptly at 1 o'clock.
会議は1時きっかりに始まります。

Please arrive promptly at 1 o'clock.
1時ちょうどに来てください。

promptly は「速やかに」という意味もありますが、時刻と一緒に使うと「その時刻ぴったりに」「遅れずに」という意味になります。

promptly 1 o'clock だけでは不可で、普通は at が必要です。

語源：
promptly は prompt からできた副詞です。prompt はラテン語 promptus（プロンプトゥス）「用意ができた、すぐに使える」から来ています。さらに元は promere（プローメレ）「取り出す、前に出す」です。

同じ語源の英語：
prompt「迅速な、促す」
promptness「迅速さ」
promptitude「機敏さ、迅速さ」
"
447,"#447  
convince
","convince

意味：
納得させる、確信させる、説得する。

例：
He convinced me that the plan was safe.
彼は、その計画は安全だと私を納得させた。

She convinced him to join the project.
彼女は彼を説得して、そのプロジェクトに参加させた。

I’m convinced.
私は納得している。／私は確信している。

使い方：
convince + 人 + that 文
人に～だと納得させる

convince + 人 + to 動詞
人を説得して～させる

convince と persuade は似ていますが、convince は「頭で納得させる」、persuade は「行動するよう説得する」という違いが出やすいです。ただし、日常英語では convince someone to do もよく使います。

語源：
convince はラテン語 convincere（コンウィンケレ）「完全に打ち負かす、論破する」から来ています。con-（コン）「完全に、一緒に」+ vincere（ウィンケレ）「勝つ」。

同じ語源の英語：
victory「勝利」
victor「勝者」
victim「犠牲者」
invincible「無敵の」
evict「立ち退かせる」
conviction「確信、有罪判決」
"
448,"#448  
flaw
","flaw

意味：
欠陥、傷、弱点、不備。

物、計画、考え方、性格などにある「問題点」「欠点」を表します。

例：
There is a flaw in the design.
その設計には欠陥がある。

His argument has one major flaw.
彼の議論には大きな欠点が一つある。

The product was returned because of a flaw.
その製品は欠陥があったため返品された。

flaw と defect は近いですが、defect は製品・機械などの「欠陥」にやや硬い表現。flaw は、設計、議論、性格、宝石の傷など、もう少し広く使えます。

語源：
flaw は中英語 flawe（フラーウェ／フロー）「破片、割れ目、欠陥」から来たとされます。さらに古ノルド語 flaga（フラガ）「石の薄片、板状のかけら」と関係があるとされます。

同じ語源・近い語：
flake「薄片、かけら」
flaky「薄片状の、当てにならない」
flagstone「敷石」
"
449,"#449  
cast your vote
","cast your vote

意味：
投票する、票を投じる。

例：
Please cast your vote by Friday.
金曜日までに投票してください。

Many citizens cast their votes in the election.
多くの市民が選挙で票を投じた。

cast は「投げる、投じる」という意味です。cast your vote は直訳すると「自分の票を投げ入れる」。昔の投票で、投票用紙や札を箱に入れるイメージです。

語源：
cast は古ノルド語 kasta（カスタ）「投げる」から来た語です。
vote はラテン語 votum（ウォートゥム）「誓い、願い、投票」から来ています。さらに動詞 vovere（ウォウェーレ）「誓う、願う」に関係します。

同じ語源の英語：
cast と同系：
broadcast　放送する、広くまく
forecast　予測する
overcast　曇った
caster　投げる人、キャスター

vote と同系：
vow　誓い
devote　ささげる
devotion　献身
votive　奉納の
voter　投票者
"
450,"#450  
get acquainted with ～
","get acquainted with ～

意味：
～を知るようになる、～に慣れる、～と知り合いになる。

人にも物事にも使えます。

例：
I got acquainted with him at the conference.
私は会議で彼と知り合った。

You should get acquainted with the new system.
新しいシステムに慣れておいた方がいい。

I’m still getting acquainted with this software.
私はまだこのソフトに慣れている途中です。

ポイント：
get acquainted with a person
人と知り合いになる

get acquainted with a place / system / topic
場所・制度・話題などに慣れる、知識を得る

acquainted は「知っている、面識がある、慣れている」という形容詞です。
be acquainted with ～ は「～を知っている」。
get acquainted with ～ は「～を知る状態になる」なので、「知り合う」「慣れる」という動きがあります。

語源：
acquaint は古フランス語 acointier（アコワンティエ）「知らせる、親しくさせる」から来ています。
さらにラテン語 accognoscere（アッコグノーシェレ）「知る、認識する」に関係します。
ad-（アド）「～へ」＋ cognoscere（コグノーシェレ）「知る」。

同じ語源の英語：
cognition　認知
recognize　認識する
recognition　認識
cognitive　認知の
incognito　正体を隠した
know　知る、とは遠い親戚関係とされます。
"
451,"#451  
credential
","credential

意味：
資格、資格証明、信任状、ログイン情報。

主な使い方は3つあります。

資格・経歴
He has strong credentials.
彼には立派な資格・実績がある。

academic credentials
学歴・学位などの資格

証明書・身分証
Please show your credentials.
身分証・証明書を見せてください。

press credentials
報道関係者証、取材証

ログイン情報
login credentials
ログイン情報、認証情報

Enter your credentials.
ユーザー名やパスワードなどを入力してください。

credential は「この人・この情報を信用してよいと示すもの」という感じです。ITでは「認証に使う情報」、つまりID、パスワード、証明書、APIキーなどを指します。

語源：
credential はラテン語 credere（クレデレ）「信じる」から来ています。
中世ラテン語 credentialis（クレデンティアリス）「信用を与える、信任の」から英語に入りました。

同じ語源の英語：
credit　信用、クレジット
credible　信頼できる
credibility　信頼性
creed　信条
incredible　信じられない、すごい
discredit　信用を落とす
accredit　認定する
credentials　資格証明、認証情報
"
452,"#452  
She secured a large order from a client.
","だいたい get に近いです。ただし secure は単なる get よりも、「努力して獲得する」「確実に手に入れる」「取り付ける」という感じが強いです。

She secured a large order from a client.
彼女は顧客から大口注文を獲得した。
彼女は顧客から大口注文を取り付けた。

get a large order
大口注文をもらう、取る。普通の表現。

secure a large order
大口注文を確保する、獲得する。営業努力・交渉の結果、ちゃんと注文を取った感じ。

TOEICやビジネス英語では、secure は「獲得する」「確保する」と訳すと自然です。

例：
secure a contract
契約を獲得する、契約を取り付ける

secure funding
資金を確保する

secure a reservation
予約を確保する

secure a job
仕事を得る、就職先を確保する

もともとの secure は「安全にする、確実にする」です。そこから「逃げないように確保する」「確実に手に入れる」という意味になります。

語源：
secure はラテン語 securus（セクールス）「心配のない、安全な」から来ています。
se-（セ）「～なしに」＋ cura（クーラ）「心配、世話」。
つまり元は「心配がない」という意味です。

同じ語源の英語：
security　安全、警備、証券
secure　安全な、確保する
cure　治療する
curious　好奇心のある ※cura「気にかける」と関係
accurate　正確な ※直接同系ではなく別系統寄りだが、care/cure 系と説明されることがある
"
453,"#453  
smear
","smear

意味：
塗りつける、汚す、中傷する。

主な意味は3つです。

べっとり塗る、塗りつける
She smeared butter on the bread.
彼女はパンにバターを塗った。

The child smeared paint on the wall.
子どもが壁にペンキを塗りたくった。

汚す、にじませる
The ink smeared.
インクがにじんだ。

My glasses are smeared.
メガネが汚れている。

中傷する、悪評を広める
They tried to smear his reputation.
彼らは彼の評判を傷つけようとした。

a smear campaign
中傷キャンペーン、ネガティブキャンペーン

名詞でも使います。
a smear of chocolate
チョコレートのべったりした汚れ、少量のチョコの跡

発音：
スミア

語源：
smear は古英語 smeoru（スメオル）「脂、油、軟膏」に関係します。もともと「油っぽいものを塗る」という感じです。

同じ語源・関連語：
smear　塗りつける、汚す、中傷する
smirch　汚す、名誉を傷つける
smarmy　へつらう、うさんくさい
smear campaign　中傷運動
pap smear　子宮頸がん検査の一種
"
454,"#454  
hardly
","hardly

意味：
ほとんど～ない、まず～ない。

否定に近い副詞です。

例：
I hardly know him.
私は彼をほとんど知らない。

She hardly ever eats meat.
彼女はめったに肉を食べない。

There was hardly any food left.
食べ物はほとんど残っていなかった。

I can hardly hear you.
あなたの声がほとんど聞こえません。

注意：
hardly は hard「一生懸命に」とは意味が違います。

I worked hard.
一生懸命働いた。

I hardly worked.
ほとんど働かなかった。

hardly は「少しはあるが、ほぼゼロ」という感じです。not と一緒に使うと二重否定になりやすいので注意です。

語源：
hardly は hard + -ly です。
hard は古英語 heard（ヘアルド）「硬い、厳しい、困難な」から来ています。
-ly は古英語 -lice（リチェ）「～のように、～らしく」から来た副詞語尾です。

同じ語源の英語：
hard　硬い、難しい、一生懸命に
hardship　困難、苦難
harden　硬くする
hardness　硬さ
hardy　頑丈な、たくましい
hardline　強硬路線
hardworking　勤勉な
"
455,"#455  
complimentary
","complimentary

意味：

無料の、サービスの
褒める、称賛する

TOEICでは「無料の」という意味が非常によく出ます。

例：
complimentary breakfast
無料の朝食

complimentary drinks
無料サービスの飲み物

complimentary ticket
招待券、無料券

The hotel offers complimentary Wi-Fi.
そのホテルは無料Wi-Fiを提供している。

もう一つの意味は「褒める」です。

例：
She was very complimentary about his work.
彼女は彼の仕事をとても褒めていた。

注意：
complimentary と complementary は別語です。

complimentary
無料の、褒める

complementary
補完的な、互いに補い合う

語源：
complimentary は compliment（コンプリメント）「賛辞、褒め言葉」から来ています。
compliment はイタリア語 complimento（コンプリメント）「礼儀、敬意を示す言葉」から、さらにラテン語 complere（コンプレーレ）「満たす、完成させる」に関係します。
com-（コム）「一緒に、完全に」＋ plere（プレーレ）「満たす」。

同じ語源の英語：
complete　完成した
completion　完成
comply　従う
complement　補完するもの
compliment　賛辞、褒める
complimentary　無料の、褒める
plenty　たくさん
full　満ちた
"
456,"#456  
be in need of ～
","be in need of ～

意味：
～を必要としている
～が必要である

of は前置詞です。off ではありません。

例：
The building is in need of repair.
その建物は修理が必要だ。

The project is in need of funding.
そのプロジェクトは資金を必要としている。

Many people are in need of help.
多くの人が助けを必要としている。

of と off の違い：
of は「～の、～に関する」
off は「離れて、外れて」

だから、
in need of help
助けを必要としている

in need off help
これは不可。文法的に変です。

発音は少し似ていますが、書くときは必ず of です。
"
457,"#457  
DEED
","DEED（ディード）

意味：
「行為」「行い」「実行したこと」という意味です。特に、良い行い・悪い行いのように、実際にしたことを指します。

例：
a good deed
善行、よい行い

a bad deed
悪事、悪い行い

Deeds, not words.
言葉ではなく行動。

もう一つ、法律では「証書」「権利証書」という意味もあります。

例：
a title deed
権利証書、不動産の所有権を示す証書

語源：
古英語 d?d（デード）「行為、行い」から来ています。さらにゲルマン祖語 *d?diz（デーディズ）「行為」にさかのぼります。

同じ語源の英語：
do　する
does　する
did　した
done　された、済んだ
doing　行うこと
deed　行為、証書

ポイント：
do は「する」という動詞、deed は「されたこと・行為」という名詞です。
つまり deed は「実際にやったこと」という感じです。
"
458,"#458  
WAIVED
","WAIVED（ウェイヴド）

意味：
「放棄された」「免除された」という意味です。動詞 waive（ウェイヴ）「権利を放棄する」「規則・料金などを適用しない」の過去形・過去分詞です。

例：
The fee was waived.
その料金は免除された。

He waived his right to appeal.
彼は上訴する権利を放棄した。

The late charge will be waived.
延滞料金は免除されます。

語源：
waive は古フランス語 weyver（ウェイヴェール）「放棄する、捨てる」から来ています。さらにゲルマン系の語に由来するとされます。もともとは「捨てる」「手放す」という意味です。

同じ語源の英語：
waive　放棄する、免除する
waiver　権利放棄、免除
waived　放棄された、免除された

注意：
wave（ウェイヴ）「波、手を振る」と発音は同じですが、意味も語源も別です。waived は「手を振った」ではありません。
"
459,"#459  
drawing o
","drawing on（ドローイング・オン）

意味：
「?を利用して」「?を活用して」「?に頼って」という意味です。特に、知識・経験・資料・資金などを引き出して使う感じです。

例：
Drawing on his experience, he solved the problem.
彼は自分の経験を活かして、その問題を解決した。

The report draws on data from several studies.
その報告書は、いくつかの研究データを利用している。

draw on ～ の基本イメージ：
draw は「引く、引き出す」。
draw on ～ は「?の上に線を描く」ではなく、「?から引き出して使う」という意味になります。

使い方：
draw on experience
経験を活かす

draw on knowledge
知識を活用する

draw on resources
資源・資金・人員などを利用する

draw on evidence
証拠に基づく、証拠を利用する

語源：
draw は古英語 dragan（ドラガン）「引く、運ぶ」から来ています。さらにゲルマン祖語 *dragan?（ドラガナン）「引く、運ぶ」にさかのぼります。

同じ語源の英語：
draw　引く、描く、引き出す
drawer　引き出し
draft　下書き、草稿、徴兵
drag　引きずる
dray　荷馬車

注意：
drawing on は、文脈によっては「近づいている」という意味もあります。

例：
Evening was drawing on.
夕方が近づいていた。

ただし、TOEICやビジネス文では、多くの場合「?を活用して」「?に基づいて」です。
"
460,"#460  
right away
","right away（ライト・アウェイ）

意味：
「すぐに」「ただちに」「今すぐ」という意味です。

例：
I’ll do it right away.
すぐにやります。

Please call me right away.
すぐに電話してください。

She left right away.
彼女はすぐに出発した。

right away の right：
ここでの right は「右」ではなく、「まさに」「ちょうど」「完全に」という強調です。

away：
「離れて」「別の方向へ」ですが、right away では慣用的に「ただちに」という意味になります。

語源：
right は古英語 riht（リフト／リヒト）「正しい、まっすぐな」から来ています。
away は古英語 on weg（オン・ウェグ）「道の上へ、離れて」から来ています。weg（ウェグ）は「道」です。

同じ語源の英語：
right　正しい、右の、まさに
righteous　正しい、公正な
rectify　訂正する
direct　導く、指示する
away　離れて
way　道、方法
always　いつも

注意：
write away という表現も形としてはありえますが、普通の熟語ではありません。たとえば write away for a brochure なら「パンフレットを求めて手紙を書く」という古い言い方です。日常で「すぐに」と言いたいなら right away です。
"
461,"#461  
compromise
","ある。特にIT・セキュリティでは、compromise / compromised に「侵害される」「不正アクセスされる」「情報が漏えいする状態になる」という意味がある。

ただし、compromise そのものが直接「漏えいする」というより、「安全性が破られる」「アカウントやシステムが乗っ取られる・侵害される」という意味。その結果として、情報漏えいが起きることが多い。

例：
The account was compromised.
そのアカウントは侵害された。
そのアカウントは乗っ取られた。

The system was compromised.
そのシステムは侵害された。
不正アクセスを受けた。

Customer data may have been compromised.
顧客データが漏えいした可能性がある。
直訳に近く言えば、「顧客データの安全性が損なわれた可能性がある」。

「漏えい」と訳してよい場合：
personal information was compromised
個人情報が漏えいした可能性がある／個人情報が侵害された

credentials were compromised
認証情報が漏えいした／盗まれた可能性がある

passwords were compromised
パスワードが漏えいした／危険にさらされた

注意：
compromised = 必ず漏えい済み、とは限らない。
「漏えいしたかもしれない」「第三者に見られた可能性がある」「安全でなくなった」という幅のある表現。

つまり、
compromise security = セキュリティを損なう
compromised account = 侵害されたアカウント
compromised data = 漏えいした可能性のあるデータ

ITでは「漏えい」と訳して自然な場面が多い。
"
462,"#462  
whole
","whole は基本的に「一つのまとまり全体」を表すので、数えられる単数名詞を修飾することが多いです。

正しい例：
the whole book
その本全体

the whole building
その建物全体

the whole day
丸一日

the whole country
国全体

だから、不可算名詞にはふつう直接は使いにくいです。

不自然：
the whole information
the whole furniture
the whole advice
the whole equipment

こういう不可算名詞には、whole ではなく all を使うのが普通です。

自然：
all the information
すべての情報

all the furniture
すべての家具

all the advice
すべての助言

all the equipment
すべての設備

ただし、不可算名詞でも「一つのまとまり」として見れば whole が使えることがあります。

例：
the whole truth
真実のすべて

the whole story
話の全体

the whole world
世界全体

the whole process
過程全体

ポイントはこれです。

whole = 一つのまとまりを丸ごと
all = 数・量を全部

だから、

all the water
その水全部

は自然ですが、

the whole water

は普通は不自然です。

ただし、

the whole bottle of water
その水のボトル丸ごと

なら自然です。whole は water ではなく bottle を修飾しているからです。

まとめると、

whole は基本的に可算単数名詞につく。
不可算名詞には普通 all を使う。
ただし、truth, story, world, process など「まとまり」として考えられる語には whole が使える。
"
463,"#463  
sales
","sales は形としては sale の複数形です。

sale（セール）＝販売、売却、特売
sales（セールズ）＝売上、販売活動、販売部門、販売件数

ただし、意味によって扱いが変わります。

「売上」という意味では、複数形の形だが、まとまった金額・実績として扱う
例：
Sales increased last year.
売上は昨年増加した。

Sales are strong this month.
今月の売上は好調です。

この場合、動詞は are / have など複数扱いになることが多いです。

「販売部門」という意味でも sales と言う
例：
She works in sales.
彼女は営業部門で働いている。

sales department
営業部、販売部

この sales は「営業」という分野名のように使われます。

「特売、セール」が複数ある場合も sales
例：
There are many sales in January.
1月には多くのセールがあります。

注意：
「営業マン」は sales だけではなく、
salesperson
sales representative
sales staff
などと言います。

まとめ：
sales は形は複数形。
意味は「売上」「販売活動」「営業部門」。
文法上は、多くの場合、複数扱いで Sales are ～ になる。
"
464,"#464  
To claim your gift
","To claim your gift（トゥ・クレイム・ユア・ギフト）

意味：
「あなたのプレゼントを受け取るには」
「あなたの特典を請求するには」
「景品を受け取るには」

claim はここでは「主張する」ではなく、「自分のものとして受け取る」「権利を行使して受け取る」という意味です。

例：
To claim your gift, enter the code below.
プレゼントを受け取るには、下のコードを入力してください。

Click here to claim your gift.
プレゼントを受け取るには、ここをクリックしてください。

You must show your receipt to claim your gift.
プレゼントを受け取るには、レシートを提示する必要があります。

語源：
claim はラテン語 clamare（クラマーレ）「叫ぶ、呼び求める」から来ています。古フランス語 clamer（クラメ）を経て英語に入りました。もともとは「声を上げて求める」「権利を主張する」という感じです。

同じ語源の英語：
claim　主張する、請求する、受け取る
proclaim　宣言する
exclaim　叫ぶ
reclaim　取り戻す、再生する
acclaim　喝采する、称賛する
disclaim　否認する、権利を放棄する

ポイント：
To claim your gift は、キャンペーンや抽選でよく使う表現です。
日本語では「プレゼントを受け取るには」が一番自然です。
"
465,"#465  
streamline
","streamline（ストリームライン）

意味：

効率化する、簡素化する、無駄を省く
仕事・手続き・組織・システムなどを、より速く簡単にするという意味です。

例：
We need to streamline the approval process.
承認手続きを効率化する必要があります。

The company streamlined its operations.
その会社は業務を効率化した。

流線型にする
もともとは、空気や水の抵抗を減らすために、乗り物などをなめらかな形にする意味です。

例：
a streamlined train
流線型の列車

語源：
stream（ストリーム）＝流れ
line（ライン）＝線

streamline はもともと「流れに沿った線」「流線」という意味です。そこから、空気や水の抵抗が少ない形、さらに比喩的に「無駄をなくして効率化する」という意味になりました。

同じ語源の英語：
stream　流れ、小川、流れる
line　線、列、方針
mainstream　主流
sidestream　副流、横流れ
pipeline　パイプライン、流れ作業
outline　概要、輪郭

ポイント：
ビジネスでは streamline = 「効率化する」「手続きを簡素化する」と訳すことが多いです。

streamline paperwork
書類手続きを簡素化する

streamline workflow
業務の流れを効率化する

streamline operations
業務を効率化する
"
466,"#466  
Extended delivery date
","Extended delivery date

意味：
「延長された納品日」「延期された配達日」「配送予定日が後ろにずれた日」という意味です。

extended = 延長された、長くされた
delivery date = 配達日、納品日

つまり、もともとの予定より遅くなった配達日・納品日です。

例：
Your extended delivery date is July 15.
配達予定日は7月15日に延長されました。

The extended delivery date is due to a delay at the warehouse.
納品日が延期されたのは、倉庫での遅れが原因です。

語源：
extend はラテン語 extendere（エクステンデレ）「外へ伸ばす」から来ています。
ex-（エクス）＝外へ
tendere（テンデレ）＝伸ばす、張る

同じ語源の英語：
tension　緊張、張り
tent　テント、張ったもの
intend　意図する
pretend　ふりをする
extend　延長する
extension　延長、内線
extent　範囲
intense　強烈な
contend　争う、主張する
"
467,"#467  
Columns are supporting a porch roof.
","Columns are supporting a porch roof.

意味：
柱がポーチの屋根を支えている。

columns = 柱
are supporting = 支えている
a porch roof = ポーチ、玄関前の屋根

porch は、家の玄関前にある屋根付きの小さなスペースです。日本語では「玄関ポーチ」「玄関前の屋根付き部分」くらいです。

写真描写なら、
「柱がポーチの屋根を支えている」
「柱が玄関前の屋根を支えている」
という意味です。
"
468,"#468  
run into 人
","run into 人 = 人に偶然会う、ばったり会う

ここでは ran into you なので、
「あなたに偶然会った」
「あなたにばったり会った」
です。

I'm glad I ran into you.
= あなたに偶然会えてよかった。

たとえば、何か聞きたいことがあった相手に廊下や街で偶然会ったときに使います。

語源：
run は古英語 rinnan / iernan（リンナン／イエルナン）「走る、流れる」から。
into は in（イン）「中へ」＋ to（トゥ）「?へ」から。

run into は直訳では「?の中へ走り込む」ですが、そこから「出くわす」「偶然会う」という意味になりました。

同じ語源の英語：
run　走る
runner　走る人
running　走ること
in　中に
inside　内側に
to　?へ
toward　?の方へ
"
469,"#469  
various
","various は「さまざまな」「いろいろな」という意味なので、後ろには普通、複数名詞が来ます。

正しい：
various sources
さまざまな供給源

various reasons
さまざまな理由

various kinds
さまざまな種類

various problems
さまざまな問題

不自然：
a various source
a various reason
a various problem

なぜかというと、various は「複数の違ったものがある」という意味だからです。だから、単数名詞とは相性が悪いです。

ただし、「さまざまな種類の一つ」という言い方なら、

a variety of sources
さまざまな供給源

a wide variety of foods
非常に多様な食品

のように variety を使います。

今回なら、

a rich source of nutrition
豊富な栄養源

various sources of nutrition
さまざまな栄養源

この違いです。だから空欄が a ●● source なら、various は入れにくく、rich が自然です。
"
470,"#470  
be in favor of ～
","be in favor of ～ ＝「～に賛成している」「～を支持している」

発音：ビー・イン・フェイヴァー・オヴ

例：
I am in favor of the plan.
私はその計画に賛成です。

Most employees are in favor of the change.
ほとんどの従業員はその変更を支持しています。

反対は be against ～ です。
I am against the proposal.
私はその提案に反対です。

favor は名詞で「好意、支持、賛成」という意味です。したがって、be in favor of ～ は直訳すると「～を支持する立場にある」となります。

語源：
favor はラテン語 favor（ファウォル）「好意、支持」から、古フランス語 favour（ファヴール）を経て英語に入りました。さらにラテン語 favere（ファウェーレ）「好意を示す、支持する」に由来します。

同じ語源の英語：
favorable「好意的な、有利な」
favorite「お気に入りの」
favorably「好意的に」
unfavorable「好ましくない、不利な」
"
471,"#471  
culinary
","意味：「料理の」「調理の」「台所の」

発音：/?k?l?neri/ または /?kju?l?neri/
カタカナ：カリナリー、キューリナリー
※アメリカ英語では「カリネリ」に近く聞こえることがあります。

例：
culinary skills
料理の技術、調理技術

culinary arts
料理技術、料理学

a culinary school
料理学校、調理師学校

a culinary experience
食の体験、料理体験

語源：
ラテン語 culina（クーリーナ）「台所、料理場」
↓
culinarius（クーリナーリウス）「台所の、料理の」
↓
英語 culinary

同じ語源の英語：
culinarian「料理人、料理通」
culinarily「料理の観点から、調理上」

なお、culinary は cook よりかなりフォーマルで、「料理文化・料理技術・美食」の文脈でよく使われます。
"
472,"#472  
Should you prefer more casual fare
","Should you prefer more casual fare?
＝ If you should prefer more casual fare
＝ If you prefer more casual fare

意味は「もっと気軽な料理をご希望でしたら」「よりカジュアルな食事がお好みでしたら」です。

元の形は次の条件文です。

If you should prefer more casual fare, ...

この文から if を省略すると、should が主語 you の前に移動します。

If you should prefer ...
↓
Should you prefer ...

これを「条件節の倒置」といいます。

通常の疑問文の倒置と同じ語順になりますが、疑問文ではありません。文末に疑問符が付いていても、文脈上は「もし?なら」という条件を表しています。

構造：
Should ＋ 主語 ＋ 動詞の原形, 主節

例：
Should you need any assistance, please contact us.
もし何かお手伝いが必要でしたら、ご連絡ください。

Should you have any questions, let me know.
ご質問がありましたら、お知らせください。

Should the weather worsen, the event will be canceled.
天候が悪化した場合、イベントは中止されます。

ここでの should は「?すべき」という義務ではありません。「万一?なら」「もし?であれば」という控えめな条件を表しています。

If you prefer more casual fare と比べると、違いは次のようになります。

If you prefer more casual fare
普通で直接的。「もっとカジュアルな料理がお好みなら」

If you should prefer more casual fare
少し丁寧で控えめ。「もしもっとカジュアルな料理をご希望でしたら」

Should you prefer more casual fare
if should の倒置形。フォーマルで、案内文・広告・ホテル・レストランの文章などでよく使われます。

fare はここでは「運賃」ではなく、「食事、料理」という意味です。

casual fare
気軽な料理、格式張らない食事

例えば、コース料理に対して、ハンバーガー、サンドイッチ、軽食などを指すことがあります。

文全体が Should you prefer more casual fare? だけで終わっている場合は、広告や案内文で後半が省略されている可能性があります。完全な文なら、例えば次のようになります。

Should you prefer more casual fare, our caf? is open until 10 p.m.
もっと気軽な料理をご希望でしたら、当店のカフェは午後10時まで営業しています。

なお、if を省略できる倒置は主に should、were、had の3種類です。

Should you need help, ...
＝ If you should need help, ...

Were I you, ...
＝ If I were you, ...

Had I known, ...
＝ If I had known, ...

したがって、Should you prefer ... は「if が省略され、条件節内の should が主語の前に出た倒置形」です。
"
473,"#473  
develop a defect
","develop a defect ＝「欠陥が生じる」「不具合を起こす」「故障箇所ができる」

ここで develop は「開発する」ではなく、「徐々に生じる」「現れる」という意味です。

例：
The machine developed a defect.
その機械に不具合が生じた。

The product may develop a defect over time.
その製品は時間がたつと欠陥が生じる可能性がある。

develop a defect は、人が意図的に欠陥を作るという意味ではなく、物に欠陥が発生するという意味です。

develop
意味：発達する、発生する、徐々に現れる
語源：古フランス語 desveloper（デヴロペ）「包みを開く」
同じ語源の英語：development「発達、開発」、developer「開発者」、developed「発達した」

defect
意味：欠陥、不具合
語源：ラテン語 defectus（デフェクトゥス）「不足、欠落」← deficere（デフィケレ）「不足する、失敗する」
同じ語源の英語：defective「欠陥のある」、deficiency「不足」、deficient「不足している」、fail「失敗する」
"
474,"#474  
craft
","craft

意味：

技術、技能、職人技
工芸、手工芸
船、航空機、宇宙船
巧みに作る、念入りに作る（動詞）

発音：/kr?ft/
カタカナ：クラフト

例：
craft skills
職人技、工芸技術

arts and crafts
美術工芸、図画工作

The speech was carefully crafted.
その演説は入念に練り上げられた。

a small craft
小型船

craft は単なる make「作る」よりも、「技術や工夫を使って巧みに作る」というニュアンスがあります。

語源：
古英語 cr?ft（クラェフト）「力、技能、技術」
↓
中英語 craft「技能、職業、手仕事」

同じ語源の英語：
craftsman「職人」
craftsmanship「職人技」
crafty「ずる賢い、巧妙な」
handicraft「手工芸」
aircraft「航空機」
spacecraft「宇宙船」
watercraft「船舶」

特に重要なのは、craft が「手作り」だけではなく、「熟練した技術」というのが元の意味だという点です。
"
475,"#475  
a puddle of water
","a puddle of water

意味：
「水たまり」「小さな水たまり」

puddle は、雨や水が地面にたまってできた「浅い水たまり」を表します。

例文：

There is a puddle of water on the floor.
床に水たまりがあります。
Be careful not to step in the puddle.
水たまりを踏まないように気を付けてください。
After the rain, puddles formed all over the road.
雨の後、道路のあちこちに水たまりができました。

TOEICでもよく見られる表現：

A child is jumping over a puddle.
子どもが水たまりを飛び越えています。
The ground is covered with puddles.
地面には水たまりができています。

発音：
puddle /?p?d?l/
カタカナでは「パドル」に近い発音です（「パドゥル」のようにも聞こえます）。

語源：
puddle は古英語・ゲルマン系の語に由来し、「泥や水をかき混ぜる」「ぬかるみ」を意味する語から発展しました。

関連語：

muddy（マディ）＝泥だらけの
mud（マド）＝泥
pool（プール）＝池、水たまり（puddle より大きい）
pond（ポンド）＝池
puddle up（パドル・アップ）＝水たまりになる、水がたまる
"
476,"#476  
Codewill Computer accepts returns 〇〇products have not been removed from the packaging.

A. in order that

B. such as

C. in case

D. as long as
","正解：D. as long as

文：
Codewill Computer accepts returns, as long as products have not been removed from the packaging.

意味：
「Codewill Computerでは、商品が包装から取り出されていない限り、返品を受け付けます。」

as long as は「～である限り」「～という条件で」という条件を表す接続詞です。この文では返品を受け付ける条件を述べています。

・accept returns = 返品を受け付ける
・have not been removed from the packaging = 包装から取り出されていない

つまり、
「包装を開けていないこと」が返品を受け付ける条件です。

各選択肢の検討：

A. in order that（～するために）
× 目的を表します。
「返品を受け付けます、商品が包装から取り出されていないようにするために」となり、不自然です。

B. such as（例えば）
× 前置詞であり、後ろには名詞が来ます。
後ろは products have not been removed... という節（S+V）なので文法的に不可です。

C. in case（～の場合に、～に備えて）
× 「～に備えて」という意味が中心です。
「返品を受け付けます、商品が包装から取り出されていない場合に備えて」となり意味が合いません。

D. as long as（～である限り）
○ 条件を表し、意味・文法ともにぴったりです。

TOEICでは as long as = if（～ならば） と覚えておくと便利です。

例：

You may leave early as long as you finish your work.
（仕事を終えるなら、早く帰ってよい。）
We will refund your money as long as you have the receipt.
（レシートがあれば返金します。）
"
477,"#477  
well enough to + 動詞の原形
","意味：
「～するのに十分なくらい上手に」
「～できる程度に十分よく」

形：
well enough to + 動詞の原形

例：
He speaks English well enough to work abroad.
彼は海外で働けるほど十分に英語を上手に話します。

She knows the system well enough to explain it.
彼女はそのシステムを説明できる程度によく理解しています。

I do not know him well enough to trust him.
私は彼を信用できるほど十分には知りません。

ポイント：
enough は、形容詞・副詞の後ろに置きます。

well enough
十分によく、十分に上手に

× enough well
○ well enough

語源：
well は古英語 wel（ウェル）「よく」に由来します。
enough は古英語 gen?g（ゲノーグ）「十分な」に由来します。

同じ語源の英語：
well-being（ウェルビーイング）＝幸福、健康
welcome（ウェルカム）＝歓迎する
enough には、現代英語で直接同じ語源として分かりやすい一般語はほとんどありません。
"
478,"#478  
be known for ～
","be known for ～

意味：
「～で知られている」「～で有名である」

形：
be known for + 名詞／動名詞

例：
Kyoto is known for its temples.
京都は寺院で知られています。

The company is known for producing high-quality cameras.
その会社は高品質なカメラを製造することで知られています。

He is known for his honesty.
彼は正直さで知られています。

似た表現：
be famous for ～
「～で有名である」
be known for の方がやや客観的で、人物・会社・場所の特徴を述べるときによく使います。

注意：
be known as ～＝～として知られている
be known to ～＝～に知られている

例：
He is known as a skilled engineer.
彼は熟練した技術者として知られています。

He is known to many people.
彼は多くの人に知られています。

語源：
known は know の過去分詞です。
know は古英語 cn?wan（クナーワン）「知る」に由来します。

同じ語源の英語：
knowledge（ナレッジ）＝知識
acknowledge（アクノリッジ）＝認める
unknown（アンノウン）＝知られていない
well-known（ウェルノウン）＝有名な
"
479,"#479  
class material
","class material

意味：
「授業で使う教材」「授業資料」

通常は material を複数形にして、class materials と言うことが多いです。

例：
Please bring your class materials.
授業で使う教材を持ってきてください。

The teacher uploaded the class materials online.
先生は授業資料をオンラインにアップロードしました。

似た表現：
teaching materials＝教材
course materials＝講義・コースの教材
study materials＝学習教材
class handouts＝授業で配られるプリント

語源：
class はラテン語 classis（クラッシス）「集団、階級」に由来します。
material はラテン語 materia（マテリア）「材料、素材」に由来します。

同じ語源の英語：
classify（クラシファイ）＝分類する
classification（クラシフィケーション）＝分類
classic（クラシック）＝古典的な
matter（マター）＝物質、事柄
materialize（マテリアライズ）＝具体化する
"
480,"#480  
An awning extends over a shop entrance.
","An awning extends over a shop entrance.

意味：
「店の入り口の上にひさし（オーニング）が張り出している。」

これは TOEIC Part 1（写真描写）でよくある表現です。

語句：

awning（オーニング）
「ひさし」「日よけ」「雨よけ」
extend over ～
「～の上に張り出している」「～を覆うように伸びている」
shop entrance
「店の入り口」

文の構造：

An awning（主語）
extends（動詞）
over a shop entrance（前置詞句）

直訳すると、
「一つのひさしが店の入り口の上に張り出している。」
となります。

例文：

An awning extends over the sidewalk.
ひさしが歩道の上に張り出している。
A roof extends over the patio.
屋根がパティオの上まで伸びている。
Tree branches extend over the road.
木の枝が道路の上に張り出している。

語源：

awning（オーニング）は、フランス語 auvent（オヴァン、「ひさし」）を経て英語に入った語です。
extend（エクステンド）は、ラテン語 extendere（エクステンデレ、「外へ伸ばす」）に由来します。
entrance（エントランス）は、ラテン語 intrare（イントラーレ、「入る」）を語源とします。

同じ語源の英語：

extension（エクステンション）＝延長、拡張
extensive（エクステンシブ）＝広範囲の
entry（エントリー）＝入口、入場
enter（エンター）＝入る
"
481,"#481  
merchandise
","merchandise
発音：/?m??t??nda?z/（マーチャンダイズ）

意味：

商品、商品類（最も一般的）
商品を販売する、売り込む（動詞）

TOEICでは、ほとんどが「商品」という名詞で出題されます。

例文：

The store sells a wide variety of merchandise.
その店ではさまざまな商品を販売しています。
New merchandise has arrived.
新商品が入荷しました。
The merchandise is displayed near the entrance.
商品は入口の近くに陳列されています。
Damaged merchandise will be replaced.
損傷した商品は交換されます。

よく使われる表現：

merchandise display：商品の陳列
merchandise sales：商品販売
merchandise inventory：商品在庫
promotional merchandise：販促品
merchandise department：商品部

動詞の例：

The company merchandises its products worldwide.
その会社は製品を世界中で販売しています。

語源：
merchandise は古フランス語 marchandise（マルシャンディーズ）「売買される商品」に由来します。さらに、marchand（マルシャン）「商人」を経て、ラテン語 mercari（メルカーリ）「売買する」にさかのぼります。

同じ語源の英語：

merchant（マーチャント）＝商人
mercantile（マーキャンタイル）＝商業の
commerce（コマース）＝商業
market（マーケット）＝市場（同じ印欧語根に由来）

TOEICでは goods と似ていますが、goods は「商品・品物」全般を指す日常的な語、merchandise は「店で販売する商品」という商業的なニュアンスが強い語です。
"
482,"#482  
set aside
","set aside

意味：

取っておく、とっておく（最もよく使われる意味）
脇に置く
（時間・お金を）確保する
無視する、脇へ置いて考えない
（法律・裁判で）取り消す、無効にする

例文：

取っておく
Could you set aside a ticket for me?
私のためにチケットを1枚取っておいてくれますか。
The store set aside the item until Friday.
その店は金曜日までその商品を取り置きしてくれた。
脇に置く
She set the book aside and answered the phone.
彼女は本を脇に置いて電話に出た。
時間・お金を確保する
I set aside an hour every day to study English.
私は毎日1時間を英語の勉強のために確保している。
We should set aside some money for emergencies.
万一に備えてお金を取っておくべきだ。
脇へ置いて考えない
Let's set aside our differences and work together.
意見の違いはひとまず脇に置いて、一緒に取り組みましょう。
取り消す
The court set aside the previous decision.
裁判所は以前の判決を取り消した。

語源：

set：古英語 settan（セッタン）「置く」
aside：a（～へ）＋ side（サイド＝横、脇）

つまり、set aside は文字どおり「脇へ置く」が元の意味で、そこから「取っておく」「確保する」「保留する」などの意味に広がりました。

TOEICでよく出る意味は、

set aside time（時間を確保する）
set aside money（お金を取っておく）
set aside a product/order（商品・注文を取り置きする）
"
483,"#483  
squeeze in
","squeeze in

意味：
「予定の合間に何とか入れる」「狭い所に無理に入る」

一番よく使う意味は、忙しい予定の中に、人・仕事・時間を何とか入れることです。

例：
I can squeeze you in at 3 p.m.
午後3時なら、何とかあなたの予約を入れられます。

Can you squeeze in a short meeting?
短い会議を何とか予定に入れられますか。

I squeezed in some exercise before work.
仕事の前に何とか運動する時間を作りました。

We all squeezed into the small car.
私たちは全員、狭い車にぎゅうぎゅう詰めで乗り込みました。
※この場合は squeeze into の形が自然です。

語源：
squeeze は16世紀ごろの英語で、「強く押す、圧迫する」という意味から来ています。語源は中英語 squysen（スクイーゼン）とされますが、さらに古い起源は不明です。
in は古英語 in（イン）「中に」に由来します。

同じ語源・関連語：
squeeze（スクイーズ）＝強く押す、搾る
squeezer（スクイーザー）＝搾る器具
squeeze out（スクイーズ・アウト）＝搾り出す、締め出す
squeeze through（スクイーズ・スルー）＝狭い所をすり抜ける
"
484,"#484  
For security purposes, only authorized personnel of JP Minds Limited may proceed 〇〇 this checkpoint.

A. beyond
B. without
C. about
D. between
","For security purposes, only authorized personnel of JP Minds Limited may proceed beyond this checkpoint.
安全上の理由により、JP Minds Limitedの許可を受けた職員だけが、この検問所より先へ進むことができます。

proceed beyond ～ で「～より先へ進む」という意味です。

this checkpoint は「この検問所・通過地点」なので、beyond this checkpoint「この検問所の先へ」が自然です。

B. without：～なしで
「検問所なしで進む」となり不自然です。

C. about：～について／およそ
proceed about this checkpoint という言い方はしません。

D. between：～の間に
between は通常、between A and B のように二つの対象が必要です。

なお、Limited の後のコンマは不要です。

誤：JP Minds Limited, may proceed
正：JP Minds Limited may proceed
"
485,"#485  
Neither assistant will be in the office today.
","Neither assistant will be in the office today.

意味：
「2人のアシスタントのどちらも、今日はオフィスにいません。」
または
「アシスタントは2人とも、今日は出社しません。」

neither は「2人・2つのうち、どちらも～ない」という意味です。

Neither assistant
＝どちらのアシスタントも～ない

will be in the office today
＝今日はオフィスにいる予定ではない

文法上、neither は単数扱いなので、assistant は単数形になっています。

Neither assistant will ...
〇

Neither assistants will ...
× 通常は使いません。

言い換え：
Neither of the assistants will be in the office today.
2人のアシスタントのどちらも、今日はオフィスにいません。

Both assistants will be out of the office today.
2人のアシスタントは、今日はどちらも不在です。
"
486,"#486  
redeem
","redeem（リディーム）

意味：

引き換える、換金する
償還する、買い戻す
汚名をそそぐ、名誉を回復する
欠点や失敗を埋め合わせる
救済する、贖う

例：
You can redeem this coupon at any store.
このクーポンはどの店舗でも商品と引き換えられます。

She redeemed her points for a gift.
彼女はポイントを景品と交換しました。

He redeemed himself by apologizing.
彼は謝罪することで名誉を挽回しました。

The company redeemed the bonds.
その会社は社債を償還しました。

redeem oneself
失敗を取り戻す、名誉を挽回する

redeem a coupon
クーポンを使う、商品と引き換える

redeem points
ポイントを特典と交換する

語源：
ラテン語 redimere（レディメレ）「買い戻す」に由来します。
re-（レー）「再び」＋ emere（エメレ）「買う」という構成です。

同じ語源の英語：
redemption（リデンプション） 償還、救済、汚名返上
redeemer（リディーマー） 救済者
redeemable（リディーマブル） 交換可能な、償還可能な
exempt（イグゼンプト） 免除された
premium（プレミアム） 割増金、特典
prompt（プロンプト） 促す、即座の

発音：
/r??di?m/
カタカナでは「リディーム」に近いです。
"
487,"#487  
Tachibana Pharmaceuticals' new method of 〇〇 chemical solutions will increase efficiency in the laboratory

A. combine
B. combinations
C. combining
D. combines
","正解：C. combining

Tachibana Pharmaceuticals' new method of combining chemical solutions will increase efficiency in the laboratory.

「タチバナ製薬の化学溶液を混合する新しい方法は、研究室の効率を向上させるでしょう。」

method of ～ing で「～する方法」という形になります。

method of combining chemical solutions
＝化学溶液を混合する方法

of は前置詞なので、その直後には名詞または動名詞が必要です。combining は動名詞で、「混合すること」という名詞の働きをしています。

A. combine
動詞の原形なので、前置詞 of の直後には置けません。

B. combinations
名詞なので文法的な形だけなら置けそうですが、combinations chemical solutions とは言えません。combinations of chemical solutions なら「化学溶液の組み合わせ」という意味になります。

D. combines
三人称単数形の動詞なので、of の直後には置けません。

なお、より一般的には次の形も使えます。

a method for combining chemical solutions
化学溶液を混合するための方法

a method of combining chemical solutions
化学溶液を混合する方法
"
488,"#488  
Senior human resources personnel need to 〇〇at least two training events this year to be eligible for a bonus.

A. have hosted
B. be hosted
C. have been hosted
D. hosting
","正解：A. have hosted

Senior human resources personnel need to have hosted at least two training events this year to be eligible for a bonus.

意味：
「上級人事担当者は、ボーナスを受け取る資格を得るために、今年少なくとも2回の研修イベントを主催している必要があります。」

need to の後ろには動詞の原形が来ます。ただしここでは「今年これまでに少なくとも2回主催した実績が必要」という意味なので、完了不定詞の

to have hosted
＝これまでに主催したこと

が適切です。

A. have hosted
正解。host は「主催する」で、personnel が研修を主催する側です。

B. be hosted
「主催される」と受け身になります。人事担当者自身が主催されることになり、意味が不自然です。

C. have been hosted
「これまでに主催されてきた」と受け身です。personnel がイベントに主催されたことになり不自然です。

D. hosting
need to hosting とは言えません。to の後ろには動詞の原形が必要です。

なお、冠詞は通常 a bonus とします。

正：
to be eligible for a bonus

誤：
to be eligible for bonus
"
489,"#489  
deliberately
","deliberately（ディリバレットリー）

意味：

意図的に、故意に
慎重に、よく考えて、ゆっくりと

例：
He deliberately ignored the warning.
彼は意図的にその警告を無視した。

She spoke slowly and deliberately.
彼女はゆっくりと慎重に話した。

この語は文脈によって、「わざと」と「慎重に」の両方の意味になります。

語源：
deliberate（ディリバレイト）「熟考する、故意の」＋ -ly（リー）です。

deliberate はラテン語 deliberare（デリベラーレ）「よく考える、熟考する」に由来します。さらに libra（リーブラ）「てんびん、重さ」と関係し、もともとは「てんびんにかけるように慎重に考える」という意味です。

同じ語源の英語：
deliberate（ディリバレイト）　熟考する、故意の
deliberation（ディリバレーション）　熟考、審議
deliberative（ディリバラティヴ）　熟議の、審議の
libra（リーブラ）　てんびん座、重量単位

発音：
/d??l?b?r?tli/
「ディリバレットリー」に近いです。
"
490,"#490  
to extend an invitation
","to extend an invitation（トゥ・イクステンド・アン・インヴィテーション）

意味：
「招待する」「招待状を出す」「正式に招待を申し出る」

extend はここでは「延長する」ではなく、「差し出す・申し出る」という意味です。

例：
We would like to extend an invitation to you.
あなたをご招待したいと思います。

The company extended an invitation to several clients.
その会社は数人の顧客に招待を申し出ました。

extend an invitation to 人
＝人を招待する

invite 人 よりも、やや正式で丁寧な表現です。

語源：
extend（イクステンド）は、ラテン語 extendere（エクステンデレ）「外へ伸ばす」に由来します。
ex-（エクス）「外へ」＋ tendere（テンデレ）「伸ばす」

invitation（インヴィテーション）は、ラテン語 invitare（インヴィターレ）「招く」に由来します。

同じ語源の英語：
extension（イクステンション）　延長、拡張
extent（イクステント）　範囲、程度
tend（テンド）　～する傾向がある
tension（テンション）　緊張
invite（インヴァイト）　招待する
inviting（インヴァイティング）　魅力的な、誘うような
"
491,"#491  
Sales Choice marketers are 〇〇d to become familiar with the competitors' products and advertising.

A. encourage
B. encourages
C. encouraged
D. encouraging
","正解：C. encouraged

Sales Choice marketers are encouraged to become familiar with the competitors' products and advertising.

意味：
「Sales Choice社のマーケティング担当者は、競合他社の製品や広告に精通するよう奨励されています。」

ポイントは be encouraged to do です。

be encouraged to do
＝～するよう勧められる、奨励される


D. encouraging
are encouraging なら「奨励している」という進行形になりますが、その場合は目的語が必要です。
例：The managers are encouraging marketers to study competitors.
管理者はマーケティング担当者に競合他社を研究するよう勧めています。

なお、通常は competitors' products と複数形にする方が自然です。
"
492,"#492  
Grooves Alpha Oil provides a 〇〇 priced solution for all your energy needs.

A. competitive
B. competitively
","正解：B. competitively

Grooves Alpha Oil provides a competitively priced solution for all your energy needs.

意味：
「Grooves Alpha Oil社は、あらゆるエネルギー需要に対して、競争力のある価格が設定された解決策を提供しています。」

priced は過去分詞で、ここでは形容詞的に「価格が設定された」という意味です。それを修飾するのは副詞なので、competitively が入ります。

competitively priced
＝競争力のある価格が付けられた
＝他社と比べて価格が手頃な

C. competitive は形容詞なので、priced を直接修飾できません。

× a competitive priced solution
○ a competitively priced solution

ただし priced がなければ、competitive は名詞 solution を修飾できます。

a competitive solution
＝競争力のある解決策
"
493,"#493  
commence
","commence（コメンス）

意味：
「始める」「開始する」「始まる」

begin や start よりも硬く、正式な表現です。式典、会議、工事、業務、裁判などによく使います。

例：
The ceremony will commence at 10 a.m.
式典は午前10時に始まります。

Construction will commence next month.
工事は来月開始されます。

They commenced negotiations immediately.
彼らは直ちに交渉を開始しました。

使い方：
commence + 名詞
commence operations
業務を開始する

commence doing
commence working
働き始める

commence to do も可能ですが、commence doing の方が一般的です。

語源：
ラテン語 cominitiare（コミニティアーレ）「始める」が、古フランス語 comencier（コマンシエ）を経て英語に入りました。
com-（コム）「共に、完全に」＋ initiare（イニティアーレ）「始める」がもとです。

同じ語源の英語：
commencement（コメンスメント）　開始、卒業式
commencing（コメンシング）　開始する
initiate（イニシエイト）　始める、着手させる
initial（イニシャル）　最初の
initiative（イニシアティヴ）　主導権、新しい取り組み

なお、アメリカ英語の commencement は「卒業式」という意味でも非常によく使われます。
"
494,"#494  
now that
","now that（ナウ・ザット）

意味：
「今や～なので」「～になった今」「～した以上は」

現在の新しい状況を理由として述べる接続詞です。

例：
Now that the rain has stopped, we can go outside.
雨がやんだので、外へ出られます。

Now that you are here, we can begin.
あなたが来たので、始められます。

Now that I think about it, he may be right.
今考えてみると、彼が正しいかもしれません。

ポイント：
now that は「今」という時点だけでなく、「状況が変わった結果、今は～なので」という理由を表します。

because との違い：
because は一般的な理由を表します。

Because it is raining, we cannot go out.
雨が降っているので、外出できません。

now that は、新しい状況や変化を強調します。

Now that it has started raining, we cannot go out.
雨が降り始めたので、もう外出できません。

語源：
now（ナウ）「今」＋ that（ザット）「～ということ」

もともとは「今、～という状況であることから」という意味で、そこから「今や～なので」という接続詞になりました。

同じ語源の英語：
nowadays（ナウアデイズ）　今日では
nowhere（ノウウェア）　どこにも～ない
somewhat（サムワット）　いくらか
whereas（ウェアアズ）　～である一方
given that（ギヴン・ザット）　～を考慮すると、～なので
"
495,"#495  
Last year, Hammer Entertainment, Azusa, Inc., and Soho Multimedia decided that 〇〇their expertise and resources would increase profits for both organizations.

A. combining
B. combined
","正解：A. combining

Bの combined がダメなのは、文中で「主語」が必要だからです。

that 以下は、

combining their expertise and resources
＝彼らの専門知識と資源を組み合わせること

が主語で、

would increase profits
＝利益を増やすだろう

が述語です。

つまり構造は、

[Combining their expertise and resources] would increase profits.

「専門知識と資源を組み合わせることが、利益を増やすだろう」

となります。combining は動名詞なので、名詞として主語になれます。

一方、combined は過去分詞です。単独では「組み合わされた」という意味で、普通は後ろの名詞を修飾します。

combined expertise and resources
＝組み合わされた専門知識と資源

ただし、問題文の形で combined を入れると、

that combined their expertise and resources would increase profits

となり、combined が動詞なのか形容詞なのか不明確で、正しい主語の形になりません。

Bを使うなら、例えば次のように直す必要があります。

They decided that their combined expertise and resources would increase profits.

「彼らは、結集された専門知識と資源が利益を増やすだろうと判断した」

この場合は their combined expertise and resources 全体が主語です。

要するに、

combining their expertise and resources
＝専門知識と資源を組み合わせること

their combined expertise and resources
＝彼らの結集された専門知識と資源

です。問題文には their が combined の前にないため、Aが正解です。
"
496,"#496  
This letter serves to confirm that the Nao Kosugi Mori Marumaru 〇〇 with Tanaka Motors. 

A. had been employed
B. will be employed
C. is employed
D. has employed
","正解：C. is employed

なぜAではダメなのか?

A. had been employed がダメなのは、過去完了には「過去の基準時点」が必要だからです。

had been employed
＝「その時点まで雇用されていた」

これは、別の過去の出来事より前の状態を表します。

例：
Nao Kosugi Mori had been employed with Tanaka Motors before she moved abroad.
Nao Kosugi Mori氏は、海外へ移住する前までTanaka Motorsに勤務していた。

この文では before she moved abroad が過去の基準です。

しかし問題文は、

This letter serves to confirm that ...
「この手紙は、現在～であることを証明する」

という現在の在職証明です。そのため、

is employed
＝現在雇用されている

が自然です。

Aを入れると、

This letter serves to confirm that Nao Kosugi Mori had been employed with Tanaka Motors.

「この手紙は、Nao Kosugi Mori氏が以前Tanaka Motorsに雇用されていたことを証明する」

という意味に近くなります。ただし、過去完了を使う基準となる過去の出来事がないため、不自然です。単に過去の勤務歴を証明するなら、普通は was employed を使います。

現在勤務中：is employed
過去に勤務していた：was employed
ある過去の時点より前まで勤務していた：had been employed
"
497,"#497  
is to have
","「～を持つことになっている」「～を受ける予定である」
be to do の形で、予定・決定を表します。
"
498,"#498  
bulk order
","bulk order（バルク・オーダー）

意味：
「大量注文」「一括注文」「まとめ買い」

bulk は「大量のもの」「大きなまとまり」、order は「注文」という意味です。

例：
We offer discounts for bulk orders.
大量注文には割引を提供しています。

The company placed a bulk order for office supplies.
その会社は事務用品を大量に一括注文しました。

bulk order は、同じ商品を多数まとめて注文する場合によく使います。業務用購入や卸売でよく出ます。

語源：
bulk（バルク）は、古ノルド語 bulki（ブルキ）「船荷、積み荷のまとまり」に由来するとされます。そこから「大きなまとまり」「大量」という意味になりました。

order（オーダー）は、ラテン語 ordo（オルドー）「順序、列、配置」から、古フランス語 ordre（オルドル）を経て英語に入りました。「順序を与える」から「命令する」「注文する」という意味に広がりました。

同じ語源・関連語：
bulky（バルキー）　かさばる、大きくて扱いにくい
bulk purchase（バルク・パーチェス）　大量購入
bulk discount（バルク・ディスカウント）　大量購入割引
orderly（オーダリー）　整然とした
ordinary（オーディナリー）　普通の
coordinate（コーディネイト）　調整する
subordinate（サボーディネイト）　部下の、従属する

なお、bulk order と wholesale order は少し違います。

bulk order＝数量が多い注文
wholesale order＝卸売価格・卸売取引としての注文
"
499,"#499  
testimonia
","testimonial（テスティモウニアル）

意味：

推薦文、証言、利用者の感想
感謝状、表彰状
証拠となるもの

広告やウェブサイトでは、customer testimonial で「顧客の推薦コメント」「利用者の声」という意味でよく使います。

例：
The website includes testimonials from satisfied customers.
そのウェブサイトには、満足した顧客の感想が掲載されています。

She gave a testimonial about the product.
彼女はその製品について推薦コメントを述べました。

The award was presented as a testimonial of appreciation.
その賞は感謝のしるしとして贈られました。

関連表現：
customer testimonial
顧客の推薦文、利用者の声

video testimonial
動画による推薦コメント

testimonial evidence
証言による証拠

語源：
ラテン語 testimonium（テスティモニウム）「証言、証拠」に由来します。さらに testis（テスティス）「証人」がもとです。

同じ語源の英語：
testimony（テスティモニー） 証言
testify（テスティファイ） 証言する
testament（テスタメント） 証拠、遺言
attest（アテスト） 証明する
contest（コンテスト） 争う、競技会

発音：
/?test??mo?ni?l/
カタカナでは「テスティモウニアル」に近いです。
"
500,"#500  
promote A to B
","promote A to B（プロモート・エー・トゥー・ビー）

意味：
「AをBに昇進させる」
「AをBの地位に上げる」

例：
The company promoted her to manager.
会社は彼女をマネージャーに昇進させました。

He was promoted to vice president.
彼は副社長に昇進しました。

形：
promote + 人 + to + 役職

能動態：
They promoted him to department manager.
彼らは彼を部長に昇進させました。

受動態：
He was promoted to department manager.
彼は部長に昇進しました。

promote にはほかに「販売を促進する」「宣伝する」という意味もあります。

promote a product
製品を宣伝する、販売促進する

promote tourism
観光を振興する

語源：
ラテン語 promovere（プロモウェーレ）「前へ動かす」に由来します。
pro-（プロ）「前へ」＋ movere（モウェーレ）「動かす」

同じ語源の英語：
promotion（プロモーション） 昇進、販売促進
promotional（プロモーショナル） 販促用の
move（ムーヴ） 動く
motion（モーション） 動き
remove（リムーヴ） 取り除く
emotion（イモーション） 感情
"
501,"#501  
at the same time as
","at the same time as（アット・ザ・セイム・タイム・アズ）

意味：
「～と同時に」「～と同じ時期に」

as の後ろには、名詞・代名詞・文を置けます。

例：
The two events took place at the same time.
その2つの出来事は同時に起きました。

The meeting started at the same time as the presentation.
会議はプレゼンテーションと同時に始まりました。

I arrived at the same time as she did.
私は彼女と同時に到着しました。

The new store opened at the same time as its competitor.
その新店舗は競合店と同じ時期に開店しました。

形：
at the same time as + 名詞
at the same time as the meeting
会議と同時に

at the same time as + 主語＋動詞
at the same time as she arrived
彼女が到着したのと同時に

as は比較を表すため、than は使いません。

○ at the same time as him
× at the same time than him

類似表現：
simultaneously（サイマルテイニアスリー）
同時に。やや硬い表現。

at once（アット・ワンス）
同時に、または「すぐに」。

meanwhile（ミーンワイル）
その間に、一方で。必ずしも完全に同時とは限りません。

語源：
same（セイム）は古ノルド語 samr（サムル）「同じ」に由来します。
time（タイム）は古英語 t?ma（ティーマ）「時、期間」に由来します。
as（アズ）は古英語 alsw?（アルスワー）「同じように」から発達した語です。

同じ語源・関連語：
sameness（セイムネス） 同一性
sometime（サムタイム） いつか
timely（タイムリー） 時宜を得た
simultaneous（サイマルテイニアス） 同時の
contemporary（コンテンポラリー） 同時代の、現代の
"
502,"#502  
By the time he signs the lease, Mr. 〇〇 four months searching for a suitable office space.

A. will have spent
B. had spent
C. to spend
D. spent
","正解：A. will have spent

意味：
「クーパー氏がその賃貸契約に署名する頃までには、適切なオフィス物件を探すのに4か月を費やしたことになります。」

ポイントは、By the time he signs the lease「彼が契約書に署名する時までには」です。

未来のある時点までに、4か月間の探索が完了・蓄積しているので、未来完了形を使います。

will have spent
＝その時までには、すでに費やしたことになる

時系列：
現在 → 物件を探す → 4か月経過 → 契約書に署名する

なお、by the time節では、未来のことでも通常 will を使わず、現在形を使います。

○ By the time he signs the lease
× By the time he will sign the lease

主節には未来完了形を置きます。

By the time + 現在形, 主語 + will have + 過去分詞

B. had spent
過去完了なので、「過去のある時点までに費やしていた」という場合に使います。signs が現在形で未来を表しているこの文には合いません。

過去の話なら使えます。

By the time he signed the lease, Mr. Cooper had spent four months searching.
彼が契約書に署名した時までに、4か月間探していました。

C. to spend
不定詞だけでは述語動詞になりません。Mr. Cooper の後ろには文の動詞が必要です。

D. spent
単純過去では、未来の「署名する時までに」という関係を表せません。また、signs との時制も合いません。

search for ～：
「～を探す」

spend + 時間 + doing：
「～することに時間を費やす」

He spent four months searching for an office.
彼はオフィスを探すのに4か月を費やしました。
"
503,"#503  
an abundance o
","意味：
「豊富な～」「たくさんの～」「大量の～」

後ろには名詞が続きます。

an abundance of information
豊富な情報

an abundance of food
大量の食べ物

an abundance of opportunities
多くの機会

例文：
The area has an abundance of natural resources.
その地域には天然資源が豊富にあります。

The website provides an abundance of useful information.
そのウェブサイトは大量の有用な情報を提供しています。

There was an abundance of fresh fruit at the market.
市場には新鮮な果物が豊富にありました。

abundance は可算名詞・不可算名詞の両方の前で使えます。

an abundance of books
大量の本

an abundance of water
豊富な水

近い表現：
a lot of
たくさんの。最も一般的。

plenty of
十分すぎるほどの。

a wealth of
豊富な。情報、知識、経験などによく使う。

an ample supply of
十分な供給量の。

語源：
abundance はラテン語 abundare（アブンダーレ）「あふれる」に由来します。

ab-「離れて、外へ」
＋ unda「波」

もともとは「波のようにあふれる」というイメージです。

同じ語源の英語：
abundant（アバンダント） 豊富な
abundantly（アバンダントリー） 豊富に
undulate（アンジュレイト） 波打つ
inundate（イナンデイト） 洪水にする、殺到させる
"
504,"#504  
convert A into B
","convert A into B

意味：
「AをBに変える」「AをBへ転換する」

例：
They converted the old warehouse into apartments.
彼らは古い倉庫をアパートに改装した。

The machine converts heat into electricity.
その機械は熱を電気に変換する。

構文：
convert A into B
＝AをBに変える

Aは変化する前のもの、Bは変化した後のものです。

convert A to B も使われますが、intoのほうが「別の形・性質のものに変わる」という変化を強く表します。

語源：
convertは、ラテン語 convertere（コンウェルテレ）「向きを変える、完全に回す」に由来します。

con-（コン）＝完全に、一緒に
vertere（ウェルテレ）＝回す、向きを変える

つまり原義は「向きをすっかり変える」です。

同じ語源の英語：
reverse　逆にする
divert　方向をそらす
invert　逆さにする
revert　元に戻る
versatile　多才な、柔軟な
version　版、形を変えたもの
conversation　会話
controversy　論争
"
505,"#505  
Uncertainty about the next term's future has increased 〇〇 rumors that the CEO intends to resign.

A. amid
B. beside
C. above
D. near
","正解：A. amid

Uncertainty about the next term's future has increased amid rumors that the CEO intends to resign.
次期の将来に対する不安は、CEOが辞任する意向だといううわさが広がる中で増大した。

amidは「～のさなかに」「～がある状況の中で」という意味です。

amid rumors that...
＝「～といううわさが飛び交う中で」

この文では、CEO辞任のうわさという状況の中で、不安が増したことを表しています。

B. beside＝～の横に
場所を表すため不適切です。

C. above＝～の上に
位置・数量などを表すため不適切です。

D. near＝～の近くに
場所や時間的な近さを表しますが、「うわさがある状況の中で」という意味にはなりません。

ただし、next term's futureは不自然です。おそらく原文は次のような文だと思われます。

Uncertainty about the company's future has increased amid rumors that the CEO intends to resign.
CEOが辞任する意向だといううわさが広がる中、会社の将来に対する不安が増大しています。

amidの語源：
古英語 on middan（オン・ミッダン）「真ん中に」から来ています。

同じ語源の英語：
mid＝中央の
middle＝真ん中
midst＝ただ中
midway＝中間地点で
"
506,"#506  
Although sales didn't meet expectations, all representatives were awarded a bonus 〇〇.

A. however
B. anyway
C. especially
D. instead
","正解：B. anyway

Although sales didn't meet expectations, all representatives were awarded a bonus anyway.
売上は期待に届かなかったが、それでも全営業担当者にボーナスが支給された。

anywayはここでは「それでも」「にもかかわらず」という意味です。文末に置いて、予想に反する結果を表します。

sales didn't meet expectations
＝売上は期待に届かなかった

were awarded a bonus anyway
＝それでもボーナスを支給された

A. however
howeverも「しかし」という意味ですが、この文ではAlthoughですでに逆接を表しているため、通常は併用しません。

× Although sales didn't meet expectations, however, all representatives...
○ Sales didn't meet expectations. However, all representatives were awarded a bonus.
○ Although sales didn't meet expectations, all representatives were awarded a bonus anyway.

C. especially
「特に」という意味なので不適切です。

D. instead
「その代わりに」という意味です。何かをせず、別のことをした場合に使います。

語源：
anywayはany＋wayからできた語で、元の意味は「どの道を通っても」「いずれにしても」です。

anyは古英語 ?nig（アーニグ）「いずれか一つの」
wayは古英語 weg（ウェグ）「道」

同じ語源・関連語：
anyhow＝いずれにせよ
anywhere＝どこでも
anything＝何でも
always＝いつも
way＝道、方法
"
507,"#507  
vulnerable
","vulnerable

意味：
「傷つきやすい」「攻撃を受けやすい」「弱い立場にある」「脆弱な」

人・組織・場所・システムなどが、危害、攻撃、病気、批判などを受けやすい状態を表します。

例：
Children are especially vulnerable to disease.
子どもは特に病気にかかりやすい。

The system is vulnerable to cyberattacks.
そのシステムはサイバー攻撃に対して脆弱です。

The bridge is vulnerable to flooding.
その橋は洪水の被害を受けやすい。

よく使う形：
be vulnerable to ～
＝～に弱い、～の被害を受けやすい

発音：
ヴァルナラブル
/?v?ln?r?b?l/

語源：
ラテン語 vulnus（ウルヌス）「傷」から、vulnerare（ウルネラーレ）「傷つける」を経て英語に入りました。
原義は「傷を負う可能性がある」です。

同じ語源の英語：
vulnerability＝脆弱性
invulnerable＝傷つかない、攻撃を受けない
vulnerably＝傷つきやすく
vulnerableness＝脆弱さ
"
508,"#508  
The design of the promotional brochure 〇〇 to have been changed without the client's authorization.

A. formatted
B. allowed
C. deferred
D. seemed
","正解：D. seemed

The design of the promotional brochure seemed to have been changed without the client's authorization.
販促用パンフレットのデザインは、顧客の許可なく変更されたようだった。

seem to have been changed
＝「変更されたようだ」

to have been changed は完了不定詞の受動態です。

to have changed
＝変更したようだ

to have been changed
＝変更されたようだ

本文の主語は The design なので、「デザインが変更された」という受動態が必要です。

A. formatted
formatted to have been changed という形にはできません。formatは通常、「書式を設定する」という他動詞です。

B. allowed
allowは通常、次の形を取ります。

allow 人 to do
人が～することを許可する

The design was allowed to be changed.なら文法上は可能ですが、本文は allowed だけで、wasもなく、意味も不自然です。

C. deferred
deferは「延期する」です。deferred to have been changed という形は取りません。

D. seemed
seem to do＝～するようだ
seem to have done＝～したようだ

語源：
seemは古ノルド語 s?ma（セーマ）「ふさわしい、外見上そう見える」に由来します。

同じ語源・関連語：
seemingly＝一見したところ
seemly＝適切な、上品な
unseemly＝不適切な、見苦しい
"
509,"#509  
The seminar instructor provided so much 〇〇 information that the attendees felt they had not learned much from his session.

A. Accountable
B. Impatient
C. Repetitive
D. Dissatisfied
","正解：C. Repetitive

The seminar instructor provided so much repetitive information that the attendees felt they had not learned much from his session.
セミナー講師は同じような情報をあまりにも何度も提供したため、参加者たちは、その講義からあまり学べなかったと感じました。

repetitive information
＝「繰り返しの多い情報」「同じ内容ばかりの情報」

so much＋不可算名詞＋that ...
＝「あまりにも多くの～なので……」

informationは不可算名詞なので、manyではなくmuchを使います。

A. accountable＝責任がある、説明責任を負う
「責任のある情報」となり、意味が合いません。

B. impatient＝いらいらした、せっかちな
通常は人の感情・性格を表すため、informationを修飾できません。

D. dissatisfied＝不満を抱いた
これも人の感情を表します。attendees were dissatisfiedなら使えます。

The attendees were dissatisfied with the session.
参加者たちはその講義に不満を感じました。

repetitiveの語源：
ラテン語 repetere（レペテレ）「再び求める、繰り返す」に由来します。

re-（レ）＝再び
petere（ペテレ）＝求める、向かう

同じ語源の英語：
repeat＝繰り返す
repetition＝反復
repetitively＝繰り返して
petition＝請願、請願する
appetite＝食欲、欲求
compete＝競争する
"
510,"#510  
premises
","premises

意味：

建物・敷地、構内
premiseの複数形として「前提」

TOEICやビジネス英語では、多くの場合「建物・敷地」「施設内」という意味です。

例：
Smoking is prohibited on the premises.
敷地内は禁煙です。

Visitors must leave the premises by 6 p.m.
訪問者は午後6時までに構内から退出しなければなりません。

The company moved to larger premises.
その会社は、より広い建物へ移転しました。

注意：
「建物・敷地」という意味のpremisesは、通常、複数形の形で使います。

× a premise
○ the premises
○ business premises

一方、premiseは単数で「前提」という意味です。

The argument is based on a false premise.
その議論は誤った前提に基づいています。

発音：
プレミスィズ
/?prem?s?z/

語源：
ラテン語 praemittere（プラエミッテレ）「前に置く、先に述べる」に由来します。

prae-（プラエ）＝前に
mittere（ミッテレ）＝送る、置く

もともとは契約書で、本文より前に記された土地や建物の説明をpremisesと呼び、そこから「その建物・敷地」という意味になりました。

同じ語源の英語：
premise＝前提
promise＝約束
permit＝許可する
submit＝提出する
transmit＝伝送する
admit＝認める
dismiss＝解散させる、退ける
"
511,"#511  
dispute
","dispute

意味：

口論する、言い争う
異議を唱える、反論する
紛争、論争、争い

動詞と名詞の両方で使います。

動詞：
They disputed the accuracy of the report.
彼らはその報告書の正確性に異議を唱えました。

The two countries dispute ownership of the island.
両国はその島の領有権を争っています。

名詞：
The company is involved in a labor dispute.
その会社は労働争議に巻き込まれています。

The dispute was settled out of court.
その争いは裁判外で解決されました。

よく使う形：
dispute a claim
主張に異議を唱える

dispute a charge
請求額に異議を申し立てる

a labor dispute
労働争議

a border dispute
国境紛争

in dispute
係争中で、議論の対象となって

発音：
ディスピュート
/d??spju?t/

語源：
ラテン語 disputare（ディスプターレ）「詳しく検討する、議論する」に由来します。

dis-（ディス）＝離れて、別々に
putare（プターレ）＝考える、計算する

原義は「別々の観点から考える」です。

同じ語源の英語：
compute＝計算する
computer＝コンピューター
reputation＝評判
depute＝代理に任命する
deputy＝代理人、副官
putative＝推定上の、一般に～と考えられている
"
512,"#512  
written consent
","written consent
＝書面による同意、書面による承諾

委任状は英語で、
power of attorney
letter of authorization
authorization letter
などです。

違いは次のとおりです。

written consent
＝「その行為をしてよい」と書面で同意すること

letter of authorization
＝「この人に代理で行う権限を与える」と書面で委任すること

例：
We need your written consent.
あなたの書面による同意が必要です。

Please submit a letter of authorization.
委任状を提出してください。
"
513,"#513  
lateral move
","lateral move

意味：
「横方向の異動」「同等の地位への転職・配置転換」

昇進でも降格でもなく、役職・給与・責任の水準がほぼ同じ別の部署や職種へ移ることです。

例：
She made a lateral move from sales to marketing.
彼女は営業部からマーケティング部へ、同等の地位のまま異動しました。

The transfer was a lateral move, not a promotion.
その転属は昇進ではなく、横滑りの異動でした。

会社の外へ移る場合にも使えます。

He took a lateral move to another company.
彼は別の会社の同程度の職位へ転職しました。

lateralの意味：
「横の」「側面の」

発音：
ラテラル・ムーヴ
/?l?t?r?l mu?v/

語源：
lateralはラテン語 latus（ラトゥス）「側面」に由来します。

同じ語源の英語：
bilateral＝二国間の、両側の
unilateral＝一方的な
multilateral＝多国間の
collateral＝担保、付随的な
laterally＝横方向に
"
514,"#514  
pros and cons
","pros and cons

意味：
「長所と短所」「賛成理由と反対理由」「メリットとデメリット」

pros＝利点、賛成意見
cons＝欠点、反対意見

例：
We discussed the pros and cons of working from home.
私たちは在宅勤務の長所と短所について話し合いました。

You should consider the pros and cons before making a decision.
決定する前に、メリットとデメリットを検討すべきです。

the pros and cons of ～
＝～の長所と短所

発音：
プローズ・アンド・コンズ
/pr??z ?n k?nz/

語源：
prosはラテン語 pro（プロー）「～に賛成して、～のために」に由来します。

consはラテン語 contra（コントラ）「～に反対して」に由来します。

もともとは、
pro＝賛成
con＝反対
という討論用語です。

同じ語源の英語：
pro：
promote＝促進する
provide＝提供する
progress＝前進
proponent＝支持者

contra／con：
contrast＝対照
contradict＝反論する
contrary＝反対の
controversy＝論争
"
515,"#515  
variable interest rate
","意味：
「変動金利」
"
516,"#516  
The loan has been secured.
","The loan has been secured.

意味：
「その融資は確保された」
または
「そのローンには担保が設定された」

文脈によって2通りあります。

融資を受けられることが決まった
We have secured the loan.
私たちは融資を確保しました。

The loan has been secured.
その融資は確保されました。

担保付きローンになっている
The loan is secured by the property.
そのローンは、その不動産を担保としています。

secured loan
＝担保付きローン

反対：
unsecured loan
＝無担保ローン

has been securedは現在完了の受動態です。

has been＋過去分詞
＝「～された」「～された状態になっている」

secureの語源：
ラテン語 securus（セクールス）「心配のない、安全な」に由来します。

se-（セ）＝～から離れて
cura（クーラ）＝心配、注意

原義は「心配から離れている」です。

同じ語源の英語：
security＝安全、担保
securely＝安全に
insecure＝不安定な
curator＝管理者
cure＝治療する
"
517,"#517  
a flight of stairs
","a flight of stairs

意味：
「ひと続きの階段」「踊り場から次の踊り場までの一連の階段」

日本語では文脈により、
「一続きの階段」
「一階分の階段」
「階段一つ分」
などと訳せます。

例：
She walked up a flight of stairs.
彼女はひと続きの階段を上った。

The office is one flight of stairs above the lobby.
その事務所はロビーから階段を一つ上った階にあります。

注意：
flight はここでは「飛行」ではなく、「ひと続きの階段」という意味です。

a flight of stairs
＝階段の一まとまり

two flights of stairs
＝二つ分の階段、二階分ほどの階段

語源：
flight は古英語 flyht（フリュフト）「飛ぶこと」に由来します。階段が上へ伸びる様子を、飛翔になぞらえた用法です。

同じ語源の英語：
fly＝飛ぶ
flee＝逃げる
flight＝飛行、逃走、ひと続きの階段
flying＝飛行する、空飛ぶ
"
518,"#518  
windowpane / window pane
","windowpane / window pane

意味：
「窓ガラス1枚」「窓枠にはめ込まれたガラス板」

例：
The windowpane was cracked.
窓ガラスにひびが入っていました。

Sunlight came through the windowpane.
日光が窓ガラスを通して入ってきました。

paneは、窓や扉にはめ込まれた「1枚の板状部分」を表します。したがって、window全体ではなく、その中のガラス1枚を指します。

発音：
ウィンドウ・ペイン
/?w?ndo? pe?n/

語源：
paneはラテン語 pannus（パンヌス）「布切れ、ひと区画」から古フランス語 pan（パン）を経て英語に入りました。「区切られた一部分」という意味から、窓ガラス1枚を表すようになりました。

同じ語源の英語：
panel＝区画板、操作盤
paneled＝羽目板を張った
impanel＝陪審員を選任する
"
519,"#519  
insulation
","insulation

意味：
「断熱」「絶縁」「遮音」「隔離」
熱・電気・音などが伝わらないようにすること、またはそのための材料を指します。

例：
The walls need better insulation.
その壁には、より良い断熱材が必要です。

The cable is covered with electrical insulation.
そのケーブルは電気絶縁材で覆われています。

Good insulation reduces heating costs.
良い断熱は暖房費を減らします。

よく使う形：
thermal insulation＝断熱
electrical insulation＝電気絶縁
sound insulation＝防音、遮音
insulation material＝断熱材、絶縁材

発音：
インサレーション
/??ns??le???n/

語源：
ラテン語 insula（インスラ）「島」に由来します。
島のように周囲から切り離す、というイメージから「隔離する」「絶縁する」という意味になりました。

同じ語源の英語：
insulate＝断熱する、絶縁する
insulated＝断熱された、絶縁された
insulator＝絶縁体、断熱材
insular＝島の、孤立した
peninsula＝半島
"
520,"#520  
redeem
","redeem

意味：

買い戻す、取り戻す
商品券・ポイント・クーポンなどを利用する、換金する
借金・債券などを償還する
名誉・信用を回復する、埋め合わせをする

TOEICや買い物の文脈では、「ポイントやクーポンを使う」「商品と引き換える」という意味でよく出ます。

例：
You can redeem these points for a free ticket.
これらのポイントを無料券と交換できます。

This coupon can be redeemed at any branch.
このクーポンはどの支店でも利用できます。

The company redeemed the bonds before maturity.
その会社は満期前に債券を償還しました。

He redeemed himself by completing the project successfully.
彼はプロジェクトを成功させて名誉を挽回しました。

よく使う形：
redeem points
ポイントを使う

redeem a coupon
クーポンを利用する

redeem A for B
AをBと交換する

redeem oneself
名誉を挽回する、失敗を埋め合わせる

発音：
リディーム
/r??di?m/

語源：
ラテン語 redimere（レディメレ）「買い戻す」に由来します。

red-（レド）＝再び、元へ
emere（エメレ）＝買う

原義は「再び買って取り戻す」です。

同じ語源の英語：
redemption＝買い戻し、償還、救済
redeemable＝換金できる、引き換え可能な
exempt＝免除された
premium＝割増金、保険料
prompt＝促す、即座の
"
521,"#521  
cordially
","cordially

意味：
「心から」「親切に」「丁重に」「友好的に」

特に招待状では、次の形でよく使います。

You are cordially invited to the reception.
あなたをレセプションに謹んでご招待いたします。

She greeted us cordially.
彼女は私たちを親しみを込めて迎えました。

cordially invited
＝謹んで招待される、心から招待される

発音：
コージャリー
米 /?k??rd??li/
英 /?k??di?li/

語源：
cordially は cordial＋-ly です。

cordial はラテン語 cor（コル）「心」に由来します。元の意味は「心からの」です。

同じ語源の英語：
cordial＝心のこもった、友好的な
accord＝一致、合意
concord＝調和、一致
discord＝不一致、不和
courage＝勇気
encourage＝勇気づける
"
522,"#522  
statute
","statute

意味：
「制定法」「法令」「成文法」

議会などの立法機関が正式に制定した法律を指します。契約上の規則や社内規定ではなく、国や自治体が定めた法律です。

例：
The statute prohibits discrimination in employment.
その法律は雇用における差別を禁止しています。

The claim is barred by the statute of limitations.
その請求は時効によって認められません。

よく使う表現：
statute law
成文法

statute of limitations
消滅時効、出訴期限

by statute
法律によって

違い：
law＝法律全般
statute＝立法機関が文章として制定した法律
regulation＝法律に基づく規則・規制

発音：
スタチュート
/?st?t?u?t/

語源：
ラテン語 statuere（スタトゥエレ）「立てる、定める、決定する」に由来します。

statuereは、
status（スタトゥス）＝立っている状態
からできた語で、原義は「正式に立てて定める」です。

同じ語源の英語：
status＝状態、地位
statue＝像
statutory＝法定の
constitute＝構成する、制定する
institute＝設立する
destitute＝困窮した
"
523,"#523  
proficient
","proficient

意味：
「熟達した」「堪能な」「上手な」

ある技能・分野を十分に身につけていて、かなり上手にできることを表します。

よく使う形：
be proficient in ～
＝～に熟達している

例：
She is proficient in English.
彼女は英語に堪能です。

He is proficient in using Excel.
彼はExcelの使用に熟達しています。

a proficient user
熟練した利用者

発音：
プロフィシェント
/pr??f???nt/

skilledとの違い：
proficientは「一定以上の高い能力がある」
skilledは「訓練された技能がある」
という違いがあります。

語源：
ラテン語 proficere（プロフィケレ）「前進する、進歩する」に由来します。

pro-（プロ）＝前へ
facere（ファケレ）＝作る、行う

原義は「前へ進める」です。

同じ語源の英語：
proficiency＝熟達、熟練度
profit＝利益
proficiently＝上手に
facilitate＝容易にする
factory＝工場
effect＝効果、もたらす
"
524,"#524  
solicit
","solicit

意味：
「求める」「依頼する」「勧誘する」「募集する」

人に対して、寄付・注文・意見・支援・仕事などを積極的に求めるときに使います。やや硬い語です。

例：
The charity is soliciting donations.
その慈善団体は寄付を募っています。

We solicited feedback from customers.
私たちは顧客から意見を求めました。

The company is soliciting bids from contractors.
その会社は請負業者から入札を募集しています。

よく使う形：
solicit donations
寄付を募る

solicit feedback
意見を求める

solicit applications
応募を募集する

solicit business
仕事や注文を勧誘する

発音：
ソリシット
/s??l?s?t/

語源：
ラテン語 sollicitare（ソッリキターレ）「揺り動かす、強く促す」に由来します。

sollicitus（ソッリキトゥス）
＝心を乱された、気にかけている

原義は「相手の心を動かして行動を促す」です。

同じ語源の英語：
solicitation＝勧誘、依頼、募集
solicitor＝依頼を受ける人、事務弁護士
solicitous＝気遣う、心配している
solicitude＝気遣い、心配
"
525,"#525  
meet a deadline
","meet a deadline

意味：
「締め切りに間に合わせる」「期限を守る」

meetはここでは「会う」ではなく、「条件・要求・期限を満たす」という意味です。

例：
We worked late to meet the deadline.
私たちは締め切りに間に合わせるため、遅くまで働きました。

She always meets her deadlines.
彼女はいつも期限を守ります。

反対表現：
miss a deadline
＝締め切りに間に合わない、期限を破る

extend a deadline
＝締め切りを延長する

meetの語源：
古英語 metan（メータン）「出会う」に由来します。「要求や基準に到達する」という意味へ広がりました。

同じ語源・関連語：
meeting＝会議、出会い
meet requirements＝要件を満たす
meet expectations＝期待に応える
meet a target＝目標を達成する

deadlineの語源：
dead＋lineです。19世紀のアメリカで、捕虜収容所などの「越えると撃たれる境界線」を指したのが始まりで、後に「絶対に越えてはいけない期限」という意味になりました。

同じ語源・関連語：
deadlock＝行き詰まり
dead end＝行き止まり
headline＝見出し
timeline＝時間軸
"
526,"#526  
forfeit
","forfeit

意味：
「没収される」「失う」「剥奪される」
名詞では「没収」「罰金」「失格による敗戦」という意味もあります。

例：
You will forfeit your deposit if you cancel.
キャンセルすると、保証金を失います。

The team forfeited the game.
そのチームは試合を棄権し、不戦敗になりました。

He forfeited his right to appeal.
彼は控訴する権利を失いました。

よく使う形：
forfeit a deposit
保証金を失う

forfeit a right
権利を失う

forfeit a game
試合を棄権して不戦敗になる

発音：
フォーフィット
/?f??rf?t/

語源：
中世ラテン語 forisfactum（フォーリスファクトゥム）「法に反して行われたこと」に由来します。

foris（フォーリス）＝外に
facere（ファケレ）＝行う

原義は「法の外で行う」で、そこから「違反の罰として失う」という意味になりました。

同じ語源の英語：
fact＝事実
factory＝工場
manufacture＝製造する
effect＝効果
defect＝欠陥
"
527,"#527  
Event proceeds will benefit Long Valley Community Center.
","Event proceeds will benefit Long Valley Community Center.

意味：
「イベントの収益は、ロングバレー・コミュニティセンターのために使われます。」
「イベントの収益は、ロングバレー・コミュニティセンターに寄付されます。」

proceeds＝売上金、収益
benefit＝～の利益になる、～を支援する

ここでのproceedsは複数形の形ですが、「収益」というまとまりを表します。

event proceeds
＝イベントの収益

will benefit A
＝Aの利益になる、Aを支援する

直訳すると、
「イベントの収益はロングバレー・コミュニティセンターに恩恵を与える」
ですが、日本語では「収益は同センターの支援に充てられる」などが自然です。

proceedsの語源：
proceedはラテン語 procedere（プローケーデレ）「前へ進む」に由来します。

pro-（プロー）＝前へ
cedere（ケーデレ）＝進む、行く

同じ語源：
proceed＝進む
process＝過程
procedure＝手順
precede＝先行する
recede＝後退する
succeed＝成功する、後を継ぐ
"
528,"#528  
prop
","prop

意味：

支柱、つっかえ棒
支える、つっかえ棒で固定する
小道具
支援、支え

例：
They used a wooden prop to support the roof.
彼らは屋根を支えるために木製の支柱を使いました。

He propped the door open with a chair.
彼は椅子を使ってドアを開いたままにしました。

The actor picked up a stage prop.
その俳優は舞台用の小道具を手に取りました。

よく使う形：
prop up A
＝Aを支える、Aを下支えする

The government tried to prop up the economy.
政府は経済を下支えしようとしました。

発音：
プロップ
/pr??p/

語源：
中世オランダ語 proppe（プロッペ）「栓、支え」に由来すると考えられています。

同じ語源・関連語：
prop up＝支える
property＝小道具、所有物
props＝小道具類、または口語で「称賛」
"
529,"#529  
resounding
","resounding
＝鳴り響くような、非常に大きな、圧倒的な、明白な

resounding success
＝圧倒的な成功、大成功

つまり、

resounding＝圧倒的な
success＝成功

を合わせて「大成功」となります。

例：
The event was a resounding success.
そのイベントは大成功でした。

a resounding victory
圧勝

a resounding defeat
大敗、完敗

したがって、resoundingはsuccessだけでなく、victoryやdefeatなども強調できます。

resound

意味：
「鳴り響く」「反響する」「響き渡る」
"
530,"#530  
function
","function には「機能」「働き」のほかに、やや改まった「催し」「式典」「宴会」という意味があります。特にホテルや会場の文脈で使われます。

例：
a social function
社交行事

a formal function
公式行事、正式な宴会

The hotel has several function rooms.
そのホテルには宴会場がいくつかあります。

function room
＝宴会場、催事場

ただし、function 単独で必ず「宴会」という意味になるわけではありません。「催し・行事」が基本で、その内容が食事会なら「宴会」と訳せます。

banquet
＝正式な宴会、大宴会

party
＝パーティー、気軽な宴会

function
＝催し、公式行事、宴会を含む行事

語源：
ラテン語 functio（フンクティオー）「遂行、役目」に由来します。

同じ語源：
function＝機能、行事
functional＝機能的な
functionality＝機能性
dysfunction＝機能不全
defunct＝機能を終えた、廃止された
"
531,"#531  
footage
","footage

意味：

映像、撮影された映像素材
フィート単位の長さ

現在は、多くの場合「映像」「動画素材」という意味で使われます。

例：
The security camera footage was reviewed.
防犯カメラの映像が確認されました。

The documentary includes rare footage of the event.
そのドキュメンタリーには、その出来事の貴重な映像が含まれています。

news footage
ニュース映像

surveillance footage
監視カメラ映像

raw footage
未編集の映像素材

注意：
footageは通常、不可算名詞です。

× a footage
○ some footage
○ a piece of footage

語源：
footageはfoot＋-ageです。もともとは「フィートで測った長さ」という意味でした。映画フィルムの長さをフィートで測っていたため、そこから「撮影済みフィルム」「映像素材」という意味になりました。

footの語源：
古英語 fot（フォート）「足」

同じ語源・関連語：
foot＝足、フィート
football＝フットボール
footprint＝足跡
footnote＝脚注
underfoot＝足元に
"
532,"#532  
shed
","shed

意味：

小屋、物置
落とす、脱ぐ、流す
光・影響などを投げかける

名詞：
a garden shed
庭の物置小屋

He keeps his tools in the shed.
彼は道具を物置に保管しています。

動詞：
Trees shed their leaves in autumn.
木々は秋に葉を落とします。

The snake shed its skin.
そのヘビは脱皮しました。

She shed tears.
彼女は涙を流しました。

The report sheds light on the problem.
その報告書は、その問題を明らかにしています。

よく使う表現：
shed light on ～
＝～を明らかにする

shed tears
＝涙を流す

shed weight
＝体重を減らす

shed jobs
＝人員を削減する

発音：
シェッド
/?ed/

語源：
「落とす」という動詞のshedは、古英語 sceadan（シェアダン）「分ける、切り離す」に由来します。

同じ語源の英語：
watershed＝分水界、転機
shedding＝脱落、抜け落ち
bloodshed＝流血

なお、「小屋」という名詞のshedは別語源で、古英語の「覆い・日よけ」を表す語に由来すると考えられています。
"
533,"#533  
country fair
","country fair

意味：
「田舎の祭り」「地域の農業祭」「農産物品評会」

地方で開かれる催しで、農産物・家畜の品評会、屋台、ゲーム、乗り物、音楽などが行われます。日本語では文脈により「地域のお祭り」「農業祭」「田舎の縁日」と訳せます。

例：
We went to the country fair last weekend.
私たちは先週末、地域の農業祭に行きました。

The country fair featured livestock shows and food stalls.
その農業祭では、家畜の品評会や食べ物の屋台が開かれました。

country
＝田舎の、地方の

fair
＝見本市、品評会、祭り

語源：
countryはラテン語 contra（コントラ）「向かい側に」から古フランス語 contree（コントレー）「地方」を経て英語に入りました。

同じ語源・関連語：
countryside＝田舎
countryman＝同国人、田舎の人
countrywide＝全国的な

fairはラテン語 feria（フェーリア）「休日、祭日」から古フランス語 feire（フェール）「市、祭り」を経て英語に入りました。

同じ語源・関連語：
fairground＝祭り会場
trade fair＝見本市
book fair＝ブックフェア
funfair＝移動遊園地
"
534,"#534  
When is the maintenance report due?
","リスニング。

意味：
「保守点検報告書の提出期限はいつですか」
「メンテナンス報告書はいつまでですか」

正しい文では is が必要です。

× When the maintenance report due?
○ When is the maintenance report due?

be due
＝期限である、提出予定である

例：
The report is due on Friday.
その報告書は金曜日が締め切りです。

The payment is due tomorrow.
支払い期限は明日です。

Yeah.
＝「うん」「そう」「はい」

ただし、この質問への返答として Yeah. だけでは不十分で、普通は期限を答えます。

It’s due on Friday.
金曜日が締め切りです。
"
535,"#535  
Sales representative Naoko is 〇〇y efficient at locating potential clients.

A. far
B. long
C. twice
D. very
","正解：D. very

Sales representative Naoko is very efficient at locating potential clients.
「営業担当者のナオコは、見込み客を見つけることに非常に長けています。」
"
536,"#536  
The date of the next annual clean energy symposium has already been 〇〇.

A. finished
B. raised
C. launched
D. confirmed
","正解：D. confirmed

The date of the next annual clean energy symposium has already been confirmed.
「次回の年次クリーンエネルギー・シンポジウムの日程は、すでに確定しています。」

A. finished
「終えられた」。日付そのものを finish するとは言いません。

B. raised
「上げられた／提起された」。価格・金額・問題などに使いますが、日程には不自然です。

C. launched
「開始された／発売された」。事業・製品・キャンペーンなどに使います。日程そのものは開始しません。

D. confirmed
「確認・確定された」。date と最も自然に結びつきます。

なお、annual は「毎年恒例の」、symposium は「シンポジウム、討論会」です。
"
537,"#537  
Each consultant at Vector Solutions has a high level of business 〇〇 applicable in any corporate environment.

A. expert
B. expertly
C. experts
D. expertise
","正解：D. expertise

Each consultant at Vector Solutions has a high level of business expertise applicable in any corporate environment.

「Vector Solutionsの各コンサルタントは、どのような企業環境でも応用できる、高度なビジネス上の専門知識を持っています。」

a high level of business expert がダメなのは、expert が「人」を表す名詞だからです。

a high level of ～ の ～ には、通常「程度を測れるもの」が入ります。

a high level of skill
高い技能
a high level of knowledge
高い知識
a high level of expertise
高度な専門知識

ところが business expert は、

business expert＝ビジネスの専門家

という「人」です。したがって、

a high level of business expert

とすると、直訳では「ビジネス専門家の高い水準」となり、意味が不自然です。

人の能力の高さを言いたいなら、次のようにします。

a highly skilled business expert
「非常に熟練したビジネスの専門家」

a high-level business expert
「高度なレベルのビジネス専門家」

ただし、この文では主語がすでに Each consultant「各コンサルタント」です。その人が「専門家を持っている」のではなく、「専門知識を持っている」と言いたいので、

Each consultant has a high level of business expertise.

となります。

構造の違いは次のとおりです。

business expert
business が expert を修飾
＝ビジネスの専門家

business expertise
business が expertise を修飾
＝ビジネス上の専門知識

つまり、expert は人、expertise はその人が持つ知識・技能です。
"
538,"#538  
a high level of business expertiseこのエクスパタイズは、動詞か、動詞ではないのか。
","expertise は動詞ではありません。名詞です。

expertise
＝「専門知識」「専門的技能」
不可算名詞です。

したがって、

a high level of business expertise

は、

a high level：高い水準
of：～の
business expertise：ビジネス上の専門知識

という名詞句です。

文全体では、

Each consultant ... has a high level of business expertise.

has：動詞
a high level of business expertise：has の目的語

です。

なお、expertise はつづりが -ise で終わるので動詞のように見えますが、この単語は通常、名詞として使います。発音はおおよそ「エクスパーティーズ」です。
"
539,"#539  
hold A to B
","hold A to B は、文脈によって主に次の意味になります。

「AにBを守らせる／AにBの責任を負わせる」
"
540,"#540  
The warranty on the file cabinet expires on June 10, 〇〇which it will be too late to have the lock repaired at no cost.

A. then
B. after
C. for
D. when
","正解：B. after

The warranty on the file cabinet expires on June 10, after which it will be too late to have the lock repaired at no cost.

「その書類キャビネットの保証は6月10日に切れ、それ以降は、鍵を無料で修理してもらうには遅すぎます。」

after which で「その後は」「それを過ぎると」という意味になります。

この which は、直前の June 10、または「保証が切れる時点」を受けています。

なぜ after なのか

後ろの文は、

it will be too late to have the lock repaired at no cost

「鍵を無料で修理してもらうには遅すぎるだろう」

です。

つまり、「6月10日を過ぎた後は遅すぎる」と言いたいので、

after which

が必要です。

他の選択肢

A. then which
このような関係詞表現はありません。then は副詞なので、which の前置詞にはなれません。

C. for which
「そのために」「それに対して」という意味になります。

the purpose for which it is used
それが使われる目的

この文では「6月10日のために」ではなく「6月10日の後に」なので不適切です。

D. when which
when と which を続けて使うことはできません。
when だけなら別の構造が必要です。

June 10, when it will be too late ...

とすると、「6月10日にはすでに遅すぎる」という意味になり、元の「6月10日を過ぎると遅い」と少し意味が変わります。
"
541,"#541  
put into 〇〇

A. effect
B. effective
C. effects
D. effectively
","正解：A. effect

put into effect
＝「実施する」「発効させる」「施行する」

これは決まった熟語です。

例：
The new policy will be put into effect next month.
「新しい方針は来月実施されます。」

構造は、

put A into effect
＝「Aを実施する」

です。

B. effective
形容詞で「効果的な」「有効な」。
put into effective とは言いません。

C. effects
複数名詞で「効果・影響」。
熟語は単数形の effect を使います。

D. effectively
副詞で「効果的に」。
into の後ろには名詞が必要なので不適切です。

なお、come into effect なら「発効する」「効力を生じる」です。
"
542,"#542  
Recent improvements at the plant have increased productivity, 〇〇 also lowering the frequency of accidents.

A. in case
B. while
C. and
D. whether
","正解：B. while

Recent improvements at the plant have increased productivity, while also lowering the frequency of accidents.

「工場での最近の改善によって生産性が向上すると同時に、事故の発生頻度も低下しました。」

while also ～ing は、

「同時に～もして」
「その一方で～もして」

という意味です。

ここでは主語が共通なので、後半では they have が省略されています。

Recent improvements ... have increased productivity, while they have also lowered the frequency of accidents.

↓ 主語と助動詞を省略

..., while also lowering the frequency of accidents.

Cの and ではなぜダメか

and を使うなら、動詞の形をそろえる必要があります。

〇 have increased productivity and also lowered the frequency of accidents

× have increased productivity, and also lowering ...

increased と lowering が並列になっておらず、形がそろっていません。

ほかの選択肢

A. in case
「～の場合に備えて」。意味が合いません。

D. whether
「～かどうか」。後ろには通常、主語＋動詞の節が必要で、意味も合いません。

なお、元の文には二点修正が必要です。

Recent improvement have → Recent improvements have
または Recent improvement has
frequency of accident → 通常 frequency of accidents

したがって、自然な完成文は：

Recent improvements at the plant have increased productivity, while also lowering the frequency of accidents.
"
543,"#543  
Documentation of business expenses is required 〇〇 claim a tax exemption.

A. in order to
B. concerning
C. on account of
D. as far
","正解：A. in order to

Documentation of business expenses is required in order to claim a tax exemption.

「税の免除を申請するためには、事業経費の証明書類が必要です。」

in order to + 動詞の原形
＝「～するために」

後ろが claim という動詞の原形なので、in order to が入ります。

claim a tax exemption
「税の免除を申請する／適用を求める」

各選択肢：

B. concerning
「～に関して」という前置詞なので、後ろには名詞が必要です。

× concerning claim
〇 concerning a tax exemption

C. on account of
「～のために、～が理由で」という前置詞句です。後ろには名詞または動名詞が必要です。

× on account of claim
〇 on account of claiming

ただし、意味もこの文には合いません。

D. as far
これだけでは不完全です。通常は、

as far as ～
「～する限り」「～まで」

という形です。

なお、documentation はここでは「証明書類・記録」という不可算名詞です。
"
544,"#544  
engaging
","魅力的な、興味を引く
人を引きつける、感じのよい

例：
an engaging speaker
「人を引きつける話し手」

The presentation was engaging.
「そのプレゼンは興味を引くものだった。」

She has an engaging personality.
「彼女には人を引きつける魅力がある。」

元の動詞は engage で、「人の注意・関心を引きつける」という意味です。

engaging：人を引きつける側
engaged：関心を持っている側／従事している側

例：
The lecture was engaging.
「講義は面白かった。」

The students were engaged.
「学生たちは熱心に聞いていた。」
"
545,"#545  
for accounting〇〇

A. purposeful
B. purposes
C. purpose
D. purpose
","正解：B. purposes

for accounting purposes
＝「会計上の目的で」「会計処理上」

これはよく使われる決まった表現です。

例：
For accounting purposes, these expenses must be recorded separately.
「会計上、これらの経費は別々に記録しなければなりません。」

for ～ purposes は、通常、複数形で使います。

for business purposes：業務目的で
for tax purposes：税務上
for identification purposes：本人確認のため
for accounting purposes：会計上

A. purposeful
形容詞で「目的意識のある」。名詞が必要な位置なので不適切です。

C／D. purpose
単数形も文法的に絶対不可能ではありませんが、一般的な慣用表現は for accounting purposes です。
"
546,"#546  
refrain from ～
","refrain from ～（リフレイン・フロム）

意味：～を控える、～を慎む、～しないようにする

形：
refrain from ＋ 名詞／動名詞

例：
Please refrain from smoking.
＝喫煙はご遠慮ください。

Please refrain from using your phone.
＝携帯電話の使用はお控えください。

He refrained from commenting.
＝彼はコメントを控えた。

語源：古フランス語 refreiner（ルフレネ、「抑える」）←ラテン語 refrenare（レフレナーレ、「手綱を引いて抑える」）
re-（後ろへ）＋ frenum（フレーヌム、手綱）から、「自分を抑える」という意味になりました。

同じ語源の英語：
rein（レイン）＝手綱、抑制する
unrestrained（アンリストレインド）＝抑制されていない、自由奔放な

注意：名詞の refrain には「歌の繰り返し部分、反復句」という別の意味もあります。これは「～を控える」という動詞とは語源が異なります。
"
547,"#547  
My efforts should pay off.
","My efforts should pay off.
＝私の努力は報われるはずだ。

should の後ろは動詞の原形なので、paid ではなく pay です。

pay off（ペイ・オフ）
意味：努力などが報われる、成果を上げる

例：
All my hard work paid off.
＝私の努力はすべて報われた。

語源：pay（ペイ、「支払う」）＋ off（オフ、「完了して」）。もともとは「借金を完全に支払う」という意味で、そこから「努力が十分な結果を生む」という意味になりました。

同じ語源の英語：
payment（ペイメント）＝支払い
repay（リペイ）＝返済する、恩返しする
payable（ペイアブル）＝支払うべき
payoff（ペイオフ）＝成果、見返り
"
548,"#548  
be slated to ～
","be slated to ～（ビー・スレイティッド・トゥー）

意味：～する予定である、～することになっている

形：
be slated to ＋ 動詞の原形

例：
The new store is slated to open in August.
＝その新店舗は8月に開店する予定です。

The project is slated to begin next week.
＝その計画は来週始まる予定です。

be scheduled to ～ とほぼ同じですが、be slated to ～ は、ニュースやビジネス文書でよく使われる少し硬い表現です。

slate（スレイト）は本来「石板、予定表」という意味です。昔、予定や候補者名を石板に書いたことから、動詞で「予定に入れる」という意味になりました。

語源：古フランス語 esclate（エスクラート、「薄く割れた板」）に由来します。

同じ語源・関連語：
slate（スレイト）＝石板、予定表
slated（スレイティッド）＝予定されている
clean slate（クリーン・スレイト）＝白紙の状態、新たな出発
"
549,"#549  
incur
","incur（インカー）【動詞】

意味：費用・損失・負債・罰・怒りなどを「被る」「招く」「負う」

多くの場合、好ましくないものを自分の行為の結果として受ける、という意味です。

incur a cost
＝費用が発生する、費用を負担する

incur a loss
＝損失を被る

incur debt
＝借金を負う

incur a penalty
＝罰金・罰則を受ける

Additional charges may be incurred.
＝追加料金が発生する場合があります。

The company incurred heavy losses.
＝その会社は多額の損失を被りました。

語源：ラテン語 incurrere（インクッレレ、「中へ走り込む、ぶつかる」）
in-（中へ、～に対して）＋ currere（クッレレ、走る）から成り、「ある結果にぶつかる」→「損失や責任を招く」という意味になりました。

同じ語源の英語：
current（カレント）＝流れ、現在の
currency（カレンシー）＝通貨
course（コース）＝進路、過程
occur（オカー）＝起こる
recur（リカー）＝再発する
concur（コンカー）＝同意する、同時に起こる

発音は「インカー」に近く、アクセントは後半です。
"
550,"#550  
〇〇 guidebooks rank Platinum Suites as the area’s top hotel, the Strait Inn has received better online reviews.

A. regardless
B. while
C. despite
D. always
","正解：B. while

While guidebooks rank Platinum Suites as the area’s top hotel, the Strait Inn has received better online reviews.

「ガイドブックではプラチナム・スイーツをその地域で最高のホテルと評価している一方で、ストレイト・インのほうがオンラインではより良い口コミを得ている。」

whileはここでは「～である一方で」という対比を表す接続詞です。

while＋主語＋動詞
while guidebooks rank ...

前半と後半が対照的なので、whileが適切です。

C. despiteは前置詞なので、直後に完全な文「guidebooks rank ...」を置けません。

× despite guidebooks rank ...
○ despite the high ranking
○ despite being ranked as the area’s top hotel
○ despite the fact that guidebooks rank ...

A. regardlessは通常「regardless of＋名詞」の形です。

× regardless guidebooks rank ...
○ regardless of the guidebook rankings

D. alwaysは「いつも」という副詞で、二つの文を接続できません。

なお、rank A as Bは「AをBと評価する・位置づける」という意味です。
"
551,"#551  
Parties without reservations are not guaranteed service at our restaurant.

A. service
B. are serving
C. served
D. to serve
","正解：A. service

Parties without reservations are not guaranteed service at our restaurant.

「予約のない団体客には、当レストランでのサービスは保証されません。」

guaranteeは次の形を取れます。

guarantee＋人＋物
＝「人に物を保証する」

能動文：
We do not guarantee parties without reservations service.

受動文：
Parties without reservations are not guaranteed service.

ここでserviceは名詞で、「接客・対応・席の提供」という意味です。

B. are serving
are not guaranteedの後にさらにare servingは置けません。

C. served
guarantee＋人＋過去分詞という形にはなりません。

D. to serve
are guaranteed to serveでは「その団体客が給仕することを保証される」という意味になり、内容が不自然です。

なお、partyはここでは「パーティー」ではなく、「一組の客、団体客」という意味です。
"
552,"#552  
Emergency 〇〇 undergo an extensive training program before they can receive certification. 

A. medics
B. medically
C. medical
D. medicine
","正解：A. medics

Emergency medics undergo an extensive training program before they can receive certification.

「救急救命士は、資格認定を受ける前に、広範な訓練プログラムを受けます。」

空欄の後ろにはすぐ動詞undergoが来ているため、空欄には主語になる名詞が必要です。medicsは「救急救命士、衛生兵」という複数名詞なので、複数動詞undergoと一致します。

B. medicallyは副詞なので主語になれません。
C. medicalは形容詞なので、後ろにpersonnelなどの名詞が必要です。
D. medicineは「医学、薬」という名詞ですが、人を表さないため不自然です。

なお、前の問題のようにEmergency medical personnelなら、medicalがpersonnelを修飾するのでCになります。今回はpersonnelがないため、Aです。
"
553,"#553  
in order for
","in order for です。

意味：「～が…するために」「～が…できるように」

形：
in order for＋人・物＋to＋動詞の原形

例：
In order for you to pass the exam, you need to study harder.
「あなたが試験に合格するためには、もっと勉強する必要がある」

in order toとの違い：
in order to＋動詞
→ 主文の主語と、to以下の動作主が同じ。

I studied hard in order to pass.
「私は合格するために一生懸命勉強した」
合格するのはI。

in order for＋人＋to＋動詞
→ to以下の動作主をforの後ろに置く。

I spoke slowly in order for everyone to understand.
「全員が理解できるように、私はゆっくり話した」
理解するのはeveryone。

orderの語源はラテン語ordo（オルドー、「順序・配列」）です。in order toはもともと「～という目的に向けて整った形で」という感覚から、「～するために」という意味になりました。

同語源の英語：
order「順序、命令」
ordinary「普通の」
ordinal「序数の」
coordinate「調整する」
subordinate「従属する」
"
554,"#554  
Management implemented stricter safety guidelines for machine operators, 〇〇 reducing the likelihood of an accident.

A. so that
B. thus
C. which
D. such as
","正解：B. thus

Management implemented stricter safety guidelines for machine operators, thus reducing the likelihood of an accident.

「経営陣は機械オペレーター向けに、より厳しい安全指針を導入し、その結果、事故の可能性を減らした。」

thus＋現在分詞で、「その結果～して」「それによって～して」という結果を表します。

thus reducing ...
＝「その結果、減らして」

A. so thatは接続詞なので、後ろに「主語＋動詞」が必要です。

× so that reducing
○ so that the guidelines would reduce the likelihood of an accident

C. whichも関係代名詞なので、後ろに定形動詞が必要です。

× which reducing
○ which reduced the likelihood of an accident

D. such asは「～のような、例えば」という例示なので意味が合いません。

なお、カンマの後ろのreducingは分詞構文で、前の文全体の結果を説明しています。
"
555,"#555  
Miriam Cosmetics' new mascara line is its most popular 〇〇, and retailers are struggling to keep it in stock.

A. far
B. before
C. yet
D. way
","正解：C. yet

Miriam Cosmetics' new mascara line is its most popular yet, and retailers are struggling to keep it in stock.

「ミリアム・コスメティックスの新しいマスカラ製品は、これまでで最も人気があり、小売店は在庫を切らさないよう苦労している。」

最上級＋yetで「これまでで～」という意味になります。

its most popular yet
＝「同社の製品の中で、これまでで最も人気のあるもの」

ここではlineの繰り返しが省略されています。

its most popular line yet
↓
its most popular yet

A. farは単独では使えません。「これまでで最も」ならby far the most popularですが、語順が違います。

○ by far its most popular line
× its most popular far

B. beforeは通常、現在完了などとともに「以前に」と使いますが、most popular beforeとは言いません。

D. wayはway more popular「はるかに人気がある」のように比較級を強めます。最上級の後ろには置けません。
"
556,"#556  
commitment
","約束、誓約
責任、義務
★献身、熱意
（時間・金銭などを）投入すること

例：
We appreciate your commitment to the project.
「あなたのプロジェクトへの献身に感謝します。」

I have a prior commitment.
「先約があります。」

commitment to＋名詞／動名詞
＝「～への献身・約束」

語源：
ラテン語 committere（コミッテレ、「結びつける、委ねる」）
com-（コム、「共に」）＋ mittere（ミッテレ、「送る」）

同じ語源の英語：
commit「約束する、委ねる、犯す」
committee「委員会」
commission「委任、手数料」
mission「使命」
submit「提出する」
transmit「伝える」
permit「許可する」

commitmentは、commit「約束する、専念する」に名詞語尾-mentが付いた語です。
"
557,"#557  
meet for, meet up, meet with、それぞれの意味を答えよ。
","meet for
意味：?の目的で会う
We met for lunch.
私たちは昼食のために会った。
We met for a discussion.
私たちは話し合いのために会った。
※for の後ろには、会う目的が来る。

meet up
意味：会う、落ち合う
Let’s meet up after work.
仕事の後で会おう。
I met up with an old friend.
旧友と会った。
※比較的くだけた表現。人を続ける場合は meet up with 人。

meet with
意味1：人と会う、面会する
I met with my manager.
上司と面会した。
※仕事上の会議・面談など、目的のある会合に使われやすい。

意味2：?を受ける、?に遭う
The proposal met with opposition.
その提案は反対を受けた。
The plan met with approval.
その計画は承認された。

違い：
meet for lunch
昼食を目的に会う

meet up with John
ジョンと気軽に会う、落ち合う

meet with John
ジョンと面談・協議する

語源：
meet は古英語 m?tan（ミータン）「出会う」に由来する。
up は古英語 ?p（ウープ）「上へ」に由来し、meet up では「一緒になる」という完了・集合のニュアンスを加える。
with は古英語 wi?（ウィズ）「?に対して、?とともに」に由来する。
for は古英語 for（フォル）「?のために」に由来する。

同じ語源の英語：
meeting　会議、会合
moot　討論すべき問題
upward　上方へ
within　?の内側に
therefore　それゆえに
"
558,"#558  
The repairs to the production line 〇 delays in filling several important orders.

A. will cause
B. has caused
","正解：A. will cause

The repairs to the production line will cause delays in filling several important orders.
生産ラインの修理によって、いくつかの重要な注文への対応に遅れが生じるでしょう。

主語は The repairs（修理作業）で、複数形です。

Aの will cause は、主語が単数でも複数でも形が変わりません。

The repairs will cause ...
修理作業は～を引き起こすだろう。

Bの has caused は単数主語に使う形なので、複数主語の repairs とは一致しません。

× The repairs has caused ...
○ The repairs have caused ...

したがって、選択肢が has caused である以上、Bは不可です。意味上は「修理がすでに遅延を引き起こしている」なら have caused が使えます。
"
559,"#559  
comment on
","comment on

意味：?について意見を述べる、?についてコメントする、?を論評する

例：
The manager commented on the new policy.
部長は新しい方針について意見を述べた。

She refused to comment on the incident.
彼女はその事件についてコメントすることを拒んだ。

comment on A
Aについて意見を述べる

comment about A も使えますが、comment on A のほうが一般的で、特定の話題について論評する感じが強いです。

語源：
comment はラテン語 commentari（コンメンターリ）「熟考する、注釈を加える」に由来します。これは comminisci（コンミニスキー）「考案する、心に思い浮かべる」と関係があります。
on は古英語 on（オン）「?の上に、?について」に由来します。

同じ語源の英語：
comment　意見、注釈
commentary　解説、論評
commentator　解説者、評論家
commemorate　記念する
mental　心の、精神の
mind　心、精神

なお、名詞では次の形です。

make a comment on A
Aについて意見を述べる

His comment on the plan was helpful.
その計画についての彼の意見は参考になった。
"
560,"#560  
I have yet to do ?
","I have yet to do ?

意味：私はまだ?していない

have yet to do は「今のところまだしていないが、今後する可能性・予定がある」という意味です。

I have yet to finish the report.
私はまだその報告書を完成させていない。

She has yet to reply.
彼女はまだ返事をしていない。

The problem has yet to be solved.
その問題はまだ解決されていない。

notとの違い：
I have not finished the report.
私はその報告書を終えていない。

I have yet to finish the report.
私はその報告書をまだ終えていない。
※「これから終える必要がある」「いずれ終える」という含みがやや強い。

語順：
主語＋have/has yet to＋動詞の原形

I have yet to decide.
私はまだ決めていない。

yet の語源：
古英語 g?et（イーエト）「今なお、さらに」に由来します。

同じ語源・関連語：
yet　まだ、しかし
still　まだ、依然として
already　すでに
not yet　まだ?ない

なお、I have yet to do English. は文法的には作れますが、意味がやや不自然です。「私はまだ英語の勉強をしていない」なら、次が自然です。

I have yet to study English.
私はまだ英語を勉強していない。

I have yet to do my English homework.
私はまだ英語の宿題をしていない。
"
561,"#561  
Dr. King kept a few minutes free to address questions from attendees 〇〇 her lecture.

A. follow
B. followed
C. following
D. follows
","正解：C. following

Dr. King kept a few minutes free to address questions from attendees following her lecture.
キング博士は、講演後に参加者からの質問に答えるため、数分間を空けておいた。

Dの follows を「who follows」の who が省略された形と考えることはできません。

★★★★★理由は、関係代名詞が主語になっている場合、関係代名詞は省略できないからです。

○ attendees who follow her lecture
彼女の講演を聴講する参加者たち

× attendees follow her lecture
この形では attendees が主節の名詞なのか、follow の主語なのか文の構造が崩れます。

関係代名詞を省略できるのは、基本的に関係代名詞が目的語の場合です。

○ the attendees whom Dr. King addressed
○ the attendees Dr. King addressed
キング博士が対応した参加者たち

この whom は addressed の目的語なので省略できます。

一方、

the attendees who follow her lecture

では who が follow の主語です。

who＝主語
follow＝動詞
her lecture＝目的語

したがって who は省略できません。

また、仮に who follows とすると、先行詞 attendees は複数形なので、動詞は follows ではなく follow です。

× attendees who follows her lecture
○ attendees who follow her lecture

よってDは、二重の理由で不正解です。

主格の who は省略できない。
attendees は複数なので follows ではなく follow が必要。

Cの following her lecture は前置詞句で、「彼女の講演の後に」という意味です。

following her lecture
＝after her lecture
＝彼女の講演後に

したがって文全体は、

Dr. King kept a few minutes free to address questions from attendees following her lecture.

「キング博士は、講演後に参加者からの質問に答えるため、数分間を空けておいた」

という意味です。
"
562,"#562  
ready
","ready

意味：

準備ができている
I’m ready.
準備できています。

The report is ready.
報告書は完成しています。

すぐに?できる
be ready to do
?する準備ができている

She is ready to leave.
彼女は出発する準備ができている。

すぐ使える、利用できる
The room is ready for use.
その部屋は使用可能です。
用意する
他動詞として「?を準備する」という意味もあります。

They readied the equipment.
彼らは機材を準備した。

よく使う形：
be ready for 名詞
?の準備ができている

Are you ready for the meeting?
会議の準備はできていますか。

be ready to do
?する準備ができている

Get ready.
準備しなさい。

ready-made
既製の、出来合いの

語源：
古英語 r?de（レーデ）「準備のできた、整った」に由来します。さらにゲルマン祖語 *raidijaz（ライディヤズ）「準備された」にさかのぼります。

同じ語源の英語：
ready　準備のできた
readiness　準備ができていること
ready-made　既製の
readily　容易に、快く
array　整列させる、配置する
※array はフランス語系ですが、「整える」という意味の面で関連があります。
"
563,"#563  
most clientsとmost of clientsの違い。
","most clients
＝大多数の顧客、多くの顧客
clientsの前に冠詞を付けず、一般的な顧客全体について述べます。

Most clients prefer online payments.
大多数の顧客はオンライン決済を好む。

most of the clients
＝その顧客たちの大部分
theによって、話し手と聞き手が分かっている特定の顧客集団を指します。

Most of the clients at this hotel are tourists.
このホテルの顧客の大部分は観光客です。

「most of clients」は原則として誤りです。most ofの後ろには、次のように限定する語が必要です。

most of the clients
most of our clients
most of these clients
most of them

違いを簡単に言うと、

most clients
＝顧客一般の大多数

most of the clients
＝特定された顧客の中の大多数

なお、mostの語源は古英語m?st（メースト、「最も多い」）です。more、many、much、maximumなどと意味的に関連します。
"
564,"#564  
outing
","outing（アウティング）

意味：

外出、遠足、小旅行
団体でのレクリエーション

例：
company outing
社員旅行、会社の親睦行事

We went on an outing to the lake.
私たちは湖へ小旅行に行った。

go on an outing
遠足・小旅行に出かける

語源：
out「外へ」＋ -ing
つまり、「外へ出ること」が元の意味です。

out の語源は古英語 ?te（ウーテ、「外に」）です。

同じ語源の英語：
out
outside
outdoor
outward
outgoing

なお、outingには「本人の同意なく性的指向などを公表すること」という意味もありますが、通常は「外出・遠足」の意味です。
"
565,"#565  
The new production facility in Ottawa will be 〇〇larger than the factory in Vancouver.

A. as
B. even
C. very
D. quite
","正解：B. even

The new production facility in Ottawa will be even larger than the factory in Vancouver.

「オタワの新しい生産施設は、バンクーバーの工場よりもさらに大きくなる予定です。」

larger は比較級なので、その比較を強調できる even（さらに、いっそう）が入ります。

even＋比較級
＝「さらに～」「いっそう～」

★★★★very と quite は、基本的に原級を修飾する。

です。

very large＝とても大きい
quite large＝かなり大きい

比較級には普通使いません。

× very larger
× quite larger
○ much larger
○ far larger
○ even larger
○ a lot larger

ただし、quite は quite a bit larger（かなり大きい）のように、a bit などを挟めば比較級と一緒に使えます。
"
566,"#566  
in the light of
","in the light of ＝「～に照らして」「～を考慮すると」「～の観点から」

発音：イン・ザ・ライト・オブ

例：
In the light of recent events, we changed our policy.
最近の出来事を考慮して、私たちは方針を変更した。

The evidence should be examined in the light of these facts.
その証拠は、これらの事実に照らして検討すべきだ。

in light of もほぼ同じ意味で、特にアメリカ英語ではこちらがよく使われます。

in light of the new information
＝新しい情報を考慮して

語源：
light は古英語 l?oht（レオフト）「光」に由来します。「光を当てて物事を見る」ことから、「事情や事実に照らして判断する」という比喩的な意味になりました。

同じ語源の英語：
light＝光、明かり
lighten＝明るくする、軽くする
enlighten＝啓発する、理解させる
daylight＝日光
highlight＝強調する、目立たせる

なお、TOEICでは in light of は前置詞句として使われ、後ろには名詞・名詞句が来ます。

○ in light of the delay
○ in light of recent changes
× in light of the schedule changed
"
567,"#567  
in one’s capacity as
","in one’s capacity as ＝「～としての立場で」「～の資格で」「～の職務上」

発音：イン・ワンズ・キャパシティ・アズ

ここで capacity は「能力」ではなく、「地位・資格・役割」という意味です。

He attended the meeting in his capacity as company president.
彼は会社社長としての立場で、その会議に出席した。

She signed the document in her capacity as legal representative.
彼女は法定代理人として、その書類に署名した。

I am speaking in my capacity as a board member, not as a private individual.
私は個人としてではなく、取締役として発言しています。

形：
in＋所有格＋capacity as＋役職・資格

in my capacity as a manager
＝管理職として

in his capacity as chairman
＝議長として

in her capacity as an attorney
＝弁護士として

語源：
capacity はラテン語 capacitas（カパキタース）「収容力、能力」に由来します。その基になる capax（カパクス）は「多くを収容できる」という意味です。「能力」から「ある役割を果たせる資格・立場」という意味に広がりました。

同じ語源の英語：
capable＝能力がある
capability＝能力
capacitor＝コンデンサー、蓄電器
incapable＝能力がない
capacious＝容量の大きい、広々とした
"
568,"#568  
A panel of industry experts will need to decide 〇〇the proposed mining safety regulation should be implemented.

A. unless
B. although
C. whether
D. while
","正解：C. whether

A panel of industry experts will need to decide whether the proposed mining safety regulation should be implemented.

「業界の専門家委員会は、提案された鉱山安全規則を実施すべきかどうかを判断する必要があります。」

decide whether ～ ＝「～かどうかを決める・判断する」

whether は名詞節を作り、decide の目的語になります。

decide
［whether the regulation should be implemented］
「その規則を実施すべきかどうかを判断する」

A. unless＝～でない限り
B. although＝～だけれども
D. while＝～する間／一方で

これらは副詞節を作る接続詞で、decide の目的語にはなれません。

なお、文頭は「A panel of industry experts, we need」ではなく、おそらく「A panel of industry experts will need」です。
"
569,"#569  
意味：「?をはるかに超えて」「優に?以上」

意味：「かなり前もって」「十分早い時期に」
","well over

well in advance
"
570,"#570  
All cancellations made less than one month before the date of your flight are 〇〇 a fee.

A. possible
B. credited
C. additional
D. subject
","be subject to ?
「?の対象となる」「?を受ける」「?が課される」

ここでは、
cancellations are subject to a fee
＝「キャンセルは手数料の対象となる」
＝「キャンセルには手数料がかかる」
という意味です。
"
571,"#571  
markedly
","発音：マーカドリー

意味：
「著しく」「目立って」「明らかに」

品詞：
副詞

例：
Sales increased markedly.
売上は著しく増加した。

The new model is markedly different from the old one.
新型モデルは旧型とは明らかに異なる。

markedly better
著しく良い

markedly lower
著しく低い

語源：
marked「目立った、はっきりした」＋ -ly「?に」

mark は古英語 mearc（メアルク）「印、境界」に由来します。

同じ語源の英語：
mark「印、印を付ける」
marked「著しい、目立った」
marker「目印」
remark「発言する、述べる」
remarkable「注目すべき、著しい」

marketedly ではなく、markedly が正しいスペルです。
"
572,"#572  
confidence と confidentiality の違い
","confidence
発音：コンフィデンス
意味：

自信
信頼
秘密を打ち明けること

confidentiality
発音：コンフィデンシャリティ
意味：
「秘密保持」「機密性」「秘密が守られること」
"
573,"#573  
viable

発音：ヴァイアブル
","viable

発音：ヴァイアブル

意味：

実行可能な、現実的な
存続可能な、採算の取れる
生存可能な

例：
This is a viable option.
これは現実的な選択肢です。

The company needs a viable business model.
その会社には持続可能で採算の取れるビジネスモデルが必要です。

The project is not financially viable.
その計画は財政的に成り立ちません。

The fetus is viable.
その胎児は母体外で生存可能です。

よく使う形：
a viable alternative
実行可能な代案

commercially viable
商業的に成り立つ

economically viable
経済的に成り立つ

語源：
フランス語 viable（ヴィアーブル）「生きることのできる」
さらにラテン語 vita（ウィータ）「生命」に由来します。

同じ語源の英語：
vital「生命に関わる、極めて重要な」
vitality「生命力、活力」
vitamin「ビタミン」
revive「生き返らせる、復活させる」
survive「生き残る」
vivacious「生き生きした」
"
574,"#574  
英語の接続詞と副詞の違いを簡潔に説明しろ。
","接続詞は「文と文をつなぐ語」です。後ろに主語＋動詞を置けます。

例：
Although it was raining, we went out.
雨が降っていたが、私たちは外出した。

副詞は「動詞・形容詞・副詞・文全体を修飾する語」です。文と文を直接つなぐことはできません。

例：
It was raining. However, we went out.
雨が降っていた。しかし、私たちは外出した。

要点：
although＋主語＋動詞
however, 主語＋動詞

× It was raining, however we went out.
○ It was raining; however, we went out.
○ It was raining, but we went out.
"
575,"#575  
covet
","発音：カヴェット

意味：「他人の物を強く欲しがる」「むやみに欲しがる」
特に、他人が持っている財産・地位・成功などを欲しがる、やや否定的な語です。

例：
He coveted his neighbor’s wealth.
彼は隣人の富を欲しがった。

She coveted the position.
彼女はその地位を強く望んだ。

coveted
「誰もが欲しがる、切望される」

a highly coveted award
非常に名誉があり、誰もが欲しがる賞

語源：
古フランス語 covoitier（コヴォワティエ）「強く欲する」
さらにラテン語 cupiditas（クピディタース）「欲望」に関係します。

同じ語源の英語：
cupid「恋の神キューピッド」
cupidity「強欲」
Cupid「ローマ神話の愛の神」

want よりも「他人の物を欲しがる」「欲望が強い」という意味が強い語です。
"
576,"#576  
commend

commend と recommend の違い：
","commend（コメンド）【動詞】

意味：

褒める、高く評価する
推薦する
委ねる、託す

例文：
I commend you for your courage.
あなたの勇気を称賛します。

The report commends this plan to the board.
その報告書は、この計画を取締役会に推薦している。

語源：
ラテン語 commendare（コメンダーレ）「委ねる、推薦する」
com-（共に、強意）＋ mandare（マンダーレ）「命じる、託す」

同じ語源の英語：
command（命令する）
mandate（命令、権限）
recommend（推薦する）
demand（要求する）

commend と recommend の違い：
commend＝人や行為を「褒める、称賛する」
recommend＝物や方法を「勧める、推薦する」
"
577,"#577  
undergo
","undergo（アンダーゴウ）【動詞・他動詞】

意味：

～を経験する
～を受ける
～を経る

活用：
undergo - underwent - undergone

例文：
She underwent surgery last week.
彼女は先週、手術を受けた。

The building is undergoing renovation.
その建物は改修工事中です。

The company underwent major changes.
その会社は大きな変化を経験した。

語源：
under（アンダー）「下で」＋ go（ゴウ）「行く」
もともとは「ある過程の下を通っていく」というイメージで、そこから「困難・治療・変化などを経験する、受ける」という意味になりました。

同じ語源の英語：
go（行く）
underlying（根底にある）
undertake（引き受ける）
underpass（地下道）
underground（地下の）

注意：
undergo は他動詞なので、直後に目的語を置きます。

○ undergo surgery
× undergo to surgery
× undergo with surgery
"
578,"#578  
comparably（コンパラブリー）と relatively（レラティヴリー）の違い
","comparably＝同程度に、同じくらい
二つ以上のものが、ほぼ同じ程度であることを表します。

relatively＝比較的、相対的に
何かと比べれば「わりに～だ」という意味です。比較対象を明示しないことも多いです。
"
579,"#579  
A customer complained that she has not received her supplies, despite placing the order 〇〇 two weeks ago.

A. yet
B. over
C. still
D. for
","正解：B. over

完成文：
A customer complained that she has not received her supplies, despite placing the order over two weeks ago.

訳：
ある顧客は、2週間以上前に注文したにもかかわらず、商品をまだ受け取っていないと苦情を述べた。

over two weeks ago
＝2週間以上前に

over は数・期間の前で「～を超えて、～以上」という意味になります。

over two weeks＝2週間を超えて
over 100 people＝100人以上
over three years＝3年以上

A. yet
「まだ」ですが、通常は not yet received のように動詞の近くに置きます。

C. still
「まだ」ですが、still two weeks ago とは言いません。

D. for
for two weeks＝2週間にわたって
ただし、ago と for は一緒に使えません。

× for two weeks ago
○ two weeks ago
○ for two weeks

したがって、正解は B. over です。
"
580,"#580  
be enough compensated. これの何がおかしいか。
","be enough compensated がおかしいのは、enough の位置です。

compensated は過去分詞で、ここでは形容詞的に「補償されて」という状態を表します。形容詞や副詞を修飾する enough は、原則として後ろに置きます。

× be enough compensated
○ be compensated enough
"
581,"#581  
〇〇 that the menu has been finalized, the invitation for the banquet can be sent out.

A. so
B. because
C. now
D. already
","正解：C. now

完成文：
Now that the menu has been finalized, the invitation for the banquet can be sent out.

訳：
メニューが確定したので、宴会の招待状を発送できます。

now that ～＝今や～なので、～したので

「ある状況が成立した結果、次のことが可能になった」という意味です。

now that the menu has been finalized
＝メニューが確定したので

A. so
so that なら「～するために／その結果～」ですが、文頭の so that 節としては意味が合いません。

B. because
because that という形にはできません。

× Because that the menu has been finalized

because を使うなら that は不要です。

○ Because the menu has been finalized, ...

D. already
already that という接続表現はありません。

したがって、now that というまとまりになる C が正解です。
"
582,"#582  
The proposed movie theater is expected to 〇〇 a large number of visitors to the shopping complex.

A. encourage
B. appeal
C. patronize
D. draw
","正解：D. draw

完成文：
The proposed movie theater is expected to draw a large number of visitors to the shopping complex.

訳：
その新設予定の映画館は、そのショッピング施設に多くの来訪者を呼び込むと期待されている。

draw＋人＋to＋場所
＝人を場所に引きつける、呼び込む

draw visitors to the shopping complex
＝来訪者をショッピング施設に呼び込む

A. encourage
encourage＋人＋to do
＝人に～するよう促す

○ encourage visitors to come
× encourage visitors to the shopping complex

B. appeal
appeal to＋人
＝人の心を引きつける

○ appeal to visitors
× appeal visitors to the shopping complex

C. patronize
＝店などを利用する、ひいきにする

visitors patronize the shopping complex
のように、人が店を利用する側です。この文では映画館が来訪者を呼び込むので不適切です。

したがって、D. draw が正解です。
"
583,"#583  
vocational college
","意味：
職業訓練校、職業専門学校、専門学校

実務的な技術や、特定の職業に就くための知識を学ぶ学校です。

例：
She studied nursing at a vocational college.
彼女は専門学校で看護を学んだ。

vocational（ヴォウケイショナル）
＝職業の、職業訓練の

college（カレッジ）
＝大学、専門学校、高等教育機関

語源：
vocational はラテン語 vocare（ウォカーレ）「呼ぶ」に由来します。そこから vocation（ヴォウケイション）「天職、職業」という意味になりました。

college はラテン語 collegium（コッレギウム）「仲間の集まり、団体」に由来します。

同じ語源の英語：
vocation（職業、天職）
vocal（声の）
invoke（呼び起こす）
revoke（取り消す）
advocate（支持する、擁護する）

colleague（同僚）
collegial（同僚間の、協調的な）

日本の「専門学校」は、文脈によって vocational school または vocational college と訳します。
"
584,"#584  
Because of a severe 〇〇

A. malfunction
B. malfunction
C. malfunctions
D. malfunctioning
","正解：A または B（選択肢が同じため）

完成形：
Because of a severe malfunction
＝深刻な故障のために

a severe の後ろには、単数の可算名詞が必要です。

○ a severe malfunction
× a severe malfunctions
× a severe malfunctioning

D. malfunctioning は「誤作動していること」という動名詞ですが、通常 a severe malfunctioning とは言いません。
"
585,"#585  
問題分のあとに or が内科注意する
","either or
"
586,"#586  
後にtoではなくingが来るものの動詞
","consider doing
enjoy doing
覚え方

MEGAFEPSという語呂がよく使われます。

M：mind
E：enjoy
G：give up
A：avoid
F：finish
E：escape
P：practice、postpone
S：stop、suggest

これに次を加えると実用的です。

consider
admit
deny
recommend
risk
imagine
keep
miss
involve

注意が必要な動詞

stop doing
＝～するのをやめる
He stopped smoking.
彼は喫煙をやめた。

stop to do
＝～するために立ち止まる
He stopped to smoke.
彼はたばこを吸うために立ち止まった。

remember doing
＝～したことを覚えている
I remember meeting him.
彼に会ったことを覚えている。

remember to do
＝忘れずに～する
Remember to call him.
忘れずに彼に電話しなさい。

forget doing
＝～したことを忘れる
I will never forget meeting her.
彼女に会ったことを決して忘れない。

forget to do
＝～するのを忘れる
I forgot to lock the door.
ドアに鍵をかけるのを忘れた。

try doing
＝試しに～してみる
Try restarting the computer.
試しにコンピューターを再起動してみなさい。

try to do
＝～しようと努力する
I tried to restart the computer.
コンピューターを再起動しようとした。

regret doing
＝～したことを後悔する
I regret saying that.
そう言ったことを後悔している。

regret to do
＝残念ながら～する
We regret to inform you that...
残念ながら～をお知らせします。

要点は、consider、enjoy、avoid、finish、suggest、recommend、admit、deny、mind、riskなどの後ろでは、基本的に「動詞＋ing」を使うということです。

ChatGPT Work でさらに進める
作業内容を、洗練されたドキュメント、スライド資料、スプレッドシート、レポート、ウェ
"
587,"#587  
Given, considering, in light of, これらの三つは文のはじめにつくと、どのような意味になるか。
","文頭に置かれた場合、3つとも「～を考えると」「～を踏まえると」という意味になりますが、文法とニュアンスが少し違います。

Given ～
＝～を考慮すると、～という事情を考えると、～なので

Given the current situation, we should postpone the meeting.
現在の状況を考えると、会議を延期すべきです。

Given that sales have declined, the company may cut costs.
売上が減少していることを考えると、会社は経費を削減するかもしれません。

形：
Given＋名詞
Given that＋文

given はここでは前置詞・接続詞のように使われます。「その事実を前提として」という意味が強いです。

Considering ～
＝～を考慮すると、～の割には

Considering the weather, the event was successful.
天候を考慮すると、その行事は成功だった。

Considering that he is new, he performed very well.
彼が新人であることを考えると、非常によくやった。

形：
Considering＋名詞
Considering that＋文

considering は「さまざまな事情を考えて判断すると」という意味です。特に「～の割には」という評価に使われることがあります。

Considering his age, he is very active.
年齢の割には、彼はとても活動的です。

In light of ～
＝～に照らして、～を踏まえて、～を受けて

In light of the new evidence, the case will be reviewed.
新しい証拠を踏まえて、その事件は再検討されます。

In light of recent changes, we revised the policy.
最近の変更を受けて、方針を改定しました。

形：
In light of＋名詞

通常、直後に文は置けません。

○ In light of the fact that sales have declined, ...
売上が減少したという事実を踏まえると……

× In light of sales have declined, ...

違いを簡単に言うと、

Given ～
＝その事実を前提にすると

Considering ～
＝事情をよく考えると、～の割には

In light of ～
＝新しい情報・証拠・状況を踏まえて

3つを比較すると、

Given the bad weather, the game was canceled.
悪天候という事情があるので、試合は中止された。

Considering the bad weather, the game went well.
悪天候だったことを考えると、試合はうまくいった。

In light of the bad weather, the game was canceled.
悪天候を踏まえて、試合は中止された。

Given と in light of は似ていますが、in light of のほうが「情報や状況を受けて判断・決定した」という、やや硬く公式な表現です。
"
588,"#588  
aptitude
","意味：

適性、才能
素質、能力
～を習得する力

例文：
She has an aptitude for languages.
彼女には語学の才能がある。

He showed a strong aptitude for mathematics.
彼は数学に強い適性を示した。

aptitude for ～
＝～に対する適性、才能

語源：
ラテン語 aptus（アプトゥス）「適した、ふさわしい」から来ています。

同じ語源の英語：
apt（適した、物覚えの速い）
adapt（適応させる）
adaptable（適応力のある）
aptly（適切に）
inapt（不適切な、適性のない）

似た語との違い：
aptitude＝生まれつき、または比較的自然に備わった適性
ability＝実際に何かをする能力
skill＝訓練によって身につけた技能
talent＝特定分野での優れた才能

aptitude test
＝適性検査
"
589,"#589  
immediate supervisor
","immediate supervisor

意味：直属の上司、直接の上司

immediate はここでは「即時の」ではなく、「間に誰も入らない、直接の」という意味です。

例：
Please report the problem to your immediate supervisor.
その問題を直属の上司に報告してください。

語源：
immediate はラテン語 immediatus（イメディアートゥス）「間に何もない」に由来します。
im-「?でない」＋ medius（メディウス）「中央の、間の」

supervisor はラテン語 super（スペル）「上から」＋ videre（ウィデーレ）「見る」に由来し、「上から監督する人」という意味です。

同じ語源の英語：
mediate「仲介する」
medium「中間、中間媒体」
intermediate「中間の」
vision「視力、視覚」
video「映像」
revise「見直す、修正する」
provide「提供する」


direct supervisor
直属の上司。immediate supervisor とほぼ同じ意味で、最も自然な言い換えです。

直属性を少し弱めるなら、
supervisor
上司、監督者

manager
管理職、上司

line manager
直属の管理職、直属の上司。特にイギリス英語でよく使います。

reporting manager
自分が直接報告する上司。会社の組織図や人事関係で使われます。
"
590,"#590  
The construction project is scheduled to begin 〇〇 early October.

A. on
B. at
C. in
D. as
","正解：C. in

The construction project is scheduled to begin in early October.
「その建設プロジェクトは10月初旬に始まる予定です。」

月の前には前置詞 in を使います。

はい、月だけなら in です。

in January
1月に

in February
2月に

in October
10月に

一方、on は「特定の日」に使います。

on January 5
1月5日に
"
591,"#591  
provided that
","provided that

意味：「?という条件で」「もし?ならば」「?である限り」

条件を表す接続詞で、ifよりも「条件付きで」という意味がやや強いです。

You may leave early, provided that you finish your work.
仕事を終えるという条件で、早く帰ってもよい。

Provided that the weather is good, we will hold the event outdoors.
天気がよければ、イベントを屋外で行います。

provided that ＝ providing that ＝ on condition that
いずれも「?という条件で」です。

語源：
provide はラテン語 providere（プロウィデーレ）「前もって見る、準備する」に由来します。
pro（プロ）「前に」＋ videre（ウィデーレ）「見る」

もともと provided that は「?という条件が用意されているなら」という感覚から、条件を表す接続詞になりました。

同じ語源の英語：
provide「提供する」
provision「供給、規定」
provisional「暫定的な」
providence「摂理、先見」
vision「視覚」
video「映像」
revise「見直す、修正する」
"
592,"#592  
take advantage of
","take advantage of

意味：

～を利用する、活用する
～につけ込む、～を不当に利用する

例：
We took advantage of the discount.
私たちはその割引を利用した。

You should take advantage of this opportunity.
この機会を活用すべきです。

He took advantage of her kindness.
彼は彼女の親切につけ込んだ。

語源：
advantage は古フランス語 avantage（アヴァンタージュ）「有利な立場」に由来します。さらに avant（アヴァン）「前に」が語源です。
take advantage of は直訳すると「～の有利な点を取る」で、そこから「利用する」という意味になりました。

同じ語源の英語：
advance「前進する」
advanced「進んだ、高度な」
advantage「利点」
disadvantage「不利、欠点」

注意：
人を目的語にすると、悪い意味になることが多いです。

take advantage of a person
人につけ込む

物・制度・機会を目的語にすると、通常は良い意味です。

take advantage of a service
サービスを利用する
"
593,"#593  
Jaffna International Airport used to be among the busiest in the region, 〇〇 more than 1,500 passengers per hour.

A. serves
B. serving
C. served
D. serve
","正解：B. serving

全文：
Jaffna International Airport used to be among the busiest in the region, serving more than 1,500 passengers per hour.

訳：
「ジャフナ国際空港は、かつてこの地域で最も利用客の多い空港の一つで、1時間に1,500人を超える乗客に対応していました。」

また、which served とすることは文法的には可能です。
 ..., which served more than 1,500 passengers per hour.
★★★★しかし、関係代名詞 which が関係詞節の主語になっている場合、which は省略できません。
"
594,"#594  
function
","ある。function は名詞で「行事、催し、式典、集まり」という意味があります。

例：
a school function
「学校行事」

an official function
「公式行事、公式の式典」

attend a function
「行事・催しに出席する」

ただし functions と複数形なら、「複数の行事」という意味にも、「機能」という意味にもなります。文脈で判断します。

The hotel hosts many functions.
「そのホテルでは多くの催しが開かれる。」

語源：
ラテン語 functio（フンクティオー）＝「遂行、職務、役割」
そこから「役割・機能」という意味が生まれ、さらに「特定の目的をもつ公式の集まり・行事」という意味にも広がりました。

同語源：
functional「機能的な」
functionality「機能性」
dysfunction「機能不全」
defunct「廃止された、機能しなくなった」
"
595,"#595  
all, other, most, every。この中で、可算名詞の単数形を修飾できるのはどれか。
","可算名詞の単数形を直接修飾できるのは、other と every です。
ただし、名詞の直前に単独で置けるという意味では、最も明確な答えは every です。

all：原則として複数名詞または不可算名詞
all students（すべての学生）
all information（すべての情報）
× all student

other：単数名詞も修飾できる
the other student（もう一人の学生）
another student のように、冠詞などが必要です。
× other student と単独で使うのは通常不自然です。

most：複数名詞または不可算名詞
most students（ほとんどの学生）
most information（大部分の情報）
× most student

every：可算名詞の単数形
every student（すべての学生、一人一人）
× every students

したがって、答えは other と every です。
"
596,"#596  
alteration
","alteration
意味：変更、改変、修正、手直し

例：
We made several alterations to the plan.
私たちは計画にいくつかの変更を加えた。

The dress needs some alterations.
そのドレスは少し仕立て直す必要がある。

alteration は alter（変更する）＋ -ation（行為・結果を表す名詞語尾）です。

語源：
ラテン語 alter（アルテル、「二つのうちのもう一方、別の」）→ alterare（アルテラーレ、「別のものにする、変更する」）

同じ語源の英語：
alter（オルター）＝変更する
alternative（オルターナティヴ）＝代わりの、選択肢
alternate（オルタネイト）＝交互の、交代する
alter ego（オルター・イーゴー）＝別の自分、分身

なお、alternation（オルタネーション）なら「交互になること、交代」という別の単語です。
"
597,"#597  
①for a ●● while　　
?for ●● a while 

A long
B quite
","① for a long while
＝長い間

② for quite a while
＝かなり長い間、しばらくの間
"
598,"#598  
The Vista wristband, 〇〇, at $99.

A. is priced
B. has priced
C. is pricing
D. prices
","正解：A. is priced

The Vista wristband is priced at $99.
＝Vistaのリストバンドは99ドルに設定されている。

be priced at＋価格
＝「～の価格に設定されている」「～で販売されている」

price は「値段を付ける」という他動詞なので、商品を主語にする場合は受動態の is priced が必要です。

B. has priced
「値段を付けた」という能動態なので、主語は店や会社などでなければなりません。

C. is pricing
「値段を付けている最中だ」という意味になり、商品自体を主語にはしにくいです。

D. prices
「値段を付ける」という能動態なので不適切です。
"
599,"#599  
It is possible that ～.
","It is possible that ～.
＝「～という可能性がある」

例：
It is possible that he will come.
＝彼が来る可能性がある。

It is possible to ～.
＝「～することが可能である」

例：
It is possible to finish the work today.
＝今日その仕事を終えることは可能である。

つまり、「何々」に文を入れるなら that、「動詞」を続けるなら to です。
"
600,"#600  
substantial
","かなりの、相当な
a substantial increase
＝かなりの増加
多額の、大規模な
a substantial amount of money
＝かなりの金額
重要な、実質的な
substantial evidence
＝十分な根拠のある証拠
丈夫な、しっかりした
a substantial building
＝頑丈な建物

例文：
The company made a substantial profit.
＝その会社はかなりの利益を上げた。

語源：
ラテン語 substantia（スブスタンティア、「実体、本質」）
← sub（スブ、「下に」）＋ stare（スターレ、「立つ」）

つまり、もともとは「下でしっかり支えているもの」という意味です。

同じ語源の英語：
substance（サブスタンス）＝物質、実体
substantially（サブスタンシャリー）＝かなり、実質的に
substantiate（サブスタンシエイト）＝立証する
stand（スタンド）＝立つ
stable（ステイブル）＝安定した
"
601,"#601  
before、prior to、after の後ろ
","before、prior to、after の後ろに、to＋動詞の原形は原則として置きません。

before leaving
prior to leaving
after leaving

× before to leave
× prior to to leave
× after to leave

特に prior to の to は不定詞の to ではなく前置詞です。そのため、後ろは動詞の原形ではなく、動名詞 -ing にします。

○ prior to leaving
＝出発する前に

○ before leaving
＝出発する前に

○ after leaving
＝出発した後で
"
602,"#602  
versatile
","versatile（ヴァーサタイル／ヴァーサトル）

意味：

多才な
a versatile actor
＝多才な俳優
用途の広い、汎用性の高い
a versatile tool
＝多用途の道具
さまざまな状況に適応できる
a versatile employee
＝幅広い仕事に対応できる社員

例文：
This software is highly versatile.
＝このソフトウェアは非常に汎用性が高い。

語源：
ラテン語 versatilis（ウェルサーティリス、「回転できる、さまざまな方向に動かせる」）
← versare（ウェルサーレ、「回す、向きを変える」）
← vertere（ウェルテレ、「回す、変える」）

もともとは「自由に向きを変えられる」という意味で、そこから「さまざまな用途や仕事に対応できる」という意味になりました。

同じ語源の英語：
version（ヴァージョン）＝版、変形
convert（コンヴァート）＝変える
reverse（リヴァース）＝逆にする
diverse（ダイヴァース）＝多様な
universe（ユニヴァース）＝宇宙
conversation（カンヴァセーション）＝会話
"
603,"#603  
〇〇 domestic employees report high levels of satisfaction, while their counterparts abroad view their jobs less positively.

A. Contrary to
B. Whereas
C. Notwithstanding
D. Even so
","正解：B. Whereas

Whereas domestic employees report high levels of satisfaction, while their counterparts abroad view their jobs less positively.
＝国内の従業員は高い満足度を示している一方で、海外の同職者は自分の仕事をそれほど肯定的に見ていない。

whereas は接続詞で、「一方で」「?なのに対して」という対比を表します。後ろには主語＋動詞の文が続きます。

A. Contrary to
contrary to は前置詞なので、後ろには名詞または動名詞が必要です。
× Contrary to domestic employees report ...

C. Notwithstanding
「?にもかかわらず」という意味です。前置詞として使うなら後ろは名詞、接続詞として使う場合もこの文の単純な対比には不自然です。

D. Even so
「それでも」という接続副詞です。前の文を受けて使うため、文頭に置くなら通常はコンマの後に独立した文が続きます。この文では二者の対比を直接つなぐ whereas が最適です。

なお、文中にすでに while があるため、実際には whereas と while の両方を使うと意味が重複します。自然な形は次のどちらかです。

Whereas domestic employees report high levels of satisfaction, their counterparts abroad view their jobs less positively.

Domestic employees report high levels of satisfaction, while their counterparts abroad view their jobs less positively.
"
604,"#604  
accommodate your request
","意味：
「あなたの要望に応じる」
「あなたの依頼に対応する」
「あなたの希望を受け入れる」

例：
We will do our best to accommodate your request.
＝ご要望に沿えるよう最善を尽くします。

accommodate は「人の都合・要望に合わせる」「必要なものを提供する」という意味です。

つづり：
× accomdate
○ accommodate

語源：
ラテン語 accommodare（アッコモダーレ、「適合させる、都合をつける」）
← ad（アド、「～へ」）＋ commodus（コンモドゥス、「都合のよい、適切な」）

同じ語源の英語：
accommodation（アコモデイション）＝宿泊施設、便宜、調整
commodious（コモウディアス）＝広々とした
commodity（コモディティ）＝商品、日用品
"
605,"#605  
「?の一環として」は英語で、
","as part of ?
＝?の一環として

例：
As part of the project, the company conducted a survey.
＝そのプロジェクトの一環として、会社は調査を実施した。

As part of our training program, employees attend monthly workshops.
＝研修プログラムの一環として、従業員は毎月の講習会に参加する。

ほかに、

as part of an effort to ?
＝?する取り組みの一環として

例：
As part of an effort to reduce costs, the company closed several offices.
＝費用を削減する取り組みの一環として、会社はいくつかの事務所を閉鎖した。
"
606,"#606  
blitzkrieg
","blitzkrieg（ブリッツクリーク）

意味：電撃戦。機甲部隊や航空機などを集中投入し、敵が態勢を整える前に短期間で突破・包囲する戦法。

語源：ドイツ語 Blitzkrieg（ブリッツクリーク）
Blitz（ブリッツ）＝稲妻、電光
Krieg（クリーク）＝戦争
直訳すると「稲妻の戦争」「電撃的な戦争」。

例文：
Germany used blitzkrieg tactics in the early stages of World War II.
ドイツは第二次世界大戦初期に電撃戦の戦術を用いた。

英語では比喩的に「猛烈な攻勢」「短期間の集中キャンペーン」という意味でも使う。
The company launched an advertising blitzkrieg.
その会社は猛烈な広告攻勢を開始した。

同じ語源・関連語：
blitz（ブリッツ）＝電撃攻撃、猛烈な集中攻撃
blitzed（ブリッツト）＝激しく攻撃された／口語では泥酔した
blitz campaign（ブリッツ・キャンペーン）＝短期間の集中キャンペーン
the Blitz（ザ・ブリッツ）＝第二次世界大戦中のドイツ軍によるイギリスへの大規模空襲

発音：/?bl?ts.kri??/「ブリッツクリーグ」に近い。
"
607,"#607  
〇〇 to Lotus Restaurant have nearly doubled the size of the seating area.

A. improved
B. improvement
C. improvements
D. improving
","答え：C. improvements

A. improved を選んでしまった。to を見落とした。

"
608,"#608  
Employees interested in 〇〇
","Employees interested in 〇〇

この interested は過去形ではありません。過去分詞が形容詞として使われています。

Employees interested in 〇〇
＝〇〇に興味を持っている従業員
＝Employees who are interested in 〇〇

つまり、who are が省略された形です。

interest は本来「人に興味を持たせる」という他動詞です。

〇〇 interests employees.
＝〇〇が従業員に興味を持たせる。

Employees are interested in 〇〇.
＝従業員は〇〇に興味を持っている。

このため、人の感情を表す側には interested を使います。

interested：興味を持っている
interesting：興味を起こさせる、面白い

例：
Employees interested in the position should contact the manager.
＝その職に興味がある従業員は、マネージャーに連絡してください。

The position is interesting.
＝その職は興味深い。

したがって、Employees interested in 〇〇 の interested は「過去形」ではなく、「興味を持っている」という状態を表す過去分詞形容詞です。
"
609,"#609  
be subject to ～
","be subject to ～

意味：

～の対象となる
～に従う、～を受ける
～次第である、～を条件とする
～になりやすい

subject はここでは形容詞で、「～の支配・影響を受ける」という意味です。to は前置詞なので、後ろには名詞・代名詞・動名詞が来ます。

例：
All cancellations are subject to a fee.
＝すべてのキャンセルには手数料がかかります。

The schedule is subject to change.
＝予定は変更される場合があります。

This offer is subject to approval.
＝この提案は承認を条件とします。

The area is subject to flooding.
＝その地域は洪水が起こりやすいです。

注意：
subject to の to は不定詞の to ではありません。

× subject to change the schedule
○ subject to a change
○ subject to changing conditions

語源：
subject はラテン語 subicere（スビケレ）「下に投げる、服従させる」に由来します。
sub-（サブ）＝下に
jacere（ヤケレ）＝投げる

同じ語源の英語：
object「反対する、物体」
project「計画、投影する」
reject「拒絶する」
inject「注入する」
eject「追い出す」
interject「口を挟む」
"
610,"#610  
provided that ～
","意味：
「～という条件で」「もし～ならば」

接続詞として使い、後ろには主語＋動詞が続きます。if よりも「条件」を強く示します。

例：
You may leave early provided that you finish your work.
＝仕事を終えるという条件で、早く帰ってもよい。

Provided that the weather is good, we will hold the event outside.
＝天気がよければ、その行事は屋外で行います。

provided that ＝ providing that
どちらもほぼ同じ意味です。

語源：
provide はラテン語 providere（プロウィデーレ）「前もって見る、備える」に由来します。
pro-（プロ）＝前に
videre（ウィデーレ）＝見る

「前もって条件を定めておく」という意味から、provided that が「～という条件で」という接続詞になりました。

同じ語源の英語：
vision＝視覚、展望
video＝映像
visible＝見える
evidence＝証拠
revise＝見直す、改訂する
supervise＝監督する

注意：
provide that より、通常は provided that または providing that を使います。
"
611,"#611  
Bone Tree Medical Group has moved to Cyber Avenue, two blocks 〇〇 the post office and the police station.

A. among
B. through
C. near
D. past
","答え：D. past

説明：
two blocks past ～ で「～を通り過ぎて2ブロック先」という意味になります。

two blocks past the post office and the police station
＝郵便局と警察署を通り過ぎて2ブロック先

A. among
「～の間に、～の中に」ですが、通常3つ以上のものに囲まれている場合に使います。two blocks among ～ とは言いません。

B. through
「～を通り抜けて」という意味ですが、建物や場所の内部を通過するニュアンスなので不適切です。

C. near
「～の近くに」ですが、two blocks near ～ という形にはできません。

D. past
「～を通り過ぎて」で、距離表現と相性がよく、
two blocks past ～
＝～を過ぎて2ブロック先
となるので正解です。

訳：
Bone Tree Medical GroupはCyber Avenueへ移転しました。郵便局と警察署を通り過ぎて2ブロック先です。
"
612,"#612  
whereas
","whereas（ウェアアズ）

意味：
「～である一方で」「～なのに対して」「ところが」

2つの事柄を対比するときに使う接続詞です。後ろには「主語＋動詞」が続きます。

例：
Domestic employees report high levels of satisfaction, whereas their counterparts abroad view their jobs less positively.
＝国内の従業員は高い満足度を示している一方、海外の従業員は自分たちの仕事をそれほど肯定的に見ていない。

while も「～である一方で」という対比に使えますが、whereas のほうが対比をはっきり示す傾向があります。

語源：
where + as からできた語です。
where（ウェア）＝どこで、～するところで
as（アズ）＝～のように、～である一方

中英語では「その一方で」「～であるのに対して」という意味で発達しました。

関連語：
where＝どこで
whereby＝それによって
wherein＝その中で、その点で
whereupon＝すると、その直後に
"
613,"#613  
allの後は、複数の可算名詞、everyの後は単数の可算名詞、これは正しいか。
","はい、基本的には正しいです。

all + 複数の可算名詞
例：all employees
＝すべての従業員

every + 単数の可算名詞
例：every employee
＝すべての従業員、一人一人の従業員

ただし、all は不可算名詞にも使えます。

all information
＝すべての情報

all the water
＝すべての水

まとめると、
all + 複数可算名詞 / 不可算名詞
every + 単数可算名詞

です。

× every employees
○ every employee

○ all employees
× all employee

また、every の後ろの名詞は単数なので、動詞も原則単数になります。

Every employee is required to attend.
＝すべての従業員は出席する必要があります。
"
614,"#614  
faculty
","faculty（ファカルティ）

意味：

（大学の）学部
（大学の）教員、教授陣
能力、才能

例：
the Faculty of Law
＝法学部

faculty members
＝大学の教員

the faculty of memory
＝記憶能力

語源：
ラテン語 facultas（ファクルタース）「能力、可能性、権限」に由来します。さらに facilis（ファキリス）「容易な、できる」に関係します。

同じ語源の英語：
facile＝容易な、安易な
facility＝設備、容易さ、能力
facilitate＝容易にする、促進する

注意：
「大学の教員」という意味の faculty は、特にアメリカ英語でよく使われます。
"
615,"#615  
as part ofとas a part ofの違い。
","as part of ＝ ～の一環として
as a part of ＝ ～の一部分として

と覚えると分かりやすいです。

TOEICでは、サービス・計画・プログラム・業務などについて「～の一環として」と言う場合、ほぼ as part of と考えてよいです。
"
616,"#616  
be subject to ～
","be subject to ～（ビー・サブジェクト・トゥ）

意味：
「～の対象となる」「～を受ける」「～に従う」「～次第である」

例：
All cancellations are subject to a fee.
＝すべてのキャンセルには手数料がかかります。

The schedule is subject to change.
＝予定は変更される場合があります。

This offer is subject to approval.
＝この提案は承認を条件とします。

文法：
subject はここでは形容詞です。
to は前置詞なので、後ろには名詞・動名詞が来ます。

○ subject to change
○ subject to approval
○ subject to being changed

語源：
subject はラテン語 subicere（スビケレ）「下に置く、服従させる」に由来します。
sub-（サブ）＝下に
jacere（ヤケレ）＝投げる、置く

同じ語源の英語：
object＝物体、反対する
project＝計画、投影する
reject＝拒絶する
inject＝注入する
eject＝追い出す
interject＝口を挟む
"
617,"#617  
Locating in proximity to the airport, the Tomikishi Hotel is an ideal choice for business travelers. このlocatingよりlocatedの方がいいか?
","はい。ここは locating ではなく located が正しいです。

Located in proximity to the airport, the Tomikishi Hotel is an ideal choice for business travelers.

意味：
「空港の近くに位置しているため、Tomikishi Hotelは出張者にとって理想的な選択です。」

★★★★★理由：
locate は「～を位置させる」という他動詞です。ホテル自身が何かを「位置させる」のではなく、「位置している」という受け身の状態なので、過去分詞 located を使います。

元の形は、
The Tomikishi Hotel is located in proximity to the airport.
＝Tomikishi Hotelは空港の近くに位置している。

これを分詞構文にすると、
Located in proximity to the airport, ...
となります。

一方、
Locating in proximity to the airport, ...
だと「ホテルが何かを空港の近くに配置しながら」というような不自然な意味になります。

したがって、
○ Located in proximity to the airport
× Locating in proximity to the airport

です。
"
618,"#618  
Please send all resumes to the Salminen Company by email, unless a human resources representative has requested 〇〇.

A. already
B. otherwise
C. nonetheless
D. furthermore
","答え：B. otherwise

説明：
otherwise はここでは「別の方法で」「そうでないように」という意味です。

unless a human resources representative has requested otherwise
＝「人事担当者が別の方法を指定していない限り」

文全体：
Please send all resumes to the Salminen Company by email, unless a human resources representative has requested otherwise.
＝人事担当者から別の指示がない限り、すべての履歴書をSalminen Companyへメールで送ってください。

A. already
「すでに」。requested already では意味が合いません。

B. otherwise
「別の方法で、そうでないように」。requested otherwise で「別の指示をする」という自然な表現になります。

C. nonetheless
「それにもかかわらず」。文意に合いません。

D. furthermore
「さらに、そのうえ」。これも文意に合いません。

ポイント：
request otherwise
＝「別のやり方を求める、別の指示をする」

otherwise は「別のやり方で」という意味で、前に述べた内容全体を受けています。
"
619,"#619  
The city council will meet tomorrow to field questions from residents concerning the new water tower. このfieldというのはどういう意味か?
","field（フィールド）

この文での field は動詞で、「質問を受けて答える」「質問に対応する」という意味です。

The city council will meet tomorrow to field questions from residents concerning the new water tower.
＝市議会は、新しい給水塔について住民からの質問に答えるため、明日会合を開きます。

field questions
＝質問を受ける、質問に答える
という決まり文句に近い表現です。

もともとの field は名詞で「野原、競技場」です。そこから、野球などで「ボールを処理する」という動詞の意味が生まれ、さらに「質問・苦情・電話などを受けて処理する」という意味に広がりました。

語源：
古英語 feld（フェルド）＝「野原、開けた土地」

同じ語源・関連語：
field＝野原、分野
fielder＝野手
fieldwork＝現地調査
battlefield＝戦場
"
620,"#620  
persist
","persist（パーシスト）

意味：動詞「固執する、粘り強く続ける、持続する」。

発音：/p?r?s?st/（パーシスト）

語源：ラテン語 persistere（ペルシステレ）「最後まで立ち続ける、やり通す」。
per-（ペル＝完全に、最後まで）＋ sistere（システレ＝立つ、立ち続ける）から来ています。
つまり「最後まで立ち続ける」→「粘り強く続ける」という意味になりました。

使い方：
persist in 〇〇
「〇〇をしつこく続ける、〇〇に固執する」

He persisted in asking questions.
彼は質問し続けた。

If the problem persists, contact us.
問題が続く場合は、当社に連絡してください。

She persisted despite many difficulties.
彼女は多くの困難にもかかわらず、やり続けた。

名詞：persistence（パーシステンス）＝粘り強さ、持続
形容詞：persistent（パーシステント）＝粘り強い、しつこい、持続する

同じ語源 sistere（システレ）を持つ英語：
assist（アシスト）＝助ける
insist（インシスト）＝強く主張する
resist（リジスト）＝抵抗する
consist（コンシスト）＝構成される
exist（イグジスト）＝存在する

特に、
persist in doing＝「?し続ける」
という形は重要です。
"
621,"#621  
before と　until
","before ＝ ある時点より前に起こる
until ＝ ある時点まで状態・動作が続く
"
622,"#622  
The cost of building Jupiter High Towers exceeded the contractor's original estimate by over 500 pounds.

 このbyはどういう意味か。
","この by は「?だけ」「?の差で」という、差額・差の大きさを表す by です。

The cost of building Jupiter High Towers exceeded the contractor's original estimate by over 500 pounds.
＝「Jupiter High Towers の建設費は、請負業者の当初の見積額を500ポンド以上上回った。」

exceed A by B
＝「AをBだけ上回る」

たとえば、
Sales exceeded expectations by 10%.
＝「売上は予想を10％上回った。」

The temperature rose by 5 degrees.
＝「気温が5度上昇した。」

この by は「どれくらい差があるか」を示しています。なお、元の文は The cost building より The cost of building が自然です。
"
623,"#623  
deliberate / deliberately
","deliberate / deliberately

deliberate
発音：/d??l?b?r?t/（形容詞）「ディリバレット」に近い

意味：

慎重に考えた、熟慮した
a deliberate decision
＝熟慮した決定
故意の、意図的な
a deliberate attempt
＝意図的な試み

動詞 deliberate は「熟考する、慎重に話し合う」という意味です。
The committee deliberated for several hours.
＝委員会は数時間にわたって慎重に審議した。

deliberately
発音：/d??l?b?r?tli/「ディリバレットリー」に近い

意味：

故意に、わざと
He deliberately ignored my question.
＝彼はわざと私の質問を無視した。
慎重に、よく考えて
She spoke slowly and deliberately.
＝彼女はゆっくり慎重に話した。

語源：
ラテン語 deliberare（デーリーベラーレ）「よく考える、熟考する」から来ています。
de-（デー）＋ libra（リーブラ）「天秤、はかり」が語源とされ、「天秤にかけて慎重に判断する」というイメージです。

同じ語源・関連語：
libra ＝ 天秤、ポンド
liberal ＝ 自由な、寛大な
liberate ＝ 解放する
deliberation ＝ 熟考、審議

特に覚えやすいのは、
deliberate ＝ 意図的な／慎重に考えた
deliberately ＝ わざと／慎重に
です。
"
624,"#624  
The city requirement that all buildings pass an inspection does not apply to historic landmarks.

このthatは関係代名詞か?
","いいえ、この that は関係代名詞ではなく、同格の that です。

The city requirement that all buildings pass an inspection does not apply to historic landmarks.

意味：
「すべての建物が検査に合格しなければならないという市の要件は、歴史的建造物には適用されない。」

ここでは、

the city requirement
＝ 市の要件

that all buildings pass an inspection
＝ すべての建物が検査に合格するという

となっていて、that以下が requirement の「内容」を説明しています。

つまり、
requirement ＝ that all buildings pass an inspection
という関係です。

関係代名詞 that との違いは、that以下の文が完全な文かどうかを見ると分かりやすいです。

all buildings pass an inspection
主語：all buildings
動詞：pass
目的語：an inspection

全部そろっているので完全な文です。したがって、このthatは関係代名詞ではありません。

関係代名詞なら、that以下に何か欠けます。

The building that we inspected was old.
＝私たちが検査した建物は古かった。

that we inspected の中では、
we inspected 〇〇
と目的語が欠けています。その欠けた目的語が先行詞 the building なので、こちらのthatは関係代名詞です。

今回のポイント：
the requirement that S + V
＝「SがVするという要件」

この形のthatは「同格のthat」です。
"
625,"#625  
同格のthatというのは初めて聞いたのだが、これは同格というのは何だ。関係代名詞でもない、接続詞でもない、名詞でもない。なんだ、名詞かこれ、that。
","「同格のthat」の that は、品詞としては接続詞です。名詞でも関係代名詞でもありません。

「同格」というのは品詞の名前ではなく、「前の名詞とthat節が同じ内容を表している関係」のことです。

たとえば、
the fact that he is honest
＝「彼が正直だという事実」

ここでは
the fact ＝ he is honest
という内容関係になっています。that は、その名詞 fact と後ろの文 he is honest をつなぐ接続詞です。

今回の文も同じです。

the requirement that all buildings pass an inspection
＝「すべての建物が検査に合格するという要件」

つまり、
requirement ＝ all buildings pass an inspection
です。

この that は「?という」という意味を作る接続詞です。

関係代名詞thatとの違いは重要です。

the requirement that all buildings pass an inspection
→ all buildings pass an inspection は完全な文
→ 接続詞that

the building that we inspected
→ we inspected 〇〇 で目的語が欠けている
→ 関係代名詞that

したがって、「同格のthat」という言い方は、正確には「同格の名詞節を導く接続詞that」と考えると分かりやすいです。
"
626,"#626  
consequential
","consequential

意味：

重大な、重要な
結果として生じる、結果に関係する

例：
a consequential decision
＝ 重大な決定

The policy had consequential effects on the economy.
＝ その政策は経済に重大な影響を及ぼした。

語源：
ラテン語 consequi（コンセクイー）「後について行く、結果として続く」に由来します。

con-（コン）＝ 一緒に
sequi（セクイー）＝ 後について行く

つまり、「後について生じるもの」→「結果」→「重大な結果をもたらす」という意味になりました。

同じ語源の英語：
consequence ＝ 結果、重大性
consequently ＝ その結果
consecutive ＝ 連続した
sequence ＝ 順序、連続
subsequent ＝ その後の
pursue ＝ 追求する

発音：
/?k?ns??kwen??l/
「コンスィクウェンシャル」に近いです。

なお、綴りは consiquential ではなく consequential です。
"
627,"#627  
within view of ～
","「within view of ～」
意味：～が見える範囲に
例：The house is within view of the ocean.
その家は海が見える場所にある。

「in view of ～」
意味：～を考慮して、～を踏まえて、～のために
例：In view of the weather, we canceled the trip.
天候を考慮して、旅行を中止した。

つまり、
within view of = 視界・距離の話
in view of = 「～を考慮して」という抽象的な意味
です。

語源：
within ← 古英語 withinnan（ウィズインナン）「内側に」
view ← ラテン語 videre（ウィデーレ）「見る」

同じ videre 系の英語：
vision「視覚、展望」
visible「見える」
visual「視覚の」
video「映像」
review「見直す、再検討する」
provide「供給する」※語源的には「前もって見る→備える」につながります。
"
628,"#628  
●● Director Miura gives his approval, we will submit the proposal tomorrow.

A. as far as
B. provided that
C. regardless of
D. in addition to
","答え：B. provided that

Provided that Director Miura gives his approval, we will submit the proposal tomorrow.
「三浦部長が承認してくれれば、私たちは明日その提案書を提出します。」

そこがポイントです。「as far as」を「?する限り」と訳せるので、日本語だけ見ると正しそうに見えます。ただし、この「?する限り」は「条件」の意味ではありません。

●● Director Miura gives his approval, we will submit the proposal tomorrow.

A. as far as
B. provided that
C. regardless of
D. in addition to

答え：B. provided that

provided that Director Miura gives his approval
＝「三浦部長が承認するという条件で」
＝「三浦部長が承認すれば」

一方、as far as の「?する限り」は、「?の範囲では」という意味です。

As far as I know, he is reliable.
＝「私が知っている限りでは、彼は信頼できる。」

As far as I can tell, there is no problem.
＝「私に分かる限りでは、問題はない。」

したがって、
As far as Director Miura gives his approval, ...
とすると、「三浦部長が承認する範囲では……」のようになり、英語として不自然です。

ここで混同しやすいのが「as long as」です。

As long as Director Miura gives his approval, we will submit the proposal tomorrow.
＝「三浦部長が承認する限り／承認してくれれば、明日提出します。」

これは自然です。

つまり、

as far as ～ ＝「～する範囲では」「～する限りでは」→ 範囲
as long as ～ ＝「～する限り」「～であるなら」→ 条件
provided that ～ ＝「～という条件で」「～なら」→ 条件

したがって、この問題で A が「as long as」だったならAも意味的にはかなり近くなります。しかし「as far as」なのでBが正解です。
"
629,"#629  
Until the office heating system 〇〇, employees are permitted to work from home.

A. will be fixed
B. is being fixed
C. has been fixed
D. had been fixed
","答え：C. has been fixed

意味：
「オフィスの暖房設備が修理されるまでは、従業員は在宅勤務をすることが認められています。」

ポイントは until です。until は「～するまで」という時を表す接続詞なので、未来のことを表していても、until節の中では原則として will を使いません。

× Until the system will be fixed
○ Until the system has been fixed

C の has been fixed は現在完了の受動態で、
has been fixed ＝「修理が完了した」
という意味です。

つまり、
Until the office heating system has been fixed
＝「暖房設備の修理が完了するまで」

A. will be fixed
未来形。until節の中なので不可。

"
630,"#630  
、until節そのものが「未来のある時点まで」という時間関係をすでに示しているからです。
","理由は、until節そのものが「未来のある時点まで」という時間関係をすでに示しているからです。

英語では、when / before / after / until / as soon as などの「時を表す副詞節」では、その節の出来事が未来でも、通常は現在形または現在完了形を使います。未来であることは主節や文脈から分かるので、節の中でさらに will を付けない、という仕組みです。

たとえば、

I will wait until he comes.
「彼が来るまで待ちます。」

he comes は形としては現在形ですが、意味は未来です。until が「彼が来るという未来の時点まで」を示しているためです。

× I will wait until he will come.
これは通常言いません。

今回の文も同じです。

Until the office heating system has been fixed, employees are permitted to work from home.

has been fixed は現在完了ですが、ここでは「修理が完了する未来の時点まで」という意味になります。

では、なぜ現在完了を使うのかというと、「修理する」という動作そのものではなく、「修理が完了した状態になること」を境目にしているからです。

until it is fixed
＝「修理されるまで」

until it has been fixed
＝「修理が完了するまで」

この2つはどちらも可能ですが、has been fixed のほうが「完了」を強く意識しています。

重要なのは、「untilだから未来形を禁止している」というより、「時を表す副詞節では、未来を現在形で表す」という英語の文法規則だと考えることです。

ちなみに will が絶対に until の後に来ないわけではありません。will が「未来」ではなく「意思」を表す場合には使えることがあります。

I will wait until you will listen to me.
のような形は非常に特殊ですが、will が「聞こうとする意思」を表す場合には理論上可能です。

TOEICでは基本的に、
until + 現在形 / 現在完了形
主節 + will などの未来表現
と覚えておけばよいです。
"
631,"#631  
英語では、when / before / after / until / as soon as などの「時を表す副詞節」では、その節の出来事が未来でも、通常は現在形または現在完了形を使います。未来であることは主節や文脈から分かるので、節の中でさらに will を付けない、という仕組みです。 たとえば、これの例を書け。
","たとえば、次のようになります。すべて「未来のこと」ですが、時を表す副詞節の中では will を使っていません。

when
I will call you when I arrive at the station.
「駅に着いたら、あなたに電話します。」
× when I will arrive
○ when I arrive

before
Please finish the report before you leave the office.
「会社を出る前に、その報告書を終えてください。」
× before you will leave
○ before you leave

after
We will start the meeting after Mr. Smith arrives.
「スミスさんが到着した後、会議を始めます。」
× after Mr. Smith will arrive
○ after Mr. Smith arrives

until
I will stay here until the rain stops.
「雨がやむまで、ここにいます。」
× until the rain will stop
○ until the rain stops

as soon as
I will let you know as soon as I receive the results.
「結果を受け取り次第、知らせます。」
× as soon as I will receive
○ as soon as I receive

現在完了を使う例もあります。

I will leave after I have finished this work.
「この仕事を終えたら、帰ります。」

We will reopen the office as soon as the repairs have been completed.
「修理が完了し次第、オフィスを再開します。」

ここでも have finished / have been completed は形は現在完了ですが、意味としては未来の完了を表しています。

要するに、
主節：will などで未来を表す
時の副詞節：現在形または現在完了形で未来を表す
という形です。
"
632,"#632  
〇〇 significant growth in the robotics industry in the next decade.

A. think
B. predict
","答え：B. predict

predict significant growth ＝「大幅な成長を予測する」です。

think は普通、「?と思う」の後に that節を取ります。
× think significant growth
○ think that there will be significant growth

predict は目的語として名詞を直接取れます。
○ predict significant growth
「大幅な成長を予測する」

predict
意味：予測する、予言する
語源：ラテン語 praedicere（プラエディーケレ）「前もって言う」
pre-（前に）＋ dicere（ディーケレ：言う）

同じ語源 dicere を持つ英語：
dictate「口述する、命令する」
dictionary「辞書」
contradict「反論する」
indicate「示す」
verdict「評決」
"
633,"#633  
Life Statusポイント1,500
","in addition to の後ろには、名詞または動名詞（-ing）が来ます。動詞の原形は置けません。

in addition to + 名詞
例：In addition to English, he speaks French.
「英語に加えて、彼はフランス語も話す。」

in addition to + 動名詞
例：In addition to studying English, he studies French.
「英語を勉強することに加えて、彼はフランス語も勉強している。」

× in addition to study English
これは不可です。

理由は、この to が不定詞の to ではなく「前置詞」だからです。前置詞の後ろには名詞相当のものが必要なので、動詞を置くなら -ing 形にします。

同じタイプ：
look forward to doing
be used to doing
object to doing
be accustomed to doing

これらも to は前置詞なので、後ろは動名詞です。
"
634,"#634  
untilを前置詞として使う場合の例を挙げよ。
","until を前置詞として使う場合は、後ろに名詞・名詞句が来ます。

I worked until midnight.
「私は真夜中まで働いた。」

The shop is open until 8 p.m.
「その店は午後8時まで開いている。」
"
635,"#635  
As far as director gives his proposal, we will submit the proposal tomorrow. この文章はどうだ、正しいか。
","少し不自然で、基本的には正しくありません。

As far as director gives his proposal, we will submit the proposal tomorrow.

問題は主に2つあります。

as far as は「?する限り」という条件には普通使いません。
条件の「?する限り」は as long as を使います。
director には冠詞が必要です。
the director とするのが自然です。

自然な形は、

As long as the director gives us his proposal, we will submit the proposal tomorrow.
「部長が私たちに提案書を渡してくれる限り、私たちは明日その提案書を提出します。」

ただし、意味としては「部長が提案書をくれれば」という条件なので、さらに自然なのは、

If the director gives us his proposal, we will submit it tomorrow.
「部長が提案書をくれれば、明日それを提出します。」

as far as は例えば、

As far as I know, he is still in Tokyo.
「私の知る限り、彼はまだ東京にいる。」

のように、「知識・判断・範囲の限界」を表すときに使います。

つまり、
as far as = 「?する範囲では、?する限りでは」
as long as = 「?である限り、?さえすれば」

です。

音声チャットを終了しました
"
636,"#636  
As far as I know, he is still in Tokyo. これができるのになぜ、ディレクターが提案書を渡してくる限り、云々って、ここでas far asは使えないんだ。
","理由は、as far as が表す「限り」は、条件の限りではなく「範囲の限界」だからです。

As far as I know, he is still in Tokyo.
は、
「私が知っている範囲では、彼はまだ東京にいる」
という意味です。

ここで far は本来「遠くまで」という意味で、
as far as I know
＝「私の知識が及ぶところまで」
＝「私の知る限り」
となっています。

一方、
「ディレクターが提案書を渡してくれる限り、明日提出する」
の「限り」は、
「それを条件として」
「それさえ満たされれば」
という意味です。

これは as long as の領域です。

As long as the director gives us his proposal, we will submit it tomorrow.
＝「ディレクターが提案書を渡してくれるのであれば、明日提出する」

つまり日本語では両方とも「～する限り」と訳せるので紛らわしいのですが、

as far as ＝ 範囲
as long as ＝ 条件

と考えると分かりやすいです。

As far as I can see, there is no problem.
「私に見える範囲では、問題はない。」

As far as I remember, he never worked here.
「私の記憶の範囲では、彼はここで働いたことがない。」

As long as you agree, we can proceed.
「あなたが同意する限り（＝同意してくれれば）、進められる。」

したがって、

× As far as the director gives us his proposal, ...

だと、「ディレクターが提案書を渡す範囲まで」という妙な意味になってしまいます。

覚え方としては、
as far as = 「どこまで？」
as long as = 「どんな条件なら？」
です。
"
637,"#637  
consequential
","consequential（コンシクエンシャル）は、主に「重大な」「重要な結果をもたらす」という意味です。

たとえば、
a consequential decision
＝「重大な決定」「大きな結果をもたらす決定」

ただし、「それに続く」という意味では普通使いません。

consequence（コンシクエンス）は「結果、成り行き」で、語源はラテン語 consequi（コンセクィー）「後について行く、結果として生じる」です。
con-（コン）＝「一緒に」
sequi（セクィー）＝「従う、後について行く」

なので、語源的には確かに「後に続く」という感覚があります。しかし現代英語の consequential は、
「結果として起こる」→「結果に関係する」→「重要な結果をもたらす」→「重大な」
という方向に意味が発達しました。

「それに続く、後続の」と言いたいなら、普通は
subsequent＝その後の
following＝次の、後に続く
successive＝連続する
を使います。

同じ sequi「従う、後について行く」系の語：
consequence＝結果
consequent＝結果として生じる
subsequent＝その後の
sequence＝連続、順序
sequel＝続編
pursue＝追う、追求する

特に consequential と consequent は区別するとよいです。

consequent＝「結果として生じる」
consequential＝「重大な、重要な結果をもたらす」

例：
the consequent damage
＝「その結果生じた損害」

a consequential change
＝「重大な変化」
"
638,"#638  
reinvent
","reinvent（リーインヴェント）

意味：
「再発明する」「新しく作り直す」「刷新する」「自分自身を新しく変える」

例：
The company reinvented its business model.
「その会社はビジネスモデルを刷新した。」

She reinvented herself as a writer.
「彼女は作家として自分を新しく生まれ変わらせた。」

reinvent the wheel
「車輪を再発明する」→「すでにあるものを、わざわざ一から作り直す」

語源：
re-（リー）＝「再び」
invent（インヴェント）＝「発明する」

invent はラテン語 invenire（インウェニーレ）「見つける、出会う」が語源です。
in-（イン）＝「中へ」
venire（ウェニーレ）＝「来る」

したがって reinvent は文字通りには「もう一度発明する」です。

同じ語源の英語：
invent＝発明する
invention＝発明
inventor＝発明家
inventive＝創意工夫に富む
advent＝到来
convene＝集まる
intervene＝介入する
prevent＝防ぐ
"
639,"#639  
need to have + 過去分詞
","文法のポイントは、
need to have + 過去分詞
＝「～している必要がある」「～した実績が必要である」
です。

have hosted は現在完了です。
host = 主催する
have hosted = 主催したことがある／主催している

at least two = 少なくとも2つ、2回以上
training events = 研修会、研修イベント
this year = 今年

たとえば応募条件として、
Applicants need to have hosted at least two training events this year.
なら、
「応募者は今年、少なくとも2回の研修会を主催している必要がある。」
という意味です。

単なる
need to host
だと「これから主催する必要がある」、
need to have hosted
だと「すでに主催した実績が必要」という違いがあります。

音声チャットを終了しました
"
