ID,問題,答え
1,"DJ-FEsec
メッセージ認証符号とは 
","MAC　Message Authentication Code
"
2,"DJ-FEsec

コンピュータやネットワークのセキュリティ上の脆弱性を発見するために,システムを実際 に攻撃して侵入を試みる手法はどれか。

　ア　ウォークスルー

　イ　ソフトウェアインスペクション

　ウ　ペネトレーションテスト

　エ　リグレッションテスト
","【正解】　ペネトレーションテスト

ア　“ウォークスルー”　ウォークスルーは、開発者が主体となりエラーの早期発見を目的としてプログラムのステップごとにシミュレーションを行いながら確認をしていくレビュー手法です。

イ　“ソフトウェアインスペクション”　ソフトウェアインスペクションは、ソフトウェアを実際に動かすことなく、 仕様書やプ ログラムを人間の目で見て検証するレビュー手法です。

ウ　“ペネトレーションテスト”　正しい。

エ　“リグレッションテスト”　リグレッションテストは、 退行テスト/回帰テストとも呼ばれ、システムに変更作業を 実施した場合に、それによって以前まで正常に機能していた部分に不具合や影響が出て いないかを検証するテストです。
"
3,"DJ-FEsec

リバースブルートフォース攻撃に該当するものはどれか。

ア　攻撃者が何らかの方法で事前に入手した利用者IDとパスワードの組みのリストを使用して, ログインを試行する。

イ　パスワードを一つ選び,利用者IDとして次々に文字列を用意して総当たりにログイ　ンを試行する。

ウ　利用者ID, 及びその利用者IDと同一の文字列であるパスワードの組みを次々に生成してログインを試行する。

エ　利用者IDを一つ選び, パスワードとして次々に文字列を用意して総当たりにログイ　ンを試行する。
","【正解】　イ
“あなたの解答:ウ”

リバースブルートフォース攻撃は、 ブルートフォース攻撃が攻撃対象IDを固定してパスワー ドを総当たりで試すのとは逆に、パスワードを1つに固定し、利用者IDを総当りで試してい くことで不正ログインを試みるパスワードクラック手法です。設定できるパスワード種が (数字4桁などのように)非常に少ないシステムに対しては、 通常のブルートフォースよりも 効率的に認証を突破できます。 よく使用される安易なパスワード (1234qwer admin な ど)を使用していると、この攻撃の被害を受けやすくなります。 また、 様々な利用者IDを 次々と試すので、一般的なアカウントロックの仕組みでは防御しにくいという性質を持ちま
す。
"
4,"DJ-FEsec

ステガノグラフィはどれか。

ア　画像などのデータの中に, 秘密にしたい情報を他者に気付かれることなく埋め込む。

イ　検索エンジンの巡回ロボットにWebページの閲覧者とは異なる内容を応答し,該当 Webページの検索順位が上位に来るようにする。

ウ　検査対象の製品に、問題を引き起こしそうなJPEG画像などのテストデータを送信し 読み込ませて, 製品の応答や挙動から脆弱性を検出する。

エ　コンピュータには認識できないほどゆがんだ文字を画像として表示し,利用者に文字 を認識させて入力させることによって,利用者が人であることを確認する。
","【正解】　ア

ステガノグラフィ (Steganography) とは、 音声や画像などのデータの中に、 別のデータ(多 くの場合、文字列データ)を秘密裏に埋め込む技術や考え方のことです。デジタルデータの 世界では著作物に著作者名や利用者の情報などを埋め込む「電子透かし技術」として応用されています。

ア　正しい。ステガノグラフィの説明です。

イ　クローキングの説明です。

ウ　“検査対象の製品に,問題を引き起こしそうなJPEG画像などのテストデータを送信し読み込ませ 製品の応答や挙

エ　CAPTCHA
"
5,"DJ-FEsec

ファジングはどれ？

ア　“サーバにFINパケットを送信し,サーバからの応答を観測して,稼働しているサービスを見つけ 出す。 ”

イ　“サーバのOSやアプリケーションソフトウェアが生成したログやコマンド履歴などを解析して, ファイルサーバに保存されているファイルの改ざんを検知する。

ウ　“ソフトウェアに,問題を引き起こしそうな多様なデータを入力し,挙動を監視して,脆弱性を 見つけ出す。”

エ　“ネットワーク上を流れるパケットを収集し,そのプロトコルヘッダーやペイロードを解析し て,あらかじめ登録された攻撃パターンと一致した場合は不正アクセスと判断する。'

","【正解】　ウ

ア　ポートスキャンの説明です。

イ　ログ分析の説明です。

ウ　正しい。 ファジングの説明です。

エ　パターンマッチングの説明です。
"
6,"DJ-FEsec

手順に示す電子メールの送受信によって得られるセキュリティ上の効果はどれか。

[手順]
(1) 送信者は,電子メールの本文を共通鍵暗号方式で暗号化し (暗号文), その共通鍵を受信者の公開鍵を用いて公開鍵暗号方式で暗号化する (共通鍵の暗号化データ)。

(2) 送信者は, 暗号文と共通鍵の暗号化データを電子メールで送信する。

(3)受信者は,受信した電子メールから取り出した共通鍵の暗号化データを,自分の秘密鍵 を用いて公開鍵暗号方式で復号し、 得た共通鍵で暗号文を復号する。

ア　送信者による電子メールの送達確認

イ　送信者のなりすましの検出

ウ　電子メールの本文の改ざんの有無の検出

エ　電子メールの本文の内容の漏えいの防止

","【正解】　エ
“あなたの解答:ウ”

設問の手順は、S/MIMEで採用されているハイブリッド暗号方式の流れです。
ハイブリッド暗号方式は、 共通鍵暗号方式と公開鍵暗号方式を組み合わせて暗号化通信を行 う仕組みです。 共通鍵暗号方式は、鍵を通信相手に渡す際に安全性を確保する必要があり、 手間がかかる一方で、暗号化・復号が高速に行えます。一方、公開鍵暗号方式は鍵の配送が 容易ですが、暗号化と復号に多くの計算リソースが必要です。ハイブリッド暗号方式では、 共通鍵を公開鍵暗号方式を用いて安全に相手に配送し、その共通鍵を使って通信内容を暗号 化・復号することで、 安全性と効率性を両立しています。

ア　送達確認を行う仕組みはありません。

イ　送信者のなりすまし検知にはデジタル署名が必要です。 設問の手順は暗号化通信を行うものなので、送信者の認証を行うことはできません。

ウ　　デジタル署名が付加されているわけではないので、改ざんの有無は検知できません。

エ　正しい。本文は共通鍵により暗号化され、復号に使用する共通鍵も公開鍵により暗号化 されています。 暗号化された本文を復号するには共通鍵が必要ですし、 共通鍵を入手す るには受信者の秘密鍵が必要です。このため、 もし盗聴されても通信内容が漏えいする ことはありません。
"
7,"DJ-FEsec

バイオメトリクス認証システムの判定しきい値を変化させるとき, FRR(本人拒否率)と FAR (他人受入率)との関係はどれか。

ア　FRRとFARは独立している。

イ　FRRを減少させると,FARは減少する。

ウ　FRRを減少させると, FARは増大する。

エ　FRRを増大させると, FARは増大する。


","【正解】　ウ　“あなたの解答:ア”

バイオメトリクス認証は、指紋,虹彩,顔など人間の身体的な特徴や行動の特性など個人に 固有の情報を用いて本人の認証を行う方式です。

一般にバイオメトリクス認証システムの精度は、本人拒否率(False Rejection Rate:FRR) と他人受入率(False Acceptance Rate:FAR)の組合せで評価されます。本人拒否率とは、 本人であるにもかかわらず本人ではないと判断されてしまう確率、 他人受入率とは、他人で あるにもかかわらず本人であると誤認してしまう確率です。

本人拒否率と他人受け入れ率は トレードオフの関係にあり、一方を減少させると他方は増大することになります。通常は十 分なセキュリティを確保するため本人拒否率よりも他人受入率が十分に低くなるように設定 されています。

ア　“FRRとFARは独立している。FRRとFARの関係はトレードオフです。
イ“FRRを減少させると,FARは減少する。” FRRを減少させると, FARは増大します。
ウ　“FRRを減少させると, FARは増大する。” 正しい。
エ　“FRRを増大させると,FARは増大する。"" FRRを増大させると, FARは減少します。

"
8,"DJ-FEsec

図のような構成と通信サービスのシステムにおいて, Webアプリケーションの脆弱性対策の ためのWAFの設置場所として,最も適切な箇所はどこか。ここで,WAFには通信を暗号化 したり,復号したりする機能はないものとする。

インターネット
　HTTPS a
ファイアウォール
　HTTPS b
SSLアクセラレータ
　HTTP c
Webサーバ
　データベースアクセス用サービス d
データベースサーバ

","【正解】　ウ
“あなたの解答:イ”　← SSLアクセラレータで復号しているのよ。よく考えればここで暗号化するわけない！

WAF(Web Application Firewall)は、通過するパケットのIPアドレスやポート番号だけでな くペイロード部(データ部分)をチェックすることで、Webアプリケーションに対するこれら の攻撃を検知し、遮断することが可能なファイアウォールです。

WAFは、""シグネチャ(パターン)マッチング""や""HTTPヘッダーの検証""などによって不正な パケットを検知しますが、HTTPS通信が行われている経路上のパケットは暗号化されてお りペイロード部分を見ることができないため、これらの検知手法が使えません。つまり、H TTPSで通信が行われている「a」と「b」は設置場所として不適切です。
そして、WAFによる不正アクセスの検知・遮断は、Webアプリケーションによって処理が 実行される前に行われる必要があるので「d」は不適切です。

したがって適切な設置場所は「c」しかありません。

SSLアクセラレータ
SSL/TLS通信におけるパケットの暗号化と復号を高速に行う専用の機器。 Webサーバの 処理負荷を軽減する目的で設置される。
"
9,"DJ-FEsec

PCのコンピュータウイルスに関する記述のうち,適切なものはどれか。

ア　ウイルスの潜伏しているプログラムファイルがコンピュータ内に存在している場合で あっても,コンピュータ利用者が意図的にファイルを起動しない限りほかのシステム に伝染しない。

イ　ウイルスは,主記憶装置を物理的に破壊したり,コンピュータ利用者の意図しない動 作を引き起こしたりする。
ウ　ウイルスを検出・駆除するためのエンジンや定義ファイルなどが、最新のものに更新 されているコンピュータでは感染しない。

エ　駆除作業では,ウイルスに感染していないOS起動ディスクを使用することによっ て,ブートセクタからの伝染を回避することができる。
","【正解】　エ　　← ハードウェアの物理的な破壊は行いません。 
“あなたの解答:イ”　

解説
ア　ウィルスの中にはワームのように自分でネットワークに接続して増殖するようにプログ ラムされているものもあります。

イ　ハードウェアの物理的な破壊は行いません。 不正なプログラムによって論理的な破壊活 動を行います。

ウ　感染のリスクが低くはなりますが、 未知のウィルスに感染するリスクなどがあるため感 染確率をゼロにすることはできません。

エ　正しい。
"
10,"DJ-FEsec

リスクアセスメントの4段階
","はい、リスクアセスメントの4段階は一般的に「特定」「分析」「評価」「対応」と呼ばれています。内容は以下の通りです。

特定
　- 対象となるリスクや危険性を洗い出して認識します。関係者からのヒアリングや過去の事例などを活用し、多くのリスクを漏れなく特定します。

分析
　- 特定したリスクの発生頻度や発生確率、影響範囲や影響度を数値化や分類で分析します。リスクマトリクスやスコアリングで視覚化し、リスクの優先度を整理します。

評価
　- 分析結果をもとに、許容可能なリスクか対応が必要なリスクかを判断し、優先順位をつけます。関係者と共有し、対策の方向性を決定します。

対応
　- 「回避」「軽減」「移転」「容認」などの方法でリスクへの具体的な対応策を検討し、実行します。
"
11,"DJ-FEsec

リスクアセスメントに関する記述のうち,適切なものはどれか。

ア　以前に洗い出された全てのリスクへの対応が完了する前にリスクアセスメントを実施することは避ける。

イ　将来の損失を防ぐことがリスクアセスメントの目的なので,過去のリスクアセスメン トで利用されたデータを参照することは避ける。

ウ　損失額と発生確率の予測に基づくリスクの大きさに従うなどの方法で,対応の優先順位を付ける。

エ　リスクアセスメントはリスクが顕在化してから実施し、損失額に応じて対応の予算を 決定する。
","【正解】　ウ

発見されたリスクのすべてに対策を行うことは現実的ではないので、通常はリスクに優先順 位をつけて対応を行います。 リスクが顕在化した場合の損害額と、そのリスクが発生する確 率を勘案して優先度の根拠となるリスクレベルの決定を行うのがリスク分析です。

ア　リスクアセスメントは組織内のリスクに変化が生じたときや、定期的に実施します。

イ　過去のデータが蓄積されている場合には、それを活用することで有効なリスクアセスメ ントにすることができます。

ウ　正しい。

エ　リスクアセスメントは組織に潜在しているリスクを把握し、リスクを最適化するために 実施されます。
"
12,"DJ-FEsec

JIS Q 27000:2014(情報セキュリティマネジメントシステム-用語)における""リスクレベ ル""の定義はどれか。

ア　脅威によって付け込まれる可能性のある,資産又は管理策の弱点

イ　結果とその起こりやすさの組合せとして表現される,リスクの大きさ

ウ　対応すべきリスクに付与する優先順位

エ　リスクの重大性を評価するために目安とする条件
","【正解】　イ

ア　脆弱性の定義です。

イ　正しい。 リスクレベルの定義です。 リスクごとのリスクレベルは、リスク分析で決定さ れます。

ウ　この記述に対応する定義はありません。

エ　リスク基準の定義です。
"
13,"DJ-FEsec
楕円曲線暗号の例
","ECDSA（Elliptic Curve Digital Signature Algorithm）
　楕円曲線上の離散対数問題の難しさを利用するデジタル署名方式です。ビットコインやイーサリアムなど多くの暗号資産で採用されており、小さい鍵サイズで高いセキュリティを実現しています。

ECDH（Elliptic Curve Diffie-Hellman）
　楕円曲線を使った鍵交換プロトコルで、安全に共通鍵を生成するために使われます。従来のDH鍵交換よりも効率的で軽量です。
"
14,"DJ-FEsec
名前を答えよ。

JPCERT/CCの説明はどれか。

ア　“産業標準化法に基づいて経済産業省に設置されている審議会であり、 産業標準化全般に関する調査・審議を行っている。

イ　“電子政府推奨暗号の安全性を評価・監視し,暗号技術の適切な実装法・運用法を調査・検討す
るプロジェクトであり,総務省及び経済産業省が共同で運営する暗号技術検討会などで構成され る。

ウ　“特定の政府機関や企業から独立した組織であり,国内のコンピュータセキュリティインシデン トに関する報告の受付、 対応の支援, 発生状況の把握、 手口の分析, 再発防止策の検討や助言を 行っている。

エ　“内閣官房に設置され、 我が国をサイバー攻撃から防衛するための司令塔機能を担う組織であ
る。”
","【正解】　ウ

ア　日本産業標準調査会 (JISC) の説明です。

イ　CRYPTRECの説明です。

ウ　JPCERT/CCの説明です。

エ　国家サイバー統括室 (NCO)の説明です。
"
15,"DJ-FEsec
名前は？

攻撃対象のサービスを妨害するために, 攻撃者がDNSサーバを踏み台に利用して再帰的な問合せを大量に行う。
","DNSリフレクション攻撃
"
16,"DJ-FEsec

不正が発生する際には ""不正のトライアングル""の3要素全てが存在すると考えられている。""不正のトライアングル""の構成要素の説明として、 適切なものはどれか。

ア　""機会""とは,情報システムなどの技術や物理的な環境,組織のルールなど,内部者による不正行為の実行を可能又は容易にする環境の存在である。

イ　""情報と伝達"" とは,必要な情報が識別, 把握及び処理され, 組織内外及び関係者相互 に正しく伝えられるようにすることである。

ウ　""正当化”とは, ノルマによるプレッシャなどのことである。

エ　""動機""とは,良心のかしゃくを乗り越える都合の良い解釈や他人への責任転嫁など, 内部者が不正行為を自ら納得させるための自分勝手な理由付けである。
","間違えた。

ア　正しい。

ウ　""正当化”とは、内部者が不正行為を自ら納得させるための自分勝手な理由付けです。

"
17,"DJ-FEsec

パスワードに使用できる文字の種類の数をM, パスワードの文字数をnとするとき,設定できるパスワードの理論的な総数を求める数式は。
","Mのｎ乗　← 考えてみれば単純
"
18,"DJ-FEsec

WAFの説明はどれか。

ア　Webアプリケーションへの攻撃を検知し, 阻止する。

イ　Webブラウザの通信内容を改ざんする攻撃をPC内で監視し, 検出する。

ウ　サーバのOSへの不正なログインを監視する。

エ　ファイルへのマルウェア感染を監視し, 検出する。
","【正解】　ア
“あなたの解答:エ”

ア　“Webアプリケーションへの攻撃を検知し,阻止する。
正しい。WAFの説明です。

イ　“Webブラウザの通信内容を改ざんする攻撃をPC内で監視し, 検出する。”
SSL/TLSの機能です。WAFはWebサーバの前段に設置されます。

ウ　“サーバのOSへの不正なログインを監視する。
HIDS(ホスト型IDS) の説明です。

エ　“ファイルへのマルウェア感染を監視し, 検出する。
ウイルス対策ソフトの説明です。
"
19,"DJ-FEsec

マルウェアについて, トロイの木馬とワームを比較したとき, ワームの特徴はどれか。

ア　勝手にファイルを暗号化して正常に読めなくする。

イ　単独のプログラムとして不正な動作を行う。

ウ　特定の条件になるまで活動をせずに待機する。

エ　ネットワークやリムーバブルメディアを媒介として自ら感染を広げる。
","【正解】　エ
“あなたの解答:イ”
解說

ネットワークを介して他のコンピュータに感染を広げるのがワームがもつ顕著な特徴です。 したがって「エ」が適切です。

ア“勝手にファイルを暗号化して正常に読めなくする。
ランサムウェアの特徴です。

イ“単独のプログラムとして不正な動作を行う。　← 「自己の複製」とは書いてない
どちらのマルウェアも単独で動作可能です。

ウ　“特定の条件になるまで活動をせずに待機する。”
トロイの木馬の特徴です。

エ　“ネットワークやリムーバブルメディアを媒介として自ら感染を広げる。”
正しい。 ワームの特徴です。
"
20,"DJ-FEsec
何という？

ア　“IT製品やITを活用して地球環境への負荷を低減する

エ　“ネットワーク上のコンピュータに侵入する準備として、侵
入対象の弱点を探るために組織や所属する従業員などの情報を収集すること”

","ア　グリーンITの説明です。

エ　フットプリンティングの説明です。
"
21,"DJ-FEsec

ISMS適合性評価制度の説明はどれか。

ア　ISO/IEC 15408に基づき, IT関連製品のセキュリティ機能の適切性・確実性を評価する。

イ　JIS Q 15001に基づき, 個人情報について適切な保護措置を講じる体制を整備してい る事業者などを認定する。

ウ　JIS Q 27001に基づき,組織が構築した情報セキュリティマネジメントシステムの適 合性を評価する。

エ　電子政府推奨暗号リストに基づき,暗号モジュールが適切に保護されていることを認証する。
","【正解】　ウ　
“あなたの解答:工”

ア　ITセキュリティ評価及び認証制度 (JISEC)の説明です。

イ　プライバシーマーク制度の説明です。

ウ　正しい。 ISMS適合性評価制度の説明です。

工　暗号モジュール試験及び認証制度 (JCMVP)の説明です。
"
22,"DJ-FEsec

システム障害の監視対象に関する記述のうち、最も適切なものはどれか。

ア　監視ソフトウェアで監視できない項目は,すべて人間が監視する必要がある。

イ　監視ソフトウェアは, システムコンソールに表示されるメッセージを監視している。

ウ　システムオペレーターは,業務処理の遅延もシステム障害の原因となりうるので,監 視の対象とする。

エ　システムオペレーターは、障害が発生する可能性のあるすべての対象を常時監視する。
","【正解】　ウ　
“あなたの解答:工”

ア　すべてを人間が行うのは現実的に困難なので、 監視が必要な項目についてだけは人間が 監視を行います。

イ　監視ソフトウェアは、ハードディスク障害やメモリエラー、トラフィック障害などのよ うにシステム障害に繋がる事象が発生しているかをモニタリングします。

ウ　正しい。

エ　人間がすべての項目を常時監視するのは困難です。
"
23,"DJ-FEsec

JIS Q 31000:2019(リスクマネジメント-指針)におけるリスクアセスメントを構成するプロセスの組合せはどれか。

ア　リスク特定, リスク評価, リスク受容 

イ　リスク特定, リスク分析, リスク評価 

ウ　リスク分析,リスク対応, リスク受容 

エ　リスク分析, リスク評価, リスク対応

","【正解】　イ

リスクマネジメントの指針を示した規格であるJIS Q 31000では、 リスクアセスメントを
　リスク特定
　リスク分析
　リスク評価
を網羅するプロセス全体を指す」と定義しています。

したがって、正しい組合せは「リスク特定, リスク分析, リスク評価」の3つです。

リスク特定
組織の目的の達成を助ける又は妨害する可能性のあるリスクを発見し、 認識し、 記述する

リスク分析
必要に応じてリスクのレベルを含め, リスクの性質及び特徴を理解する

リスク評価
リスク分析の結果と確立されたリスク基準との比較をし,追加する行為の決定を裏付ける
"
24,"DJ-FEsec

1台のファイアウォールによって, 外部セグメント, DMZ, 内部セグメントの三つのセグメ ントに分割されたネットワークがあり、このネットワークにおいて, Webサーバと, 重要な データをもつデータベースサーバから成るシステムを使って、 利用者向けのWebサービスを インターネットに公開する。 インターネットからの不正アクセスから重要なデータを保護す るためのサーバの設置方法のうち、最も適切なものはどれか。 

ここで, Webサーバでは,デ -タベースサーバのフロントエンド処理を行い, ファイアウォールでは,外部セグメントと DMZとの間、及びDMZと内部セグメントとの間の通信は特定のプロトコルだけを許可し, 外部セグメントと内部セグメントとの間の直接の通信は許可しないものとする。

ア　WebサーバとデータベースサーバをDMZに設置する。

イ　Webサーバとデータベースサーバを内部セグメントに設置する。

ウ　WebサーバをDMZに, データベースサーバを内部セグメントに設置する。

エ　Webサーバを外部セグメントに, データベースサーバをDMZに設置する。
","【正解】　ウ　
“あなたの解答:イ”

DMZ(DeMilitarized Zone,非武装地帯)は、Webサーバ・メールサーバ・プロキシサーバな どのように外部セグメント(インターネット)からアクセスされる可能性のある情報資源を設 置するための、 外部でも内部でもない中間的な位置に存在するセグメントです。 インターネ ットと内部セグメントおよびDMZは、ルータやファイアウォールで隔てられています。

外部からのアクセスを受け付ける公開サーバを内部セグメントに設置すると、攻撃を受けた 際の被害が内部セグメントの他のサーバに波及する恐れがあります。 Webサーバは外部セグ メントからのアクセスを受け付けるので、 被害発生時の影響範囲を最小限に抑えるためにD MZに設置すべきです。

一方、利用者向けのサービスに係るデータベースサーバへのアクセ スは全てWebサーバを介して行われるため、 データベースサーバには外部セグメントから直 接アクセスさせる必要はありません。このため内部セグメントに設置します。
"
25,"DJ-FEsec

メッセージにRSA方式のデジタル署名を付与して2者間で送受信する。 そのときのデジタル 署名の検証鍵と使用方法はどれか。

ア　受信者の公開鍵であり,送信者がメッセージダイジェストからデジタル署名を作成する際に使用する。

イ　受信者の秘密鍵であり、受信者がデジタル署名からメッセージダイジェストを算出す る際に使用する。

ウ　送信者の公開鍵であり, 受信者がデジタル署名からメッセージダイジェストを算出す る際に使用する。

エ　送信者の秘密鍵であり、 送信者がメッセージダイジェストからデジタル署名を作成す る際に使用する。
","【正解】　ウ　← これってパターンがいっぱいあって混乱する。慎重に読む。
“あなたの解答:ア”

デジタル署名の生成と検証の手順は次のとおりです。
1. 送信者は、送信するメッセージのハッシュ値(メッセージダイジェスト)を生成し、そ
れに送信者の秘密鍵で署名して、署名データを作成する

2. 送信者は、署名データをメッセージに付加して送信する

3.受信者は、署名データ付きのメッセージを受信する

4. 受信者は、受信したメッセージのハッシュ値と送信者の公開鍵を使用して、署名データ を検証する

5. 検証は、送信されたメッセージと受信したメッセージが同じであり、鍵ペアが正しい場 合に限り成功する。これにより、通信内容が改ざんされていないことと送信者の正当性 が確認できる
"
26,"DJ-FEsec

2要素認証に該当する組みはどれか。

ア　クライアント証明書, ハードウェアトークン

イ　静脈認証,指紋認証

ウ　パスワード認証,静脈認証

エ　パスワード認証、 秘密の質問の答え

","【正解】　ウ
“あなたの解答:イ”

2要素認証とは、ICカードとパスワード、 指紋とパスワードなどのように、利用者が知って いる・持っている・有している情報のうち2種類の要素を使用して認証を行う方式です。2 段階で認証を行うのでセキュリティを高めることができますが、 認証システムの導入コスト が掛かることや認証のプロセスが煩雑になるデメリットもあります。

ア　“クライアント証明書, ハードウェアトークン”
両方とも所有による認証なので誤りです。

イ“静脈認証,指紋認証”
両方とも身体的特徴による認証なので誤りです。

ウ　“パスワード認証, 静脈認証”
正しい。 パスワード認証は知識による認証、静脈認証は身体的特徴による認証なので2要素認証に該当します。

エ　“パスワード認証,秘密の質問の答え”
両方とも知識による認証なので誤りです。
"
27,"DJ-FEsec

CAPTCHAの説明は？

ア　“人からのアクセスであることを確認できるよう, アクセスした者に応答を求め,その応答を分 析する仕組み”

イ　“不正なSQL文をデータベースに送信しないよう, Webサーバに入力された文字列をプレースホ ルダに割り当ててSQL文を組み立てる仕組み”

ウ　“利用者が本人であることを確認できるよう, Webサイトから一定時間ごとに異なるパスワード を要求する仕組み”

エ　“利用者が本人であることを確認できるよう, 乱数をWebサイト側で生成して利用者に送り,利 用者側でその乱数を鍵としてパスワードを暗号化し,Webサイトに送り返す仕組み”

","【正解】　ア

ア　CAPTCHAの説明です。

イ　バインド機構の説明です。

ウ　ワンタイムパスワードの説明です。

エ　チャレンジレスポンス認証の説明です。
"
28,"DJ-FEsec

WAF(Web Application Firewall) を利用する目的はどれか。

ア　Webサーバ及びアプリケーションに起因する脆(ぜい) 弱性への攻撃を遮断する。

イ　Webサーバ内でワームの侵入を検知し, ワームの自動駆除を行う。

ウ　Webサーバのコンテンツ開発の結合テスト時にアプリケーションの脆弱性や不整合 を検知する。

エ　Webサーバのセキュリティホールを発見し, OSのセキュリティパッチを適用する。
","【正解】　ア　
“あなたの解答:イ”　 

WAF（Web Application Firewall）は、Webサーバの前段に設置してWeb通信を監視し、不正な攻撃や悪意ある通信を検知・遮断する装置やサービスです。しかし、WAF自体がWebサーバ内でワームの侵入を検知し、ワームの自動駆除を行う機能を持つわけではありません。
"
29,"DJ-FEsec

システム障害を想定した事業継続計画(BCP)を策定する場合, ビジネスインパクト分析での 実施事項はどれか。

ア　BCPの有効性を検証するためのテストを実施する。

イ　情報システム障害時の代替手順と復旧手順について関係者を集めて教育する。

ウ　情報システムに関する内外の環境の変化を踏まえてBCPの内容を見直す。

エ　情報システムに許容される最大停止時間を決定する。
","【正解】　エ
“あなたの解答:ウ”

ビジネスインパクト分析とは、障害や災害によりシステムが停止した場合の事業への影響を 評価する分析手法です。

事業継続計画（BCP: Business Continuity Plan)策定の前提として行われ、分析の結果明らかになったビジネスへの影響 度が高い項目について、許容可能な最大停止時間(MTD:Maximum Tolerable Downtime) や目標復旧時間 (RTO: Recovery Time Objective)などを設定します。
障害や災害の発生時に、この許容可能な停止時間内にサービスが再開できるような内容のB CPを策定することが重要です。

ア　“BCPの有効性を検証するためのテストを実施する。'
BCM(Business Continuity Management: 事業継続マネジメント)のプロセスにおける 実施事項です。

イ“情報システム障害時の代替手順と復旧手順について関係者を集めて教育する。 
BCM活動の1つです。

ウ　“情報システムに関する内外の環境の変化を踏まえてBCPの内容を見直す。 
BCM活動の1つです。

エ　“情報システムに許容される最大停止時間を決定する。”
正しい。
"
30,"DJ-FEsec

ICカードとPINを用いた利用者認証における適切な運用はどれか。

ア　ICカードによって個々の利用者を識別できるので、 管理負荷を軽減するために全利用者に共通のPINを設定する。

イ　ICカード紛失時には,新たなICカードを発行し,PINを再設定した後で,紛失したIC カードの失効処理を行う。

ウ　PINには,ICカードの表面に刻印してある数字情報を組み合わせたものを設定する。

エ　PINは, ICカードには同封せず, 別経路で利用者に知らせる。
","【正解】　エ
“あなたの解答:イ”

ア　“ICカードによって個々の利用者を識別できるので,管理負荷を軽減するために全利用者に共通 のPINを設定する。”
PINが共通だと、他人のICカードを取得した者が不正使用することを防げないので不適 切です。

イ　“ICカード紛失時には,新たなICカードを発行し,PINを再設定した後で,紛失したICカードの 失効処理を行う。
紛失したICカードの不正使用を防ぐため、失効処理を先に行う必要があります。　← これはないだろ、と思うが最後の選択し間で読むと、【正解】　がある。

ウ　“PINには, ICカードの表面に刻印してある数字情報を組み合わせたものを設定する。
ヒントになる情報をICカードに刻印すると、 他人にPINを推測されてしまう危険性が増 すため不適切です。

エ　“PINは, ICカードには同封せず,別経路で利用者に知らせる。
正しい。 ICカードとPINが同封されていると、配送中の盗難や紛失により第三者に取得 された場合に不正利用されてしまうリスクがあります。 別経路で配送することは、この リスクを排除することに繋がるので適切な運用です。
"
31,"DJ-FEsec

経済産業省が""サイバー・フィジカル・セキュリティ対策フレームワーク (Version1.0)""を策 定した主な目的の一つはどれか。

ア　ICTを活用し,場所や時間を有効に活用できる柔軟な働き方(テレワーク)の形態を示 し,テレワークの形態に応じた情報セキュリティ対策の考え方を示すこと

イ　新たな産業社会において付加価値を創造する活動が直面するリスクを適切に捉えるた めのモデルを構築し、 求められるセキュリティ対策の全体像を整理すること

ウ　クラウドサービスの利用者と提供者が,セキュリティ管理策の実施について容易に連 携できるように,実施の手引を利用者向けと提供者向けの対で記述すること

エ　データセンターの利用者と事業者に対して""データセンターの適切なセキュリティ""と は何かを考え, 共有すべき知見を提供すること
","【正解】　イ　　← 全部暗記するしかない
“あなたの解答:ウ”

ア　“ICTを活用し,場所や時間を有効に活用できる柔軟な働き方(テレワーク)の形態を示し,テレワ ークの形態に応じた情報セキュリティ対策の考え方を示すこと”
総務省""テレワークセキュリティガイドライン""の策定目的です。

イ　“新たな産業社会において付加価値を創造する活動が直面するリスクを適切に捉えるためのモデルを構築し,求められるセキュリティ対策の全体像を整理すること”
正しい。 ""サイバー・フィジカル・セキュリティ対策フレームワーク""の策定目的です。

ウ　“クラウドサービスの利用者と提供者が,セキュリティ管理策の実施について容易に連携できるよ うに,実施の手引を利用者向けと提供者向けの対で記述すること”
経済産業省""クラウドサービス利用のための情報セキュリティマネジメントガイドライ　ン""と、総務省""クラウドサービス提供における情報セキュリティ対策ガイドライン""の策 定目的です。

エ　“データセンターの利用者と事業者に対して""データセンターの適切なセキュリティ""とは何かを考 え,共有すべき知見を提供すること”
""データセンターセキュリティガイドブック""の策定目的です。
"
32,"DJ-FEsec

リスク共有 (リスク移転)に該当するものはどれか。

ア　損失の発生率を低下させること

イ　保険への加入などで,他者との間でリスクを分散すること

ウ　リスクの原因を除去すること

エ　リスクを扱いやすい単位に分解するか集約すること

","正解イ

リスク共有(リスク移転)とは、保険をかけたりリスクのある業務を委託をしたりすることで リスクによるマイナスの影響を他者と分担する戦略です。
リスクが顕在化した場合の損失被 害額と同額の保険をかけることは、保険会社にそのリスクを転嫁することになります。

ア“損失の発生率を低下させること”
リスク低減に該当します。

イ“保険への加入などで,他者との間でリスクを分散すること”
正しい。リスク移転に該当します。

ウ　“リスクの原因を除去すること”
リスク回避に該当します。

エ“リスクを扱いやすい単位に分解するか集約すること”
リスク分解・リスク集約に該当します。

"
33,"DJ-FEsec

自社の中継用メールサーバで, 接続元IPアドレス, 電子メールの送信者のメールアドレスの ドメイン名,及び電子メールの受信者のメールアドレスのドメイン名から成るログを取得す るとき,外部ネットワークからの第三者中継と判断できるログはどれか。 ここで,AAA.16 8.1.5 と AAA.168.1.10 は自社のグローバルIPアドレスとし、BBB.45.67.89 と BBB.45.6 7.90 は社外のグローバルIPアドレスとする。a.b.c は自社のドメイン名とし, a.b.d と a.b. eは他社のドメイン名とする。 また, IPアドレスとドメイン名は詐称されていないものとす
る。

","正解　ウ
“あなたの解答:工”

第三者中継とは、 メールサーバが、 本来行うべきではない外部ネットワークの第三者から別 の第三者へのメール転送を中継してしまうことです。 インターネットに公開されているメー ルサーバが第三者中継を許す設定になっていると、スパムメールの温床になったり、スパム メールの発信中継元としてブラックリストに載ってしまい、正規のメールの送受信に影響 を与えるおそれがあります。

表に書き入れてみると一目瞭然で、接続元IPアドレス、電子メールの送信者のドメイン名、
電子メールの受信者のドメイン名がすべて自社と無関係である「ウ」が第三者中継を示すロ グとわかります。
"
34,"DJ-FEsec

ユーザーが共通に使えるプログラムの不正な実行によるデータの改ざんや破壊を防止する管 理手段はどれか。

ア　システムアクセスログの採取

イ　ソースプログラムと実行プログラムの比較

ウ　ソースプログラムの保管場所の分散

エ　ファイルへのアクセス権限の設定
","正解　エ
“あなたの解答:ア”

ア　“システムアクセスログの採取”
不正な利用を検知することはできますが、 防止することはできません。

イ　“ソースプログラムと実行プログラムの比較”
改ざんを検知することはできますが、防止することはできません。

ウ　“ソースプログラムの保管場所の分散”
複製を保存することで破壊や改ざんへの耐性は高まりますが、 防止をすることはできま
せん。

エ　“ファイルへのアクセス権限の設定”
正しい。 利用権限をもたないユーザーにはプログラムやデータへのアクセス権を与えな
いことで不正利用を防止することができます。
"
35,"DJ-FEsec

セキュリティプロトコルSSLの特徴はどれか。

ア　SSLはWebサーバだけで利用されるセキュリティ対策用のプロトコルで,ネットワ-ク層に位置するものである。

イ　SSLを利用するWebサーバでは,そのFQDNをデジタル証明書に組み込む。

ウ　個人認証用のデジタル証明書は, PCごとに固有のものを作成する必要がある。

エ　日本国内では, 政府機関に限り128ビットの共通鍵長のデジタル証明書を取得申請できる。
","【正解】　イ
“あなたの解答:ア”

イ　SSLを利用するWebサーバでは,そのFQDNをデジタル証明書に組み込む。　← IPアドレスだけだと思い込んでいた。
"
36,"DJ-FEsec

SIEM(Security Information and Event Management)の機能はどれか。

ア　隔離された仮想環境でファイルを実行して, C&Cサーバへの通信などの振る舞いを監視する。

イ　様々な機器から集められたログを総合的に分析し,管理者による分析と対応を支援する。

ウ　ネットワーク上の様々な通信機器を集中的に制御し, ネットワーク構成やセキュリテ ィ設定などを変更する。

エ　パケットのヘッダー情報の検査だけではなく、 通信先のアプリケーショプログラムを 識別して通信を制御する。
","【正解】　イ　
あなたの解答:工

SIEM(シーム)は、OS、 データベース、アプリケーション、ネットワーク機器など多様なソ フトウェアや機器が出力する大量のログデータを分析し、 異常があった場合に管理者に通知 したり対策を知らせたりする仕組みです。 日本語ではセキュリティ情報およびイベント管理 と訳されます。

ア　サンドボックス技術を利用した機能です。

イ　正しい。SIEMの説明です。

ウ　SDN (Software Defined Network) の機能です。

エ　IPS (侵入防止システム)やWAF (Web Application Firewall) の機能です。 SIEMには通信 を制御する機能は備わっていません。
"
37,"DJ-FEsec

この名前は

“確保されているメモリ空間の下限又は上限を超えてデータの書込みと読出しを行うことによっ て,プログラムを異常終了させたりデータエリアに挿入された不正なコードを実行させたりする攻撃”


","バッファオーバーフロー攻撃の説明です。　← 「データエリアに挿入された不正なコードを実行させたりする」のでOSコマンドインジェクションかと思った。単純に考えろということか。
"
38,"DJ-FEsec

ウ　“複数のログデータを相関分析し,不正アクセスを検知できる。

何によって得られる効果か

","SIEM(Security Information and Event Management)の効果です。
"
39,"DJ-FEsec

名前を答えよ。

ア　あらかじめ検査対象に付加された, ウイルスに感染していないことを保証する情報と,検査対 象から算出した情報とを比較する。

イ　検査対象と安全な場所に保管してあるその原本とを比較する。 

ウ　検査対象のハッシュ値と既知のウイルスファイルのハッシュ値とを比較する。 パターンマッチング法の説明です。

エ　検査対象をメモリ上の仮想環境下で実行して, その挙動を監視する。
","ア　チェックサム法/インテグリティチェック法の説明です。

イ　コンペア法の説明です。

ウ　パターンマッチング法の説明です。

エ　ビヘイビア法の説明です。
"
40,"DJ-FEsec

ア　PCとWeb サーバ自体の両方に被害を及ぼす悪意のあるスクリプトによる不正な手口

イ　Webサイトからダウンロードされ,PC上で画像ファイルを消去するウイルス

ウ　Webサイトで用いるアプリケーションプログラムに潜在する誤り

エ　Webページなどに小さい画像を埋め込み、 利用者のアクセス動向などの情報を収集する仕組み
","【正解】　エ
あなたの解答:工

WebビーコンとはWeb標識という意味です。 Webページに埋め込んだ非常に小さい画像(ほ とんどは1×1ピクセル)の表示回数などにより利用者のページ遷移などの情報を得ます。
ここから得られた情報をもとにWebサイトのアクセス解析などを行います。
"
41,"DJ-FEsec

経済産業省とIPAが策定した""サイバーセキュリティ経営ガイドライン (Ver1.1)""が,自社のセキュリティ対策に加えて,実施状況を確認すべきとしている対策はどれか。

ア　自社が提供する商品及びサービスの個人利用者が行うセキュリティ対策

イ　自社に出資している株主が行うセキュリティ対策

ウ　自社のサプライチェーンのビジネスパートナが行うセキュリティ対策

エ　自社の事業所近隣の地域社会が行うセキュリティ対策
","【正解】　正解 ウ

サイバーセキュリティ経営ガイドラインは、サイバー攻撃から企業を守る観点で、 経営者が 認識する必要のある 「3原則」、 及び経営者が情報セキュリティ対策を実施する上での責任 者となる担当幹部 (CISO等)に指示すべき 「重要10項目」をまとめたものです。
このうち経営者が認識する必要がある3原則の要旨は次の通りです。

・セキュリティ投資にリターンは望めないので、 経営者がリーダーシップをとって対策を 推進すべきである。

・系列企業やサプライチェーンのビジネスパートナ等を含めたセキュリティ対策が必要で ある。

・平時からのセキュリティ対策に関する情報開示など、ステークホルダとの適切なコミュ ニケーションが必要である。
"
42,"DJ-FEsec

入室時と退室時にIDカードを用いて認証を行い,入退室を管理する。このとき,入室時の認 証に用いられなかったIDカードでの退室を許可しない、又は退室時の認証に用いられなかっ たIDカードでの再入室を許可しないコントロールを行う仕組みはどれか。

ア　TPMOR(Two Person Minimum Occupancy Rule)

イ　アンチパスバック

ウ　インターロックゲート

エ　パニックオープン
","【正解】　イ
“あなたの解答: ウ”

アンチパスバックは、セキュリティ区画の出入口で利用者IDごとに入退室の時刻を記録する ことで、次の例のような矛盾のある入退室行動を制限する仕組みです。
①　直近の記録が入室である利用者の入室行動
②　直近の記録が退室である、 または、 その日の入室記録がない利用者の退室行動

通常の利用ならば入室と退室はペアになっているため、このような矛盾は生じません。しか し「他人が入室する際に一緒に入室する」あるいは「他人が退室するのとすれ違いに入室す る」などの共連れ行為で入室した利用者は、 アンチパスバックにより正当な方法での退室が 禁止されます(※入室制限も同様)。

ア　“TPMOR (Two Person Minimum Occupancy Rule)""
TPMORは、最初の入室者と最後の退室者に対して2人同時の入室・退室を課すことで、 セキュリティ区画内に1人のみが在室する状況を防止する仕組みです。直訳すると""2人 以上の最小滞在ルール""になります。

イ　“アンチパスバック”　正しい。

ウ　 “インターロックゲート”
インターロックゲートは、入室ゲートを二重扉にすることで1人ずつしか入退室できな いようにする装置です。

エ“パニックオープン”
パニックオープンは、火災報知機の作動や停電等の非常事態発生時に、入退室ゲートを自動的に解錠し避難経路を確保する仕組みです。
"
43,"DJ-FEsec

パターンマッチング方式は

ア　感染前のファイルと感染後のファイルを比較し, ファイルに変更が加わったかどうかを調べてウイルスを検出する。

イ　既知ウイルスのシグネチャと比較して, ウイルスを検出する。

ウ　システム内でのウイルスに起因する異常現象を監視することによって,ウイルスを検出する。

エ　ファイルのチェックサムと照合して,ウイルスを検出する。

","【正解】　イ

ア　コンペア法の説明です。

イ　パターンマッチング方式の説明です。

ウ　ビヘイビア法の説明です。

エ　チェックサム法の説明です。
"
44,"DJ-FEsec

名前を答えよ。

イ　“XMLとJavaScriptがもつ非同期のHTTP通信機能を使い, Webページの内容を動的に書き換え た上で署名を付与することによって,対話型のWebページを作成する。”

エ　“隠したい署名データを画像データの中に埋め込むことによって,署名の存在自体を外から判別 できなくする。
","イ　Ajax

エ　ステガノグラフィ
"
45,"DJ-FEsec

リスク対応のうち, リスクファイナンシングに該当するものはどれか。

ア　システムが被害を受けるリスクを想定して,保険を掛ける。

イ　システムの被害につながるリスクの顕在化を抑える対策に資金を投入する。

ウ　リスクが大きいと評価されたシステムを廃止し,新たなセキュアなシステムの構築に 資金を投入する。

エ　リスクが顕在化した場合のシステムの被害を小さくする設備に資金を投入する。
","【正解】　ア
“あなたの解答:ウ”

リスク対応は、リスク分析・リスク評価の結果明らかになったリスクに対応方法を講じるこ とです。リスク対応では、リスクの大きさ、顕在化の可能性、情報資産の重要度、予算など を踏まえて最適な対応策をとることが重要となります。
リスク対応は、大きく分けるとリスクコントロールとリスクファイナンス(ファイナンシン グ)、およびリスク受容に分類できます。

リスクコントロール
潜在的なリスクに対して、リスクを回避したり低減したりする対策を講じること。リスク 回避・リスク低減・リスク移転などがある。

リスクファイナンス
リスクが顕在化した場合に備えて、損失の補てんや対応のための資金確保策を講じるこ と。

リスク受容(リスク保有)
リスクの損失額や顕在化の可能性が低いため、予算などとの兼ね合いからあえて対処を行 わないこと。

ア　リスクファイナンシングに該当します。

イ　「リスクの顕在化を抑える」ので、リスクコントロールの1つであるリスク低減です。

ウ　リスク源であるシステムを廃止するので、リスクコントロールの1つであるリスク回避です。

エ　「被害を小さくする」ので、リスクコントロールの1つであるリスク低減です。
"
46,"DJ-FEsec

APOPとは


","Authenticated POPの略。 メール受信の際に、 チャレンジレスポンス方式の認証を行うことで平文の認証情報がネットワークに流れるのを防止するプロトコルです。POPには ユーザー名とパスワードがネットワークに平文で流れる脆弱性があるので、これを改良 した方式です。
"
47,"DJ-FEsec

二つの通信主体XとYの間で、 次の手順の情報交換を行う認証はどれか。
〔手順〕

(1)Yは,任意の情報を含む文字列(チャレンジ)をXへ送信する。
(2) Xは,あらかじめX, Y間で定めた規則に基づき, 受け取った文字列から新たな文字列 (レ
スポンス)を生成し, Yへ返送する。
(3)Yは,返送されてきた文字列(レスポンス)が正しいことを確認する。

ア　XがYを認証する。

イ　XがYを認証することによって, 結果としてYがXを認証する。

ウ　YがXを認証する。

エ　YがXを認証することによって, 結果としてXがYを認証する。
","【正解】　ウ
“あなたの解答:工”
"
48,"DJ-FEsec
ドメインのレジストラとは
","インターネット上でドメイン名の登録申請を受け付ける事業者のことです。
"
49,"DJ-FEsec

名前を答えよ。

ア　“Webサーバなどの負荷を軽減するために,暗号化や復号の処理を高速に行う専用ハードウェア”

ウ　“システムの脆弱性を見つけるために, 疑似的に攻撃を行い侵入を試みるツール”


","ア　SSL/TLSアクセラレータの説明です。

ウ　脆弱性診断ツールやペネトレーションテストツールの説明です。
"
50,"DJ-FEsec

DNSBL(DNS Blacklist)とは
","迷惑メールの温床になっているオープンリレーサーバのIPアドレスや、スパム行為の発信元IPアドレスを一覧を公表したものです。
"
51,"DJ-FEsec

エンベロープ暗号化の説明はどれか。
","暗号化鍵で平文を暗号化してから、その暗号化鍵を別の暗号化鍵で暗号化する。
"
52,"DJ-FEsec

公開鍵暗号化方式では公開鍵が暗号化鍵で、デジタル署名の暗号化鍵は秘密鍵か
","はい、公開鍵暗号化方式では「公開鍵」が暗号化鍵として使われます。一方、デジタル署名の場合、「秘密鍵」が署名処理（暗号化や数学的変換）に使われます。　← なるほど！
"
53,"DJ-FEsec

BYOD とは
","BYOD (Bring Your Own Device)
"
54,"DJ-FEsec

情報セキュリティにおけるタイムスタンプサービスの説明はどれか。

ア　“公式の記録において使われる全世界共通の日時情報を, 暗号化通信を用いて安全に表示するWe bサービス ”

イ　“指紋,声紋,静脈パターン,網膜, 虹彩などの生体情報を,認証システムに登録した日時を用 いて認証するサービス”

ウ　“電子データが,ある日時に確かに存在していたこと,及びその日時以降に改ざんされていない ことを証明するサービス”

エ　“ネットワーク上のPCやサーバの時計を合わせるための日時情報を途中で改ざんされないように 通知するサービス”
","【正解】　ウ

ア　時刻配信局(TAA:Time Assessment Authority)の説明です。

イ　バイオメトリクス認証の説明です。一般的には登録した日時と認証手続きは関係ありま せん。

ウ　タイムスタンプサービスの説明です。

エ　NTP (Network Time Protocol) の説明です。
"
55,"DJ-FEsec

図に示すネットワーク構成で, Webページの閲覧だけを社外に提供する。 攻撃を防止するた めにファイアウォールのIPパケットフィルタリングを設定する場合, フィルタリングルール でインターネットからDMZへのパケットの通過を禁止できないプロトコルはどれか。

ア　FTP

イ　HTTP

ウ　SMTP

エ　SNMP
","【正解】　イ
“あなたの解答:工”　← 国語の問題。問題をよく読む。

HTTP(HyperText Transfer Protocol)は、WebサーバとWebブラウザがデータを送受信す るのに使われるプロトコルで、Webページの閲覧はHTTPを介して行われます。 HTTPの通 過を禁止するとWebページの閲覧が提供できなくなってしまうためHTTPの通過を禁止する ことはできません。
"
56,"DJ-FEsec

セキュアブートとは
","コンピュータの起動時にOS起動ファイルやドライバのデジタル署名 を検証し、 起動プロセスを認証することで、不正なプログラムの実行を未然に防止する仕組 みです。BIOSに代わる新仕様であるUEFI(Unified Extensible Firmware Interface)で規定 されていて、WindowsではWindows8以降が対応しています。セキュアブートを行うこと で、HDDのブートセクタに感染するタイプのマルウェアの実行も防止できます。
"
57,"DJ-FEsec

何の対策か

スタイルシートを任意のWebサイトから取り込めるようにしない。
","CSSインジェクションの対策です。 スタイルシートの記述をWebvページに埋め込まれ
ることにより、Webページのコンテンツの非表示や任意の要素の追加、属性値の情報を
外部から取得されるなどのおそれがあります。
"
58,"DJ-FEsec

オープンリダイレクトとは
","オープンリダイレクトは、URLパラメータやフォームデータなどの入力情報をもとに利用者 を特定のWebページに遷移させるWebアプリケーションにおいて、 任意のページにリダイ　レクトできてしまう脆弱性です。

Webアプリケーションでは、 ある処理を行った後に利用者を特定のWebページに遷移させ るケースがあり、遷移先のURLをパラメータとして受け取るものがあります。このURLを無 制限に受け入れている場合、 入力パラメータを細工することで利用者を任意のURLにリダイ　レクトさせることが可能となります。 この脆弱性を攻撃者が悪用することで、利用者は気付 かないうちに信頼できるWebサイトから悪意のあるWebサイトに誘導されてしまい、 誘導 した先でフィッシングなどの被害に遭う危険があります。 オープンリダイレクトの脆弱性に 対しては、リダイレクト先のドメインやページを限定することが根本的な対策となります。
"
59,"DJ-FEsec

ストリクトルーティングとは
","ストリクトルーティングは、 通信パケットの転送経路を、送信側のルータで指定する方法です。
"
60,"DJ-FEsec

AES-256で暗号化されていることが分かっている暗号文が与えられているとき,ブルートフォース攻撃で鍵と解読した平文を得るまでに必要な試行回数の最大値は
","鍵長256ビットということは、正しく平文に戻せる鍵は2256種類の中でいずれか1つということです。 最初から順番に試していき、 最後の1回 (2256回目) で一致した場合が最大の試 行回数となるので、正しい平文を得るまでに必要な試行回数の最大値は2の256乗回となります。 
"
61,"DJ-APsec

クロスサイトスクリプティング対策に該当するものはどれか。

ア　WebサーバでSNMPエージェントを常時稼働させることによって, 攻撃を検知する。

イ　WebサーバのOSにセキュリティパッチを適用する。

ウ　Webページに入力されたデータの出力データが, HTMLタグとして解釈されないように処理する。

H　許容量を超えた大きさのデータをWebページに入力することを禁止する。





","【正解】　ウ　
“あなたの解答:ウ”

クロスサイトスクリプティングは、攻撃者が送り込んでくる文字列がHTMLドキュメントの 一部となるように合成されて、その部分がブラウザによってスクリプトとして解釈される構 文となることによって成立します。よって、プログラム中のデータをHTMLとして出力する 際に、HTMLで特別な意味をもつ文字(<,>,"",',& など)を実体参照に置き換えて無害化した り、HTMLタグを削除したりすることによりスクリプトとして解釈されないようにすること が重要です。

ア　“WebサーバでSNMPエージェントを常時稼働させることによって,攻撃を検知する。
不正アクセス対策に該当します。 XSSは正常なHTTP (S)パケットとしてWebサーバに 届けられるので、SNMPエージェントで監視しても攻撃を検知することはできません。

イ　“WebサーバのOSにセキュリティパッチを適用する。”
OSのセキュリティホールを突く攻撃への対策に該当します。 XSS脆弱性はWebアプリ ケーションの実装に基因するものなので、 OSのアップデートは対策にはなりません。

ウ　“Webページに入力されたデータの出力データが, HTML タグとして解釈されないように処理す る。”
正しい。クロスサイトスクリプティング対策に該当します。

エ　“許容量を超えた大きさのデータをWebページに入力することを禁止する。
バッファオーバーフロー対策に該当します。

"
62,"DJ-APsec

JIS Q 27000:2019(情報セキュリティマネジメントシステム- 用語)において定義されてい る情報セキュリティの特性に関する記述のうち, 否認防止の特性に関する記述はどれか。

ア　ある利用者があるシステムを利用したという事実が証明可能である。

イ　認可された利用者が要求したときにアクセスが可能である。

ウ　認可された利用者に対してだけ, 情報を使用させる又は開示する。

エ　利用者の行動と意図した結果とが一貫性をもつ。
","【正解】　ア
“あなたの解答:ア”

否認防止(Non-Repudiation)は、情報セキュリティマネジメントの付加的な要素で、行った操作や発生した事象を後になって否認されないように証明できる能力のことです。 ログの取得で必要な項目を確実に記録するとともに、完全性が損なわれないように保管することで確保できます。デジタル署名やタイムスタンプは否認防止に活用される技術です。
JIS Q 27000では「主張された事象又は処理の発生、及びそれを引き起こしたエンティティ を証明する能力」と定義されています。

ア　ある利用者があるシステムを利用したという事実が証明可能である。 正しい。
否認防止の説明です。　← 覚える

イ　認可された利用者が要求したときにアクセスが可能である。
可用性の説明です。　← 覚える

ウ　認可された利用者に対してだけ,情報を使用させる又は開示する。
機密性の説明です。　← 覚える

エ　利用者の行動と意図した結果とが一貫性をもつ。
信頼性の説明です。　← 覚える
"
63,"DJ-APsec

サイバーレスキュー隊(J-CRAT)の役割はどれか。

ア　外部からのサイバー攻撃などの情報セキュリティ問題に対して,政府横断的な情報収集や監視機能を整備し,政府機関の緊急対応能力強化を図る。

イ　重要インフラに関わる業界などを中心とした参加組織と秘密保持契約を締結し, その契約の下に提供された標的型サイバー攻撃の情報を分析及び加工することによって,
参加組織間で情報共有する。

ウ　セキュリティオペレーション技術向上,オペレーター人材育成,及びサイバーセキュ リティに関係する組織・団体間の連携を推進することによって, セキュリティオペレ -ションサービスの普及とサービスレベルの向上を促す。

エ　標的型サイバー攻撃を受けた組織や個人から提供された情報を分析し,社会や産業に重大な被害を及ぼしかねない標的型サイバー攻撃の把握,被害の分析,対策の早期着手の支援を行う。

","【正解】　エ
“あなたの解答:ウ”

サイバーレスキュー隊（J-CRAT、ジェイ・クラート）は、独立行政法人情報処理推進機構（IPA）が2014年に設立した日本の公的なサイバーセキュリティ支援組織です。正式名称は「Cyber Rescue and Advice Team against targeted attack of Japan」で、主に標的型サイバー攻撃を受けた企業や団体への被害拡大防止と初動対応の支援を専門に行っています。

主な活動内容
標的型攻撃やランサムウェア被害など、深刻なサイバー被害を受けた組織からの相談受付と状況分析

被害拡大の防止・封じ込めに向けたリモート支援や、必要時には現地（オンサイト）派遣での技術的レスキュー

被害箇所やマルウェアの解析、外部専門組織（JPCERT/CCなど）との連携

攻撃手法や侵入経路の把握・遮断と、再発防止対策のアドバイス

事案に応じて事前の予防的助言や、セキュリティ体制強化のためのサポートも実施

組織や活動は、消防・警察の「レスキュー隊」になぞらえた社会インフラとしての役割があり、特に国家や社会全体に影響し得る大規模サイバー攻撃への対応が重視されています。相談窓口は法人・団体向けが中心ですが、一般的なサイバー相談はIPA「情報セキュリティ安心相談窓口」で個人も利用できます。​


"
64,"DJ-APsec

JIS Q 27002における情報資産に対する脅威の説明はどれか。

ア　情報資産に害をもたらすおそれのある事象の原因

イ　情報資産に内在して、リスクを顕在化させる弱点

ウ　リスク対策に費用をかけないでリスクを許容する選択

エ　リスク対策を適用しても解消しきれず残存するリスク
","【正解】　ア　あなたの解答:イ”

JIS Q 27002は、組織のセキュリティ運用体制をISO/IEC 27002 の日本語訳として規定さ れています。情報セキュリティマネジメントシステム (ISMS) を立ち上げ、実装し、運用す るための情報セキュリティ管理に関するベストプラクティスを提供します。
JIS Q 27001 では、脅威 (threat)は「システムまたは組織に損害を与える可能性があるインシデントの潜在的な原因」として定義しています。

ア　“情報資産に害をもたらすおそれのある事象の原因” 正しい。 
脅威の説明です。　← 覚える

イ　“情報資産に内在して, リスクを顕在化させる弱点”
脆弱性の説明です。　← 覚える

ウ　“リスク対策に費用をかけないでリスクを許容する選択”
リスク保有の説明です。　← 覚える

エ“リスク対策を適用しても解消しきれず残存するリスク”
残存リスクの説明です。　← 覚える

"
65,"DJ-APsec

Webサイトにおいて,クリックジャッキング攻撃の対策に該当するものはどれか。

ア　HTTPレスポンスヘッダーにX-Content-Type-Optionsを設定する。

イ　HTTPレスポンスヘッダーにX-Frame-Optionsを設定する。

ウ　入力にHTMLタグが含まれていたら, HTMLタグとして解釈されないほかの文字列に置き換える。

エ　入力文字数制限を超えているときは受け付けない。
","【正解】　イ

ア　クロスサイトスク リプティングへの対策になります。　← 覚える
""X-Content-Type-Options""は、ブラウザによるMIMEスニッフィングの有効・無効を指 示するためのHTTPヘッダーで、値として""nosniff""を指定することがクロスサイトスク リプティングへの対策になります。
MIMEスニッフィングとは、WebサーバからMIMEタイプ(メディアの種類)が指定さ れないなどの理由でリソースのMIMEタイプが不明なとき、ブラウザがリソースのバイトストリームを調べ、MIMEタイプを推定する機能です。これが有効になっていると、 攻撃者がJSONや画像内に埋め込んだスクリプトを不正に実行してしまうおそれがあり ます。これを防止するためのヘッダーが""X-Content-Type-Options""です。


イ　クリックジャッキング攻撃への対策と なります。

ウ　クロスサイトスクリプティングへの対策です。　← 覚える

エ　バッファオーバーフロー攻撃への対策です。　← 覚える
"
66,"DJ-APsec

迷惑メールのメールヘッダーから送信元又は中継元のISP又は組織を特定する手がかりのう ち,最も信頼できるものはどれか。

Return-Path: <ユーザー名@ホスト名・ドメイン名①>

Received: from ホスト名・ドメイン名②(ホスト名・ドメイン名③[IPアドレス])
by 受信メールサーバ名 with SMTP id ...

From: <ユーザー名@ホスト名・ドメイン名 ④

ア　SMTPのMAIL FROMコマンドで通知されたホスト・ドメイン名①

イ　SMTPのHELOコマンドで通知されたホスト・ドメイン名②

ウ　送信元又は中継元のIPアドレスから逆引きされたホスト・ドメイン名③及びIPアド レス

エ　電子メールのFromヘッダーに設定されたホスト・ドメイン名 ④
","【正解】　ウ　← 絶対覚える
“あなたの解答:ア”

ア　SMTPのMAIL FROMコマンドは、送信者が任意のアドレスを指定できるので詐称されている可能性があります。

イ　SMTPのHELOコマンドは、 送信者が任意のアドレスを指定できるので詐称されている可能性があります。

ウ　正しい。 ホスト名・ドメイン名②は、送信者が任意のアドレスを指定できますが、 ホスト名・ドメイン名③およびIPアドレスの部分は、送信元・中継元のIPアドレスから逆引きされたものなので詐称できません。この情報をもとに迷惑メールに使用される中継元 やISPを特定し対策を依頼することもできます。

エ　Fromヘッダーは、メール発信者の送信エージェントに設定された内容が記載されるので詐称されている可能性があります。
"
67,"DJ-APsec

どのメールにも必ず逆引きホスト名（ドメイン名）とipアドレスはついているか
","とても良い質問です。結論から言うと、

すべてのメールに必ず「逆引きホスト名（ドメイン名）」と「IPアドレス」が両方書かれているとは限りません。

ただし、IPアドレスは必ず記録されます。逆引きホスト名は「可能な場合に記録される」という扱いです。

以下で詳しく説明します👇

📨 メールヘッダーの「Received:」欄とは

メールが送信されるたびに、経路上の各サーバーが
「自分がどこからメールを受け取ったか」を記録していきます。
この記録が「Received:」ヘッダーです。

例：

Received: from mail.example.com (mail.example.com [192.0.2.10])
        by mx.receiver.jp with ESMTP id ABC123;
        Fri, 17 Oct 2025 10:00:00 +0900

🧩 各要素の意味

from mail.example.com → 逆引きホスト名（ドメイン名）

(mail.example.com [192.0.2.10]) → そのホスト名とIPアドレス

by mx.receiver.jp → このサーバが受け取った側（中継先）

✅ IPアドレスについて

必ず記録されます。
なぜなら、受信サーバーは実際に接続してきた送信元のIPを自動で記録するため、
これは詐称できません。

⚠️ 逆引きホスト名（ドメイン名）について

存在しない場合もあります。

逆引きDNS（PTRレコード）が設定されていないサーバーでは表示されません。　← 【なるほど！】

その場合、次のようにIPアドレスだけが記録されます。

例：

Received: from [203.0.113.45] by mx.receiver.jp with ESMTP id DEF456;
        Fri, 17 Oct 2025 10:05:00 +0900

🧠 まとめ
項目	記録されるか	備考
IPアドレス	✅ 必ず記録される	詐称不可。信頼できる情報。
逆引きホスト名（ドメイン名）	⚠️ ない場合あり	PTRレコードが未設定だと表示されない。

つまり：

メールヘッダーには必ずIPアドレスは含まれるが、
逆引きホスト名（ドメイン名）は設定があるときだけ表示される。
"
68,"DJ-APsec

SQLインジェクションは

ア　Webアプリケーションに悪意のある入力データを与えてデータベースの問合せや操作を行う命令文を組み立てて,データを改ざんしたり不正に情報取得したりする攻撃

イ　悪意のあるスクリプトが埋め込まれたWebページを訪問者に閲覧させて、別のWeb サイトで,その訪問者が意図しない操作を行わせる攻撃

ウ　市販されているデータベース管理システムの脆弱性を利用して, 宿主となるデータベ ースサーバを探して自己伝染を繰り返し、 インターネットのトラフィックを急増させる攻撃

エ　訪問者の入力データをそのまま画面に表示するWebサイトに対して、悪意のあるス クリプトを埋め込んだ入力データを送り、訪問者のブラウザで実行させる攻撃
","【正解】　ア

ア　SQLインジェクション

イ　XSRF(クロスサイトリクエストフォージェリ)の説明です。 

ウ　ワームの一種 SQL Slammerの説明です。

エ　XSS (クロスサイトスクリプティング)の説明です。
"
69,"DJ-APsec

楕円曲線暗号の特徴はどれか。

ア　RSA暗号と比べて、短い鍵長で同レベルの安全性が実現できる。

イ　共通鍵暗号方式であり, 暗号化や復号の処理を高速に行うことができる。

ウ　総当たりによる解読が不可能なことが,数学的に証明されている。

エ　データを秘匿する目的で用いる場合, 復号鍵を秘密にしておく必要がない。

","【正解】　ア
“あなたの解答:イ”

ア　正しい。楕円曲線暗号の特徴です。RSAの鍵長2,048ビットで実現できる暗号強度を、 楕円曲線暗号では鍵長224ビットで実現できます。

イ　楕円曲線暗号は公開鍵暗号方式です。

ウ　不可能なわけではありません。

エ　他の公開鍵暗号方式と同様に、暗号化通信で用いる場合には、暗号化鍵を公開し、復号 鍵を秘密にします。
"
70,"DJ-APsec

ISP""A""管理下のネットワークから別のISP""B"" 管理下の宛先へSMTPで電子メールを送信する。電子メール送信者がSMTP-AUTHを利用していない場合, スパムメール対策OP25Bによって遮断される電子メールはどれか。

ア　ISP""A""管理下の固定IPアドレスから送信しようとしたが,受信者の承諾を得ていな い広告の電子メール

イ　ISP""A""管理下の固定IPアドレスから送信しようとしたが,送信元IPアドレスがDNS で逆引きできなかった電子メール

ウ　ISP""A""管理下の動的IPアドレスからISP""A""のメールサーバを経由して送信された電 子メール

エ　ISP""A""管理下の動的IPアドレスからISP""A""のメールサーバを経由せずに直接送信された電子メール
","【正解】　エ
“あなたの解答:ウ”　← こんなのを間違えた。慎重に！
"
71,"DJ-APsec

システム及び製品に関する情報技術セキュリティ評価基準の国際規格はどれか。

ア　ISO/IEC 13335

イ　ISO/IEC 14516

ウ　ISO/IEC 15408

エ　ISO/IEC 17799
","【正解】　ウ

ア　ISO/IEC 13335は、情報通信技術セキュリティマネジメントの概念及びモデルに関する 国際規格です。

イ　ISO/IEC 14516は、電子認証、電子公証、タイムスタンプ、暗号機能の鍵管理など、信 頼できる第三者によるサービスに対しての利用と管理を規定した国際規格です。

ウ　ISO/IEC 15408は、 情報技術の製品及びシステムのセキュリティ特性を評価するための国際規格。

エ　ISO/IEC 17799は、情報セキュリティマネジメントにおける管理策のための国際規格です。
"
72,"DJ-APsec

JIS Q 27000で定義された情報セキュリティの特性に関する記述のうち,否認防止の特性に該当するもの はどれか。

ア　“ある利用者がシステムを利用したという事実を証明可能にする。”

イ　“意図する行動と結果が一貫性をもつ。”

ウ　“認可されたエンティティが要求したときにアクセスが可能である。

エ　“認可された個人, エンティテイ又はプロセスに対してだけ,情報を使用させる又は開示する。”
","【正解】　ア

ア　否認防止の説明です。

イ　信頼性の説明です。

ウ　可用性の説明です。

エ　機密性の説明です。
"
73,"DJ-APsec

何の組織が作成したか。

ア　CSIRTマテリアル

イ　ISMSユーザーズガイド

ウ　証拠保全ガイドライン

エ　組織における内部不正防止ガイドライン
","ア　JPCERT/CC

イ　JIPDEC：　一般財団法人 日本情報経済社会推進協会（Japan Institute for Promotion of Digital Economy and Community） 

ウ　デジタル・フォレンジック研究会

エ　IPA
"
74,"DJ-APsec

何と言うか。

インターネットと重要な秘密情報を取り扱う組織内ネットワークとを,物理的に分離する。
","エアギャップ
"
75,"DJ-APsec

完全一致によるパターンマッチング方式のウイルス対策ソフトは, ウイルス単体の特徴ある コード列を照合に用いる。 そのコード列の長さと検出の関係は。
","パターンマッチング方式はパターンのコード列が短いとそのウィルスの亜種を検出できる可能性が高くなりますが誤報が多く、コード列が長いと誤報は少なくなりますが、亜種や未知のウィルスを検出することは難しくなります。
"
76,"DJ-APsec

基本評価基準,現状評価基準, 環境評価基準の三つの基準で情報システムの脆弱性の深刻度 を評価するものはどれか。

ア　CVSS

イ　ISMS

ウ　PCI DSS

エ　PMS
","【正解】　ア
“あなたの解答:イ”

CVSS(Common Vulnerability Scoring System, 共通脆弱性評価システム)

基本評価基準 (Base Metrics)
脆弱性自体の深刻度を評価する指標。 機密性、 可用性、完全性への影響の大きさや、 攻撃に必要な条件などの項目から算出され、 時間の経過や利用者の環境で変化しない。

現状評価基準 (Temporal Metrics)
脆弱性の現在の深刻度を評価する基準。 攻撃を受ける可能性、 利用可能な対応策のレベル などの項目から算出され、
時間の経過により変化する。

環境評価基準 (Environmental Metrics)
製品利用者の利用環境も含め、 最終的な脆弱性の深刻度を評価する基準。 二次被害の可能性や影響を受ける範囲などの項目から算出され、 製品利用者ごとに変化する。

"
77,"DJ-APsec

SMTP-AUTHにおける認証の動作を説明したものはどれか。

ア　SMTPサーバは, クライアントがアクセスしてきた場合に利用者認証を行い,認証が成功したとき電子メールを受け付ける。

イ　サーバは認証局のデジタル証明書をもち, クライアントから送信された認証局の署名 付きクライアント証明書の妥当性を確認する。

ウ　電子メールを受信した際にパスワード認証が成功したクライアントのIPアドレスは, 一定時間だけSMTPサーバへの電子メールの送信が許可される。

エ　パスワードを秘匿するために,パスワードからハッシュ値を計算して, その値で利用者が電子メールを受信する際の利用者認証を行う。
","【正解】　ア
“あなたの解答:ウ”　← POP before SMTP と SMTP-AUTH を混同してしう。

SMTP-AUTH(SMTP-Authentication)は、メール投稿にあたってユーザー認証の仕組みがないSMTPにユーザー認証機能を追加した方式です。使用するにはメールサーバとクライアン トの双方が対応していなければなりませんが、 メール送信するときに「ユーザー名とパスワ -ド」「チャレンジレスポンス」 などで認証を行い、 認証されたユーザーのみからのメール 送信を許可することで不正な送信要求を遮断することができます。

ア　正しい。 SMTP-AUTHによる認証動作です。

イ　SMTP over SSL (TLS) によるサーバ/クライアントの相互認証です。　← POP3接続で認証し、一定時間IPアドレスをSMTPサーバに登録

ウ　POP before SMTPによる認証動作です。

エ　APOP (Authenticated POP) による認証動作です。
"
78,"DJ-APsec

SAML認証は、利用者が最初にアクセスする場所により２つの方法がある。
","IdP Initiated
SP Initiated
"
79,"DJ-APsec

家庭内で,PCを無線LANとブロードバンドルータを介してインターネットに接続するとき,期待できるセキュリティ上の効果の記述のうち,適切なものはどれか。

ア　IPマスカレード機能による, インターネットからの不正侵入に対する防止効果

イ　PPPoE機能による,経路上の盗聴に対する防止効果

ウ　WPA機能による,不正なWebサイトへの接続に対する防止効果

エ　WPS機能による, インターネットからのマルウェア感染に対する防止効果
","【正解】　ア

IPマスカレードとSPIは似た部分もある
状態を追跡して外部パケットを正しい内部端末に返す／不正パケットを破棄する点
"
80,"DJ-APsec

何と言うか。

非常に大きな数の離散対数問題を解くことが困難であることを利用した公開鍵暗号方式です。共通鍵を安全に共有する方法であるDiffie-Hellman法の技術を 暗号化方式に応用したものです。
","ElGamal暗号
"
81,"DJ-APsec

NISTとは
","NIST（National Institute of Standards and Technology）は、米国の標準技術・計測・サイバーセキュリティのガイドラインを策定する政府機関です。
"
82,"DJ-APsec

NISTの定義によるクラウドサービスモデルのうち, クラウド利用企業の責任者がセキュリ ティ対策に関して表中の項番1と2の責務を負うが, 項番3~5の責務を負わないものはどれ
か。

1　アプリケーションに対して, データのアクセス制御と暗号化の設定を行う。

2　アプリケーションに対して、 セキュアプログラミングと脆弱性診断を行う。

3　DBMS に対して, 修正プログラム適用と権限設定を行う。

4　OS に対して, 修正プログラム適用と権限設定を行う。

5　ハードウェアに対して, アクセス制御と物理セキュリティ確保を行う。

ア　HaaS

イ　laaS

ウ　PaaS

エ　SaaS
","【正解】　ウ　PaaS　← こんなのを間違えるとは
"
83,"DJ-APsec

ソフトウェアの既知の脆弱性を一意に識別するために用いる情報はどれか。

ア　“CCE (Common Configuration Enumeration)""

イ　“CVE (Common Vulnerabilities and Exposures)”

ウ　“CVSS(Common Vulnerability Scoring System)""

エ　“CWE (Common Weakness Enumeration)""
","【正解】　イ

ア　　CCE (共通セキュリティ設定)は、コンピュータのセキュリティ設定項目ごとに付けられた識別子です。

イ　CVEは、 脆弱性ごとに付けられている識別子です。

ウ　CVSS(共通脆弱性評価システム)は、情報システムの脆弱性の深刻度を同一の基準のも とで定量的に評価する共通的な手法です。

エ　CWE(共通脆弱性タイプ)は、ソフトウェアの脆弱性の種類を識別するための共通基準です。
"
84,"DJ-APsec

何の定義か

a. 意図する行動と結果とが一貫しているという特性

b. エンティティは,それが主張するとおりのものであるという特性

c. 認可されたエンティティが要求したときに, アクセス及び使用が可能であるという特性

d. 認可されていない個人, エンティティ又はプロセスに対して, 情報を使用させず, ま た, 開示しないという特性
","a. 信頼性 (Reliability) の定義です。

b. 真正性(Authenticity) の定義です。

C. 可用性 (Availability) の定義です。

d. 機密性 (Confidentiality) の定義です。
"
85,"DJ-APsec

ISMS適合性評価制度における詳細管理策の基となった国際規格はどれか。

ア　""ISO 9001""

イ　“ISO 14001""

ウ　“ISO/IEC 15408""

エ　""ISO/IEC 17799""
","【正解】　エ

ア　ISO 9001は、組織の品質マネジメントシステムの要求事項を定めた国際標準規格です。

イ　ISO 14001は、組織の環境マネジメントシステムの要求事項を定めた国際標準規格です。

ウ　ISO/IEC 15408は、情報技術の製品及びシステムのセキュリティ特性を評価するための 標準を定めた国際規格です。

エ　ISO/IEC 17799は、 情報セキュリティ対策を行う際の実践規範を記したもので正しい。
"
86,"DJ-APsec

Webサイトにおいて、 クリックジャッキング攻撃の対策に該当するものはどれか。

ア　HTTPレスポンスヘッダーにX-Content-Type-Optionsを設定する。

イ　HTTPレスポンスヘッダーにX-Frame-Options を設定する。

ウ　入力にHTMLタグが含まれていたら, HTMLタグとして解釈されないほかの文字列に置き換える。

エ　入力文字数が制限を超えているときは受け付けない。
","【正解】　イ

ア　クロスサイトスク リプティングへの対策になります。

イ　クリックジャッキング攻撃への対策となります。

ウ　クロスサイトスクリプティングへの対策です。

エ　バッファオーバーフロー攻撃への対策です。
"
87,"DJ-APsec

JPCERT コーディネーションセンターとIPAとが共同で運営するJVNの目的として, 最も適切なものはどれ か。

ア　ソフトウェアに内在する脆弱性を検出し、情報セキュリティ対策に資する。

イ　ソフトウェアの脆弱性関連情報とその対策情報とを提供し, 情報セキュリティ対策に資する。

ウ　ソフトウェアの脆弱性に対する汎用的な評価手法を確立し,情報セキュリティ対策に資する。

エ　ソフトウェアの脆弱性のタイプを識別するための基準を提供し,情報セキュリティ対策に資す る。
","【正解】　イ

ア　MyJVNバージョンチェッカなどの説明です。

イ　JVNの説明です。

ウ　CVSS(Common Vulnerability Scoring System)の説明です。

エ　情報セキュリティ対策に資す る。
"
88,"DJ-APsec

VBScript(Visual Basic Script)で作られたコンピュータウイルスの特徴はどれか。

ア　HTML形式の電子メール本文などに埋め込まれたスクリプトによって動作する。

イ　感染対象が実行形式ファイルであるか文書ファイルであるかにかかわらず,すべての OSで動作する。

ウ　実行ファイルはなくワープロの文書ファイルなどに感染し、関連するアプリケーショ ンソフトを利用して動作する。

エ　ブートセクタに感染して,通常のプロセス起動前にウイルスが呼び出されて動作す る。
","【正解】　ア
“あなたの解答:ウ”

VBScriptは、プログラム言語Visual Basicの簡易版でありMicrosoft Windows上で動作す
るスクリプト言語です。VBScriptで作られたコンピュータウィルスは、メール本文やWeb ページなどのHTML形式の文書に埋め込まれ、閲覧したと同時に実行されるスクリプトによ ってコンピュータを感染させるという特徴を持っています。
"
89,"DJ-APsec

何の説明か

ア　JPEGデータを読み込んで表示する機能をもつ製品に対して,セキュリティ上の問題を発生させる可能性のある値を含んだJPEGデータを読み込ませることによって,脆 弱性がないかをテストするツール

イ　JVNなどに掲載された脆弱性情報の中に,利用者自身がPC又はサーバにインストールした製品に関する情報が含まれているかどうかを確認するツール

ウ　OSやアプリケーションソフトウェアの脆弱性を悪用して攻撃するツール

エ　Webサイトのアクセスログから,Webサイトの脆弱性を悪用した攻撃を検出するツ ール
","ア　 ファジングツールの説明です。

イ　 MyJVNバージョンチェッカ等の説明です。

ウ　エクスプロイトキットの説明です。

エ　SIEM(シーム)の説明です。 

JVN（Japan Vulnerability Notes） は、日本国内の情報セキュリティ脆弱性情報を収集・公開する政府運営のデータベースです。
"
90,"DJ-APsec

どの組織の役割か。

ア　外部からのサイバー攻撃などの情報セキュリティ問題に対して,政府横断的な情報収集や監視機能を整備し,政府機関の緊急対応能力強化を図る。

イ　重要インフラに関わる業界などを中心とした参加組織と秘密保持契約を締結し,その契約の下に提供された標的型サイバー攻撃の情報を分析及び加工することによって,参加組織間で情報共 有する。

ウ　セキュリティオペレーション技術向上,オペレーター人材育成、及びサイバーセキュリティに 関係する組織・団体間の連携を推進することによって,セキュリティオペレーションサービスの 普及とサービスレベルの向上を促す。

エ　標的型サイバー攻撃を受けた組織や個人から提供された情報を分析し,社会や産業に重大な被 害を及ぼしかねない標的型サイバー攻撃の把握,被害の分析,対策の早期着手の支援を行う
","【道場APセキュ】

ア　 国家サイバー統括室 (NCO)の役割です。

イ　サイバー情報共有イニシアティブ(J-CSIP)の役割です。

ウ　日本セキュリティオペレーション事業者協議会(ISOG-J)の役割です。

エ　サイバーレスキュー隊(J-CRAT)の役割です。
"
91,"DJ-APsec

経済産業省とIPAが策定した""サイバーセキュリティ経営ガイドライン (Ver2.0) "" の説明はどれか。

ア　“企業がIT活用を推進していく中で,サイバー攻撃から企業を守る観点で経営者が認識すべき3原則と,情報セキュリティ対策を実施する上での責任者となる担当幹部に,経営者が指示すべき事項をまとめたもの”

イ　”経営者が,情報セキュリティについて方針を示し,マネジメントシステムの要求事項を満たすルールを定め,組織が保有する情報をCIAの観点から維持し、継続的に見直すためのプロセス及 び管理策を体系的に規定したもの”

ウ　”事業体のITに関する経営者の活動を大きくITガバナンス (統制)とITマネジメント (管理)に分割 し,具体的な目標と工程として37のプロセスを定義したもの”

工　”世界的規模で生じているサイバーセキュリティ上の脅威に関して,企業の経営者を支援する施 策を総合的かつ効果的に推進するための国の責務を定めたもの”
","【正解】　ア

ア　サイバーセキュリティ経営ガイドラインの説明です。

イ　情報セキュリティ方針の説明です。

ウ　COBITの説明です。
COBIT（Control Objectives for Information and Related Technologies） は、企業のITガバナンスや情報システム管理を評価・改善するための国際的フレームワークです。

工　サイバーセキュリティ基本法の説明です。
"
92,"DJ-APsec

JIS Q 27002において、何の説明か

ア　情報資産に害をもたらすおそれのある事象の原因

イ　情報資産に内在して、リスクを顕在化させる弱点

ウ　リスク対策に費用をかけないでリスクを許容する選択

エ　リスク対策を適用しても解消しきれず残存するリスク
","ア　脅威の説明です。

イ　脆弱性の説明です。

ウ　リスク保有の説明です。

エ　残存リスクの説明です。
"
93,"DJ-APsec

Webシステムにおいて, セッションの乗っ取りの機会を減らすために、 利用者のログアウト時にWebサーバ又はWebブラウザにおいて行うべき処理はどれか。ここで、 利用者は自分専用のPCにおいて, Webブラウザを利用しているものとする。

ア　WebサーバにおいてセッションIDを内蔵ストレージに格納する。

イ　WebサーバにおいてセッションIDを無効にする。

ウ　WebブラウザにおいてキャッシュしているWebページをクリ
アする。

エ　WebブラウザにおいてセッションIDを内蔵ストレージに格納する。
","【正解】　イ
“あなたの解答: ウ”　← セッションではなく、Webページをクリアだった。
"
94,"DJ-APsec

DOH（DNS over HTTPS） と DOT（DNS over TLS） の違い
","ひとことで

DoH：DNSクエリをHTTPS（ポート443）で送る。Webトラフィックに紛れて見えにくい。

DoT：DNSクエリを**TLS（ポート853）**で保護して送る。専用の暗号化チャネルを使う。
"
95,"DJ-APsec

サイドチャネル攻撃は

ア　暗号化関数を線形近似する式を導き、その線形近似式から秘密情報の取得を試みる。

イ　機器が発する電磁波を測定することによって秘密情報の取得を試みる。

ウ　二つの平文の差とそれぞれの暗号文の差の関係から,秘密情報の取得を試みる。

エ　理論的にあり得る復号鍵の全てを機器に入力して秘密情報の取得を試みる。

","【正解】　イ

ア　「線形解読法」 の説明です。

イ　サイドチャネル攻撃の一つである 「電磁波解析攻撃」 の説明です。

ウ　「差分解読法」の説明です。

エ　ブルートフォース攻撃(総当たり攻撃)の説明です。
"
96,"DJ-APsec

何の説明か。

車などで移動しながら, 無線LANのアクセスポイントを探し出して,ネットワークに 不正侵入する。
","ウォードライビング (War Driving)の説明です。
"
97,"DJ-APsec

経済産業省とIPAが策定した""サイバーセキュリティ経営ガイドライン (Ver2.0)"" の説明はど れか。

ア　企業がIT活用を推進していく中で、サイバー攻撃から企業を守る観点で経営者が認識 すべき3原則と,情報セキュリティ対策を実施する上での責任者となる担当幹部に, 経営者が指示すべき重要10項目をまとめたもの

イ　経営者が情報セキュリティについて方針を示し, マネジメントシステムの要求事項を 満たすルールを定め,組織が保有する情報資産をCIAの観点から維持管理し,継続的に見直すためのプロセス及び管理策を体系的に規定したもの

ウ　事業体のITに関する経営者の活動を、大きくITガバナンス (統制)とITマネジメント (管理)に分割し,具体的な目標と工程として40のプロセスを定義したもの

エ　世界的規模で生じているサイバーセキュリティ上の脅威の深刻化に関して,企業の経営者を支援する施策を総合的かつ効果的に推進するための国の責務を定めたもの
","【正解】　ア
“あなたの解答:イ”

ア　サイバーセキュリティ経営ガイドラインの説明です。

イ　情報セキュリティ方針の説明です。

ウ　COBITの説明です。

エ　サイバーセキュリティ基本法の説明です。
"
98,"DJ-APsec

自社製品の脆弱性に起因するリスクに対応するための社内機能として,最も適切なものはどれか。

ア　CSIRT

イ　PSIRT

ウ　SOC

エ　WHOISデータベースの技術連絡担当
","【正解】　イ
“あなたの解答:ア”

ア　“CSIRT""
“CSIRT”は「Computer Security Incident Response Team」の略です。​
「シーサート」と読み、組織内のセキュリティインシデント（不正アクセスや情報漏洩など）が発生した際に対応する専門チームを指します。

イ　“PSIRT""
“PSIRT”は「Product Security Incident Response Team」の略です。​
日本語では「製品セキュリティインシデント対応チーム」と呼ばれ、自社が製造・販売する製品やサービスのセキュリティインシデント（脆弱性発見やセキュリティ事故）への対応を担当する専門組織を指します。

ウ　“SOC""
“SOC”は「Security Operation Center」（セキュリティオペレーションセンター）の略です。​
主にサイバー攻撃やセキュリティインシデントへの対応、ネットワークやシステムの24時間365日監視、インシデントの検知・分析・対策などを専門的に担う組織や部門のことを指します。​

エ　“WHOIS データベースの技術連絡担当”
WHOISデータベースの技術連絡担当は、co.jpやor.jpなどの属性型ドメインに関する技 術的な問い合わせ先としてWholsデータベースで公開されている担当者情報です。脆弱 性情報の受付窓口としては機能しますが、リスク対応にはなりません。
"
99,"DJ-APsec

何と言うか。

インターネットなどのネットワークを通じてサーバに不正にアクセスしたり,データの改ざん や破壊を行ったりする。 

","クラッキング
"
100,"DJ-APsec

クッキーを使ったシングルサインオンSSOの仕組みを簡単に述べよ。
","🟩 一行でまとめると：
クッキー型SSOは、共通ドメイン内で発行した認証クッキーを共有して、1回のログインで複数サービスに自動ログインできる仕組み

🔹 流れの概要
ユーザーがSSOの認証サーバ（例：login.example.com）にログインする。
認証サーバはログイン成功後、認証情報を含むクッキー（セッショントークン）をユーザーのブラウザに保存する。
ユーザーが別の関連サービス（例：mail.example.com、docs.example.com）にアクセスすると、
ブラウザが自動的にそのクッキーを送信する。
各サービスはそのクッキーを使ってSSOサーバに認証を確認し、
ログイン状態を再利用してアクセスを許可する。

🔹 ポイント
クッキーは同一ドメインまたは共通の上位ドメイン（例：*.example.com）内で共有できる。
利用者は一度のログインで複数システムを利用可能になる。
セキュリティ上は、HTTPS通信と短い有効期限、トークン署名などで保護する必要がある。
"
101,"DJ-APsec

オープンリゾルバを悪用した攻撃はどれか。

ア　ICMPパケットの送信元を偽装し,多数の宛先に送ることによって,攻撃対象のコンピュータに大量の偽のICMPパケットの応答を送る。

イ　PC内のhostsファイルにある, ドメインとIPアドレスとの対応付けを大量に書き換え,偽のWebサイトに誘導し、大量のコンテンツをダウンロードさせる。

ウ　送信元IPアドレスを偽装したDNS問合せを多数のDNSサーバに送ることによって, 攻撃対象のコンピュータに大量の応答を送る。

エ　誰でも電子メールの送信ができるメールサーバを踏み台にして,電子メールの送信元 アドレスを詐称したなりすましメールを大量に送信する。
","【正解】　ウ
“あなたの解答:工”　← オープンリレーと混同した。

ア　Smurf攻撃

イ　ファーミング攻撃

ウ　オープンリゾルバ

エ　オープンリレー 
"
102,"DJ-APsec

名前を答えよ。

Webサーバの前段に設置し,不特定多数のPCから特定のWebサーバへのリクエストに代理応答する。

","リバースプロキシの説明です。
"
103,"DJ-APsec

対称暗号技術と非対称暗号技術
","1つは公開鍵（公開可能）、もう1つは秘密鍵（秘密に保持）です。
"
104,"DJ-APsec

パケットフィルタリング型ファイアウォールのフィルタリングルールを用いて、 本来必要なサービスに影響を及ぼすことなく防げるものはどれか。

ア　外部に公開していないサーバへのアクセス

イ　サーバで動作するソフトウェアの脆弱性を突く攻撃

ウ　電子メールに添付されたファイルに含まれるマクロウイルスの侵入

エ　不特定多数のIoT機器から大量のHTTPリクエストを送り付けるDDoS攻撃
","【正解】　ア
“あなたの解答:工”

パケットフィルタリングとは、通過するパケットのIPアドレス (送信元 送信先)やポート番 号、 通信の方向などの情報をもとに中継の可否を判断する方式です。 ただし、パケットのペ イロード(データ部分)に関してはチェックを行いません。

ア　正しい。 外部に公開していないサービス、 若しくは業務に不要なサービスのポートへの 通信を遮断するルールを設定することで、 必要なサービスに影響を与えることなく不正 アクセスを防ぐことが可能です。

イ　IPアドレスとポート番号の組みを指定することで、 脆弱性のあるソフトウェアへの攻撃を目的とする通信を遮断できますが、正当な処理要求についても遮断してしまうことに なるため不適切です。

ウ　電子メールを転送するSMTP(TCP/25)に対する攻撃を防ぐことはできますが、それと同時に業務に必要なメール転送もできなくなってしまうため不適切です。

エ　「ウ」と同様に、HTTP (TCP/80)宛の通信を遮断してしまうと、 外部の利用者がWebサ ービスを利用できなくなってしまうため不適切です。
"
105,"DJ-APsec

社内のセキュリティポリシーで,利用者の事故に備えて秘密鍵を復元できること, 及びセキ ュリティ管理者の不正防止のための仕組みを確立することが決められている。電子メールで 公開鍵暗号方式を使用し,鍵の生成はセキュリティ部門が一括して行っている場合,秘密鍵 の適切な保管方法はどれか。

ア　1人のセキュリティ管理者が, 秘密鍵を暗号化して保管する。

イ　暗号化された秘密鍵の一つ一つを分割し,複数のセキュリティ管理者が分担して保管する。

ウ　セキュリティ部門には, 秘密鍵を一切残さず、 利用者本人だけが保管する。

エ　秘密鍵の一覧表を作成し,セキュリティ部門内に限り参照できるように保管する。


","【正解】　イ　
“あなたの解答:工”　← 「秘密鍵の一つ一つを分割し」この部分を読み取れなかった。

イ　正しい。 鍵の復元に複数人の合意が必要になるため、1人の管理者による不正を防止で きます。 認証局などの特に重要なセキュリティが要求される機関は、 秘密鍵の保管方法 に記述のような秘密分散技術を用いています。
"
106,"DJ-APsec

ウイルス検出手法を述べよ。

ア　あらかじめ検査対象に付加された, ウイルスに感染していないことを保証する情報と, 検査対象から算出した情報とを比較する。

イ　検査対象と安全な場所に保管してあるその原本とを比較する。

ウ　検査対象のハッシュ値と既知のウイルスファイルのハッシュ値とを比較する。

エ　検査対象をメモリ上の仮想環境下で実行して,その挙動を監視する。
","ア　チェックサム法・インテグリティチェック法の説明です。

イ　コンペア法の説明です。

ウ　パターンマッチング法の説明です。

エ　ビヘイビア法の説明です。
"
107,"DJ-APsec

公開鍵暗号方式で暗号化通信を行う場合は送信者が①で平文を暗号化し、受信者が②で復号する手順になります。
","①受信者の公開かぎ　← デジタル署名とは逆だよ。
②受信者の秘密かぎ

"
108,"DJ-APsec

①Webサイトのリダイレクト機能を悪用し、利用者を悪意のあるサイトに誘導する攻撃。フィッシングやマルウェア配布に悪用される。

②DNSサーバが外部からの全ての問い合わせに応答する設定（オープンリゾルバ）を悪用して、DNSアンプ攻撃（増幅型DDoS）を行う手法。

③不正に公開されたプロキシサーバを経由して、攻撃者が匿名で通信を行う、あるいはスパム送信・攻撃中継に利用する。

④メールサーバが中継制限をしていない状態を悪用し、スパムメールの大量送信に使う攻撃。

⑤不要な通信ポートが開いたままの機器をスキャンし、脆弱なサービスに侵入する攻撃。ポートスキャンの後に行われることが多い。
","①　オープンリダイレクト攻撃

②　オープンリゾルバ（Open Resolver）攻撃

③　オープンプロキシ（Open Proxy）悪用

④　オープンSMTPリレー（Open Relay）

⑤　オープンポート攻撃
"
109,"DJ-APsec

DKIMとSPFの違い（概要）
","SPF（Sender Policy Framework）	
認証の仕組み	「どのサーバーが送信を許されているか」をDNSで確認	

DKIM（DomainKeys Identified Mail）
メールに電子署名を付けて改ざんされていないかを確認
"
110,"DJ-APsec

SMTP Auth で使われる主なポート番号
","①認証付き送信（推奨）：　Submission（SMTP Auth）　587　現在の標準ポート。
②SSLで暗号化された送信：　SMTPS　46　古い方式だが今も利用される。
"
111,"DJ-APsec

公開鍵基盤とハッシュ関数を利用したメッセージのデジタル署名の手法はどれか。

ア　受信者は,送信者の公開鍵とハッシュ関数を用いてハッシュ符号を復号し,メッセー ジを得る。

イ　受信者は,ハッシュ関数を用いてメッセージからハッシュ符号を生成し,そのハッシ ユ符号と送信者の公開鍵を使用して署名を検証する。

ウ　送信者は,自分の公開鍵とハッシュ関数を用いてメッセージからハッシュ符号を生成 し,メッセージとともに送信する。

エ　送信者は,ハッシュ関数を用いて送信者の秘密鍵のハッシュ符号を生成し,メッセー ジとともに送信する。
","【正解】　イ
“あなたの解答:ウ”　← 国語の問題

イ　正しい。 受信者は、受信したメッセージのハッシュ値と送信者の公開鍵を使用して、 署名を検証します。

ウ　ハッシュ関数はメッセージのハッシュ符号を得るために使用されます。 メッセージとと もに送信するのは、ハッシュ符号を送信者の秘密鍵で変換した署名データです。

"
112,"DJ-APsec

3Dセキュア2.0
","🔹 最新版（3Dセキュア2.0）
スマホやアプリにも対応
不要な場合は認証をスキップする「リスクベース認証」　← これね！生体認証やワンタイムパスでより安全＆便利

🔹 「3D」の意味
「3D」は「Three Domain（3つの領域）」の略で、認証に関わる3者を指します：
① 取得者ドメイン	加盟店（ECサイトなど）
② 発行者ドメイン	カード会社（Visa・Mastercardなど）
③ 相互運用ドメイン	認証を中継するネットワーク（例：Visa Directory Server）

日本において「2025年春までに、ECサイト等で 3Dセキュア2.0 の導入が事実上必須となる。」
"
113,"DJ-APsec

CRYPTREC暗号リストには次の3つの種別があります。
","①電子政府推奨暗号リスト
CRYPTRECにより安全性および実装性能が確認された暗号技術について、市場における利用実績が十分であるか今後の普及が見込まれると判断され、当該技術の利用を推奨する もののリスト

②推奨候補暗号リスト
CRYPTRECにより安全性および実装性能が確認され、 今後、 電子政府推奨暗号リストに掲載される可能性のある暗号技術のリスト

③運用監視暗号リスト
実際に解読されるリスクが高まるなど、 推奨すべき状態ではなくなった暗号技術のうち、 互換性維持のために継続利用を容認するもののリスト。互換性維持以外の目的での利用は 推奨しない
"
114,"DJ-APsec

JIS Q 31000:2019 (リスクマネジメント-指針)において, リスク特定で考慮することが望 ましいとされている事項はどれか。

ア　結果の性質及び大きさ

イ　残留リスクが許容可能かどうかの判断

ウ　資産及び組織の資源の性質及び価値

エ　事象の起こりやすさ及び結果
","【正解】　ウ
“あなたの解答:ヴ”

ア　リスク分析で考慮するべき事項です。

イ　リスク対応で考慮するべき事項です。

ウ　正しい。 リスク特定で考慮するべき事項です。

エ　リスク分析で考慮するべき事項です。
"
115,"DJ-APsec

JIS Q 2001:2001に規定されたリスク算定の定量的評価を,組織のセキュリティ対策の優先度を検討するリスク分析に適用したものはどれか。

ア　過去に発生した被害件数と対策の難易度で評価する。

イ　攻撃に対する対処時間と被害の顕在性で評価する。

ウ　攻撃もとの特定可否と攻撃手法の新しさで評価する。

エ　被害が発生する確率と被害額で評価する。
","【正解】　エ　← 「定量的」が一番大切
“あなたの解答:工”

定量的評価とは、リスクの大きさを金額(数値)で表す評価手法です。これに対して定性的評価はランク付けやレベルなどの金額以外で表す手法になります。

ア　“過去に発生した被害件数と対策の難易度で評価する。
定性的評価です。

イ“攻撃に対する対処時間と被害の顕在性で評価する。
定性的評価です。

ウ　“攻撃もとの特定可否と攻撃手法の新しさで評価する。 ""
定性的評価です。

エ“被害が発生する確率と被害額で評価する。
正しい。被害想定を数値で表しているので定量的評価です。
"
116,"DJ-APsec

JVNとは
","JVN（Japan Vulnerability Notes） は、国内の脆弱性情報を集約・公開する日本の公式サイトです。
日本語で提供されるので、日本国内の企業や個人が脆弱性情報を確認しやすくなっています。

🔹 運営
運営主体：独立行政法人情報処理推進機構（IPA） と JPCERT/CC
役割：
国内外のソフトウェアやハードウェアの脆弱性情報を収集
脆弱性に関するアドバイザリを提供
セキュリティ対策や影響範囲の情報を解説

🔹 主な特徴
日本語で分かりやすく解説されている
CVE（共通脆弱性識別子）番号を参照できる
ベンダー提供の修正情報やアップデート情報も掲載
個人・企業問わず、脆弱性管理・セキュリティ対策に活用できる
"
117,"DJ-APsec

IDS(Intrusion Detection System)の特徴のうち、適切なものはどれか。

ア　ネットワーク型IDSでは, SSLを利用したアプリケーションを介して行われる攻撃を検知できる。

イ　ネットワーク型IDSでは,通信内容の解析によって,ファイルの改ざんを検知できる。

ウ　ホスト型IDSでは,シグネチャとのパターンマッチングを失敗させるためのパケット が挿入された攻撃でも検知できる。

エ　ホスト型IDSでは,到着する不正パケットの解析によって, ネットワークセグメント上の不正パケットを検知できる。
","【正解】　ウ
“あなたの解答:ア”

IDSには、ネットワークセグメントに接続しネットワークを流れる通信を監視するNIDS(Ne twork-Based IDS) と、 監視対象のサーバ (ホスト)にインストールしてそのサーバで発生するイベントを監視するHIDS(Host-Based IDS)の2つに分類することができます。

ア　一般的なネットワーク型IDS(NIDS)は、通信内容を復号するSSLアクセラレータ機能を もっていないため、暗号化された攻撃を検知することができません。(ただし一部の高 機能NIDSはSSLアクセラレータの機能をもつ機器も存在します)

イ　NIDSは、ネットワークに接続して通信内容の監視を行う機器のため、 ホスト上に存在するファイルの異常を検知することはできません。

ウ　正しい。ホスト型IDS(HIDS)では、パターンマッチングだけでなく、ログインや特定フアイルへのアクセスなども検知項目とするため、これらを監視することで不正パケット を検知することが可能です。

エ　HIDSは、対象ホストのみを監視するのでネットワークに流れる不正パケットのすべて の検知はできません。
"
118,"DJ-APsec

ステガノグラフィを説明したものはどれか。

ア　データをコピーできないようにする技術のことをいう。

イ　データを第三者に盗み見られでも解読できないようにするために,決まった規則に従 ってデータを変換することをいう。

ウ　文書の正当性を保証するために付けられる暗号化された署名情報のことをいう。

エ　メッセージを画像データや音声データなどに埋め込み、メッセージの存在を隠す技術のことをいう。
","【正解】　エ　← 「電子透かし技術」
“あなたの解答:ウ”

ステガノグラフィ (Steganography)とは、音声や画像などのデータの中に、別のデータ(多 くの場合文字列)を秘密裏に埋め込む技術や考え方のことです。 デジタルデータの世界では著作物に著作者名や利用者の情報などを埋め込む 「電子透かし技術」として応用されていま す。

ア　コピーガードの説明です。

イ　クリプトグラフィ(暗号化)の説明です。

ウ　デジタル署名の説明です。

エ　正しい。ステガノグラフィの説明です。
"
119,"DJ-APsec

スパムメール対策として, サブミッションポート(ポート番号587)を導入する目的はどれ か。

ア　DNSサーバにSPFレコードを問い合わせる。

イ　DNSサーバに登録されている公開鍵を使用して, デジタル署名を検証する。

ウ　POP before SMTPを使用して,メール送信者を認証する。

エ　SMTP-AUTHを使用して, メール送信者を認証する。
","【正解】　エ
“あなたの解答:ウ”

ウ　← POP3受信用：通常 110（非暗号化）、または 995（SSL/TLS）

まとめ
POP before SMTP ではポート587は必須ではなく、SMTP送信は従来通り25番でも動作する。ただし現代では587番を用いたSMTP-AUTH方式が推奨される。
"
120,"DJ-APsec

TPM（Trusted Platform Module）とは
","TPMは、PCやサーバーに組み込まれた「信頼できる暗号処理チップ」で、安全な認証やデータ保護を行うもの。

🔹 主な機能
暗号鍵の安全な保管
OSやアプリケーションから独立して鍵を保護
ハードウェア認証
PCやデバイスが正規であることを確認
データの暗号化・復号
BitLocker などのドライブ暗号化に利用
セキュアブート支援
OS起動時に改ざんがないかチェック
"
121,"DJ-APsec

広義のCSIRTは活動範囲の違いによって以下の6種類に分類されます。
","①組織内CSIRT
組織内のセキュリティインシデントに対応する

②国際連携 CSIRT
国を代表する形でインシデント対応のための連絡窓口として活動する

③コーディネーションセンター
協力関係にある他のCSIRTとの情報連携や調整を行う

④分析センター
インシデントの傾向分析、 マルウェア解析、 痕跡分析、 注意喚起などを行う

⑤ベンダーチーム (PSIRT)
自社製品の脆弱性に対応し、 パッチを作成したり注意喚起をしたりする

⑥インシデントレスポンスプロバイダ
セキュリティベンダーやSOC (Security Operation Center)などの、CSIRT機能の一部を顧客から有償で請け負う事業者
"
122,"DJ-APsec

LANアナライザーとは、コンピュータネットワーク（LAN）の通信を監視・解析するための機器やソフトウェアは
","LANアナライザー
"
123,"DJ-APsec

VLANの種類を④種述べよ。
","①ポートベースVLAN
スイッチの接続ポート単位でグルーピング

②アドレスベースVLAN
MACアドレスやIPアドレスを基準にグルーピング

③ポリシーベースVLAN
IP、IPX、AppleTalkなどのネットワークプロトコルごとにグルーピング

④タグ VLAN
パケット内の拡張タグに指定された情報によってグルーピング
"
124,"DJ-APsec

APOP（アポップ）

SMTP Submission
","APOP（Authenticated POP） では「パスワードを暗号化して送る」ようにしたものです。

SMTP Submission は、メールを送るときに“ちゃんと本人確認して安全に送る”仕組み。
"
125,"DJ-APsec

ISMSにおけるリスク分析の方法の一つであるベースラインアプローチはどれか。

ア　公表されている基準などに基づいて一定のセキュリティレベルを設定し、実施している管理策とのギャップ分析を行った上で,リスクを評価する。

イ　情報資産を洗い出し, それぞれの情報資産に対して資産価値,脅威, 脆弱性及びセキュリティ要件を識別し, リスクを評価する。

ウ　複数のリスク分析方法の長所を生かして組み合わせ, 作業効率や分析精度の向上を図る。

エ　リスク分析を行う組織や担当者の判断によって, リスクを評価する。
","【正解】　ア
"
126,"DJ-APsec

Webサーバにおいて,機密情報を記載したページが第三者に不正利用されることを防止するためのセキュリティ対策のうち, 最も適切なものはどれか。

ア　Webサーバの受信用のポート番号を標準ポート番号から変更する。

イ　機密情報を記載したページでは、アクセス時に利用者認証を要求する。

ウ　機密情報を記載したページのURLは非公開にし,関係者だけに伝える。

エ　ドメイン名をDNSに登録せず, IPアドレスの直接入力だけでアクセスさせる。
","【正解】　イ
“あなたの解答:ウ”
"
127,"DJ-APsec

JPCERTコーディネーションセンターの説明はどれか。

ア　産業標準化法に基づいて経済産業省に設置されている審議会であり,産業標準化全般に関する 調査・審議を行っている。

イ　電子政府推奨暗号の安全性を評価・監視し,暗号技術の適切な実装法・運用法を調査・検討するプロジェクトであり, 総務省及び経済産業省が共同で運営する暗号技術検討会などで構成され る。

ウ　特定の政府機関や企業から独立した組織であり,国内のコンピュータセキュリティインシデントに関する報告の受付,対応の支援,発生状況の把握,手口の分析,再発防止策の検討や助言を 行っている。

エ　内閣官房に設置され,我が国をサイバー攻撃から防衛するための司令塔機能を担う組織であ る。
","【正解】　ウ
“あなたの解答:イ”

ア　日本産業標準調査会 (JISC)の説明です。

イ　CRYPTRECの説明です。

ウ　JPCERT/CCの説明です。

エ　国家サイバー統括室 (NCO)の説明です。
"
128,"DJ-APsec

サイバーレスキュー隊 (J-CRAT)は,どの脅威による被害の低減と拡大防止を活動目的とし ているか。

ア　クレジットカードのスキミング

イ　内部不正による情報漏えい

ウ　標的型サイバー攻撃

エ　無線LANの盗聴
","【正解】　ウ
“あなたの解答:ア”　←  「標的型サイバー攻撃特別相談窓口」にて受け付けた 

サイバーレスキュー隊 (J-CRAT) は、 「標的型サイバー攻撃特別相談窓口」にて受け付けた 相談や情報に対して調査分析を実施し、JPCERT/CCやセキュリティベンダー等と連携して 助言や支援および情報共有を行うことで被害の低減と攻撃の拡大防止を図るIPAの取り組み です。 標的型サイバー攻撃の被害低減と拡大防止を活動目的としています。

"
129,"DJ-APsec

ソフトウェアの情報セキュリティ対策のうち,SBOM (Software Bill Of Materials)管理ツー ルを用いることができるものはどれか。

ア　ソフトウェアでの利用者認証に用いるアカウントの一元管理

イ　ソフトウェアについての脆弱性管理

ウ　ソフトウェアのソースコードについてのバージョン管理, アクセス制御及び改ざん防止

エ　ソフトウェアのソースコードのバックアップとマルウェア混入防止
","【正解】　イ
“あなたの解答:ウ”

SBOM (Software Bill Of Materials: エスボム) は、 ある製品に含まれるソフトウェアに含まれるすべてのコンポーネントについて、それらの名称、バージョン・ビルド情報、ライセンス情報、依存関係、その他関連情報を含めて、機械処理可能なリストにしたものです。
脆弱性管理では、どのソフトウェアにどのバージョンのOSSやライブラリが含まれているかの把握が必須です。 SBOMの作成・管理により、 確認された脆弱性をもつコンポーネントが使用されているかどうか、その影響度・影響範囲の特定、ソフトウェアアップデートの必要性の判断等を効率的に行えるようになるため、SBOMはソフトウェアの脆弱性管理のためのツールとしても利用されています。
"
130,"DJ-APsec

ア　アプリケーションゲートウェイ方式

イ　サーキットゲートウェイ方式

ウ　トランスポートゲートウェイ方式

エ　パケットフィルタリング方式


","ア　アプリケーションゲートウェイ方式：アプリごとに通信内容を解析・中継して、不正なデータを遮断する方式。

イ　サーキットゲートウェイ方式：通信の確立時だけ中継し、その後は仮想回線としてパケットを通す方式。
クライアントが外部サーバへ通信を開始。
サーキットゲートウェイが接続要求を受け取り、ユーザー認証や通信の可否を確認。
許可されると、内部と外部の間に「仮想的な回線（サーキット）」を作る。
以降の通信は、そのサーキットを通じて中継される（データ内容は確認しない）。

ウ　トランスポートゲートウェイ方式：TCP/UDPレベルで通信を中継し、ポート番号などを基に制御する方式。

エ　パケットフィルタリング方式：IPアドレスやポート番号などの情報を基に通過可否を判断する方式。
"
131,"DJ-APsec

Man-in-the-Browser攻撃に該当するものはどれか。

ア　DNSサーバのキャッシュを不正に書き換えて, インターネットバンキングに見せか けた偽サイトをWebブラウザに表示させる。

イ　PCに侵入したマルウェアが、利用者のインターネットバンキングへのログインを検 知して, Webブラウザから送信される振込先などのデータを改ざんする。

ウ　インターネットバンキングから送信されたように見せかけた電子メールに偽サイトの URLを記載しておき、その偽サイトに接続させて, Webブラウザから口座番号やク レジットカード番号を入力させることで情報を盗み出す。

エ　インターネットバンキングの正規サイトに見せかけた中継サイトに接続させ,Web ブラウザから入力された利用者IDとパスワードを正規サイトに転送し、 利用者にな りすましてログインする。
","【正解】　イ
“あなたの解答:工”

Man-in-the-Browser 攻撃 (MITB)は、ユーザーPC内でプロキシとして動作するトロイの木馬(マルウェア)によってWebブラウザ ~Webサーバ間の送受信をブラウザベースで盗聴・改ざんする攻撃です。 インターネットバンキングへのログインを検知して、 セッションを乗っ取り、振込先口座番号を差し替えることで預金を不正送金するなどの攻撃例があります。 同じく送受信を改ざんするMan-in-the-Middle 攻撃と異なり、 クライアント内で書換えが行われるためWebサーバ側で不正処理を拒否することが難しいという特徴があります。

ア　DNSキャッシュポイズニング攻撃に該当します。

イ　正しい。 Man-in-the-Browser攻撃に該当します。

ウ　フィッシング攻撃に該当します。

エ　情報の搾取に中継サイトを使うMan-in-the-Middle攻撃(中間者攻撃)に該当します。
"
132,"DJ-APsec

JIS Q 27000:2019 (情報セキュリティマネジメントシステム用語)における""リスクレベ ル""の定義はどれか。

ア　脅威によって付け込まれる可能性のある, 資産又は管理策の弱点

イ　結果とその起こりやすさの組合せとして表現される, リスクの大きさ

ウ　対応すべきリスクに付与する優先順位

エ　リスクの重大性を評価するために目安とする条件
","【正解】　イ　
“あなたの解答:工”

ア　脆弱性の定義です。

イ　正しい。 リスクレベルの定義です。 リスクは影響度と発生確率の積で大きさを見積もります。

ウ　この記述に対応する用語はありません。

エ　リスク基準の定義です。
"
133,"DJ-APsec

経済産業省""個人情報の保護に関する法律についての経済産業分野を対象とするガイドライ　ン""の物理的安全管理措置に該当するものはどれか。

ア　個人情報の安全管理にかかわる従業員の役割及び責任についての教育・訓練を実施する。

イ　個人データの漏えいなどの事故が発生した場合の、代表者などへの報告連絡体制を整備する。

ウ　個人データを取り扱う情報システムへのアクセスの成功と失敗の記録を取得する。

エ　個人データを取り扱う情報システムを, ICカードによる入退出管理を実施している 室内に配置する。
","【正解】　エ
“あなたの解答:イ”

ガイドラインでは、安全管理措置を「組織的」「人的」「物理的」および「技術的」の4つ に分類して望まれる管理措置を記述しています。

ア　人的安全管理措置です。

イ　組織的安全管理措置です。

ウ　技術的安全管理措置です。

エ　物理的安全管理措置です。
"
134,"DJ-APsec

情報システムのリスク分析における作業 1~5の、 適切な順序はどれか。

1 損失の分類と影響度の評価
2 対策の検討・評価と優先順位の決定
3 事故態様の関連分析と損失額予想
4 脆弱性の発見と識別
5 分析対象の理解と分析計画

ア　4→5→2→3→1

イ　4→5→3→2→1

ウ　5→4→2→3→1

エ　5→4→3→1→2



","【正解】　エ　
“あなたの解答:ア”

選択肢をみると1,2番目が 4と5のどちらかになる事がわかります。 常識的に考えて5 「(リスク)分析計画」後に4「脆弱性の発見」が来るのが適当と考えられるので1,2番目は 5 4になります。
続く3番目の作業ですが選択肢から2と3のどちらかが当てはまることがわかります。 2 「優先順位の決定」は、3「損失額予想」の結果を考慮して決まるので3番目の作業は3が
適切です。
最後の4,5番目の作業には残された1と2のどちらかが当てはまります。 2 「優先順位の 決定」は、先程と同様に1 「損失の分類と影響度の評価」の結果を考慮して決まるので1→ 2の順序が適切です。
これらをまとめると適切な作業順序は「5→4→3→ 1→2」 となります。
"
135,"DJ-APsec

CSPM（Cloud Security Posture Management）
","クラウドの設定ミスやセキュリティリスクを自動的に検出・是正する仕組み（または製品群） のことです。
クラウド環境の設定・構成を継続的に監査
セキュリティポリシーやベストプラクティスに違反していないかをチェック
問題があれば自動的に通知・修正する
といった “クラウドの健康診断ツール” のような役割を果たします。

🧩 主な機能
IAM（アクセス権限）設定の誤り検出
ストレージの公開設定チェック（例：S3バケットの公開）
暗号化設定・ログ設定の確認
各クラウドサービスのセキュリティ基準への準拠確認（CIS Benchmarkなど）
"
136,"DJ-APsec

CSPM(Cloud Security Posture Management)( END.

ア　“クラウドサービスにおける情報漏えいなどのリスクを低減するために、 設定の監視を行ったり、自動的に不備を修正したりするサービス”

イ　“従業員からの情報セキュリティマネジメントシステムに関する問合せに応じ、必要な支援を行うクラウドサービス”

ウ　“従業員によるインターネット上のSaaSの利用状況を可視化することによって, ポリシー違反を検出し, 接続制限を行うサービス”

エ　“ファイアウォール, マルウェア検知などのセキュリティ機能を統合し,パッケージとして提供するクラウドサービス”

","【正解】　ア

ア　正しい。CSPMの説明です。

イ　SaaS型のサービスデスクです。

ウ　CASB(Cloud Access Security Broker) の説明です。

エ　SASE (Secure Access Service Edge) の説明です。
"
137,"DJ-APsec

無線LANを利用するとき, セキュリティ方式としてWPA2を選択することで利用される暗号 化アルゴリズムはどれか。

ア　AES

イ　ECC

ウ　RC4

エ　RSA
","【正解】　ア
“あなたの解答:ウ”
"
138,"DJ-APsec

802.1XとWPA2の関係。
","認証（誰が接続してよいか）　IEEE 802.1X　利用者や端末の本人確認を行う仕組み
暗号化（通信内容を守る）　WPA2　Wi-Fi通信のデータを暗号化して盗聴を防ぐ

つまり、

🔸 802.1Xが「認証」 を担当し、
🔸 WPA2が「暗号化」 を担当して、
両方を組み合わせたのが 「WPA2-Enterprise」 です。

🔹 WPA2の2つのモード
モード名	認証の仕組み	特徴
WPA2-Personal（家庭向け）	共有パスワード（PSK：Pre-Shared Key）	家庭用ルーターなどで使われる簡易型
WPA2-Enterprise（企業・学校向け）	802.1X認証（ID・パスワードや証明書で認証）	高いセキュリティ、個別認証が可
"
139,"DJ-APsec

EAPとWPAの関係
","EAP（Extensible Authentication Protocol）　ネットワーク上で「ユーザーや端末を認証するための枠組み（プロトコル）」。802.1X認証で使われる。
WPA/WPA2-Enterprise	　無線LANの暗号化規格のうち、「企業・学校向け」の方式。通信の暗号化と802.1Xによる認証を組み合わせたもの。

🔹 まとめ
WPA2-Enterprise = 無線LAN暗号化 + 802.1X認証
EAP = 802.1X認証で使われる具体的な認証方式の枠組み
"
140,"DJ-APsec

EAPではAESを使うのか?
","いい質問です。答えは EAP自体はAESを使わない です。

🔹 詳しく説明
1. EAP（Extensible Authentication Protocol）の役割
認証プロトコルの枠組みであり、ユーザーや端末の本人確認を行うもの。
「パスワード認証」「証明書認証」など、さまざまな認証方式（EAP-TLS、PEAP、EAP-TTLSなど）をカプセル化して扱える。
暗号化そのものは目的ではない。

2. AESとの関係
AESは 暗号化方式（Advanced Encryption Standard） で、データの盗聴防止や保護に使われる。
EAPは認証プロトコルなので、直接AESを使うことはない。
ただし、EAP認証に成功した後、WPA2-Enterpriseなどの無線LAN通信では AES（CCMP）を使ってWi-Fiデータを暗号化する。

3. まとめ
項目	AES使用の有無
EAP　❌ 直接は使わない（認証専用）
WPA2-Enterpriseのデータ通信　✅ AES（CCMP）で暗号化される

💡 一言まとめ
EAPは認証のためのプロトコルで、AES暗号化は認証後のWi-Fi通信を守るためにWPA2が使う。
"
141,"DJ-APsec

セキュリティ対策の""予防""に該当するものはどれか。

ア　アクセスログをチェックし、不正なアクセスがないかどうかを監視する。

イ　コンティンジェンシープランを策定し, 訓練を実施する。

ウ　重要ファイルのバックアップ処理を定期的に行う。

エ　セキュリティに関する社内教育を実施し、個人の意識を高める。
","【正解】　エ
“あなたの解答:ウ”

セキュリティ対策における ""予防 ""とは、物理的環境、人、 情報システムなどの脆弱な部分に対して、事前にセキュリティ対策を行うことで被害が発生しにくい強固な状態を作り出すこ とです。

ア　異常を検知し被害を最小限に抑える対策なので、セキュリティ対策の""検知・追跡""に該当します。

イ　被害が発生した場合に正常な状態に復旧させるための対策なので、 セキュリティ対策の""回復""に該当します。

ウ　「イ」と同じくセキュリティ対策の""回復 "" に該当します。

エ　正しい。 セキュリティに関する社内教育には、犯罪や不正行為を思いとどまらせる抑止 効果を期待することができます。問題を未然に防ぐための対策なので""予防""に該当します。
"
142,"DJ-APsec

リプレイアタック（Replay Attack）とは
","過去にやり取りされた通信データや認証情報を盗み取り、同じ内容を繰り返し送信して不正に認証や操作を行う攻撃

通信の盗聴が前提
ネットワーク上のデータを傍受（スニッフィング）して取得する

再送信して不正アクセス
例えばログイン認証情報をコピーして、別のタイミングで不正にログインする

暗号化されていても起こりうる　← なるほど！
暗号化されていても、暗号文をそのまま再送すると認証が通る場合がある
"
143,"DJ-APsec

ISMS適合性評価における情報セキュリティポリシーとは
","ISMSにおける情報セキュリティポリシーは、組織の情報セキュリティに関する 最上位の方針文書。
適合性評価では、ポリシーが策定されているだけでなく、下位文書や運用と整合しているかが確認される。

ISMS評価では 「ポリシーがあるだけでなく、運用されていること」 が重要

「方針 → 規程 → 手順 → 記録」の 整合性 がチェックされる
"
144,"DJ-APsec

ユーザーや端末の認証結果に応じて、自動的に接続するVLANを切り替える仕組みを何と言うか。
","認証VLANと
"
145,"DJ-SC

何の説明か。

ア　“暗号モジュールのセキュリティ要求事項”

イ　“情報セキュリティマネジメントシステムに関する認証基準”

ウ　“デジタル証明書や証明書失効リストの標準仕様”

エ“無線LANセキュリティ技術”

","ア　FIPS 140-2

イ　ISMS

ウ　ITU-T X.509

エ　WPA(Wi-Fi Protected Access)など
"
146,"DJ-SA

ISO/IEC 15408を評価基準とする""ITセキュリティ評価及び認証制度""の説明として,適切なものはどれ か。

ア“暗号モジュールに暗号アルゴリズムが適切に実装され,暗号鍵などが確実に保護されているかどうかを評価及び認証する制度”

イ“主に無線LANにおいて, RADIUSなどと連携することで,認証されていない利用者を全て排除し,認証された利用者だけの通信を通過させることを評価及び認証する制度”

ウ　“情報技術に関連した製品のセキュリティ機能の適切性、確実性を第三者機関が評価し, その結果を公的に認証する制度”

エ　“情報セキュリティマネジメントシステムが,基準にのっとり、適切に組織内に構築、運用され ていることを評価及び認証する制度”
","【正解】　ウ

ア　暗号モジュール試験及び認証制度 (JCMVP)の説明です。

イ　Wi-Fi Protected Access (WPA) の説明です。

ウ　ITセキュリティ評価及び認証制度 (JISEC) の説明です。

エ　ISMS適合性評価制度の説明です。
"
147,"DJ-SC-H30A

図のような階層構造で設計及び実装した組込みシステムがある。 このシステムの開発プロジ ェクトにおいて, デバイスドライバ層の単体テスト工程が未終了で,アプリケーション層及びミドルウェア層の単体テストが先に終了した。 この段階で行うソフトウェア結合テストの 方式として,適切なものはどれか。

 -----------------
 プリケーション層
 -----------------
ドルウェア層
 -----------------
デバイスドライバ層
 -----------------
ハードウェア
 -----------------

ア　サンドイッチテスト

イ　トップダウンテスト

ウ　ビッグバンテスト

エ　ボトムアップテスト
","イ　トップダウンテスト
"
148,"DJ-SC-R7A

CSPM(Cloud Security Posture Management) の機能はどれか。

ア　クラウドサービス上に構築したシステムのファイルを継続的に監視し, マルウェア感染を検知する。

イ　クラウドサービスの設定を継続的に監視し, 不適切な設定を検知する。

ウ　クラウドサービスへのアクセスを継続的に監視し、不正アクセスを遮断する。

エ　組織のファイルサーバのデータを継続的に監視し, 重要データを暗号化してクラウド サービスのストレージにバックアップを格納する。
","【正解】　ア

CSPM (Cloud Security Posture Management) は、クラウドサービスのセキュリティ設定状況を可視化し、 国際的なセキュリティ基準などに基づいて設定や構成の不備を検出し、必要に応じて自動で修正まで行うソリューションです。主にlaaSやPaaSといったクラウド環境上のシステムをセキュリティを強化するために利用されます。

クラウド化が進む現在、クラウド上のデータはインターネットを通じて扱われるため、設定ミスによって情報漏えいや不正アクセスが発生するリスクがあります。これを防ぐのがCS PMの役割です。CSPMの主な特徴は次のとおりです。

・アカウント設定の誤りやパッチ未適用を検出します

・異なるクラウドをまとめて管理できます

・国際的な基準で検査するため、担当者のスキル差に左右されませ

ア “クラウドサービスにおける情報漏えいなどのリスクを低減するために、 設定の監視を行った
り、自動的に不備を修正したりするサービス""
正しい。 CSPMの説明です。

イ “従業員からの情報セキュリティマネジメントシステムに関する問合せに応じ、必要な支援を行うクラウドサービス”
SaaS型のサービスデスクです。

ウ “従業員によるインターネット上のSaaSの利用状況を可視化することによって, ポリシー違反を検出し,接続制限を行うサービス""
CASB(Cloud Access Security Broker)の説明です。

エ “ファイアウォール, マルウェア検知などのセキュリティ機能を統合し, パッケージとして提供するクラウドサービス ""
SASE(Secure Access Service Edge)の説明です。
"
149,"DJ-SC-R7A

UEBAの機能はどれか。

ア　指紋,静脈などの身体的特徴によって本人確認を行う。

イ　情報への論理的アクセスを制御する。

ウ　データをUSBメモリに格納する際に暗号化する。

エ　利用者や機器の異常な振る舞いを検知する。
","【正解】　エ

UEBA（User and Entity Behavior Analytics）とは、
ユーザーやデバイス（エンティティ）の行動を分析し、
通常と異なる「異常な振る舞い（不審なアクセスや操作など）」を検知する仕組みです。
内部不正やアカウント乗っ取りなどを早期に発見するために使われます。

ア：生体認証（バイオメトリクス認証）

イ：アクセス制御（Access Control）

ウ：暗号化ソフトやデバイス制御
"
150,"DJ-SC-R7A

情報理論的安全性に基づく暗号技術はどれか。

ア　DH鍵共有

イ　RSA暗号

ウ　楕円曲線暗号

エ　ワンタイムパッド
","【正解】　エ

情報理論的安全性とは、
「計算能力に関係なく、理論的に解読が不可能である」ことを意味します。
（＝無限の計算力を持つ攻撃者でも解読できない）

**ワンタイムパッド（One-Time Pad）**は、完全にランダムな鍵を平文と同じ長さだけ使い、一度きり使用して破棄する方式。
→ これにより、理論的に完全な安全性が保証されます。

ア　DH鍵共有	離散対数問題の困難性に依存	計算的安全性

イ　RSA暗号	大きな整数の因数分解の困難性に依存	計算的安全性

ウ　楕円曲線暗号	楕円曲線離散対数問題の困難性に依存	計算的安全性

エ　ワンタイムパッド	情報理論的安全性に基づく	✅情報理論的安全性
"
151,"DJ-SC-R7A

AIに対するモデルインバージョン攻撃に該当するものはどれか。

ア　AIモデルに対して入力データを調整しながら出力結果の取得を繰り返し行って解析 し,学習に用いた元のデータを推測する。

イ　AIモデルに対して複数のデータを入力して得られた出力結果を観察することによっ て,当該AIモデルを模倣し,同等の性能をもつAIモデルを得る。

ウ　学習時のデータセットに悪意あるデータを混入し, 誤った学習をさせる。

エ　何らかの方法でAIの実行ファイルを入手し, 逆アセンブルや逆コンパイルによってA Iのソースコードを得る。

","【正解】　ア

ア：モデルに対して入力を変えつつ出力を観察して学習データ（元データ）を推測する—これがモデル・イ
ンバージョン攻撃です（訓練データの属性や個別サンプルを復元する攻撃）。

イ：複数の入出力から同等のモデルを作るのはモデル抽出（モデル盗用）攻撃。

ウ：学習データに悪意あるデータを混入させるのはデータ汚染（Poisoning）攻撃。

エ：実行ファイルを逆コンパイルしてコードを得るのはリバースエンジニアリング（攻撃カテゴリは別）。
"
152,"DJ-SC-R7A

システム監査基準 (令和5年)に基づくシステム監査において,リスク評価に基づいた監査計画の策定で考慮すべき事項として,適切なものはどれか。

ア　監査対象の不備を見逃して監査の結論を誤る監査リスクを完全に回避する監査計画を策定する。

イ　システム監査におけるリスク・アプローチでは,各監査対象に対して均等に監査資源を配分する。

ウ　システム監査に係るリスクのうち, 監査対象に対するリスクは,統制リスクと残存リ スクの二つに大別される。

エ　組織体内外の環境変化によってリスクが相当程度変化した場合には,監査計画の見直 しを検討し,必要に応じて変更する。
","【正解】　エ

ア “監査対象の不備を見逃して監査の結論を誤る監査リスクを完全に回避する監査計画を策定する。”
システム監査は、時間、要員、費用等の制約のもとで実施されるため、監査リスク (監査の結論を誤る可能性)を完全に回避することはできません。この点を念頭において、監査計画の策定においては、監査リスクを合理的に低い水準に抑えることができるアプローチをとることが求められます。

イ “システム監査におけるリスク・アプローチでは,各監査対象に対して均等に監査資源を配分する。
全ての監査対象に対して同じ監査資源(時間、要員、費用等)を投入するのは非効率的です。リスクの影響度が大きい監査対象領域には重点的に監査資源を配分し、影響が小さい監査対象領域には相応の資源配分を行うことで、効果的かつ効率的な監査を実施することが求められます。

ウ　“システム監査に係るリスクのうち,監査対象に対するリスクは,統制リスクと残存リスクの二つに大別される。 ""
監査対象に対するリスクは、1固有リスク、2統制リスク、3 残存リスク の3つに大別されます。
　1は情報システムの有効性・効率性・信頼性・安全性・コンプライアンスが維持されないリスク、
　2は固有リスクの顕在化等の発生防止や発見・是正がされないリスク、
　3はコントロールを講じた後も残っているリスクを指します。

エ“組織体内外の環境変化によってリスクが相当程度変化した場合には,監査計画の見直しを検討し、必要に応じて変更する。""
正しい。システム構成や利用形態、またはビジネスや環境などの外部状況の変化によって、情報システムリスクは変化することがあります。システム監査人は、組織体内外のｘ環境の変化によりリスクが相当程度変化した場合は、必要に応じて適時適切に監査計画を変更することが求められます。
"
153,"DJ-SC-R7A

NIST SP 800-63-3で定義されているIdentity Proofing に該当するものはどれか。

ア　システムに利用者を登録する際に,利用者本人と写真付き身分証とを照合し,確認する。

イ　システムに利用者を登録する際に,利用者本人の希望する利用者IDが既に別の利用者に利用されていないかどうかを確認する。

ウ　利用者がシステムにログインした際に, システムから利用者に電子メールを送信し, ログインしたことを利用者本人に確認させる。

エ　利用者がシステムにログインする際に、 利用者の入力した利用者ID及びパスワード とシステムに登録されている情報とを照合し、利用者本人かどうかを確認する。

","【正解】　ア
"
154,"DJ-SC-R7A

問5 AI に対するモデルインバージョン攻撃に該当するものはどれか。

ア　AI モデルに対して入力データを調整しながら出力結果の取得を繰り返し行って解析し,学習に用いた元のデータを推測する。

イ　AI モデルに対して複数のデータを入力して得られた出力結果を観察することによって、当該AI モデルを模倣し、 同等の性能をもつAI モデルを得る。

ウ　学習時のデータセットに悪意あるデータを混入し, 誤った学習をさせる。

エ　何らかの方法で AI の実行ファイルを入手し, 逆アセンブルや逆コンパイルによってAIのソースコードを得る。
","【正解】　ア
　← ウだと思った
"
155,"DJ-SC-R7A

XML デジタル署名の特徴はどれか。

ア　XML デジタル署名の構文には, CMS (Cryptographic Message Syntax) が用いられる。

イ　XML 文書中のエレメントに対するデタッチ署名(Detached Signature) を作成し,同じ XML 文書に含めることができる。

ウ　エンベローピング署名 (Enveloping Signature) では,一つの署名対象に複数の署名を付与する。

エ　署名対象と署名アルゴリズムは ASN. 1によって記述する。
","【正解】　イ

ア：誤り。
→ CMS（Cryptographic Message Syntax）は S/MIMEやPKCS #7 などで使われる形式で、XML署名では使用しません。XML署名は W3CのXML Signature構文 を用います。

ウ：誤り。
→ エンベローピング署名は、「署名の中に署名対象データを含める」形式であり、「一つの署名対象に複数の署名を付与する」ものではありません。

エ：誤り。
→ XML署名では ASN.1 ではなく、XML構文 を使って署名対象やアルゴリズムを記述します。
"
156,"DJ-SC-R7A

ドメインフロンティングとは
","
SNI側（表向きのドメイン） → 正常・信頼できる有名サイト（例：www.google.com）

Hostヘッダー側（実際の宛先） → 攻撃者や検閲回避者が本当はアクセスさせたい（悪意のある）サーバ

つまり外から見ると「安全なGoogleへ接続しているように見える」けれど、
暗号化の内側では Hostヘッダーで指定された悪意あるサイト に通信が行われている。

これがドメインフロンティングが検閲回避やマルウェア通信の隠れ蓑に使われた理由です。
"
157,"DJ-SC-R7A

情報理論的安全性に基づく暗号技術はどれか。

ア　DH 鍵共有

イ　RSA暗号

ウ　楕円曲線暗号

エ　ワンタイムパッド
","正解は 👉 エ：ワンタイムパッド です。

🔍 解説：

情報理論的安全性
＝ 「計算能力に関係なく、理論的に解読が不可能」な安全性。
（＝ 無限の計算力を持っても破れない）

選択肢	内容	安全性の種類
ア　DH鍵共有	計算量的安全性（離散対数問題の難しさに依存）	

イ　RSA暗号	計算量的安全性（大きな数の素因数分解の難しさに依存）	

ウ　楕円曲線暗号	計算量的安全性（楕円曲線離散対数問題に依存）	

✅ エ　ワンタイムパッド	情報理論的安全性（鍵が完全にランダム・一度限りなら理論的に解読不能）	
"
158,"DJ-SC-R7A

ワンタイムパッドとは
","ワンタイムパッド（One-Time Pad）とは、
理論的に絶対に解読できない暗号方式 のことです。

🔐 仕組み（超簡単に）

送信者と受信者が同じ長さの完全ランダムな鍵（パッド）を共有

平文（メッセージ）の各文字を鍵と**XOR（排他的論理和）**で組み合わせて暗号文を作る

受信側は同じ鍵で再びXORを取ると、元の平文に戻る

🧠 特徴

鍵が完全にランダムで、平文と同じ長さで、一度しか使わない（One-Time）場合、
→ 情報理論的に解読不可能（シャノンが証明）

ただし、鍵の管理と配送が非常に難しいため、実用性はほとんどない

💡 まとめ

ワンタイムパッドとは、完全ランダムで一度限りの鍵を使う暗号方式で、
**理論上最も安全（情報理論的安全）**な暗号です。
"
159,"DJ-SC-R7A

NIST SP 800-63-3 で定義されている Identity Proofing に該当するものはどれか。

ア　システムに利用者を登録する際に、利用者本人と写真付き身分証とを照合し,確認する。

イ　システムに利用者を登録する際に、利用者本人の希望する利用者 ID が既に別の利用者に利用されていないかどうかを確認する。

ウ　利用者がシステムにログインした際に, システムから利用者に電子メールを送信し、ログインしたことを利用者本人に確認させる。

エ　利用者がシステムにログインする際に,利用者の入力した利用者 ID及びパスワードとシステムに登録されている情報とを照合し, 利用者本人かどうかを確認する。
","正解は 👉 ア　です。

🔍 解説

NIST SP 800-63-3 は、アメリカ国立標準技術研究所（NIST）が定めた「デジタルアイデンティティ（電子的な本人確認）」のガイドラインです。

この中で定義されている
👉 Identity Proofing（本人確認） とは、
「登録時にその人が本当にその本人であることを証明・確認するプロセス」です。

選択肢	内容	該当性
ア	登録時に本人と身分証を照合して確認する	✅ Identity Proofing（本人確認）に該当
イ	IDの重複チェック	❌ 単なる管理上の確認で、本人確認ではない
ウ	ログイン通知メール	❌ ログイン後の確認であり、Identity Proofingではない
エ	ログイン時のID・パスワード照合	❌ これは Authentication（認証） であり、Identity Proofingではない

✅ 正解：ア（身分証などによる本人確認）

"
160,"DJ-SC-R7A

MITRE の役割に該当するものはどれか。

ア　CVE の事務局であり, サイバー攻撃のプロセスを記述したナレッジベースの公開をする。

イ　サイバーセキュリティフレームワーク, コンピュータセキュリティ関連のガイドライン及び技術仕様などを発行する。

ウ　高いレベルのサイバーセキュリティを EU 加盟諸国が達成するための支援をする。

エ　日本国内で発生した情報セキュリティインシデントの受付, 対応支援を技術的な 立場から行う。
","正解は 👉 ア　です。

🔍 解説

MITRE（マイトレ） は、米国の非営利組織で、サイバーセキュリティ分野では主に以下の役割があります：

CVE（Common Vulnerabilities and Exposures）の管理・事務局

ATT&CKフレームワークなど、サイバー攻撃のプロセスや手法を整理したナレッジベースの公開

選択肢	内容	該当性
ア	CVE事務局・攻撃ナレッジベース公開	✅ MITREの役割に該当
イ	フレームワークや技術仕様の発行	❌ NISTなどの役割
ウ	EU加盟国のサイバー支援	❌ ENISAの役割
エ	国内インシデント対応支援	❌ JPCERT/CCの役割

✅ 正解：ア
"
161,"DJ-SC-R7A

ある企業で, 社内機能として CSIRT, PSIRT, SOC, WHOIS データベースの技術連絡担当組織があるとき, 自社製品の脆弱性に起因するリスクに対応するべき社内機能はどれか。

ア　CSIRT

イ　PSIRT

ウ　SOC

エ　WHOIS データベースの技術連絡担当組織
","正解は 👉 イ：PSIRT です。　← 「自社製品」

🔍 解説

CSIRT（Computer Security Incident Response Team）
→ 自社や組織内の 情報システムに対するセキュリティインシデント対応

PSIRT（Product Security Incident Response Team）
→ 自社製品の脆弱性やセキュリティリスク対応 を担当
→ 脆弱性情報の収集、修正、顧客への通知など

SOC（Security Operation Center）
→ 日常の監視・検知・分析・インシデント対応を行う部門

WHOISデータベースの技術連絡担当組織
→ ドメイン管理者連絡用で、製品脆弱性対応とは直接関係なし

✅ 正解：イ（PSIRT）

ChatGPT の回
"
162,"DJ-SC-R7A

問14 UEBA の機能はどれか。

ア　指紋,静脈などの身体的特徴によって本人確認を行う。

イ　情報への論理的アクセスを制御する。

ウ　データをUSBメモリに格納する際に暗号化する。

エ　利用者や機器の異常な振る舞いを検知する。
","正解は 👉 エ　です。

🔍 解説

UEBA（User and Entity Behavior Analytics） の特徴：

利用者（User）や機器・システム（Entity）の 通常の振る舞いを学習

異常な行動やパターン を検知することで、内部不正や侵害の兆候を早期発見

選択肢	内容	該当性
ア	生体認証（指紋・静脈）	❌ 認証技術であり、UEBAではない
イ	アクセス制御	❌ UEBAではなくIAMなどの機能
ウ	データ暗号化	❌ UEBAとは無関係
エ	異常行動の検知	✅ UEBAの機能に該当

✅ 正解：エ（利用者や機器の異常な振る舞いを検知）
"
163,"DJ-SC-R7A

CSPM (Cloud Security Posture Management) の機能はどれか。

ア　クラウドサービス上に構築したシステムのファイルを継続的に監視し, マルウェア感染を検知する。

イ　クラウドサービスの設定を継続的に監視し, 不適切な設定を検知する。

ウ　クラウドサービスへのアクセスを継続的に監視し, 不正アクセスを遮断する。

エ　組織のファイルサーバのデータを継続的に監視し, 重要データを暗号化してクラウドサービスのストレージにバックアップを格納する。
","正解は 👉 イ　です。

🔍 解説

CSPM（Cloud Security Posture Management） の特徴：

クラウド環境の 設定やポリシーの監視・評価 を行う

不適切な設定やセキュリティリスク を検知して修正指示を出す

例：S3バケットの公開設定、IAM権限の過剰付与、セキュリティグループの誤設定など

選択肢	内容	該当性
ア	ファイルやマルウェア監視	❌ CSPMではなくクラウド型アンチマルウェア
イ	クラウド設定の監視・不適切設定検知	✅ CSPMの機能
ウ	アクセス監視・不正遮断	❌ CASBやクラウドIDS/IPSの機能に近い
エ	ファイル暗号化・バックアップ	❌ CSPMとは無関係

✅ 正解：イ（クラウド設定の監視と不適切設定の検知）
"
164,"DJ-SC-R7A

問18 JavaScript などのスクリプト言語を使って, Web ブラウザに組み込まれているサーバとの非同期通信機能を利用する技術であり, 地図の高速なスクロールや, キーボー ド入力に合わせた検索候補の逐次表示を実現するものはどれか。

ア　Ajax

イ　CSS

ウ　DOM

エ　SAX
","正解は 👉 ア：Ajax です。

🔍 解説

Ajax（Asynchronous JavaScript and XML） の特徴：

JavaScriptなどのスクリプト言語で非同期通信を行う技術

ページ全体を再読み込みせずに、サーバからデータを取得・表示可能

高速スクロールやリアルタイム検索候補表示などに利用される

選択肢	内容	該当性
ア	非同期通信による動的更新	✅ Ajaxに該当
イ	スタイルシート（見た目制御）	❌ CSSはデザイン制御
ウ	DOM（Document Object Model）	❌ ページ構造の操作であり非同期通信ではない
エ	SAX（XMLパーサ）	❌ XML解析の手法でありAjaxではない

✅ 正解：ア（Ajax）
"
165,"DJ-SC-R7S

このSQLがどういう意味か

SELECT 従業員コード FROM 従業員 X WHERE NOT EXISTS (SELECT * FROM 従業員 Y WHERE X. 従業員コード = Y.上司) 
","🧠 意味（自然文で説明）「従業員テーブルにおいて、誰の上司にもなっていない従業員の従業員コードを取得する」

🔍 動作のしくみ（相関サブクエリ）
外側（メインクエリ）
テーブル 従業員 を X という別名で読み込み、各従業員を1人ずつチェックする。

内側（サブクエリ）
テーブル 従業員 を Y という別名で再び参照し、Y.上司 列が X.従業員コード と等しい行が存在するかどうかを調べる。

つまり、「Xさんが上司として登録されている部下（Y）がいるか？」を確認している。

NOT EXISTS
「そのような部下（Y）が1人も存在しない」場合に、X の従業員コードを結果に含める。

つまり、
このSQLは 「部下を持たない従業員」 を抽出します。
"
166,"DJ-SC-R7S

アジャイル開発のプロジェクトで、ソースコードの品質を向上させるために,バグ, コード の重複,脆弱性につながるコードを自動で検出することができるOSSのツールを導入したい。 導入するOSSとして, 最も適切なものはどれか。

ア　Git

イ　Jenkins

ウ　Snort

エ　SonarQube

","【正解】　エ
“あなたの解答:ウ”

ア　“Git""
Git(ギット)は分散型バージョン管理システムであり、ソースコードの変更履歴を管理することが主な用途です。

イ　“Jenkins”
Jenkins(ジェンキンス)はCI/CD (継続的インテグレーション/継続的デリバリー)ツールであり、ビルド・テスト・デプロイの自動化を主目的とします。

ウ“Snort""
Snort (スノート) はネットワーク型侵入検知システム (NIDS) であり、 パケットの解析を通じて不正アクセスやマルウェア通信を検出するために使用します。

エ　“Sonar Qube""
正しい。 SonarQube (ソナーキューブ)は、ソフトウェアのソースコードを分析し、品質を評価・改善するためのオープンソースの静的コード解析ツールです。 バグ、 コードの重複、 脆弱性、 コーディング規約違反などを自動で検出する機能を持ち、 ソフトウェ ア品質の向上を支援します。
"
167,"DJ-SC-R7S

何という攻撃か

“多数のHTTPリクエストを長期間掛けて送信し続けることによって,標的のWebサーバのセッションを占有し,利用を妨害する。

","Slow HTTP攻撃 (Slowloris攻撃)に該当します。
"
168,"DJ-SC-R7S

アジャイル開発手法の一つであるスクラムを適用したソフトウェア開発プロジェクトにおい て, KPT手法を用いてレトロスペクティブを行った。 KPTにおける三つの視点の組みはどれ か。

ア　Kaizen, Persona, Try

イ　Keep, Problem, Try

ウ　Knowledge, Persona, Test

エ　Knowledge, Practice, Team

","【正解】　イ　
“あなたの解答:工”

KPT法
Keep(良かった点・継続すべき点)、 Problem (問題点)、Try(改善点)をメンバー各自が書き出す。これにAction (具体的な改善行動)を加え、KPTAとする場合もある

Start Stop Continue
Start (始めるべきこと)、 Stop (やめるべきこと)、 Continue (続けるべきこと)をメンバー各自が書き出す

"
169,"DJ-SC-R7S

NIST""サイバーセキュリティフレームワーク (CSF) 2.0""のコアには,機能が六つある。 IDENTIFY, PROTECT, DETECT, RESPOND, RECOVER と, あと一つはどれか。

ア　CONTROL

イ　DIRECT

ウ　GOVERN

H　MANAGE

","【正解】　ウ　
“あなたの解答:工”

NISTサイバーセキュリティフレームワーク (CSF) はCSFは、コア、組織プロファイル、ティアという3つの要素で構成されます。このうち「コア」は、基本的なサイバーセキュリティ活動の成果を体系化したもので、機能、カテゴリ一、サブカテゴリーの階層構造によって定義されています。「機能」は活動の成果を最上位 レベルで分類したもので、 バージョン2.0では以下の6つが定められています。

統治(GOVERN).
組織のサイバーセキュリティリスクマネジメント戦略、期待、ポリシーを確立され、伝達 され、監視(モニタリング)される

識別(IDENTIFY)
組織の現在のサイバーセキュリティリスクが識別されている

防御(PROTECT)
組織のサイバーセキュリティリスクを管理するためのセーフガード(セキュリティ対策)が使用される

検知(DETECT)...
起こり得るサイバーセキュリティ攻撃及び侵害の可能性が発見され、 分析される

対応(RESPOND).
検知されたサイバーセキュリティインシデントに関するアクションが実行される

復旧(RECOVER)...
サイバーセキュリティインシデントの影響を受けた資産及び業務が復旧される
"
170,"DJ-SC-R7S

OAuth2.0に関する記述のうち,適切なものはどれか。

ア　認可を行うためのプロトコルであり、認可サーバが, アクセスしてきた者が利用者(リ ソースオーナー)本人であるかどうかを確認するためのものである。

イ　認可を行うためのプロトコルであり,認可サーバが,利用者(リソースオーナー)の許可を得て,サービス (クライアント)に対し、 適切な権限を付与するためのものである。

ウ　認証を行うためのプロトコルであり,認証サーバが,アクセスしてきた者が利用者(リ ソースオーナー)本人であるかどうかを確認するためのものである。

エ　認証を行うためのプロトコルであり、認証サーバが、 利用者(リソースオーナー)の許可 を得て, サービス (クライアント)に対し, 適切な権限を付与するためのものである。

","【正解】　イ
“あなたの解答:工”　← OIDCと勘違いした！またやりそう。

1. OAuth 2.0：リソースへのアクセスを**許可（認可）**するプロトコル
2. OpenID Connect (OIDC)：OAuth 2.0 を拡張して、ユーザーの認証（Authentication）を扱う
"
171,"DJ-SC-R7S

IOC（Indicator of Compromise）とは
","「システムが侵害（コンプロマイズ）された可能性を示す具体的な証拠や痕跡」

フル名称　Indicator of Compromise（侵害指標）
意味　サイバー攻撃・感染の痕跡
目的　侵害の検知・分析・再発防止
主な形式　ファイルハッシュ、IP、ドメイン、レジストリ変更、ログパターンなど
関連技術　SIEM, EDR, Threat Intelligence, STIX/TAXII
"
172,"DJ-SC-R7S

サービス提供時間帯が毎日6~20時のシステムにおいて,ある月の停止時間, 修復時間及び システムメンテナンス時間は次のとおりであった。この月のサービス可用性は何%か。

ここ で,1か月の稼働日数は30日であって, サービス可用性 (%)は小数第2位を四捨五入するもの とする。

〔停止時間, 修復時間及びシステムメンテナンス時間〕

・システム障害によるサービス提供時間内の停止時間:7時間
・システム障害の対処に要したサービス提供時間外の修復時間: 3時間
・サービス提供時間外のシステムメンテナンス時間 : 8時間

ア　95.7

イ　97.6

ウ　98.3

エ　99.0

","【正解】　ウ
“あなたの解答:イ”　← 問題をよく読むこと（引っかけがある）

可用性は、ユーザーが使用することを要求したとき、 実際にシステムやITサービス(以下、 システム等という)が利用可能な度合いを示す特性です。サービス可用性は、一般的には合 意済みサービス時間のうち、サービスを利用できた時間の割合で示されます。

可用性(%)=合意済みサービス時間停止時間 合意済みサービス時間-x100
まず1か月の合意済みサービス時間を計算します。
・1日のサービス提供時間:20-6=14時間
・1か月のサービス提供時間:14時間×30日=420時間

設問では3つの停止時間が示されていますが、可用性は『サービスが必要とされた時間にど れだけサービスが利用可能であったか』を示すので、可用性の計算における停止時間に該当するのは、サービス提供時間内の停止である7時間のみです。
420時間のうち7時間を除いてサービスを利用可能であったので、 413時間を1か月のサービ ス提供時間で除して可用性を算出します。

413÷420×100 98.33333...% (小数第2位を四捨五入) 98.3%
したがって「ウ」が適切です。
"
173,"DJ-SC-R7S

Mirai（ミライ）
","IoT（モノのインターネット）機器を主な標的とするマルウェア（悪意あるソフトウェア）の一つです。 

具体的には、家庭用ルーターやネットワークカメラなど、Linux OSを搭載していたりTelnetやデフォルト設定のID・パスワードがそのまま使われているような機器を狙い、ログインを試みて感染させ、ボット（遠隔操作可能な端末）として利用するものです。 
"
174,"DJ-SC-R7S

マルウェアMiraiの動作はどれか。

ア　IoT機器などで動作するWebサーバプログラムの脆弱性を悪用して感染を広げ, Webページを改ざんし, 決められた日時に特定のIPアドレスに対してDDoS攻撃を行う。

イ　Webサーバプログラムの脆弱性を悪用して企業のWebページに不正なJavaScriptを 挿入し,当該Webページを閲覧した利用者を不正なWebサイトへと誘導する。

ウ　ファイル共有ソフトを使っているPC内でマルウェアの実行ファイルを利用者が誤っ て実行すると, PC内の情報をインターネット上のWebサイトにアップロードして不特定多数の人に公開する。

エ　ランダムな宛先IPアドレスを使用してIoT機器などに感染を広げるとともに, C&Cサ ーバからの指令に従って標的に対してDDoS攻撃を行う。

","【正解】　 「エ」 が適切な説明です。

ア　loT機器を攻撃対象とすることは合っていますが、 Miraiは、IoT機器の既定認証情報(T elnet/SSHのデフォルトパスワード) を突いて感染を広げます。 Web サーバの脆弱性攻 撃やWebページは改ざんは行わないので誤りです。

イ　ガンブラーなどのリダイレクト型マルウェアの動作です。

ウ　Antinnyや山田オルタネイティブなどの情報漏えい型マルウェアの動作です。

エ　正しい。マルウェアMiraiの動作です。
"
175,"DJ-SC-R6A

DTLSの特徴はどれか。

ア　IPパケットの暗号化を可能としている。

イ　PPPで接続する際のチャレンジレスポンス認証機能をイーサネット上の通信に提供 している。

ウ　TCPのペイロードデータの暗号強度をTLSよりも強化している

エ　UDPのペイロードデータの暗号化を可能としている。

","【正解】　エ
“あなたの解答:ウ”

DTLS（Datagram Transport Layer Security）とは、UDP（User Datagram Protocol）のようなコネクションレス型の通信において、通信の暗号化と認証を提供するためのプロトコルです。
簡単に言うと、「TLS（Transport Layer Security）」をUDP向けに拡張したものです。
"
176,"DJ-SC-R6A

エクストリームプログラミング (XP : Extreme Programming)における""テスト駆動開発""の 特徴はどれか。

ア　最初のテストで,なるべく多くのバグを摘出する。

イ　テストケースの改善を繰り返す。

ウ　テストでのカバレージを高めることを重視する。

エ　プログラムを書く前にテストケースを作成する。
","【正解】　エ
“あなたの解答:イ”

テスト駆動開発（TDD：Test-Driven Development）とは、
プログラムを「テストから先に書く」ことで品質と設計を向上させるソフトウェア開発手法です。

XPの基本的な考え方は：
「ソフトウェア開発における良い習慣を“極端（エクストリーム）”に徹底してやる」

たとえば：
コードレビューが良い → なら常にペアでレビュー（ペアプログラミング）
テストが重要 → なら常にテストを書いてから開発（TDD）
顧客とのコミュニケーションが大切 → なら顧客をチームに常駐させる（オンサイト顧客）
というように、「良い習慣を最大限に強化する」発想です。
"
177,"DJ-SC-R6A

方式を答えよ。

ア　URL形式の1人一つの利用者IDをIdP(Identity Provider)で自動生成することによって,インターネット上の複数のWebサイトにおけるSSOを実現する。

イ　クライアントPCに導入したエージェントがSSOの対象システムのログ イン画面を監視し, ログイン画面が表示されたら認証情報を代行入力する。”

ウ　SSOの対象サーバにSSOのモジュールを組み込む必要があり,システムの 改修が必要となる。

エ　SSOを利用する全てのトラフィックがリバースプロキシサーバに 集中する。
","ア　OpenID方式

イ　代理認証方式：SAML、OIDC、社内シングルサインオン（SSO）、Kerberos、OAuth 2.0、LDAP Proxy

ウ　エージェント方式

エ　リバースプロキシ方式

代理認証方式（Proxy Authentication）とは、
ユーザーの代わりにプロキシサーバが認証を行う仕組みです。
典型的には、企業や学校のネットワークで、ユーザーが直接Webにアクセスせず、プロキシが認証・アクセス制御を行います。
"
178,"DJ-SC-R6A

パスキー認証とは
","パスキー（Passkey）認証は「パスワード不要の公開鍵暗号方式認証」です。

従来のパスワードの代わりに、端末に安全に保存された「秘密鍵」を使ってログイン
サーバ側には「公開鍵」だけが保存される
認証時に端末が署名を作成 → サーバが公開鍵で検証
"
179,"DJ-SC-R6A

量子暗号の特徴として,適切なものはどれか。

ア　暗号化と復号の処理を,量子コンピュータを用いて行うことができるので,従来のコンピュータでの処理に比べて大量のデータの秘匿を短時間で実現できる。

イ　共通鍵暗号方式であり、従来の情報の取扱量の最小単位であるビットの代わりに量子ビットを用いることによって, 高速なデータ送受信が実現できる。

ウ　量子雑音を用いて共通鍵を生成し,公開鍵暗号方式で共有することによって,解読が 困難な秘匿通信が実現できる。

エ　量子通信路を用いて安全に共有した乱数列を使い捨ての暗号鍵として用いることによ って,原理的に第三者に解読されない秘匿通信が実現できる。

","【正解】　エ

量子暗号の基本原理
①量子重ね合わせ
量子ビット（qubit）は 0 と 1 の状態を同時に持てる

②観測による状態崩壊
第三者が量子ビットを観測すると状態が変化する
これにより盗聴が即座に検知可能

③量子もつれ（Entanglement）
離れた量子が瞬時に関連する性質を持つ
セキュアな通信や鍵共有に応用できる
"
180,"DJ-SC-R6A

様々なサイバー攻撃手法を分類したナレッジベースはどれか。

ア　CVSS

イ　MITRE ATT&CK

ウ　STIX/TAXII

エ　サイバーキルチェーン

","【正解】　イ
“あなたの解答:イ”

ア　情報セキュリティの脆弱性に対する深刻度をスコアとして定量化するためのオープンで汎用
的な評価手法です。

イ　“MITRE ATT & CK""
正しい。MITRE ATT&CK(マイターアタック)は、サイバー攻撃者の手法や戦術、技術、回避策をまとめたナレッジベースです。サイバー攻撃の実行フェーズを偵察 (Rec onnaissance)~影響(Impact)の14フェーズに体系的に分類し、各フェーズで使用 される攻撃手法(テクニック)を整理したもので、攻撃者の行動や攻撃パターンを分析し、防御対策を設計する際の基盤として使用できます。

ウ　“STIX/TAXII""
STIX/TAXIIは、サイバー攻撃活動に関する脅威情報を記述し、共有するための標準規格です。STIXが脅威情報を構造化して記述するフォーマット、TAXIIがその共有プロトコルです。

エ　“サイバーキルチェーン”
サイバーキルチェーンは、サイバー攻撃の手順を攻撃者の視点からいくつかの段階に分 けモデル化したものです。 攻撃の段階としては、偵察、武器化、配送、攻撃、インスト ール、遠隔操作、目的達成という7段階が一般的です。攻撃者の視点からサイバー攻撃 を見ることで、各段階における防御策の立案に役立てることができます。
"
181,"DJ-SC-R6A

MITREとは
","MITRE Corporation は、アメリカの非営利研究機関（非営利・非政府組織）で、主に政府や軍事、医療、サイバーセキュリティ分野での研究・支援を行っています。

本社：アメリカ・マサチューセッツ州
設立：1958年
主な役割：公共インフラや国防、サイバーセキュリティのフレームワーク提供
"
182,"DJ-SC-R6A

SOAR (Security Orchestration, Automation and Response) の説明はどれか。

ア　脅威インテリジェンスの活用,セキュリティ運用の自動化及びインシデント対応の効 率化を行う技術

イ　全ての利用者,デバイス,接続元を信頼できないものとして捉え,重要な情報資産や システムに対するアクセスの正当性や安全性の検証を自動化することによって脅威を 防ぐ考え方

ウ　組織間でサイバー攻撃に関する情報を効率的に交換するために,脅威情報構造化記述形式で記述された情報の交換を自動化するためのプロトコル仕様

エ　ファイアウォール, マルウェア対策製品,侵入検知製品など複数のセキュリティ製品 のログの集約及び相関分析を自動化するための専用装置

","【正解】　ア
“あなたの解答:ア”

SOARとは
SOAR = Security Orchestration, Automation and Response
サイバーセキュリティ運用を効率化・自動化するための概念・ツール群のことです。

ア　正しい。 SOARの説明です。

イ　ゼロトラストの説明です。

ウ　TAXII(Trusted Automated eXchange of Indicator Information)の説明です。

エ　SIEM(Security Information and Event Management)の説明です。
"
183,"DJ-SC-R6A

JIS Q 20000-1:2020(サービスマネジメントシステム要求事項)によれば,サービスマネジ メントシステム(SMS)における継続的改善の定義はどれか。

ア　意図した結果を得るためにインプットを使用する, 相互に関連する又は相互に作用す る一連の活動

イ　価値を提供するため,サービスの計画立案,設計,移行,提供及び改善のための組織の活動及び資源を,指揮し,管理する,一連の能力及びプロセス

ウ　サービスを中断なしに,又は合意した可用性を一貫して提供する能力

エ　パフォーマンスを向上するために繰り返し行われる活動

","エ“あなたの解答:イ”

継続的改善は、常に変化するビジネスニーズに整合するために、またはサービスの適切性、 妥当性、有効性などの向上を目的として、ITサービス、プロセス、ITインフラストラクチャを常に改善していくプロセスです。 JIS Q 20000-1:2020 では「パフォーマンスを向上するために繰り返し行われる活動」と定義されています。 他のマネジメントシステムと同じく、 PDCAサイクルを回してサービスの継続的な改善を行います。

ア　プロセスの説明です。

イ　サービスマネジメントの説明です。

ウ　サービス継続の説明です。

"
184,"DJ-SC-R6A

クリックジャッキング攻撃に有効な対策はどれか。

ア　cookieに, HttpOnly属性を設定する。

イ　cookieに, Secure属性を設定する。

ウ　HTTPレスポンスヘッダーに, Strict-Transport-Securityを設定する。

エ　HTTPレスポンスヘッダーに, X-Frame-Optionsを設定する。
","【正解】　エ
“あなたの解答:工”

ウ　HSTS(HTTP Strict Transport Security)とも 呼ばれます。HTTPアクセス(非暗号化通信)してきた人に対する中間者攻撃を防ぐため に指定されます。

エ　正しい。X-Frame-Optionsは、Webページがフレーム要素に読み込まれることを禁止するためのHTTPレスポンスヘッダーです。
"
185,"DJ-SC-R6A

ネットワークから信号を光学的に分岐させて取り出す装置のな前は。

","ネットワークタップ
"
186,"DJ-SC-R6A

AIによる画像認識において,認識させる画像の中に人間には知覚できないノイズや微小な変化を含めることによってAIアルゴリズムの特性を悪用し、判定結果を誤らせる攻撃はどれか。

ア　Adaptively Chosen Message

イ　Adversarial Examples攻撃

ウ　Distributed Reflection Denial of Service

エ　Model Inversion攻撃

","【正解】　イ　
“あなたの解答:工”

ア　Adaptively Chosen Message攻撃(適応的選択文書攻撃)は、攻撃者が任意に選んだ文書に対して真の署名者に署名をさせた後に、そこで得た情報を用いて攻撃者が別の文書の署名を偽造する攻撃です。署名者に署名させる文書に攻撃者が事前に選んだ文書を使用する場合は、 Generic Chosen Message 攻撃(一般選択文書攻撃)となります。

イ　正しい。Adversarial Examples攻撃(敵対的サンプル攻撃)は、入力画像に人間の目では認識できない程度の微細なノイズを加えることによって、AIの誤判定等を引き起こす攻撃です。画像に少量のピクセルの乱れを入れたり、音声波形にほんの少し別の波形を合成したりするなど本物のデータにわずかなノイズを加えることで、AIシステムは、本物と同一分類であるのに別分類と判断する場合があります。逆にまったく別分類であるのに、ノイズを加えたことでAIが同一分類と誤認する場合もあります。このような事態を引き起こす改変データは敵対的サンプルと呼ばれ、このデータを用いて意図的に不正な判断や誤 作動をAIに起こさせる攻撃が敵対的サンプル攻撃です。

ウ　DRDoS攻撃は、大量の応答パケットを攻撃対象に仕向けることでサービス停止を狙う、分散反射型のサービス停止攻撃です。

エ　モデル反転攻撃のことで、機械学習済みモデルの入出力から、 特定のデータが訓練デー タの一部であったか否かの情報を得たり、学習に用いられた訓練データを復元したりする攻撃です。
"
187,"DJ-SC-R6A

関係モデルにおける外部キーに関する記述のうち, 適切なものはどれか。

ア　外部キーの値は、その関係の中で一意でなければならない。

イ　外部キーは,それが参照する候補キーと比較可能でなくてもよい。

ウ　参照先の関係に,参照元の外部キーの値と一致する候補キーが存在しなくてもよい。

エ　一つの関係に外部キーが複数存在してもよい。

","【正解】　エ
“あなたの解答: ア

ア　外部キーの値は、その関係の中で一意である必要はありません。 他の関係の主キーを参照するものであり、参照元の表の中での値の重複は許容されます。

イ　外部キーは、参照する候補キーとデータ型や構造が一致している必要があります。 比較可能でなければ参照制約は成立せず、 データベースの整合性を保つことができません。

ウ　外部キーの値は、参照先の候補キーの値として存在するものでなければなりません。外部キーの値に対応する主キーの値が存在する関係ことが参照制約となり、 データベース の整合性を保証されます。

エ　正しい。 外部キーは、1つの関係に複数存在していても問題ありません。 複数の関係を参照先としてもつ場合、 外部キーは複数となります。 {売上明細 No, 売上ID,顧客ID, 商品ID, 個数} などの例が挙げられます。
"
188,"DJ-SC-R6A

外部キーとは
","外部キー（Foreign Key, FK）

意味：他のテーブルの 主キー を参照する列

特徴：

参照先テーブルの主キーの値しか入れられない

参照元テーブル内で同じ値が複数あってもOK

NULL を許すこともある
"
189,"DJ-SC-R6A

参照キーとは
","参照キー（Referenced Key）

意味：外部キーから参照される 主キーやユニークキー のこと

特徴：

外部キーが指す対象

基本的には参照先の主キーがこれにあたる
"
190,"DJ-SC-R6A

アクセス管理に関する内部統制のうち, 金融庁 ""財務報告に係る内部統制の評価及び監査に関する実施基準(-R5年)""におけるITに係る業務処理統制に該当するものはどれか。

ア　組織としてアクセス管理規程を定め、統一的なアクセス管理を行う。

イ　組織としてアクセス権限の設定方針を定め、周知徹底を図る。


ウ　組織内のアプリケーションシステムに,利用者IDとパスワードによって利用者を認 証する機能を設ける。

エ　組織内の全ての利用者に対して, アクセス管理の重要性についての教育を行う。

","【正解】　ウ　
“あなたの解答:イ”　← 全般統制か業務処理統制がミソ

金融庁""財務報告に係る内部統制の評価及び監査に関する実施基準(令和5年)""によると、ITを 取り入れた情報システムに関する統制は 「全般統制」 と 「業務処理統制」 の2つから構成さ れています。

全般統制
業務処理統制が有効に機能する環境を保証するための統制活動を意味しており、通常、複

数の業務処理統制に関係する方針と手続をいう。
業務処理統制

ア　 全般統制に含まれます。

イ　全般統制に含まれます。

ウ　正しい。業務処理統制の一例となります。

エ　全般統制に含まれます。
"
191,"DJ-SC-R6A

ソフトウェアパターンのうち, GoFのデザインパターンの説明はどれか。

ア　Javaのパターンとして, 引数オブジェクト, オブジェクトの可変性などで構成され る。

イ　オブジェクト指向開発のためのパターンであって,生成, 構造, 振る舞いの三つのカテゴリに分類される。

ウ　構造,分散システム, 対話型システム及び適合型システムの四つのカテゴリに分類さ れる。

エ　抽象度が異なる要素を分割して階層化するためのLayers, コンポーネント分割のた めのBrokerなどで構成される。
","【正解】　イ　← 「3つのカテゴリ」の言葉を覚える
“あなたの解答:工”

GOFデザインパターン（Gang of Four Design Patterns） とは、「よくある設計上の問題を、再利用可能で理解しやすい形で解決するためのテンプレートを提供する」こと。「同じような問題を、毎回ゼロから考えなくてもよいようにする」ための共通言語です。

GOFは、目的に応じて3つのカテゴリに分けられます：

生成 (Creational)
構造 (Structural)
振る舞い (Behavioral

ア　GoFのデ ザインパターンはJava特有のパターンではなく、オブジェクト指向プログラミング全般 において使用される一般的な設計指針なので誤りです。

イ　正しい。GoFデザインパターンの説明です。

ウ　POSAのソフトウェアアーキテクチャパターンの説明です。

エ　POSAのソフトウェアアーキテクチャパターンの説明です。
"
192,"DJ-SC-R6A

利用者Aが所有するリソースBが, WebサービスC上にある。 OAuth2.0において,利用者Aの認可の下, WebサービスDからリソースBへの限定されたアクセスを可能にするときのプロトコ ルの動作はどれか。ここでWebサービスCは,認可サーバを兼ねているものとする。

ア　WebサービスCが, アクセストークンを発行する。

イ　WebサービスCが、 利用者Aのデジタル証明書をWebサービスDに送信する。

ウ　WebサービスDが,アクセストークンを発行する。

エ　 WebサービスDが、 利用者Aのデジタル証明書をWebサービスCに送信する。
","【正解】　ア
“あなたの解答:ウ”

1 利用者Aが、 WebサービスDにアクセスする
2 WebサービスDは、 利用者AをWebサービスCにリダイレクトし、認証・認可手続きを促す
3 利用者Aは、WebサービスCで認証を受け、リソースの使用を認可する
4 WebサービスCは、利用者Aからの認可に基づいて、WebサービスDに対してアクセストー クンを発行する

5 WebサービスDは、 アクセストークンなどを含めたHTTPリクエストをWebサービスCに送信する　← これよ、これ！

6 WebサービスCは、HTTPリクエストが正当なものであるかを検証し、 妥当であればリソー スBを含むHTTPレスポンスをWebサービスDに返す
"
193,"DJ-SC-R6A

ソフトウェアの脆弱性管理のためのツールとしても利用されるSBOM(Software Bill of Materials)はど れか。

ア　“ソフトウェアの脆弱性に対する,ベンダーに依存しないオープンで汎用的な深刻度の評価方法” 

イ　“ソフトウェアのセキュリティアップデートを行うときに推奨される管理プロセス, 組織体制な どをまとめたガイドライン”

ウ　“ソフトウェアを構成するコンポーネント,互いの依存関係などのリスト”

エ　“米国の非営利団体MITREによって策定された, ソフトウェアにおけるセキュリティ上の弱点の 種類を識別するための基準”
","【正解】　ウ

ア　CVSS(Common Vulnerability Scoring System)の説明です。情報システムの脆弱性に ついてベンダーに依存しない共通の評価方法を提供するフレームワークです。

イ　NIST SP800-40の説明です。 パッチと脆弱性管理をする際に推奨される管理体制や組 織体制について定めたガイドラインです。

ウ　SBOMの説明です。

エ　CVE(Common Vulnerabilities and Exposures)の説明です。
"
194,"DJ-SC-R6A

PKI(公開鍵基盤)を構成するRA(Registration Authority)の役割はどれか。

ア　デジタル証明書にデジタル署名を付与する。

イ　デジタル証明書に紐づけられた属性証明書を発行する。

ウ　デジタル証明書の失効リストを管理し, デジタル証明書の有効性を確認する。

エ　本人確認を行い, デジタル証明書の発行申請の承認又は却下を行う。
","【正解】　エ
“あなたの解答:ア""

ア　発行局 (IA: Issuing Authority) の役割です。

イ　属性認証局(AA:Attribute Authority) の役割です。

ウ　検証局(VA:Validation Authority)の役割です。

エ　RA(Registration Authority)の

"
195,"DJ-SC-R6A

それぞれの意味を答えよ。

ア　CMMC

イ　CMMI

ウ　SAMM

エ　SIM3
","【正解】　エ

ア　“CMMC""
Cybersecurity Maturity Model Certificationの略。米国国防総省によるサイバーセキュリティ成熟度モデル認定プログラムです。

イ　“CMMI""
Capability Maturity Model Integrationの略。組織のプロセス改善の能力・成熟度を5
段階で評価するフレームワークです。

ウ　“SAMM""
Software Assurance Maturity Modelの略。組織が直面する固有のリスクに応じたソフ トウェアセキュリティ対策を評価するフレームワークです。

エ　“SIM3”
正しい。 SIM3(Security Incident Management Maturity Model) は、 Open CSIRT Fo undationが策定したセキュリティマネジメントの成熟度モデルであり、 CSIRTを構築、 運用するための指針となるものです。 組織 (0: Organization)、 人材 (H:Human)、ツ ール(T: Tools)、 プロセス (P: Processes)の4カテゴリ44分類の測定項目があり、それぞれについて成熟度をレベル0~4の5段階で評価を行います。 各測定項目
"
196,"DJ-SC-R6A

送信者から受信者にメッセージ認証符号 (MAC:Message Authentication Code) を付与した メッセージを送り、次に受信者が第三者に転送した。 そのときのMACに関する記述のう ち、適切なものはどれか。 ここで, 共通鍵は送信者と受信者だけが知っており,送信者と受信者のそれぞれの公開鍵は第三者を含めた3名が知っているものとする。

ア　MACは,送信者がメッセージと共通鍵を用いて生成する。 MACを用いると、受信者 がメッセージの完全性を確認できる。

イ　MACは,送信者がメッセージと共通鍵を用いて生成する。 MACを用いると,第三者 が送信者の真正性を確認できる。

ウ　MACは,送信者がメッセージと受信者の公開鍵を用いて生成する。MACを用いる と、第三者がメッセージの完全性を確認できる。

エ　MACは、送信者がメッセージと送信者の公開鍵を用いて生成する。 MACを用いると,受信者が送信者の真正性を確認できる。
","【正解】　ア
“あなたの解答:ウ”　← またデジタル署名と混同した。

1. 送信者は、メッセージを共通鍵で暗号化することでMACを生成し、 メッセージとともに送信する

2. 受信者は、受け取ったメッセージと共通鍵を使用して同様の方法でMACを生成し、受信したMACと自分が生成したMACを比較する

3.メッセージ、鍵、アルゴリズムが同じであれば、生成されるMACは同じになるので、両者が一致すればメッセージの破損・改ざんがないことを確認できる

MACは事前に共有カギを送信者と受信者が共有しておくのか?
ChatGPT:　はい、その通りです ✅
"
197,"DJ-SC-R6A

OWE（Opportunistic Wireless Encryption）とは
","エンハンスト・オープン（OWE）は、従来の「認証なしで暗号化もされないオープンWi-Fi」を改良した方式で、クライアントとアクセスポイントが接続時に互いに鍵交換（Diffie-Hellman等）を行い、セッションごとの暗号鍵を自動生成して通信を暗号化します。
"
198,"DJ-SC-R6A

セキュリティ対策として, CASBを利用した際の効果はどれか。

ア　クラウドサービスカスタマの管理者が,従業員が利用しているクラウドサービスに対して,CASBを利用して脆弱性診断を行うことによって,脆弱性を特定できる。

イ　クラウドサービスカスタマの管理者が,従業員が利用しているクラウドサービスに対 して,CASBを利用して利用状況の可視化を行うことによって,許可を得ずにクラウドサービスを利用している者を特定できる。

ウ　クラウドサービスプロバイダが,運用しているクラウドサービスに対して,CASBを 利用してDDoS攻撃対策を行うことによって, クラウドサービスの可用性低下を緩和 できる。

エ　クラウドサービスプロバイダが,クラウドサービスを運用している施設に対して,CASBを利用して入退室管理を行うことによって, クラウドサービス運用環境への物理的な不正アクセスを防止できる。
","【正解】　イ
“あなたの解答:工”

CASB(Cloud Access Security Broker:キャスビー)は、利用者とクラウドサービスプロバイダとの間に単一のコントロールポイントを設けて、クラウドサービス利用の「可視化」 「コンプライアンス」「データセキュリティ」「脅威防御」を提供する仕組みです。

近年は 働き方改革やテレワークの促進でクラウドサービスを活用する流れが加速していますが、そ れに伴いシャドーIT(承認を経ずに使われている端末やサービス)がセキュリティ上の問題 となっています。CASBを導入することで、組織の管理者は、組織の許可を得ずに業務にク ラウドサービスを利用している者を発見し、管理することが可能となります。

利用者の端末にインストールし、それを介してクラウドサービスを利用させるタイプや、イ　ンターネットアクセスの際には必ず経由してアクセスさせるプロキシ型、クラウドサービス プロバイダ側に設置することで管理対象外の端末の使用をも検知できるリバースプロキシ型 などの種類があります。

CASB（Cloud Access Security Broker）とは、企業が利用するクラウドサービスのアクセス制御・データ保護・セキュリティ監視を行うソフトウェアやサービスです。ユーザーがクラウドにアクセスする際に中継役として動作し、不正アクセスや情報漏洩、コンプライアンス違反を防ぎます。
"
199,"DJ-SC-R6A

FIPS PUB 140-3の記述内容はどれか。

ア　“暗号モジュールのセキュリティ要求事項”

イ　“情報セキュリティマネジメントシステムの要求事項”

ウ　“デジタル証明書や証明書失効リストの技術仕様”

エ　“無線LANセキュリティの技術仕様”

","【正解】　ア

ア　FIPS PUB 140-3の記述内容です。

イ　JIS Q 27001の記述内容です。

ウ　ITU-T X.509の記述内容です。

エ　IEEE802.11iの記述内容です。
"
200,"DJ-SC-R6A

何の説明か。

ア　“進行役(モデレーター), 記録役などの役割を決めた複数人で,成果物に欠陥がないかどうかを検 証する。”

イ“プログラムの内部構造とは無関係に,プログラムが仕様どおりに機能するかどうかを検証す る。”

ウ　“プログラムの内部構造に着目し, プログラムが仕様どおりに動作するかどうかを検証する。

エ“明確で厳密な意味を定義することができる言語を用いてソフトウェアの仕様を記述して,満た すべき性質と仕様とが整合しているかどうかを論理的に検証する。”
","ア　インスペクション

イ　ブラックボックステスト

ウ　ホワイトボックステスト

エ　形式手法
"
201,"DJ-SC-R6A

ア　XMLベースのメッセージのやり取りによって、 複数のシステムやサービスの間で認証情報、 属性情報、権限の認可情報を交換するための仕様です。標準化団体OASISによって策定されて、シングルサインオンを実現するための仕組みとして使用されています。

イ　ネットワークを介して、他のコンピュータ上にあるアプリケーションやサー ビスを遠隔呼出しするためのXMLベースのRPC（Remote Procedure Call）プロトコルです。

ウ　W3Cで標準化された、PKIの機能をWeb サービスとして利用するための方法が規定された仕様です。

エ　XML文書にデジタル署名を埋め込むための標準化仕様です。
","ア“SAML""

イ　“SOAP""

ウ　“XKMS”

エ　“XML Signature""
"
202,"DJ-SC-R6A

金融庁""財務報告に係る内部統制の評価及び監査に関する実施基準(令和5年)""における,ITに係る全般統制に該当するものとして,最も適切なものはどれか。

ア　アプリケーションプログラムの例外処理 (エラー)の修正と再処理

イ　業務別マスタデータの維持管理

ウ　システムの開発、保守に係る管理

エ　入力情報の完全性、正確性、正当性等を確保する統制
","【正解】　ウ　
“あなたの解答:イ”

統制は「全般統制」と「業務処理統制」の2つから構成 されています。

全般統制
業務処理統制が有効に機能する環境を保証するための統制活動を意味しており、通常、複数の業務処理統制に関係する方針と手続をいう。

業務処理統制
業務を管理するシステムにおいて、承認された業務が全て正確に処理、記録されることを確保するために業務プロセスに組み込まれたITに係る内部統制である。
"
203,"DJ-SC-R6A

HTTPヘッダのCache-Controlとは何か?
","ブラウザやプロキシなどのキャッシュに対して、どのようにコンテンツを保存・再利用すべきかを指示するためのヘッダです。

コンテンツの有効期限を指定
max-age=3600 → 1時間キャッシュを有効にする

キャッシュ可能かどうかを指定
public → 誰でもキャッシュ可能
private → 個人用ブラウザのみキャッシュ可能

キャッシュを無効化する
no-cache → 再利用前に必ずサーバで確認
no-store → キャッシュに保存しない
"
204,"DJ-SC-R6S

ソフトウェアの脆弱性管理のためのツールとしても利用されるSBOM(Software Bill of Materials)はど れか。

ア　“ソフトウェアの脆弱性に対する,ベンダーに依存しないオープンで汎用的な深刻度の評価方法” CVSS(Common Vulnerability Scoring System)

イ　“ソフトウェアのセキュリティアップデートを行うときに推奨される管理プロセス,組織体制などをまとめたガイドライン”

ウ　“ソフトウェアを構成するコンポーネント, 互いの依存関係などのリスト”

エ　“米国の非営利団体MITREによって策定された,ソフトウェアにおけるセキュリティ上の弱点の種類を識別するための基準”
","【正解】　ウ

ア　CVSS(Common Vulnerability Scoring System)

イ　NIST SP800-40の

ウ　SBOM

エ　CVE(Common Vulnerabilities and Exposures)
"
205,"DJ-SC-R5A

DevOpsとは
","「開発と運用が一体となって、高速かつ安定したソフトウェア提供を実現する考え方・手法」です。
"
206,"DJ-SC-R5A

Infrastructure as Code　とは
","laC(Infrastructure as Code)は、インフラストラクチャ、すなわちシステムの動作基盤となるサーバ、ネットワーク、 OS、 ミドルウェアなどの設定をプログラムのようなコ -ドとして管理することで、その変更やセットアップ作業をソフトウェアで自動化する手法です。

🔹 基本の特徴
インフラをコード化
手動操作ではなく、YAMLやJSON、Terraform/HCL、Ansibleなどで設定を書く

自動化・再現性
同じコードを使えば、複数環境に同じインフラを迅速に構築できる

バージョン管理可能
Gitなどでコードとして管理することで、変更履歴や差分管理が容易
"
207,"DJ-SC-R5A

DHCPのクライアントが,サーバから配布されたIPv4アドレスを,クライアント自身のホストアドレスとして設定する際に,そのアドレスが他のホストに使用されていないことを,クライアント自身でも確認することが推奨されている。 この確認に使用するプロトコルとし 適切なものはどれか。

ア　ARP

イ　DNS

ウ　ICMP

エ　RARP
","【正解】　ア　
“あなたの解答:工”　← なんとこんな問題を！もう一度基礎から。
"
208,"DJ-SC-R5A

ARPまわりの RARP・GARP・LARP の役割を整理して簡潔に説明します。
","RARP　MAC→IP の逆引き	古い端末のIP割り当て　いまは非推奨（→ DHCPが主流）。

GARP　自分のIPを通知	IP重複検出、冗長切替通知

LARP（Local ARP）　通常のARP（IP→MAC）　同一LAN内の通信　いわゆる「普通のARP」
"
209,"DJ-SC-R5A

総務省及び国立研究開発法人情報通信研究機構(NICT)が2019年2月から実施している取組""NOTICE""に関する記述のうち,適切なものはどれか。

ア　NICTが運用するダークネット観測網において,マルウェアに感染したIoT機器から到達するパケットを分析した結果を当該機器の製造者に提供し、国内での必要な対策を促す。

イ　国内のグローバルIPアドレスを有するIoT機器に対して,容易に推測されるパスワードを入力することなどによって, サイバー攻撃に悪用されるおそれのある機器を調査し,インターネットサービスプロバイダを通じて当該機器の利用者に注意喚起を行 う。

ウ　国内の利用者からの申告に基づき,利用者の所有するIoT機器に対して無料でリモー トから,侵入テストやOSの既知の脆弱性の有無の調査を実施し,結果を通知すると ともに,利用者が自ら必要な対処ができるよう支援する。

エ　製品のリリース前に,不要にもかかわらず開放されているポートの存在,パスワード の設定漏れなど約200項目の脆弱性の有無を調査できるテストベッドを国内のIoT機 器製造者向けに公開し,市場に流通するIoT機器のセキュリティ向上を目指す。
","【正解】　イ
“あなたの解答:ウ”　← 長い文章を読むのがいやになった。こんなのを落とすのはもったいない。
"
210,"DJ-SC-R5A

“NICTが運用するダークネット観測網において, マルウェアに感染したIoT機器から到達するパケットを分析した結果を当該機器の製造者に提供し,国内での必要な対策を促す。”
","DAEDALUS(ダイダロス)の取組です。
"
211,"DJ-SC-R5A

SAML(Security Assertion Markup Language)はどれか。

ア　“Webサーバにある利用者のリソースに, Webサーバに限らない他のサーバが利用者に代わってアクセスすることを許可するための認証プロトコル ”

イ　“異なるインターネットドメイン間でセキュリティ情報を共有してシングルサインオンに利用するための, XMLをベースにした標準規格”

ウ　“利用者IDとしてURL又はXRI(Extensible Resource Identifier)だけを使用することができ, つの利用者IDで様々なWebサイトにログインできる仕組み”

エ　“利用者が文書やデータの属性情報や論理構造を定義する言語であるSGMLを,インターネット用に最適化したもの”

","【正解】　イ

ア　OAuthの説明です。　← 認証プロトコル 

イ　SAMLの説明です。

ウ　OpenIDの説明です。

エ　HTML(Hypertext Markup Language)の説明です。
"
212,"DJ-SC-R5A

DNSSECに関する記述のうち,適切なものはどれか。

ア　権威DNSサーバが, DNS問合せに対する応答時に,リソースレコードを公開鍵暗号方式で暗号化することによって,通信経路上の盗聴を防ぐ。

イ　権威DNSサーバが, リソースレコードの受信時にデジタル署名を検証することによって,データの作成元の正当性とデータの完全性を確認する。

ウ　リゾルバが, DNS 問合せに対する応答時に, リソースレコードを公開鍵暗号方式暗号化することによって,通信経路上の盗聴を防ぐ。

エ　リゾルバが,リソースレコードの受信時にデジタル署名を検証することによって,データの作成元の正当性とデータの完全性を確認する。
","【正解】　エ
“あなたの解答:イ”

1 ゾーンの管理者は、秘密鍵と公開鍵の鍵ペアを作成し、公開鍵をDNSKEYレコードとし て公開しておく　← DNSKEYレコード

2 ゾーンの管理者は、リソースレコードのデジタル署名を作成しておく

3 権威DNSサーバは、DNS問合せがあった際に応答パケットにデジタル署名を含めて返信するリゾルバ側でデジタル署名を検証し、DNS応答の正当性・完全性を検証する


ア　DNSSECは、DNS応答の正当性・完全性を確保するための技術であり、暗号化を行う ものでありません。

イ　デジタル署名の検証はリゾルバ側で行います。

ウ　DNS問合せに対する応答をするのは、権威DNSサーバです。 リゾルバではありませ ん。また暗号化も行いません。　← DNS over HTTPS（DoH） または DNS over TLS（DoT）

エ　正しい。 リゾルバがリソースレコード受信時にデジタル署名を検証することで、データ の作成元の正当性とデータの完全性を確認するものです。

"
213,"DJ-SC-R5A

JIS Q 27000:2019(情報セキュリティマネジメントシステム-用語)の用語に関する記述のうち,適切なものはどれか。

ア　脅威とは,一つ以上の要因によって付け込まれる可能性がある,資産又は管理策の弱点のことである。

イ　脆弱性とは,システム又は組織に損害を与える可能性がある, 望ましくないインシデントの潜在的な原因のことである。

ウ　リスク対応とは,リスクの大きさが,受容可能か又は許容可能かを決定するために, リスク分析の結果をリスク基準と比較するプロセスのことである。

エ　リスク特定とは,リスクを発見,認識及び記述するプロセスのことであり,リスク源,事象,それらの原因及び起こり得る結果の特定が含まれる。
","【正解】　エ
“あなたの解答:ウ”　← いつも間違える。

ア　記述は、脆弱性を説明したものです。

イ　脅威を説明したものです。

ウ　記述は、リスク評価を説明したものです。

エ　
正しい。リスクの特定は「リスクを発見,認識及び記述するプロセス」および「リスク 源,事象,それらの原因及び起こり得る結果の特定が含まれる」と定義されています。
"
214,"DJ-SC-R5A

インターネットバンキングでのMITB攻撃による不正送金について, 対策として用いられるトランザクション署名の説明はどれか。

ア　携帯端末からの送金取引の場合,金融機関から利用者の登録メールアドレスに送金用 のワンタイムパスワードを送信する。

イ　特定認証業務の認定を受けた認証局が署名したデジタル証明書をインターネットバン キングでの利用者認証に用いることによって, ログインパスワードが漏えいした際の不正ログインを防止する。

ウ　利用者が送金取引時に, ""送金操作を行うPCとは別のデバイスに振込先口座番号などの取引情報を入力して表示された値""をインターネットバンキングに送信する。

エ　ログイン時に, 送金操作を行うPCとは別のデバイスによって,一定時間だけ有効なログイン用のワンタイムパスワードを算出し, インターネットバンキングに送信す る。
","【正解】　ウ

💡 トランザクション署名（Transaction Signing）とは

インターネットバンキングにおける**不正送金（MITB攻撃：Man-In-The-Browser攻撃）**対策として用いられる仕組みです。

MITB攻撃では、ユーザーが入力した送金先口座や金額をブラウザ内で改ざんされてしまう危険があります。
この対策として、「取引内容そのもの」に署名（サイン）を付けるのが「トランザクション署名」です。

🔹 具体例（スマホアプリの場合）
ステップ	動作
①	PCで「A銀行 → 口座1234567へ10,000円送金」を入力
②	銀行画面に「この内容でよければスマホに入力してください」と表示
③	スマホアプリを開き、「1234567」「10000円」を入力
④	アプリが取引内容をもとに**署名コード（例：894512）**を生成
⑤	そのコードをPC画面に入力して送信
⑥	銀行が署名を検証 → 問題なければ送金完了
"
215,"DJ-SC-R5A

公開鍵基盤におけるCPS (Certification Practice Statement) に該当するものはどれか。

ア　認証局が発行するデジタル証明書の所有者が策定したセキュリティ宣言

イ　認証局でのデジタル証明書発行手続を代行する事業者が策定したセキュリティ宣言

ウ　認証局の認証業務の運用などに関する詳細を規定した文書

エ　認証局を監査する第三者機関の運用などに関する詳細を規定した文書
","【正解】　ウ　
“あなたの解答:ア”

CP (Certificate Policy)
電子証明書をどのような目的・条件・手順で発行・運用するかを定めた基本方針書です。
証明書の信頼性レベルや利用範囲を明確にするために使われます。

CPS (Certification Practice Statement)
認証局（CA）がCPに基づいて、実際にどのような手順・体制で証明書を発行・管理するかを具体的に定めた文書です。

つまり、CPが方針書、CPSがその実行マニュアルにあたります。
"
216,"DJ-SC-R5A

データベースの直接修正に関して,監査人が, システム監査報告書で報告すべき指摘事項は どれか。ここで,直接修正とは,アプリケーションソフトウェアの機能を経由せずに,特権 IDを使用してデータを追加,変更又は削除することをいう。

ア　更新ログ上は,アプリケーションソフトウェアの機能を経由したデータ更新として記録していた。

イ　事前のデータ変更申請の承認、及び事後のデータ変更結果の承認を行っていた。

ウ　直接修正の作業終了時には,直接修正用の特権IDを無効にしていた。

エ
利用部門からのデータ変更依頼票に基づいて, システム部門が直接修正を実施していた。
","【正解】　ア
“あなたの解答: ウ”　← 国語の問題。「として」。分からないときは文章をゆっくりと読むこと。
"
217,"DJ-SC-R5A

脆弱性管理,測定、評価を自動化するためにNISTが策定した基準はどれか。

ア　FIPS(Federal Information Processing Standards)

イ　SCAP(Security Content Automation Protocol)

ウ　SIEM(Security Information and Event Management)

エ　SOAR (Security Orchestration, Automation and Response)



","【正解】　イ
“あなたの解答:工”

ア　“FIPS(Federal Information Processing Standards)""
FIPSは、NISTが制定しているアメリカ合衆国の情報処理標準規格群です。領域ごとに 様々なセキュリティ対策基準が規定されています。支援士試験では、暗号モジュールに 関する要求事項であるFIPS 140-3がよく登場します。

イ　“SCAP(Security Content Automation Protocol)""
正しい。SCAP(エスキャップ)とは、NIST策定によるセキュリティ設定共通化手順のこ とで、セキュリティ情報をマシンや人が伝達する際のフォーマットを標準化したもので す。 2024年3月現在で利用可能な最新バージョンは「SCAP1.3」です。脆弱性識別子で あるCVE、セキュリティ設定の識別子であるCCE、 脆弱性の深刻度を評価するCVSSな ど、 1言語、 2レポート形式、 3 識別スキーム、 4 測定および採点システム、 5完全性 の5つのカテゴリ、12の要素で構成されています。

ウ　""SIEM(Security Information and Event Management)""
SIEMは、FWやプロキシサーバ、CASBなどのログデータを収集・分析して、攻撃を検知する機能を高度化したセキュリティ機器です。主要機能として、 1 統合ログ管理サーバと同等の機能・ログの検索、2異常検知、 3 アラート通知/レポート出力機能があります。SIEMは 「機械」ではなく、ITシステム・ソフトウェアの仕組みです。

エ　“SOAR (Security Orchestration, Automation and Response)""
SOARは、サイバー攻撃を監視する専任組織であるSOCにおける、監視業務やインシデント対応手順の自動化、効率化を進める体制や技術、ソリューションのことを言います。
"
218,"DJ-SC-R5A

TLS1.3の暗号スイートに関する説明のうち, 適切なものはどれか。

ア　AEAD (Authenticated Encryption with Associated Data)とハッシュアルゴリズムの組みで構成されている。

イ　TLS1.2で規定されている共通鍵暗号AES-CBCをサポート必須の暗号アルゴリズムとして継続利用できるようにしている。

ウ　Wi-Fiアライアンスにおいて規格化されている。

エ　サーバとクライアントのそれぞれがお互いに別の暗号アルゴリズムを選択できる。
","【正解】　ア

ア　正しい。 TLS1.3の暗号スイートは、 AEAD (認証付き暗号)とハッシュアルゴリズムの組となります。
AEAD は、「暗号化」と「認証（改ざん検出）」を一体化した暗号方式。
すなわち、通信の 機密性（confidentiality） と 完全性（integrity）／認証性（authenticity）の両方を同時に保証します。

イ　TLS1.3では、TLS1.2で選択可能だった2つのハッシュ方式 (SHA1、MD5) と4つの暗号アルゴリズム (RC4、DES、3DES、 AES-CBC) が、 セキュリティリスクの観点から削除されています。

ウ　Wi-Fiアライアンスではありません。 IETF(Internet Engineering Task Force)によりRFC8446として規格化されています。

エ　サーバとクライアントは同じ暗号スイートを使います。クライアントが ClientHello で利用可能な暗号スイートを示し、サーバがそれを選択します。
"
219,"DJ-SC-R5A

次の重要なポイントは

ア　“APOP”

エ　“SMTP Submission""

","ア　“APOP”　← 暗号化されるのはパスワード だけ
メール受信前の認証におけるパスワード送信を暗号化(MD5ハッシュ化)することで安全性を高めたプロトコルです。 暗号化されるのはパスワード だけ

エ　“SMTP Submission""　← 仕組み
SMTP Submissionは、ユーザー(メールソフト)からのメール送信を専門に受け付けるサブミッションポート(587/TCP)を用意し、SMTP-AUTH認証を経たユーザーからのメ ールだけを送信する仕組みです。 メール受信用途ではなく、 OP25Bの影響を受けずに 外部のメールサーバを使用したメール送信を可能にする仕組みなので誤りです。
"
220,"DJ-SC-R5A

リダイレクト型マルウェア（Redirect-type malware）とは
","ユーザーがアクセスした正規のWebサイトや検索結果を、
自動的に別の不正サイトに転送（リダイレクト）するように仕込まれたマルウェアまたはその仕掛けを指します。

Gumblar — 2009年前後に流行したマルウェアで、FTP情報を盗んでサイトを改ざんし訪問者を悪性サイトへリダイレクトする。

Blackhole Exploit Kit — 改ざんページや広告から利用者をエクスプロイトキットに誘導し、脆弱性で自動感染させる攻撃キット。

SocGholish — 正規サイトを改ざんして偽の「ブラウザ更新」等へリダイレクトし、マルウェアをダウンロードさせるキャンペーン。

Google Redirect Virus — hosts/DNSやブラウザを乗っ取って検索結果やリンクを不正サイトへ転送するマルウェア／ハイジャック。

TDSS / Alureon — ルートキット機能を持つトロイの一種で、通信やDNSを操作してリダイレクト・ボット化・情報窃取を行う。
"
221,"DJ-SC-R5A

VA(Validation Authority) の役割はどれか。

ア　“属性証明書の発行を代行する。

イ　“デジタル証明書にデジタル署名を付与する。

ウ　“デジタル証明書の失効状態についての問合せに応答する。”

エ　“本人確認を行い, デジタル証明書の発行を指示する。 
","【正解】　ウ

ア　AA (Attribute Authority : 属性認証局)

イ　CA (Certificate Authority: 認証局)

ウ　VA

エ　RA(Registration Authority: 登録局)
"
222,"DJ-SC-R5A

データベースのスキーマとは
","スキーマ（schema） とは、データベース内でデータがどのように構造化されているかを定義した設計図のことです。

簡単に言うと：
データベースの「設計図」
どんなテーブルがあるか
どんな**カラム（列）**があるか
カラムのデータ型や制約（主キー、外部キー、ユニーク制約など）
テーブル間のリレーション（関係性）
をまとめて表したものです。
"
223,"DJ-SC-R5A

JIS Q 20000-1:2020 (サービスマネジメントシステム要求事項)を適用している組織におい て, サービスマネジメントシステム (SMS)が次の要求事項に適合している状況にあるか否かに関する情報を提供するために,あらかじめ定めた間隔で組織が実施するものはどれか。

〔要求事項〕
• SMSに関して,組織自体が規定した要求事項
• JIS Q 20000-1:2020 の要求事項

ア　監視,測定,分析及び評価

イ　サービスの報告

ウ　内部監査

エ　マネジメントレビュー

","【正解】　ウ　
“あなたの解答:イ”

1監視,測定, 分析及び評価、 2 内部監査、 3 マネジメントレビュー、 4 サービスの報告 は、JIS Q 20000-1:2020におけるパフォーマンス評価(PDCAの""C"") の一連のプロセスで す。

監視,測定,分析及び評価
あらかじめ決められた時期・方法でSMSとサービスの監視・測定を行い、その結果を分析・評価する

内部監査
SMSが要求事項に適合しているか、効果的に実施され、維持されているかを監査する

マネジメントレビュー
SMSとサービスの適切性・妥当性・有効性が保たれているかを、 トップマネジメントがレ ビューする

サービスの報告
上記の結果に基づき、SMSとサービスのパフォーマンスと有効性について報告する
したがって、要求事項への適合性を確認するプロセスは「イ」 の内部監査です。

"
224,"DJ-SC-R5A

複数ノードから成るグループにマルチキャストでデータを送るときに, 宛先として使用でき るIPアドレスはどれか。
ア　10.0.1.1

イ　127.0.1.1

ウ　192.168.1.1

エ　239.0.1.1

","【正解】　エ　　← クラスD:224.0.0.0～ 239.255.255.255。224だけといつの間にか勘違い！
"
225,"DJ-SC-R5S

ア　HTMLの特殊文字 ""<""を検出したときに通信を遮断するようにWAFを設定した場合,""<""などの数式を含んだ正当なHTTPリクエストが送信されたとき,WAFが攻撃として
検知し,遮断する。

イ　HTTPリクエストのうち, RFCなどに仕様が明確に定義されておらず, Webアプリケ-ションソフトウェアの開発者が独自の仕様で追加したフィールドについてはWAF が検査しないという仕様を悪用して,攻撃の命令を埋め込んだHTTPリクエストが送信されたとき, WAFが遮断しない。

ウ　HTTPリクエストのパラメータ中に許可しない文字列を検出したときに通信を遮断するようにWAFを設定した場合, 許可しない文字列をパラメータ中に含んだ不正なHTTPリクエストが送信されたとき, WAFが攻撃として検知し、遮断する。

エ　悪意のある通信を正常な通信と見せかけ, HTTPリクエストを分割して送信されたと き, WAFが遮断しない。
","【正解】　ア
“あなたの解答:ウ”　← 「許可しない文字列」を慎重に考える必要があった。
"
226,"DJ-SC-R5S

ハッシュ関数の性質の一つである衝突発見困難性に関する記述のうち, 適切なものはどれか。

ア　SHA-256の衝突発見困難性を示す,ハッシュ値が一致する二つの元のメッセージの 発見に要する最大の計算量は,256の2乗である。

イ　SHA-256の衝突発見困難性を示す,ハッシュ値の元のメッセージの発見に要する最大の計算量は, 2の256乗である。

ウ　衝突発見困難性とは,ハッシュ値が与えられたときに,元のメッセージの発見に要する計算量が大きいことによる, 発見の困難性のことである。

エ　突発見困難性とは, ハッシュ値が一致する二つの元のメッセージの発見に要する計 算量が大きいことによる,発見の困難性のことである。
","【正解】　エ
“あなたの解答:ウ”

ア　衝突が発生する確率は1/2^256なの で、誕生日のパラドックスにより平均して2^128回の試行で同じハッシュ値を出力する 異なる入力を発見できることになります。
「誕生日のパラドックス（Birthday Paradox）」は、確率論における有名なトピックで、「少人数の集団でも、同じ誕生日の人がいる確率が意外と高い」という現象のことです。たった23人集まると、少なくとも2人が同じ誕生日である確率が50％を超えます。

イ　nビットのハッシュ関数に対する原像攻撃では、攻撃が成功するまでの試行回数は2""に 比例します。 ただし、 同じハッシュ値を出力する入力値は1つ以上あるので2^256回の試 行で必ず元のメッセージを探索できるわけではありません。　← 元の別のメッセージから、同じハッシュができる。

ウ　原像計算困難性の説明です。

エ　正しい。 衝突発見困難性の説明です。
"
227,"DJ-SC-R5S

説明せよ。

衝突発見困難性 (強衝突耐性)

第二原像計算困難性 (弱衝突耐性)
","強衝突耐性	
「どんな2つの入力でもいいから衝突を見つける」のが難しい	
誰でもいいから“同じあだ名”の2人を探すのが難しい

弱衝突耐性
「特定の1つの入力」に対して同じハッシュを出す別の入力を見つけるのが難しい
田中太郎の“TA”と同じあだ名を持つ別の人を探すのが難しい
"
228,"DJ-SC-R5S

サービスマネジメントにおける問題管理において実施する活動はどれか。

ア　インシデントの発生後に暫定的にサービスを復旧させ、業務を継続できるようにする。

イ　インシデントの発生後に未知の根本原因を特定し, 恒久的な解決策を策定する。

ウ　インシデントの発生に備えて、 復旧のための設計をする。

エ　インシデントの発生を記録し、 関係する部署に状況を連絡する。

","【正解】　イ
“あなたの解答:工”　← 覚えるしかない

ア　“インシデントの発生後に暫定的にサービスを復旧させ,業務を継続できるようにする。 
インシデント管理の役割です

イ　“インシデントの発生後に未知の根本原因を特定し,恒久的な解決策を策定する。” 
正しい。 問題管理の役割です。

ウ　“インシデントの発生に備えて,復旧のための設計をする。
ITサービス継続性管理の役割です。

エ　“インシデントの発生を記録し,関係する部署に状況を連絡する。”
サービスデスクの役割です。
"
229,"DJ-SC-R5S

無線LANの暗号化通信を実装するための規格に関する記述のうち,適切なものはどれか。

ア　EAPは,クライアントPCとアクセスポイントとの間で, あらかじめ登録した共通鍵 による暗号化通信を実装するための規格である。

イ　RADIUSは、クライアントPCとアクセスポイントとの間で公開鍵暗号方式による暗号化通信を実装するための規格である。

ウ　SSIDは,クライアントPCで利用する秘密鍵であり、 公開鍵暗号方式による暗号化通 信を実装するための規格で規定されている。

エ　WPA3-Enterpriseは, IEEE802.1Xの規格に沿った利用者認証及び動的に配布される 暗号化鍵を用いた暗号化通信を実装するための方式である。

","【正解】　エ
“あなたの解答: イ""

ア　EAP(Extensible Authentication Protocol) は、PPPの機能を拡張した認証プロトコルです。EAPはデジタル証明書、メッセージダイジェスト、OTPなど様々な認証方式をサポートしていますが、 暗号化通信の機能は規定されていません。

イ　RADIUS (Remote Authentication Dial In User Service) は、 認証および利用ログの記録を単一のサーバに一元化することを目的としたプロトコルで、暗号化通信の機能はあ りません。

ウ　SSID(Service Set Identifier)は、無線LANの規格であるIEEE802.11シリーズにおいて 「混信」を避けるためにアクセスポイントと端末に設定するネットワーク識別子です。

エ　正しい。
"
230,"DJ-SC-R5S

政府情報システムのためのセキュリティ評価制度に用いられる ""ISMAP管理基準”が基礎とし ているものはどれか。

ア　FIPS 140-3(暗号モジュールのセキュリティ要求事項)

イ　ISO/IEC 27018 2019 (個人識別情報 (PII) プロセッサとして作動するパブリッククラ ウドにおけるPIIの保護のための実施基準)

ウ　JIS Q 15001:2017 (個人情報保護マネジメントシステム要求事項)

エ　日本セキュリティ監査協会” クラウド情報セキュリティ管理基準(平成28年度版)""
","【正解】　エ
“あなたの解答:イ”　← 暗記すべし

ア　FIPS 140-3は、 NISTが作成した暗号モジュールのセキュリティ要件に関する米国連邦 政府標準規格です。これは、ISO/IEC 19790:2012で規定された""情報技術-セキュリテ ィ技術-暗号モジュールのセキュリティ要求事項""のベースとなっています。

イ　ISO/IEC 27018 2019 は、 一般の企業や組織が共有して利用するパブリッククラウド上 で、クラウドサービス事業者が管理する個人情報保護に関する国際規格です。

ウ　“JIS Q 15001:2017 (個人情報保護マネジメントシステム-要求事項)”

エ　 正しい。ISMAP管理基準は、日本セキュリティ監査協会が策定した""クラウド情報セキ ュリティ管理基準 (平成28年度版)""、NISC(現在はNCOに改組)が策定した""政府機関等の情報セキュリティ対策のための統一規格群 (平成30年度版) "" 及び ""SP800-53 rev. 4""など、いくつかの規格や基準をベースに策定されています。 日本セキュリティ監査協会は、情報セキュリティ監査制度の運営を目的とした経済産業省が創設した特定非営利 活動法人です。
"
231,"DJ-SC-R5S

Pass the Hash攻撃はどれか。

ア　パスワードのハッシュ値から導出された平文パスワードを使ってログインする。

イ　パスワードのハッシュ値だけでログインできる仕組みを悪用してログインする。

ウ　パスワードを固定し,利用者IDの文字列のハッシュ化を繰り返しながら様々な利用 者IDを試してログインする。

エ　ハッシュ化されずに保存されている平文パスワードを使ってログインする。
","【正解】　イ　

Pass the Hash攻撃は、認証情報として""ユーザー名""と""パスワードのハッシュ値""から生成 されたハッシュ値を用いるチャレンジレスポンス認証において、クライアント端末のメモリ 上に残された""パスワードのハッシュ値""を盗み取ることで、サーバへの正当な認証情報と区別がつかないレスポンスを生成し、不正ログインを行う攻撃手法です。

仕組み（やさしい流れ）
攻撃者がまずターゲット端末やメモリから認証情報（パスワードのハッシュ）を盗む。
盗んだハッシュを、そのまま認証トークンとして利用して別のホストやサービスに接続する。
サービス側はハッシュを使った認証を受け入れるため、パスワードを知らなくてもアクセスが許可される。
（ポイント）ハッシュを「解読」する必要はない — ハッシュ自体が「鍵」として再利用される。
"
232,"DJ-SC-R5S

NIST""サイバーセキュリティフレームワーク: 重要インフラのサイバーセキュリティを改善するためのフレームワーク1.1版 "" における ""フレームワークコア""を構成する機能はどれか。

ア　観察,状況判断、意思決定, 行動

イ　識別,防御,検知,対応,復旧

ウ　準備,検知と分析, 封じ込め/根絶/復旧、事件後の対応

エ　責任,戦略, パフォーマンス, 適合,人間行動
","【正解】　イ
“あなたの解答:工”

ア　“観察,状況判断,意思決定,行動”
意思決定と行動のためのフレームワークであるOODA (ウーダ) ループのサイクルです。 PDCAと似ていますが、 PDCAではフェーズの始まりがPlan (計画) であることか ら、明確な目標が立てやすい安定した環境下でのフレームワークに適しているのに対し て、 OODAではフェーズの始まりが抱えている課題の状況を注意深く把握する Observe (観察)であるので、変化の速い環境下でのフレームワークに適しています。

イ　“識別,防御,検知,対応,復旧”
正しい。 CSFのフレームワークコアを構成する5つの機能です。

ウ　“準備, 検知と分析,封じ込め/根絶/復旧,事件後の対応”
NISTコンピュータセキュリティインシデント対応ガイド(sp800-61)で示される、イ　ンシデント対応プロセスの4つのフェーズです。

工 “責任,戦略, パフォーマンス, 適合, 人間行動”
ITガバナンスのための6つの原則のうちの5つです。ここに""取得""を加えた、責任・戦 略・取得・パフォーマンス・適合・人間行動の6つが、ITに係る意思決定のための望ま しい行動とされています (JIS Q 38500 参照)。
"
233,"DJ-SC-R5S

NIST""サイバーセキュリティフレームワークとは
","🧩 NISTサイバーセキュリティフレームワーク（NIST CSF）
📘 目的　サイバーリスク管理の枠組み
🧱 5つの柱　①識別 ②防御 ③検知 ④対応 ⑤復旧
📈 成熟度　Tier 1〜4（部分的 → 適応的）
🎯 利用法　現状と目標を比較して改善計画を立てる
🏢 特徴　業種・規模を問わず使える実践的フレームワーク
"
234,"DJ-SC-R5S

何モードか

通信経路上にあるスイッチのミラーポートにIPSを接続することで、 本来の経路上を流れ る全てのパケットのコピーを監視する

IPSをそのまま監視対象の通信経路上に設置します。
","プロミスキャスモード(ステルスモード)

インラインモード
"
235,"DJ-SC-R5S

デジタル証明書に関する記述のうち,適切なものはどれか。

ア　S/MIMEやTLSで利用するデジタル証明書の規格は, ITU-T X.400で標準化されてい る。

イ　TLSにおいて, デジタル証明書は, 通信データの暗号化のための鍵交換や通信相手の認証に利用されている。

ウ　認証局が発行するデジタル証明書は,申請者の秘密鍵に対して認証局がデジタル署名 したものである。

エ　ルート認証局は、下位の認証局の公開鍵にルート認証局の公開鍵でデジタル署名した デジタル証明書を発行する。
","【正解】　イ
“あなたの解答:エ""
間違い①「デジタル証明書は, 通信データの暗号化のための」深読みしすぎ。軽く流すべき。
間違い②「ルート認証局の公開鍵でデジタル署名した 」秘密鍵だろ

ア　デジタル証明書は、ITU-T勧告のX.509として標準化されています。ITU-T X.400は電 子メール交換について定めたOSI標準の規格ですが、IPベースの電子メール (RFC 532 2など)が普及したためほぼ利用されていません。

イ　正しい。 デジタル証明書はTLSで、 1 サーバ認証、 2 クライアント認証 (オプショ ン)、3共有秘密鍵(暗号化鍵)の安全な生成、の3つの目的に利用されます。

ウ　秘密鍵ではありません。

エ　公開鍵ではありません。 デジタル証明書は、証明対象の公開鍵と関連情報をまとめたデ -タに、認証局がデジタル署名を付して作成されます。 デジタル署名の作成に使用する のは秘密鍵ですから、下位認証局のデジタル証明書を発行する際に用いるのはルート認 証局自身の秘密鍵です。
"
236,"DJ-SC-R4A

ブロックチェーンに関する記述のうち,適切なものはどれか。

ア　RADIUSを必須の技術として,参加者の利用者認証を一元管理するために利用する。

イ　SPFを必須の技術として、参加者間で電子メールを送受信するときに送信元の真正性 を確認するために利用する。

ウ　楕円曲線暗号を必須の技術として, 参加者間のP2P (Peer to Peer) 通信を暗号化する ために利用する。

エ　ハッシュ関数を必須の技術として、参加者がデータの改ざんを検出するために利用する。
","【正解】　エ
“あなたの解答: ウ”　← 間違えた
"
237,"DJ-SC-R4A

どこか間違いか。

ア　“SAML方式では,インターネット上の複数のWebサイトにおけるSSOを, IdP(Identity Provider)で自動生成されたURL形式の1人一つの利用者IDで実現する。”


","【正解】　URL形式ではなく、XMLベース、SOAPなど
"
238,"DJ-SC-R4A

名前は何か。

“メールクライアントからメールサーバへの電子メール送信は, POP接続で利用者認証済みの場 合にだけ許可する。
""
","POP before SMTPの説明です。　← before が思い出せなくて after だってよ
"
239,"DJ-SC-R4A

以下の2つの違いは何か。

イ　“cookieに, Secure属性を設定する。

ウ　“HTTPレスポンスヘッダーに, Strict-Transport-Securityを設定する。
","Cookieがキーワード

イ　Cookieを HTTPS通信時にのみブラウザが送信するようにする

ウ　ブラウザに「このサイトへのアクセスは 常にHTTPSで行う」と指示する
"
240,"DJ-SC-R4A

IT製品及びシステムが,必要なセキュリティレベルを満たしているかどうかについて,調達 者が判断する際に役立つ評価結果を提供し、 独立したセキュリティ評価結果間の比較を可能 にするための規格はどれか。

ア　ISO/IEC 15408

イ　ISO/IEC 27002

ウ　ISO/IEC 27017

エ　ISO/IEC 30147
","ア　“ISO/IEC 15408""
正しい。ISO/IEC 15408は、IT関連製品や情報システムのセキュリティ機能の適切性・ 確実性について客観的に評価するための基準です。日本ではJIS X 5070として定められ ています。IPAが認証機関として運営しているITセキュリティ評価及び認証制度(JISE C)は、このISO/IEC 15408に基づいて評価・認証が行われ、政府調達などで利用されて います。

イ　“ISO/IEC 27002""
ISO/IEC 27002は、情報セキュリティマネジメントシステム(ISMS)に関する規格群ISO/IEC 27000シリーズの一つです。ISMSの確立・実施・維持・継続的な改善を行うための要求事項をまとめたのが ISO/IEC 27001であり、このISO/IEC 27001に基づいて実施されるISMSの過程で選定・実践すべき情報セキュリティ管理策の規範が ISO/IEC 27002です。 ISO/IEC 15408 がセキュリティ機能の技術的側面を対象としているのに対し、ISO/IEC 27002 はセキュリティ運用管理面を対象としています。

ウ　“ISO/IEC 27017""
ISO/IEC 27017は、 ISO/IEC 27002 をベースとしたクラウド環境における情報セキュ リティ管理策を実践するための規範です。

エ　“ISO/IEC 30147""
ISO/IEC 30147は、IoT製品やサービスの安全・安心を確保するための日本発の国際規格で、システムのライフサイクルプロセスについての規格である ISO/IEC/IEEE 15288 を適用・補完して策定されました。セキュリティ・信頼性・プライバシー保護・レジリ エンス(脅威予測・攻撃に対する適切な対応・迅速な回復等を行いリスクに適応する能力)などにおいて関係者の期待に応える能力(これをトラストワージネス : Trustworth inessという)を、IoT製品やサービスに実装し維持するためのライフサイクルプロセスの規格となっています。
"
241,"DJ-SC-R4A

PKI(公開鍵基盤)を構成するRA(Registration Authority)の役割はどれか。

ア　デジタル証明書にデジタル署名を付与する。

イ　デジタル証明書に紐づけられた属性証明書を発行する。

ウ　デジタル証明書の失効リストを管理し,デジタル証明書の有効性を確認する。

エ　本人確認を行い, デジタル証明書の発行申請の承認又は却下を行う。
","【正解】　エ　
あなたの解答:ア　← また間違えた

ア　発行局(IA)

イ　属性認証局(AA:Attribute Authority)

ウ　検証局(VA:Validation Authority)

エ　正しい。登録局(RA)の役割は、認証局の業務のうち、 デジタル証明書の発行申請書に記載された申請者の本人確認を行い、審査結果に基づき申請の承認または却下を行うことです。承認された申請情報を登録する役割も担います。
"
242,"DJ-SC-R4A

セキュリティ対策として, CASB(Cloud Access Security Broker)を利用した際の効果はどれか。

ア　クラウドサービスプロバイダが,運用しているクラウドサービスに対して, CASBを利用してDDoS攻撃対策を行うことによって,クラウドサービスの可用性低下を緩和できる。

イ　クラウドサービスプロバイダが,クラウドサービスを運用している施設に対して,CASBを利用して入退室管理を行うことによって,クラウドサービス運用環境への物理的な不正アクセスを防止できる。

ウ　クラウドサービス利用組織の管理者が,従業員が利用しているクラウドサービスに対 して,CASBを利用して脆弱性診断を行うことによって,脆弱性を特定できる。

エ　クラウドサービス利用組織の管理者が,従業員が利用しているクラウドサービスに対して,CASBを利用して利用状況の可視化を行うことによって,許可を得ずにクラウドサービスを利用している者を特定できる。

","【正解】　エ
“あなたの解答:工”

CASB(Cloud Access Security Broker:キャスビー)は、利用者とクラウドサービスプロバ イダとの間に単一のコントロールポイントを設けて、クラウドサービス利用の「可視化」 「コンプライアンス」「データセキュリティ」「脅威防御」を提供する仕組みです。

近年は 働き方改革やテレワークの促進でクラウドサービスを活用する流れが加速していますが、そ れに伴いシャドーITがセキュリティ上の問題 となっています。 CASBを導入することで、組織の管理者は、組織の許可を得ずに業務にク ラウドサービスを利用している者を発見し、管理することが可能となります。

利用者の端末にインストールし、それを介してクラウドサービスを利用させるタイプや、インターネットアクセスの際には必ず経由してアクセスさせるプロキシ型、クラウドサービスプロバイダ側に設置することで管理対象外の端末の使用をも検知できるリバースプロキシ型 などの種類があります。
したがって「エ」が適切です。
"
243,"DJ-SC-R4A

パスワードスプレー攻撃に該当するものはどれか。

ア　攻撃対象とする利用者IDを一つ定め, 辞書及び人名リストに掲載されている単語及び人名並びにそれらの組合せを順にパスワードとして入力して, ログインを試行す る。

イ　攻撃対象とする利用者IDを一つ定め,パスワードを総当たりして, ログインを試行する。

ウ　攻撃の時刻と攻撃元IPアドレスとを変え,かつ, アカウントロックを回避しながらよ く用いられるパスワードを複数の利用者IDに同時に試し, ログインを試行する。

エ　不正に取得したある他のサイトの利用者IDとパスワードとの組みの一覧表を用い て, ログインを試行する。
","【正解】　ウ
"
244,"DJ-SC-R4A

フローチャートの経路網羅の方法２つは何か。
","テスト技法で言う 経路網羅（パス網羅） や 条件網羅（判定条件網羅） に対応します。
"
245,"DJ-SC-R4S

標的型攻撃における攻撃者の行動をモデル化したものの一つにサイバーキルチェーンがあり,攻撃者の行動を7段階に分類している。標的とした会社に対する攻撃者の行動のうち, 偵察の段階に分類されるものはどれか。

ア　攻撃者が,インターネットに公開されていない社内ポータルサイトから,会社の組織 図,従業員情報,メールアドレスなどを入手する。

イ　攻撃者が,会社の役員が登録しているSNSサイトから、攻撃対象の人間関係,趣味 などを推定する。

ウ　攻撃者が,取引先になりすまして,標的とした会社にマルウェアを添付した攻撃メー ルを送付する。

エ　攻撃者が,ボットに感染したPCを違隔操作して社内ネットワーク上のPCを次々にマ ルウェア感染させて,利用者IDとパスワードを入手する。
","【正解】　イ　です。

サイバーキルチェーンの7段階（代表的な並び）：
偵察（Reconnaissance） → 武器化（Weaponization） → 配布／送付（Delivery） → 攻撃（Exploitation） → インストール（Installation） → コマンド＆コントロール（C2） → 目的達成（Actions on Objectives）

ア：社内ポータル（インターネット未公開）から情報を入手する
→ 公開情報収集（OSINT）なら偵察だが、「インターネットに公開されていない社内ポータル」から取得している点で既に不正アクセスや内部侵害が行われている可能性が高く、偵察よりも侵入後の情報窃取／内部活動に近い。

イ：役員のSNSから人間関係や趣味を推定する
→ 典型的な 偵察（Reconnaissance）／OSINT。標的型攻撃でのターゲット選定やスピアフィッシングの材料収集に該当。 正解。

ウ：取引先になりすましてマルウェア添付メールを送る
→ これは 配布（Delivery）／攻撃（Exploitation） に相当（スピアフィッシングによる侵入試行）。

エ：ボットを使って社内PCを次々感染させID・パスワードを入手する
→ 侵入後の横展開（lateral movement）や情報収集・目的達成に該当（後段のフェーズ）。
"
246,"DJ-SC-R4S

安全・安心なIT社会を実現するために創設された制度であり, IPA""中小企業の情報セキュリ ティ対策ガイドライン""に沿った情報セキュリティ対策に取り組むことを中小企業が自己宣言するものはどれか。

ア　ISMS適合性評価制度

イ　ITセキュリティ評価及び認証制度

ウ　MyJVN

エ　SECURITY ACTION

","【正解】　エ
“あなたの解答: イ”　← 唯々暗記

SECURITY ACTION(セキュリティアクション)は、IPAが推進する制度で、中小企業自らが情報セキュリティ対策に取組むことを自己宣言するものです(※認定・取得制度ではありま せん)。

取組み目標に応じて「一つ星」と「★★二つ星」のロゴマークがあり、 使用申込を行うこ とで、ロゴマークをポスター、パンフレット、名刺、封筒、会社案内、ウェブサイト等に表 示して、自らの取組みをアピールすることができます。

ア　“ISMS適合性評価制度”
ISMS適合性評価制度は、JIS Q 27001に基づき、組織が構築した情報セキュリティマ ネジメントシステムの適合性を評価する制度です。

イ　“ITセキュリティ評価及び認証制度”
ITセキュリティ評価及び認証制度(JISEC)は、IT関連製品のセキュリティ機能の適切性・ 確実性を、セキュリティ評価基準の国際標準であるISO/IEC 15408に基づいて第三者 (評価機関)が評価し、その評価結果を認証機関が認証する制度です。

ウ　“MyJVN""
MyJVNは、JVN iPediaの情報を、利用者が効率的に活用して頂けるように、脆弱性対策情報を効率的に収集したり、利用者のPC上にインストールされたソフトウェア製品のバージョンを容易にチェックする等の機能を提供する仕組み (フレームワーク)です (※MyJVNウェブサイトより引用)。

エ　“SECURITY ACTION""
正しい。SECURITY ACTIONは、中小企業自らが情報セキュリティ対策に取り組むこ とを自己宣言する制度です。
"
247,"DJ-SC-R4S

データウェアハウスのメタデータに関する記述のうち,データリネージはどれか。

ア　誰がどのデータを見てよいかを示す情報であり,適切なアクセス制御を目的として設 定される。

イ　データが誰によって作られ管理されているかを示す情報であり, データ構造やデータ辞書を見ても意味が分からないときの問合せ先を表す。

ウ　データがどこから発生し,どのような変換及び加工を経て,現在の形になったかを示 す情報であり, データの生成源の特定又は障害時の影響調査に利用できる。

エ　データ構造がどのように定義されているかを示す情報であり, Webサイトなどに公開して検索できるようにする。
","【正解】　ウ
“あなたの解答:工”

データリネージ（Data Lineage）とは、データがどこから発生し、どのような変換や加工を経て現在の形になったかを追跡する情報を指します。主に データの出所の特定や、障害・誤りの影響範囲の調査に利用されます。

ア	誰がどのデータを見られるか（アクセス権）	× → アクセス制御／セキュリティメタデータ

イ	データの作成者や管理者の情報	× → 管理メタデータ（データオーナー情報）

ウ	データの発生源と変換履歴	✅ → データリネージ

エ	データ構造の定義情報	× → データディクショナリ／スキーマ情報

💡 まとめ
データリネージ = データの生成源・加工・変換の履歴
利用例：障害調査、データの信頼性確認、監査対応。
"
248,"DJ-SC-R4S

総務省及び国立研究開発法人情報通信研究機構(NICT)が2019年2月から実施している取組""NOTICE""に関する記述のうち,適切なものはどれか。
それ以外の取り組みの名前も答えよ。

ア　NICTが運用するダークネット観測網において, Miraiなどのマルウェアに感染したlo T機器から到達するパケットを分析した結果を当該機器の製造者に提供し、国内での 必要な対策を促す。

イ　国内のグローバルIPアドレスを有するIoT機器に,容易に推測されるパスワードを入 力することなどによって,サイバー攻撃に悪用されるおそれのある機器を調査し,イ　ンターネットサービスプロバイダを通じて当該機器の利用者に注意喚起を行う。

ウ　国内の利用者からの申告に基づき、利用者の所有するIoT機器に対して無料でリモー トから,侵入テストやOSの既知の脆弱性の有無の調査を実施し,結果を通知すると ともに,利用者が自ら必要な対処ができるよう支援する。


エ　製品のリリース前に,不要にもかかわらず開放されているポートの存在,パスワード の設定漏れなど約200項目の脆弱性の有無を調査できるテストベッドを国内のIoT機 器製造者向けに公開し,市場に流通するIoT機器のセキュリティ向上を目指す。


","【正解】　イ

ア　DAEDALUS(ダイダロス)の取組です。

イ　正しい。 NOTICEの取組です。

ウ　セキュリティベンダーが提供するリモート診断ツールの説明です。

エ　NICTが提供する総合テストベッドの説明です。

"
249,"DJ-SC-R4S

金融庁""財務報告に係る内部統制の評価及び監査に関する実施基準(令和元年)""におけるアクセス管理に関して,内部統制のうちのITに係る業務処理統制に該当するものはどれか。

ア　組織としてアクセス管理規程を定め、統一的なアクセス管理を行う。

イ　組織としてアクセス権限の設定方針を定め、周知徹底を図る。

ウ　組織内のアプリケーションシステムに,業務内容に応じた権限を付与した利用者ID とパスワードによって認証する機能を設ける。

エ　組織内の全ての利用者に対して,アクセス管理の重要性についての教育を行う。
","【正解】　ウ　
“あなたの解答:ウ”

「全般統制」と「業務処理統制」の2つから構成 されています。　← ポイントはこれ。

"
250,"DJ-SC-R4S

SAML(Security Assertion Markup Language) の説明として、 最も適切なものはどれか。

ア　“Webサービスに関する情報を公開し, Webサービスが提供する機能などを検索可能にするため の仕様”

イ　“権限がない利用者による読取り、改ざんから電子メールを保護して送信するための仕様”

ウ　“デジタル署名に使われる鍵情報を効率よく管理するためのWebサービスの仕様”

エ　“認証情報に加え,属性情報と認可情報を異なるドメインに伝達するためのWebサービスの仕様” 
","【正解】　エ

ア　WSDL(Web Services Description Language)の説明です。
ChatGpt: UDDI（Universal Description, Discovery, and Integration） の説明に相当

イ　S/MIME(Secure MIME)やPGP (Pretty Good Privacy)。

ウ　TLS(Transport Layer Security) の説明です。
ChatGpt: XKMS（XML Key Management Specification）

エ　正しい。SAMLの説明です。
"
251,"DJ-SC-R4S

インターネットに接続されたPCの時刻合わせに使用されるプロトコルはどれか。

ア　NNTP

イ　RTCP

ウ　SNTP

エ　TFTP
","【正解】　ウ
“あなたの解答: ア”

ア“NNTP""
Network News Transfer Protocolの略。 インターネット上でニュースを閲覧、編集、 配信等をすることができるプロトコルです。ここでいうインターネット上のニュースと は、現在でいえば電子掲示板のようなものを指しており、NetNewsと呼ばれる配信シス テム上でNNTPによるアクセスが行われます。NNTPは、インターネットが普及する前の1990年代前半に頻繁に使用されていました が、現在ではほとんど使用されていません。

“RTCP”
RTP Control Protocolの略。IP電話で音声をやり取りするのに用いられるRTP(Real-ti me Transfer Protocol)とセットで使用されます。

“SNTP""
正しい。SNTP (Simple Network Time Protocol)は、時刻合わせのプロトコルNTPか ら、現在時刻を問い合わせる部分を抜き出して簡略化したサブセット的なプロトコルで す。使用するポート番号はNTPと同じく123/UDPです。

“TFTP”
Trivial File Transfer Protocolの略。 ファイルをネットワーク上で送受信するプロトコ ルです。FTP(File Transfer Protocol)に比べて、簡易的なプロトコルであり、暗号化機 能や認証機能を持たない分、動作が軽く伝送効率が高いのが特徴です。
"
252,"DJ-SC-R4S

量子暗号の特徴として,適切なものはどれか。

ア　暗号化と復号の処理を,量子コンピュータを用いて瞬時に行うことができるので,従 来のコンピュータでの処理に比べて大量のデータの秘匿を短時間で実現できる。

イ　共通鍵暗号方式であり,従来の情報の取扱量の最小単位であるビットの代わりに量子 ビットを用いることによって,瞬時のデータ送受信が実現できる。

ウ　量子雑音を用いて疑似乱数を発生させて共通鍵を生成し,公開鍵暗号方式で共有することによって, 解読が困難な秘匿通信が実現できる。

エ　量子通信路を用いて安全に共有した乱数列を使い捨ての暗号鍵として用いることによ って,原理的に第三者に解読されない秘匿通信が実現できる。
","【正解】　エ
“あなたの解答:ウ”

ア　量子暗号は、量子コンピュータ上で行われる計算処理を指しているわけではなく、共通鍵の安全な配送が主な役割です。暗号化と復号は古典コンピュータと同じ計算を行うの で、従来に比べて大量のデータを処理可能とするものではありません。

イ　量子暗号は共通鍵暗号方式のひとつではなく、量子鍵配送とワンタイムパッドの組合せ によって、盗聴の検出や解読に対する耐性を強化する技術です。データの送受信は量子 ビットでは行わず、従来どおり古典ビットで行います。 また、通信の高速化を目的としていません。

ウ　鍵の共有に公開鍵暗号方式は使用しません。量子鍵配送では、光の特性を利用して安全に鍵を共有します。なお、量子雑音を利用した共通鍵(平文よりも短い)の生成と量子鍵配送を組み合わる方式は、量子雑音ストリーム暗号と呼ばれます。

エ　量子暗号は、通信ごとに使い捨ての鍵を使用すること、その鍵を量子通信路で 安全に配送するという2つの要素を組み合わせた暗号化通信です。観察されると変化す る光子の性質により盗聴を検知できるため、 安全な鍵だけを受信することができます。 また、送信側と受信側で同じ基底盤を使用しないと正しい復号が行えないため、理論的 に第三者に解読されないことが保証されます
"
253,"DJ-SC-R3A

cookieにSecure属性を設定しなかったときと比較した,設定したときの動作として,適切なものはどれか。

ア　cookieに設定された有効期間を過ぎると, cookie が無効化される。

イ　JavaScriptによるcookieの読出しが禁止される。

ウ　URL内のスキームがhttpsのときだけ, Webブラウザからcookieが送出される。

エ　WebブラウザがアクセスするURL内のパスと cookieに設定されたパスのプレフィックスが一致するときだけ, WebブラウザからCookieが送出される。
","【正解】　ウ
“あなたの解答:イ”　← これを間違えるのはもったいない。慎重に。

ア　Expires属性の動作です。

イ　HttpOnly属性の動作です。

ウ　Secure属性の動作です。

エ　Path属性の動作です。
"
254,"DJ-SC-R3A

AIによる画像認識において,認識させる画像の中に人間には知覚できないノイズや微小な変 化を含めることによってAIアルゴリズムの特性を悪用し, 判定結果を誤らせる攻撃はどれ か。

ア　Adaptively Chosen Message

イ　Adversarial Examples攻撃

ウ　Distributed Reflection Denial of Service

エ　Model Inversion攻撃

","【正解】　イ　
“あなたの解答:ア”

イ　“Adversarial Examples攻撃”
正しい。 Adversarial Examples攻撃 敵対的サンプル攻撃)は、入力画像に人間の目では認識できない程度の微細なノイズを加えることによって、AIの誤判定等を引き起こす 攻撃です。

画像に少量のピクセルの乱れを入れたり、音声波形にほんの少し別の波形を合成したりするなど本物のデータにわずかなノイズを加えることで、AIシステムは、本物と同一分類であるのに別分類と判断する場合があります。逆にまったく別分類であるのに、 ノイズを加えたことでAIが同一分類と誤認する場合もあります。このような事態を引き起こす改変データは敵対的サンプルと呼ばれ、このデータを用いて意図的に不正な判断や誤作動をAIに起こさせる攻撃が敵対的サンプル攻撃です。
"
255,"DJ-SC-R3A

PEAP（Protected EAP）とは
","PEAP = Protected EAP
EAPの一種で、無線LAN上の認証情報（ユーザ名・パスワード）を安全にやり取りするためのトンネル方式です。

主な仕組み
TLSトンネルの確立
サーバ証明書を使って TLS（暗号化通信）トンネルを作る
この時点でクライアントとサーバ間の通信が暗号化される
トンネル内でEAP認証を実行
パスワードや証明書などの認証情報を安全に送信
代表的には EAP-MSCHAPv2（ユーザ名＋パスワード認証）がよく使われる

特徴
パスワード認証でも 盗聴されにくい（平文が流れない）
クライアント側はサーバ証明書を検証するため、なりすましサーバ対策にもなる
無線LANの WPA2-Enterprise や WPA3-Enterprise で広く利用
"
256,"DJ-SC-R3A

次の表において, ""在庫""表の製品番号に参照制約が定義されているとき,その参照制約によって拒否される可能性のある操作はどれか。 ここで, 実線の下線は主キーを、破線の下線は 外部キーを表す。

在庫(在庫管理番号, 製品番号, 在庫量)
　　 　＝＝＝＝＝＝　ーーーーー
      
製品(製品番号 製品名, 型, 単価)
      　＝＝＝＝

ア　""在庫""表の行削除

イ　""在庫""表の表削除

ウ　""在庫""表への行追加

エ　""製品""表への行追加
","【正解】　ウ　
“あなたの解答:工”

ChatGPT:
良い質問です。
「参照制約（さんしょうせいやく）」とは、リレーショナルデータベース（RDB）におけるデータの整合性を保つための制約（ルール）の一つです。

はい、非常に正確な質問です。
結論から言うと、✅ 「はい、CONSTRAINT が参照制約（参照整合性制約）を決定しています。」
"
257,"DJ-SC-R3A

ブルーレイディスクで使われているコンテンツ保護技術はどれか。

ア　AACS

イ　CPRM

ウ　CSS

エ　WMRM
","【正解】　ア

ア　AACS：Blu-ray Disc や HD DVD で使用される、映像コンテンツの暗号化・著作権保護技術。

イ　CPRM：記録型メディア（DVD-R など）に録画したデジタル放送をコピー制御するための技術。

ウ　CSS：DVD-Video で使われる、コンテンツを暗号化して不正コピーを防ぐ暗号化技術。

エ　WMRM：マイクロソフトが開発した、音楽や動画の利用制限を管理するDRM（デジタル著作権管理）技術。
"
258,"DJ-SC-R3A

サイバー情報共有イニシアティブ(J-CSIP)の説明として,適切なものはどれか。

ア　サイバー攻撃対策に関する情報セキュリティ監査を参加組織間で相互に実施して, 監 査結果を共有する取組み

イ　参加組織がもつデータを相互にバックアップして、サイバー攻撃から保護する取組み

ウ　セキュリティ製品のサイバー攻撃に対する有効性に関する情報を参加組織が取りまとめ、その情報を活用できるように公開する取組み

エ　標的型サイバー攻撃などに関する情報を参加組織間で共有し, 高度なサイバー攻撃対 策につなげる取組み

","【正解】　エ
 “あなたの解答: ウ”

J-CSIP（サイバー情報共有イニシアティブ） は、IPA（情報処理推進機構）が主導している取り組みで、企業や業界団体などが標的型攻撃に関する情報を共有し、被害の未然防止につなげる ことを目的としています。

🧩 J-CSIPの仕組み
参加組織（企業・業界団体） → 攻撃メールや不審通信の情報をIPAへ提供

IPA → 提供された情報を分析・加工し、同様の攻撃を受けていない他の組織にも「注意喚起」や「傾向分析」を共有
"
259,"DJ-SC-R3A

RFC 8110に基づいたものであり,公衆無線LANなどでパスフレーズなどでの認証なしに, 端末とアクセスポイントとの間の無線通信を暗号化するものの名前は。



","Enhanced Open

Enhanced Open は、Wi-Fi接続時にパスワードなしでも通信を暗号化できる仕組みです。
内部では ディフィ・ヘルマン鍵共有（Diffie-Hellman key exchange） を用いて、接続ごとに端末とアクセスポイントが共通の暗号鍵を自動生成し、通信を AESで暗号化します。
"
260,"DJ-SC-R3A

ETSI(欧州電気通信標準化機構)が提唱するNFV (Network Functions Virtualisation) に関する記述のうち,適切なものはどれか。

ア　ONF(Open Networking Foundation)3SDN (Software-Defined Networkin g)を用いて, 仮想化を実現する。

イ　OpenFlowコントローラーやOpenFlow スイッチなどのOpenFlow プロトコルの専用 機器だけを使ってネットワークを構築する。

ウ　ルータ, ファイアウォールなどのネットワーク機能を, 汎用サーバを使った仮想マシン上のソフトウェアで実現する。

エ　ロードバランサー、スイッチ, ルータなどの専用機器を使って, VLAN, VPNなどの仮想ネットワークを実現する。
","ウ　“あなたの解答: ア""

NFV（Network Functions Virtualisation） とは、従来専用ハードウェアで提供されていたルーター、ファイアウォール、ロードバランサなどのネットワーク機能を、汎用サーバ上のソフトウェアとして仮想化する技術です。これにより、ハードウェア依存を減らし、柔軟なスケーリングや迅速なサービス展開が可能になります。

ア　SDNがデータ転送をネットワーク機器で、転送制御をソフトウェアで行うという考え方で、実際のデータ転送はネットワーク機器が行います。一方、NFVではネットワーク機 器を使用しません。

イ　汎用サーバでネットワーク機能を実現するので、 OpenFlow プロトコルの専用機器は使用しません。

ウ　正しい。

エ　VLAN、VPNなどの仮想ネットワークの構築もできますが、専用機器ではなく汎用サー バを使用します。
"
261,"DJ-SC-R3A

検査対象ファイルと安全な場所に保管してあるファイル原本を比較して、 異なっていればマルウェアとして判定する手法

シグネチャコードと呼ばれる既知のマルウェアに特徴的なコードパターンをデータベース化し、検査対象のファイルがそのパターンを有していればマルウェアと判定する手法

あらかじめファイル原本に正当性を保証する情報(チェックサムやデジタル署名など)を付加しておき、検査対象ファイルで再計算した値が異なっていればマルウェアとして判定する手法。 インテグリティチェック法とも呼ばれる

マルウェアのとるであろう動作を事前に登録しておき、検査対象コードに含まれる一連の動作と比較して検出する手法

実際に検査対象のプログラムを動作させ、その挙動を監視して不正な行動があればマルウェアと判定する手法です。

","コンペア法

パターンマッチング法

チェックサム法

ヒューリスティック法

ビヘイビア法
"
262,"DJ-SC-R3A

ア　IPV4 DHCPが使用できないときに自動生成されるIPアドレスとして使用されるアドレスは。
","169.254.x.y 

リンクローカルアドレスの説明です。 DHCPが使用できないときにIPアドレスを自動設定する機能をAPIPA(Automatic Private IP Addressing)という。
"
263,"DJ-SC-R3A

占有ロックと共有ロック
","1. 占有ロック（Exclusive Lock / Xロック）
データに対して読み書き両方を排他でロックする。
他のトランザクションは読み取りも書き込みもできない。
書き込み（更新・削除）時に使用。

2. 共有ロック（Shared Lock / Sロック）
データを読み取り専用で複数トランザクションが共有できるロック。
他のトランザクションは読み取りは可能、書き込みは不可。
読み取り時に使用。
"
264,"DJ-SC-R3A

エクストリームプログラミング (XP:eXtreme Programming)における""テスト駆動開発""の特徴はどれか。

ア　最初のテストで,なるべく多くのバグを摘出する。

イ　テストケースの改善を繰り返す。

ウ　テストでのカバレージを高めることを目的とする。

エ　プログラムを書く前にテストコードを記述する。

","【正解】　エ　
“あなたの解答:イ”　← また間違えた

エクストリームプログラミング (XP:eXtreme Programming)は、1990年代後半、Kent Bec k氏らによって提唱されたソフトウェア開発手法で、アジャイルソフトウェア開発と称され る一連の手法の先駆けとなったものです。 『プログラマーは人間である』という思想のも と、叩き台となるプログラムを早期に開発し、短いサイクルで頻繁にテストとリリースを繰 り返すことで、顧客の要求への対応力と生産性を高め、リスクを軽減することを目的として います。

テスト駆動開発は、 XPのプラクティスのうちの1つで、 求める機能を明確化するために、プ ログラムを記述するよりも前にテストケースを作成する開発手法です。そのテストをパスする最低限の実装を行った後で、機能を維持したままコードを洗練していくという手順で開発 を進めます。
"
265,"DJ-SC-R3S

JIS X 25010:2013 (システム及びソフトウェア製品の品質要求及び評価 (SQuaRE)-システム及びソフトウェア品質モデル) で定義されたシステム及び/又はソフトウェア製品の品質特性に関する説明のうち、 適切なものはどれか。

ア　機能適合性とは, 明示された状況下で使用するとき, 明示的ニーズ及び暗黙のニーズ を満足させる機能を、 製品又はシステムが提供する度合いのことである。

イ　信頼性とは,明記された状態(条件) で使用する資源の量に関係する性能の度合いのこ とである。

ウ　効率性及び満足性をもって 明示された目標を達成するために,明示された利用者が製品又はシステムを利用する ことができる度合いのことである。

エ　性能効率性とは,明示された利用状況において, 有効性、保守性とは,明示された時間帯で, 明示された条件下に, システム, 製品又は構成要素が明示された機能を実行する度合いのことである。
","【正解】　ア
“あなたの解答:工”　← 「製品の品質特性に関する説明」ごちゃごちゃした表現でこれを読み飛ばしてしまった。毎度ながら。

ア　正しい。 機能適合性の定義です。

イ　記述は性能効率性の定義です。

ウ　記述は使用性の定義です。

エ　記述は信頼性の定義です。
"
266,"DJ-SC-R2A

""イテレーション""とは。

""スクラム開発""とは。

""スプリント""とは。
","ソフトウェア開発（アジャイル）

""イテレーション""とは。Iteration：　反復
開発プロセスで、短い期間ごとに計画・設計・実装・テストを繰り返すこと
例：スクラム開発のスプリント（1～2週間単位の反復サイクル）

スクラム開発（Scrum）: Scrum は元々ラグビーの用語で、スクラム（スクラム形成） を指す
アジャイル開発手法の一つで、チームで協力して短期間でソフトウェアを反復的に開発するプロセス

スプリント（Sprint）「短距離を全力で駆け抜ける」というイメージが残っている
スクラム開発における 短期間の反復作業期間

"
267,"DJ-SC-R2A

経済産業省が""サイバー・フィジカル・セキュリティ対策フレームワーク (Version 1.0)"" を策 定した主な目的の一つはどれか。

ア　ICTを活用し,場所や時間を有効に活用できる柔軟な働き方 (テレワーク)の形態を示 し,テレワークの形態に応じた情報セキュリティ対策の考え方を示すこと

イ　新たな産業社会において付加価値を創造する活動が直面するリスクを適切に捉えるた めのモデルを構築し、求められるセキュリティ対策の全体像を整理すること

ウ　クラウドサービスの利用者と提供者が,セキュリティ管理策の実施について容易に連 携できるように, 実施の手引を利用者向けと提供者向けの対で記述すること

エ　データセンターの利用者と事業者に対して""データセンターの適切なセキュリティ""とは何かを考え, 共有すべき知見を提供すること
","【正解】　イ
“あなたの解答: ア”　← 阿保くさい問題も覚えるしかない

ア　テレワークセキュリティガイドライン""の策定目的です。

イ　正しい。 ""サイバー・フィジカル・セキュリティ対策フレームワーク""の策定目的です。

ウ　経済産業省 ""クラウドサービス利用のための情報セキュリティマネジメントガイドライ　ン""と、総務省""クラウドサービス提供における情報セキュリティ対策ガイドライン""の策 定目的です。

エ　""データセンターセキュリティガイドブック""の策定目的です。
"
268,"DJ-SC-R2A

インターネットサービスプロバイダ (ISP)が, スパムメール対策として導入するIP25Bに該するものはどれか。

ア　自社ISPのネットワークの動的IPアドレスから他社ISPの管理するメールサーバへの SMTP通信を制限する。

イ　自社ISPのメールサーバで受信した電子メールのうち、スパムメールのシグネチャに一致する電子メールを隔離する。

ウ　他社ISPのネットワークの動的IPアドレスから自社ISPのメールサーバへのSMTP通信を制限する。

エ　他社ISPのメール不正中継の脆弱性をもつメールサーバから自社ISPのメールサーバに送信された電子メールを隔離する。
","【正解】　ウ　
""あなたの解答: ア”　← 惰性で読んでるとIP25BとOP25Bの違いを見落とすぞ！

ア　OP25Bの説明です。

イ　迷惑メールフィルタリングにおける「シグネチャマッチング方式」の説明です。

ウ　正しい。 IP25Bの説明です。

エ　RBL (Real-time Blackhole List) を使用したスパムメール対策です。
"
269,"DJ-SC-R2A

CRYPTRECの主な活動内容はどれか。
それぞれの活動は何というか。

ア　暗号技術の技術的検討並びに国際競争力の向上及び運用面での安全性向上に関する検討を行う。

イ　情報セキュリティ政策に係る基本戦略の立案, 官民における統一的,横断的な情報セ キュリティ政策の推進に係る企画などを行う。

ウ　組織の情報セキュリティマネジメントシステムについて評価し認証する制度を運用する。

エ　認証機関から貸与された暗号モジュール試験報告書作成支援ツールを用いて暗号モジュールの安全性についての評価試験を行う。
","【正解】　ア

ア　“暗号技術の技術的検討並びに国際競争力の向上及び運用面での安全性向上に関する検討を行 う。”
正しい。 CRYPTRECの活動内容です。

イ　“情報セキュリティ政策に係る基本戦略の立案、 官民における統一的, 横断的な情報セキュリテ ィ政策の推進に係る企画などを行う。
国家サイバー統括室 (NCO)の活動内容です。

ウ“組織の情報セキュリティマネジメントシステムについて評価し認証する制度を運用する。""
ISMS-AC 情報マネジメントシステム認定センター )の活動内容です。

エ“認証機関から貸与された暗号モジュール試験報告書作成支援ツールを用いて暗号モジュールの安全性についての評価試験を行う。""
JCMVP（Japan Cryptographic Module Validation Program)： IPA 独立行政法人情報処理推進機構により運用されている暗号モジュール試験及び認証制度の活動内容です。
"
270,"DJ-SC-R2A

何というか。

画像や音楽などのデジタルコンテンツに著作権者などの情報を埋め込む。
","ステガノグラフィ
"
271,"DJ-SC-R2A

なお、cookieを発行する際に指定できる属性には""Secure""の他に以下の属性の名前は何。

• cookieをHTTPS通信の場合のみ送信する

• cookieを送信するドメインを指定する

• cookie を送信するURLディレクトリを指定する

• cookie の有効期限を指定する

• JavaScriptからのアクセスを禁止する

• サイトをまたがるリクエストの際のcookie 送信を制御する
","• Secure

• Domain 

• Path

• Expires

• HttpOnly

・SameSite
"
272,"DJ-SC-R2A

つまりルータ（DHCPリレーエージェント）は255.255.255.255のブロードキャストアドレス宛のパケットだけを通過許可し、サブネット＋IPアドレスは通過させないということか
","その通りです。DHCPリレーエージェント（ルータ）は、クライアントから受信した「255.255.255.255」宛（リミテッド・ブロードキャスト）のDHCPDISCOVERパケットのみを処理し、ユニキャストでDHCPサーバに転送します。​

一方で、クライアントがサブネットブロードキャストアドレス（例：192.168.1.255や192.168.2.255）宛に送ったパケットは、ルータを通過して他セグメントには転送されません。これらは同一サブネット内に限定されるため、異なるサブネットのDHCPサーバには届きません。​

DHCPリレーエージェントはブロードキャストを「ユニキャスト」へ変換して送る仕組みなので、原則としてサブネット＋IPアドレスへのブロードキャストは通過させません。
最初の通信は「255.255.255.255」だけが対象です。
"
273,"DJ-SC-R1A

VA(Validation Authority) の役割はどれか。

ア　属性証明書の発行を代行する。

イ　デジタル証明書にデジタル署名を付与する。

ウ　デジタル証明書の失効状態についての問合せに応答する。

エ　本人確認を行い, デジタル証明書の発行を指示する。
","【正解】　ウ
“あなたの解答:工”　← こんなのを間違えた。慎重に。

ア　“属性証明書の発行を代行する。
AA(Attribute Authority : 属性認証局)の役割です。

イ　“デジタル証明書にデジタル署名を付与する。
CA(Certificate Authority:認証局)の役割です。

ウ　“デジタル証明書の失効状態についての問合せに応答する。 
正しい。 VAの役割です。

エ“本人確認を行い, デジタル証明書の発行を指示する。 
RA (Registration Authority 登録局)の役割です。
"
274,"DJ-SC-R1A

「ドキュメント型データベース（Document-oriented Database）」とは
","データを文書（ドキュメント）単位で保存・管理するデータベースのことです。リレーショナルデータベース（RDB）のようにテーブルや行・列で管理するのではなく、JSONやXMLなどの構造化データを丸ごと1つの単位として扱うのが特徴です。

ドキュメント型DBは、複雑で可変的なデータを扱うWeb系アプリに最適です。

主な例
MongoDB：最も有名なドキュメント型DB。JSON風のBSON形式で保存。
CouchDB：HTTP/REST経由でアクセス可能。
Firebase Firestore：モバイル・Web向けリアルタイムDB
"
275,"DJ-SC-R1A

JIS Q 27014:2015 情報セキュリティガバナンスにおける, 情報セキュリティを統治するために経営陣が実行するガバナンスプロセスのうちの ""モニター""はどれか。

ア　情報セキュリティの目的及び戦略について、指示を与えるガバナンスプロセス

イ　戦略的目的の達成を評価することを可能にするガバナンスプロセス

ウ　独立した立場からの客観的な監査,レビュー又は認証を委託するガバナンスプロセス

エ　利害関係者との間で、特定のニーズに沿って情報セキュリティに関する情報を交換するガバナンスプロセス
","【正解】　イ
“あなたの解答: ウ”

ア　“情報セキュリティの目的及び戦略について, 指示を与えるガバナンスプロセス”
""指示""の説明です。

イ“戦略的目的の達成を評価することを可能にするガバナンスプロセス”
正しい。""モニター""の説明です。

ウ“独立した立場からの客観的な監査,レビュー又は認証を委託するガバナンスプロセス”
""保証""の説明です。

エ　“利害関係者との間で、特定のニーズに沿って情報セキュリティに関する情報を交換するガバナ ンスプロセス”
""コミュニケーション""の説明です。

JIS Q 27014では、情報セキュリティのガバナンスにおける経営陣のプロセスは大きく次の4つに分類されます：
指示（Direct）：情報セキュリティの目的や戦略を設定し、指示を与える

モニター（Monitor）：戦略的目的の達成度や実施状況を評価・監視する

評価（Assure/Assure & Verify）：独立した立場から監査・レビュー・認証を行う

コミュニケーション（Communicate）：利害関係者と情報を交換する
"
276,"DJ-SC-R1A

電子政府推奨暗号を選択するのは誰か。
","電子政府推奨暗号を選択するのは内閣官房情報通信技術（IT）総合戦略室 や IPA（情報処理推進機構） が中心となって判断します。

CRYPTREC（暗号技術評価・適用推進センター） が暗号アルゴリズムの技術評価を行い、推奨暗号候補リストを作成

IPA（情報処理推進機構） が候補リストを基に、電子政府で利用する正式な推奨暗号を選定

最終的に政府の電子政府システムで利用される

💡 ポイント：CRYPTRECは技術評価・候補作成、IPAが公式な政府向け推奨暗号を決定する役割
"
277,"DJ-SC-R1A

マルチベクトル型DDoS攻撃に該当するものはどれか。

ア　DNSリフレクタ攻撃によってDNSサービスを停止させ,複数のPCでの名前解決を妨害する。

イ　Webサイトに対して, SYN Flood 攻撃と HTTP POST Flood攻撃を同時に行う。

ウ　管理者用IDのパスワードを初期設定のままで利用している複数のIoT機器を感染さ せ,それらのIoT機器から,WebサイトにUDP Flood攻撃を行う。

エ　ファイアウォールでのパケットの送信順序を不正に操作するパケットを複数送信する ことによって, ファイアウォールのCPUやメモリを枯渇させる。
","【正解】　イ　
“あなたの解答:ア”　← とても勘違いしていた

マルチベクトル型DDoSは複数の攻撃ベクトル（例：ネットワーク層＋アプリケーション層）を同時に使う攻撃を指します。
イはSYN Flood（ネットワーク/トランスポート層）とHTTP POST Flood（アプリケーション層）を同時に仕掛けており、明確に複数ベクトルです。他は単一ベクトル（DNSリフレクタ、UDP Flood、特定のパケット攻撃）に該当します。

マルチベクトルとは複数の種類の攻撃という意味か。
ChatGPT:

はい、その通りです。

マルチベクトル（multi-vector）攻撃とは、複数の攻撃手法や攻撃層を組み合わせて同時に仕掛ける攻撃のことです。

例えば：

ネットワーク層攻撃（SYN Flood, UDP Flood）

アプリケーション層攻撃（HTTP POST Flood, Slowloris）

これらを同時に行うと、防御側は一つの対策だけでは防ぎきれず、効果が高まります。
"
278,"DJ-SC-R1A

システムの本番移行が失敗するリスクに対するコントロールを監査するときのチェックポイ　ントはどれか。

ア　システム運用段階で新システムの稼働状況がレビューされ,その結果についてシステ ム開発部門及び利用部門の責任者の承認が得られていること

イ　システム開発段階で抽出された問題への対策が、次期システム改善計画に反映されて
いること

ウ　システム企画段階で、システムの投資対効果が評価されていること

エ　利用部門を含めた各部門の役割と責任を明確にした本番移行計画が作成されているこ と
","【正解】　エ
“あなたの解答:イ”　← 「移行」というという言葉を読み落としていた。また溜息。

移行とは、システム/ソフトウェアを新しい運用環境に移すことを言います。円滑な移行を 実現するためには、移行手順、必要な資源、 リスク、 対策を明確にした移行計画を作成する 必要があります。

ア　システム運用のチェックポイントです。

イ　システム開発のチェックポイントです。

ウ　システム化計画のチェックポイントです。

エ　正しい。 システム移行では、適切な移行計画が作成されていることがチェックポイント となります。
"
279,"DJ-SC-R1A

基本評価基準,現状評価基準,環境評価基準の三つの基準で情報システムの脆弱性の深刻度 を評価するものはどれか。

ア　CVSS

イ　ISMS

ウ　PCI DSS

エ　PMS
","【正解】　ア
“あなたの解答:エ""

CVSSでは次の3つの基準ごとに0.0から10.0までのスコアを付け、脆弱性を評価します。
基本評価基準 (Base Metrics)

現状評価基準 (Temporal Metrics)

環境評価基準 (Environmental Metrics)
製品利用者の利用環境も含め、 最終的な脆弱性の深刻度を評価する基準。 二次被害の可能
性や影響を受ける範囲などの項目から算出され、 製品利用者ごとに変化する。
"
280,"DJ-SC-R1A

BlueBorneの説明はどれか。

ア　Bluetoothを悪用してデバイスを不正に操作したり,情報を窃取したりする,複数の 脆弱性の呼称

イ　感染したPCの画面の背景を青1色に表示させた上,金銭の支払を要求するランサムウ　エアの一種

ウ　攻撃側 (Red Team) と防御側 (Blue Team)に分かれて疑似的にサイバー攻撃を行う演 習における, 防御側の戦術の一種

エ　ブルーレイディスクを経由して感染を拡大した, 日本の政府機関や重要インフラ事業者を標的としたAPT攻撃の呼称
","【正解】　ア
“あなたの解答:ウ”

BlueBorne(ブルーボーン)は、2017年に明らかになったBluetoothの実装における複数の脆弱性の略称です。 この脆弱性は、Android、 iOS、 Windows、Linuxなどの主要なOSに存在し、古いバージョンを利用し続けている場合にBluetoothを使用可能なデバイスが影響を受けます。攻撃者がこの脆弱性を突く攻撃を仕掛けると、 Bluetoothの通信範囲からデバイス 上で任意のコードを実行され、情報が窃取されたりデバイスが操作されたりするなどの被害が発生するおそれがあります。

"
281,"DJ-SC-R1A

ダイナミックパケットフィルタリングとは、ステイトフル・インスペクションのことか。
","はい、基本的にはその理解で正しいです。

1. ダイナミックパケットフィルタリングとは

一般のパケットフィルタリング（スタティック）は、送信元IPや宛先IP、ポート番号など固定ルールでパケットを通過させるか判断します。

ダイナミックパケットフィルタリングは、接続の状態（ステート）を追跡してパケットを許可／拒否する方式です。
"
282,"DJ-SC-R1A

EAP-PEAPの「PEAP」は
","EAP-PEAPの「PEAP」は Protected Extensible Authentication Protocol の略です。

意味：EAPの通信を TLSトンネルで保護（暗号化）するプロトコル

構造：
クライアントと認証サーバ間で TLSトンネル を確立
そのトンネル内で EAP認証（例：パスワード） を安全にやり取り

目的：パスワードや資格情報を平文で送信せず、盗聴や改ざんから守る

💡 ポイント
PEAPは 「EAPをTLSで保護した拡張」 と考えればわかりやすい
WPA2/WPA3-Enterpriseの無線LANでよく使われる
"
283,"DJ-SC-R1A

マッシュアップを利用してWebコンテンツを表示する例として,最も適切なものはどれか。

ア　Webブラウザにプラグインを組み込み、動画やアニメーションを表示する。

イ　地図上のカーソル移動に伴い、Webページを切り替えずにスクロール表示する。

ウ　鉄道経路の探索結果上に、各鉄道会社のWebページへのリンクを表示する。

エ　店舗案内のWebページ上に, 他のサイトが提供する地図探索機能を利用して出力さ れた情報を表示する。
","【正解】　エ
“あなたの解答:イ”　← 「適切」かどうかが問題。

ア　プラグインは、Webブラウザなどのソフトウェアに後付けで追加機能を付加するもので あり、Webサービスとは無関係です。

イ　Ajaxなどにより、自サーバから動的にデータを取得することで実現している機能なので 不適切です。

ウ　リンク先の情報取得などに他サイトのWebサービスを利用していないので例としては不 適切です。

エ　正しい。 マッシュアップの例として適切です。

マッシュアップとは、複数のWebサービスやデータを組み合わせて、新しいサービスやアプリを作ることです。
例：地図サービスと飲食店情報を組み合わせたアプリなど。
"
284,"DJ-SC-H31S

ポリシーベースVLANとは
","ポリシーベースVLANは「VLANの割り当て方を賢くする仕組み」であり、
VLAN分離そのものは既存のタグVLANなどの技術を利用して行う。な条件でVLAN分離を行えるのが特徴です。
"
285,"DJ-SC-H31S

SNMPv3のPDU (Protocol Data Unit) フォーマットのなま絵を答えよ。

マネージャからエージェントへの参照要求

エージェントからマネージャへの参照応答

マネージャからエージェントへの設定要求

エージェントからマネージャへのイベント通知
","GetRequest

Response

SetRequest

SNMPv2-Trap

GetNextRequest、 GetBulkRequest、 Report

"
286,"DJ-SC-H30A

ITサービスマネジメントの情報セキュリティ管理プロセスに対して, JIS Q 20000-1 (サービスマネジメントシステム要求事項)が要求している事項はどれか。

ア　CMDBに記録されているCIの原本を、セキュリティが保たれた物理的又は電子的に 格納庫で管理しなければならない。

イ　潜在的な問題を低減させるために,予防処置をとらなければならない。

ウ　変更要求が情報セキュリティ基本方針及び管理策に与える潜在的影響を評価しなけれ ばならない。

エ　変更要求の受入れについての意思決定では, リスク、 事業利益及び技術的実現可能性 を考慮しなければならない。




","【正解】　ウ
“あなたの解答:工”

JIS Q 20000-1では、変更管理（Change Management）やリスク管理に関して次のような要求があります：
①変更要求がサービスや管理策に与える影響を評価すること
②リスクや影響を考慮して意思決定すること
③潜在的な問題を防止するための予防処置を実施すること

ア　統合的制御プロセスの 「9.1 構成管理」 に対する要求事項です。

イ　解決プロセスの「8.1問題管理」に対する要求事項です。

ウ　正しい。

エ　統合的制御プロセスの「9.2変更管理」に対する要求事項です。

ここでいう CMDB とは、Configuration Management Database（構成管理データベース） のことです。
目的：ITサービスやシステムを構成する 構成アイテム（CI: Configuration Item） の情報を一元管理するデータベース
"
287,"DJ-SC-H30A

EDSA認証とは。
","ChatGPT:
なるほど、提示された内容を見ると、ここでいう EDSA認証 は暗号アルゴリズムではなく、 制御機器（組込み機器）のセキュリティ保証制度 を指しています。少し整理して解説します。

EDSA認証（制御機器認証）とは

目的：PLC（プログラマブルロジックコントローラ）、フィールドセンサーデバイス、SISコントローラー、DCSコントローラーなどの 制御機器のセキュリティ保証

対象：組込み機器全般（産業用制御機器など）

評価の3つの観点

セキュリティ開発ライフサイクルプロセス評価（SDLPA） & 組込み機器セキュリティ開発成果物（SDA-E）
開発プロセスや開発時に作成されるセキュリティ関連の成果物の適正を評価
例：設計文書やテスト仕様書がセキュリティ要求を満たしているか

組込み機器機能セキュリティ評価（FSA-E）
機器そのもののセキュリティ機能を評価
例：アクセス制御や認証機能が正しく実装されているか

組込み機器ロバストネス試験（ERT）
機器の堅牢性（耐障害性、耐攻撃性）を評価
例：異常入力や攻撃に対して機器が安全に動作するか
"
288,"DJ-SC-H30A

経済産業省とIPAが策定した""サイバーセキュリティ経営ガイドライン(Ver2.0)""の説明はどれか。

ア　企業がIT活用を推進していく中で、サイバー攻撃から企業を守る観点で経営者が認識 すべき3原則と,情報セキュリティ対策を実施する上での責任者となる担当幹部に, 経営者が指示すべき事項をまとめたもの

イ　経営者が情報セキュリティについて方針を示し, マネジメントシステムの要求事項を 満たすルールを定め、組織が保有する情報資産をCIAの観点から維持管理し、継続的 に見直すためのプロセス及び管理策を体系的に規定したもの

ウ　事業体のITに関する経営者の活動を、大きくITガバナンス (統制)とITマネジメント (管理)に分割し、 具体的な目標と工程として40のプロセスを定義したもの

エ　世界的規模で生じているサイバーセキュリティ上の脅威の深刻化に関して,企業の経営者を支援する施策を総合的かつ効果的に推進するための国の責務を定めたもの
","ア
あなたの解答:イ”

サイバーセキュリティ経営ガイドラインの要点を超簡単にまとめると：

経営トップが責任を持つ

リスクを把握・管理する

組織で対策を実施・教育する

継続的に改善する

ポイントは、経営者主導で組織全体のサイバー対策を進めることです。
"
289,"DJ-SC-H30A

クラスDのIPアドレス (224.0.0.0 ~ 239.255.255.255) に関する記述として,適切なものはどれか。

ア　“DHCPサーバが見つからないときの自動設定アドレスに使用される。

イ“IETFでの実験用アドレスとして予約されており,一般には使用されない。' 

ウ　“UDPなどを用いるマルチキャスト通信で使用される。”

エ　“小規模なネットワークでプライベートアドレスとして使用される。

","【正解】　ウ

ア　リンクローカルアドレスの説明です。DHCPサーバが見つからないときに、APIPA(Aut
omatic Private IP Addressing) の機能の働きにより割り振られるIPアドレスです。 ※IP v4の場合 169.254.*.*

イ　クラスEのIPアドレス (240.0.0.0 ~ 255.255.255.255) の説明です。

ウ　マルチキャスト通信

エ　クラスCのIPアドレスの説明です。 
"
290,"DJ-SC-H30A


SOAでサービスを設計する際の注意点のうち,適切なものはどれか。

ア　可用性を高めるために,ステートフルなインタフェースとする。

イ　業務からの独立性を確保するために, サービスの名称は抽象的なものとする。

ウ　業務の変化に対応しやすくするために, サービス間の関係は疎結合にする。

エ　セキュリティを高めるために, 一度開発したサービスの設計は再利用しない。
","【正解】　ウ
“あなたの解答:ア”

SOA(Service Oriented Architecture)は、ソフトウェアで実現されている業務上の一処理 に相当する機能や部品を独立したサービスとし、それらを組み合わせ連携させることで全体 のシステムを構築するという手法、またはそのことを指す言葉です。
SOAでは、機能の変更や拡張をサービス(機能)単位でのフレキシブルなシステムの組み換え を可能とし、業務環境の変化に柔軟に対応することを目標としているため、 個々のサービス が部品として独立し、サービス間の関係が疎結合 (分離している)であることが重要です。

したがって正しい記述は「ウ」になります。
"
291,"DJ-SC-H30A

図のような階層構造で設計及び実装した組込みシステムがある。 このシステムの開発プロジ ェクトにおいて, デバイスドライバ層の単体テスト工程が未終了で,アプリケーション層及びミドルウェア層の単体テストが先に終了した。 この段階で行うソフトウェア結合テストの 方式として,適切なものはどれか。

 -----------------
 プリケーション層
 -----------------
ドルウェア層
 -----------------
デバイスドライバ層
 -----------------
ハードウェア
 -----------------

ア　サンドイッチテスト

イ　トップダウンテスト

ウ　ビッグバンテスト

エ　ボトムアップテスト

","【正解】　イ　トップダウンテスト
"
292,"DJ-SC-H30A

IEEE802.1QのVLAN機能を有したスイッチにおいて,複数のVLANに所属しているポートを何と呼ぶか。

ア　アクセスポート

イ　代表ポート

ウ　トランクポート

エ　ルートポート
","【正解】　ウ
""あなたの解答:イ”　← なんということ。笑ってしまうが、歳をとるとこうなう。
"
293,"DJ-SC-H30A

デジタル署名とXMLデジタル署名の違いを簡潔に述べよ。
","デジタル署名は、電子文書全体の真正性や改ざん検知を目的とする一般的な署名方式。
XMLデジタル署名は、それをXML文書用に拡張し、文書内の特定要素ごとに署名できるようにしたもの。
"
294,"DJ-SC-H30A

IPv4において, IPパケットで送られているデータが, ICMPメッセージであることを識別できるヘッダー情報はどれか。

ア　IPヘッダーのプロトコル番号

イ　MACヘッダーのイーサタイプ値

ウ　TCPヘッダーのコントロールフラグ

エ　UDPヘッダーの宛先ポート番号
","【正解】　ア
“あなたの解答:ア”

ア　“IPヘッダーのプロトコル番号”
正しい。IPヘッダーのプロトコル番号は、IPヘッダーの次のプロトコルが何であるかを
示す8ビットのフィールドです。 ICMPは1、TCPは6、ESPは50というようにプロトコ ルごとに値が定められています。

イ　“MAC ヘッダーのイーサタイプ値”
イーサネットの上位層のプロトコルが何であるかを 示す16ビットのフィールドです。 IPv4は0800、 ARPは0806 (共に16進数表記) という ようにプロトコルごとに値が定められていま
"
295,"DJ-SC-H30A

クッキーのパス属性は送信側の、つまりクライアント側のURLか。
","とても良い質問です。

結論から言うと：
👉 クッキーのパス属性（Path）は、サーバー側が指定し、クライアントが送信時に使うURLの条件を決めるもの です。

🔍 詳しく説明すると
Path属性 は「どのURLパスに対してクッキーを送るか」を制御するもの。
クライアント（ブラウザ）は、アクセス先のURLのパスがこの属性値と一致または下位パスであれば、そのクッキーを送信します。

💡 例
Set-Cookie: sessionid=abc123; Path=/app;
アクセス先URL	クッキー送信される？
https://example.com/app	✅ 送信される
https://example.com/app/data	✅ 送信される
https://example.com/other	❌ 送信されない

✅ まとめ
Path属性はサーバーが指定
クライアント（ブラウザ）が送信先URLを確認して送るかどうかを判断
したがって、「クライアント側のURLに対して有効範囲を指定する属性」になります。
"
296,"DJ-SC-H30A

ルートキットの特徴はどれか。

ア　OSなどに不正に組み込んだツールを隠蔽する。

イ　OSの中核であるカーネル部分の脆弱性を分析する。

ウ　コンピュータがウイルスやワームに感染していないことをチェックする。

エ　コンピュータやルータのアクセス可能な通信ポートを外部から調査する。
","【正解】　ア
“あなたの解答:イ”　← さすがにカーネルの仲間では入らんか。

ア　正しい。ルートキットの説明です。

イ　脆弱性検査ツールの説明です。

ウ　 アンチウィルスソフトの説明です。

エ　ポートスキャナーの説明です。
"
297,"DJ-SC-H30A

シングルサインオンの実装方式に関する記述のうち, 適切なものはどれか。

ア　cookieを使ったシングルサインオンの場合, サーバごとの認証情報を含んだ cookie をクライアントで生成し, 各サーバ上で保存、管理する。

イ　cookieを使ったシングルサインオンの場合、 認証対象の各サーバを, 異なるインタ -ネットドメインに配置する必要がある。

ウ　リバースプロキシを使ったシングルサインオンの場合、認証対象のWebサーバを、 異なるインターネットドメインに配置する必要がある。

エ　リバースプロキシを使ったシングルサインオンの場合,利用者認証においてパスワー ドの代わりにデジタル証明書を用いることができる。




","【正解】　エ
“あなたの解答:ア”

ア	クライアントがサーバごとにCookieを生成して管理	❌ Cookieはサーバ側が発行し、クライアントは保持するだけ

イ	Cookie方式で異なるドメインが必要	❌ Cookieは同一ドメイン内でしか共有できない

ウ	リバースプロキシ方式で異なるドメインが必要	❌ 同一ドメインで動作可能、ドメインは関係ない

エ	リバースプロキシ方式ではデジタル証明書も利用できる	✅ 正しい。認証方式は柔軟に選べる
"
298,"DJ-SC-H30A

CVSS v3の評価基準には、基本評価基準, 現状評価基準, 環境評価基準の三つがある。基本評価基準の説明はどれか。

ア　機密性への影響,どこから攻撃が可能かといった攻撃元区分攻撃する際に必要な特権レベルなど,脆弱性そのものの特性を評価する。

イ　攻撃される可能性,利用可能な対策のレベル,脆弱性情報の信頼性など,評価時点に おける脆弱性の特性を評価する。

ウ　脆弱性を悪用した攻撃シナリオについて、 機会, 正当化, 動機の三つの観点から,脆 弱性が悪用される基本的なリスクを評価する。

エ　利用者のシステムやネットワークにおける情報セキュリティ対策など, 攻撃の難易度 や攻撃による影響度を再評価し, 脆弱性の最終的な深刻度を評価する。


","【正解】　ア
“あなたの解答:ア”

ア  正しい。 基本評価基準の説明です。

イ　現状評価基準の説明です。

ウ　CVSSではなく「不正のトライアングル」についての説明です。

エ　環境評価基準の説明です。
"
299,"DJ-SC-H30A

内部ネットワークのPCがダウンローダ型マルウェアに感染したとき,そのマルウェアがインターネット経由で他のマルウェアをダウンロードすることを防ぐ方策として,最も有効な ものはどれか。

ア　インターネットから内部ネットワークに向けた要求パケットによる不正侵入行為をIPSで破棄する。

イ　インターネット上の危険なWebサイトの情報を保持するURLフィルターを用いて,危険なWebサイトとの接続を遮断する。

ウ　スパムメール対策サーバでインターネットからのスパムメールを拒否する。

エ　メールフィルターでインターネット上の他サイトへの不正な電子メールの発信を遮断する。
","【正解】　イ　
“あなたの解答:イ”

ダウンローダ型マルウェアは、電子メールの添付ファイルや不正なリンク、 不正なWebサイ トなどを介してコンピュータに侵入した後、 感染したコンピュータの利用者に気付かれない ようにインターネット上の悪意のあるWebサイトに接続し、マルウェアの本体や他のより危 険なマルウェアをダウンロードするタイプのマルウェアです。

ア　 “インターネットから内部ネットワークに向けた要求パケットによる不正侵入行為をIPSで破棄す る。
マルウェアのダウンロード要求は内部ネットワークからインターネットに対して行われ、その応答パケットとしてマルウェアがダウンロードされます。 このためインターネ ットから内部に向けた要求パケットを拒否してもダウンロードを防ぐ効果はありませ ん。　← なるほど！



"
300,"DJ-SC-H30A

サイバー情報共有イニシアティブ(J-CSIP)の説明として、 適切なものはどれか。

ア　サイバー攻撃対策に関する情報セキュリティ監査を参加組織間で相互に実施して,監 査結果を共有する取組み

イ　参加組織がもつデータを相互にバックアップして,サイバー攻撃から保護する取組み

ウ　セキュリティ製品のサイバー攻撃に対する有効性に関する情報を参加組織が取りまと め、その情報を活用できるように公開する取組み

エ　標的型サイバー攻撃などに関する情報を参加組織間で共有し, 高度なサイバー攻撃対 策につなげる取組み
","正解は エ です。

理由：J-CSIP（サイバー情報共有イニシアティブ）は、標的型攻撃などのインシデント情報や検知ルール・脆弱性情報などを参加組織間で共有し、攻撃の早期検知や対策強化につなげるための仕組みです。

良い質問です。
選択肢の他のもの（ア〜ウ）は、実際に存在する似た取り組みや考え方をもとにして「もっともらしく」作られた 誤りの選択肢 です。以下で1つずつ解説します👇
"
301,"DJ-SC-H29A

ハッシュ関数の性質の一つである衝突発見困難性に関する記述のうち,適切なものはどれか。

ア　SHA-256の衝突発見困難性を示す,ハッシュ値が一致する二つのメッセージの探索 に要する最大の計算量,256の2乗である。

イ　SHA-256の衝突発見困難性を示す, ハッシュ値の元のメッセージの探索に要する最 大の計算量は,2の256乗である。

ウ　衝突発見困難性とは, ハッシュ値が与えられたときに、 元のメッセージの探索に要す る計算量が大きいことによる, 探索の困難性のことである。

エ　衝突発見困難性とは,ハッシュ値が一致する二つのメッセージの探索に要する計算量 が大きいことによる,探索の困難性のことである。
","【正解】　エ
“あなたの解答:ウ”　← また間違えた

ア　→ ❌ 誤り
SHA-256のハッシュ長は 256ビット なので、衝突（同じハッシュ値を持つ2つの異なるメッセージ）を見つけるには理論的に 約 

イ　→ ❌ 誤り（内容が混同）
これは「原像困難性（preimage resistance）」の説明です。
「衝突発見困難性（collision resistance）」とは別の性質です。
　→ 衝突：2つの異なる入力で同じハッシュ値を見つける難しさ
　→ 原像：与えられたハッシュ値に対応する入力を見つける難しさ

ウ　→ ❌ 誤り
これも「原像困難性」の説明です。
　（与えられたハッシュ値から元のメッセージを求める難しさ）

エ　→ ✅ 正しい
「衝突発見困難性（collision resistance）」の定義そのものです。
意味：異なる2つの入力 x ≠ y に対して H(x) = H(y) となるような組を見つけることが困難である。

"
302,"DJ-SC-H29A

ビッグデータの解析に利用されるニューラルネットワークに関する記述のうち,適切なもの はどれか。

ア　誤差逆伝播法(バックプロパゲーション)は、ニューラルネットワーク全体の重みを調 整する手法であり、調整作業は入力層から出力層に向かって行われる。

イ　サポートベクターマシンは機械学習に必要な機能を実現する装置のことであり,ニュ -ラルネットワークで大量計算する際に利用される。

ウ　深層学習(ディープラーニング)に用いられるニューラルネットワークは,入力層と出 力層の間に複数の中間層をもつモデルが利用される。

エ　中間層を増やしたニューラルネットワークによる訓練データを用いた学習は,訓練デ ータ以外の未知のデータに対しても高精度な正解が導け,これを過学習(オーバフィ ッティング)という。
","【正解】　ウ
“あなたの解答:工”

ア　→ ❌ 誤り
バックプロパゲーション（誤差逆伝播法）は、出力層から入力層に向かって誤差を伝播させて重みを修正する手法です。
調整方向が逆です（名前の通り「逆伝播」）。

イ　→ ❌ 誤り
サポートベクターマシン（SVM）は別の機械学習アルゴリズムであり、ニューラルネットワークとは異なるモデルです。
「装置」ではなく分類や回帰を行う数学的手法です。ニューラルネットワークの内部で利用されるものでもありません。

ウ　→ ✅ 正しい
「ディープラーニング（深層学習）」とは、中間層（隠れ層）を多数持つニューラルネットワークを使って特徴抽出や分類を行う手法です。中間層が多いことで、データの抽象的・階層的な特徴を自動で学習できます。

エ　→ ❌ 誤り
「過学習（オーバーフィッティング）」とは、訓練データに過度に適応してしまい、未知データに対して精度が低下する現象のことです。選択肢の説明は真逆になっています。

"
303,"DJ-SC-H29A

無線LANの情報セキュリティ対策に関する記述のうち,適切なものはどれか。

ア　EAPでは,クライアントPCとアクセスポイントとの間で,あらかじめ登録した共通 鍵による暗号化通信を実現できる。

イ　RADIUSでは,クライアントPCとアクセスポイントとの間で公開鍵暗号方式による 暗号化通信を実現できる。

ウ　SSIDは,クライアントPCごとの秘密鍵を定めたものであり,公開鍵暗号方式による 暗号化通信を実現できる。

エ　WPA2-Enterpriseでは, IEEE802.1Xの規格に沿った利用者認証及び動的に配布され る暗号化鍵を用いた暗号化通信を実現できる。
","【正解】　エ
“あなたの解答:イ”　← RADIUSがよくわかってないみたい。

RADIUSの暗号化について
1. 標準RADIUS（RFC 2865）の特徴
パスワードのみを暗号化
暗号化には ユーザー名 + 共有シークレット を使う
ユーザー属性やIPアドレス、VLAN情報などは 平文で送信
つまり、パスワード以外の情報は盗聴される可能性がある

RADIUSは oauth の暗号化しないバージョンのようなものか。

はい、ざっくり言うとそのイメージでほぼ正しいです。

"
304,"DJ-SC-H29A

ネットワークに接続されているホストのIPアドレスが198.51.100.90で, サブネットマスクが255.255.255.224のとき,ホストアドレスはどれか。

ア　10

イ　26

ウ　90

エ　 212
","【正解】　イ
“あなたの解答: ウ”　← 基礎をわ捨てれしまってる

サブネットマスク ""255.255.255.224"" の下位8ビット「224」 を2進数表記に直すと以下のビット列になります。
10進数 224　←　2進数 11100000

サブネットマスクの中で 「1」の部分がネットワークアドレス、 「0」の部分がホストアド レスを表すため、このホストが属するサブネットワークでは下位5ビットがホストアドレス に対応します。

ホストのIPアドレス""198.51.100.90""の下位8ビット「90」は2進数表記で、
10進数 90 → 2進数 01011010
ですので、下位5ビット 「11010」 がホストアドレスになります。　← これをもう忘れてる。

2進数 11010　→　10進数 26
したがってホストアドレスは「26」です。
"
305,"DJ-SC-H29A

ホストアドレスの求めかた
","1️⃣ 前提
	IPアドレスは「ネットワーク部」と「ホスト部」に分かれる
	サブネットマスクはネットワーク部を1、ホスト部を0で表すビット列
	ホストアドレスの計算では「ネットワークアドレス」と「ホスト部の値」を組み合わせます
________________________________________
2️⃣ ホストアドレスの求め方（ビット演算）
	ネットワークアドレスを2進数で表す
例：192.168.1.0 → 11000000.10101000.00000001.00000000
	サブネットマスクを2進数で表す
例：255.255.255.0 → 11111111.11111111.11111111.00000000
	ホスト部のビットを決める
	サブネットマスクを反転するとホスト部のマスクになる
	例：00000000.00000000.00000000.11111111
	ホスト番号を加える
	ネットワークアドレスに「ホスト部のビット列」を足す
	例：ホスト番号1 → 00000001 をホスト部に加える
	結果：192.168.1.1
________________________________________
3️⃣ まとめ（簡単な式）
""ホストアドレス""=""ネットワークアドレス""+(""ホスト番号""&""ホストマスク"")

	ホストマスク = サブネットマスクをビット反転したもの
	この方法で、ネットワーク内の全てのホストアドレスを計算可能
________________________________________
💡 ポイント
	「サブネットマスクを反転したものを足す」というのは、ホスト部に値を入れる操作とほぼ同義
	注意点：ホスト部が全て0はネットワークアドレス、全て1はブロードキャストアドレスなので通常は割り当てない
"
306,"DJ-SC-H29A

不適合への対応のうちJIS Q 27000:2014(情報セキュリティマネジメントシステム-用語) の""是正処置""の定義はどれか。

ア　不適合によって起こった結果に対処するための処置

イ　不適合の原因を除去し,再発を防止するための処置

ウ　不適合の性質及び対応結果について文書化するための処置

エ　不適合を除去するための処置

","イ
あなたの解答:工”　← よくよめば「原因」と書いてある。

JIS Q 27000において、 是正処置は 「不適合の原因を除去し、再発を防止するための処置」と定義されています。是正処置には、不適合の修正、不適合によって引き起こされた結果へ の対処、不適合原因の明確化、 不適合および是正処置の文書化などの作業を内包していま
す。
"
307,"DJ-SC-H29A

イアント1台につき1分当たり600kバイトのデータをサーバからダウン ロードする。このとき,同時使用してもピーク時に業務を滞りなく遂行できるクライアント 数は何台までか。ここで, LANの伝送効率は50%, サーバ及びクライアント内の処理時間は 無視できるものとし, 1Mビット/秒=106ビット/秒 1kバイト=1,000バイトとする。

ア　10

イ　625

ウ　1,250

エ　5,000
","【正解】　イ 
“あなたの解答: ヴ”

LANの伝送効率が50%なので、サーバとクライアントが接続されているLANの最大伝送量
は、
100Mビット/秒×0.5=50Mビット/秒
これを伝送するデータの単位に合わせて、ビット単位からバイト単位に変換にします(逆に 伝送するデータの単位をビットに合わせても問題ありません)。
50Mビット/秒÷8=6.25Mバイト
一方、クライアント1台がサーバからダウンロードするデータ量は600kバイト/ 分なので、これを毎秒単位に直します。

600kバイト÷60秒=10kバイト/秒

LANの伝送可能量をクライアント1台あたりのネットワーク負荷で割ると、問題なく同時使用できるクライアント数を求めることができます。

6.25Mバイト/10kバイト= 625台

したがって「イ」が正解です。
"
308,"DJ-SC-H29S

システム及びソフトウェア品質モデルの規格であるJIS X 25010:2013で定義されたシス ム及び/又はソフトウェア製品の品質特性に関する説明のうち,適切なものはどれか。

ア　機能適合性とは,明示された状況下で使用するとき,明示的ニーズ及び暗黙のニーズ を満足させる機能を,製品又はシステムが提供する度合いのことである。

イ　信頼性とは,明記された状態(条件) で使用する資源の量に関係する性能の度合いのこ とである。

ウ　性能効率性とは, 明示された利用状況において, 有効性, 効率性及び満足性をもって 明示された目標を達成するために,明示された利用者が製品又はシステムを利用することができる度合いのことである。

エ　保守性とは,明示された時間帯で,明示された条件下に, システム,製品又は構成要素が明示された機能を実行する度合いのことである。
","【正解】　ア
JIS X 25010:2013は8つに拡張されています。

①機能適合性、②性能効率性、③互換性、④使用性、⑤信頼性、⑥セキュリティ、⑦保守性、⑧移植性

ア　正しい。機能適合性の定義です。

イ　記述は性能効率性の定義です。

ウ　記述は使用性の定義です。

エ　記述は信頼性の定義です。

"
309,"DJ-SC-H29S

それぞれの意味は。

・CVE

・CCE 

・CWE 

・CPE

・CVSS 
","・CVE... 共通脆弱性識別子

・CCE... 共通セキュリティ設定一覧

・CWE... 共通脆弱性タイプ一覧

・CPE... 共通プラットフォーム一覧

・CVSS... 共通脆弱性評価システム
"
310,"DJ-SC-H29S

IEEE 802.1X と RADIUS の関係は
","IEEE 802.1X は、認証の枠組み（仕組み）を定めた規格であり、
その中で実際の認証処理を行う際に RADIUS を使って認証サーバと通信します。

RADIUS は Remote Authentication Dial-In User Service の略です。
"
311,"DJ-SC-H29S

個人情報の漏えいに関するリスク対応のうち, リスク回避に該当するものはどれか。

ア　情報の重要性と対策費用を勘案し、 あえて対策をとらない。

イ　個人情報の保管場所に外部の者が侵入できないように, 入退室をより厳重に管理する。

ウ　個人情報を含む情報資産を外部のデータセンターに預託する。

エ　収集済みの個人情報を消去し, 新たな収集を禁止する。
","【正解】　エ
“あなたの解答:ア”

情報セキュリティマネジメントにおけるリスク対応策は4つに大別することができます。

①リスク移転(リスク共有)
保険に加入する、リスクのある業務をアウトソーシングするなどして、他者とリスクを共有すること

②リスク回避
リスク源を除去して、リスクの発現確率をゼロにすること

③リスク低減
リスクの発現確率やリスクが現実化したときの損失を低下させること

④リスク受容(リスク保有)
リスクに対してあえて何の対策もとらないこと。 発生頻度が低く損害も小さいリスクに対して選択される

ア “情報の重要性と対策費用を勘案し、 あえて対策をとらない。 ""
リスク受容に該当します。

イ　個人情報の保管場所に外部の者が侵入できないように,入退室をより厳重に管理する。” リスク低減に該当します。

ウ “個人情報を含む情報資産を外部のデータセンターに預託する。 
リスク移転に該当します。

エ “収集済みの個人情報を消去し、 新たな収集を禁止する。""
正しい。 個人情報を保有しない選択をすることで、リスク要因そのものを排除する対策なのでリスク回避に該当します。
"
312,"DJ-SC-H29S

システム及びソフトウェア品質モデルの規格であるJIS X 25010:2013で定義されたシステム及び/又はソフトウェア製品の品質特性に関する説明のうち, 適切なものはどれか。

ア　機能適合性とは, 明示された状況下で使用するとき, 明示的ニーズ及び暗黙のニーズ を満足させる機能を、製品又はシステムが提供する度合いのことである。

イ　信頼性とは,明記された状態(条件) で使用する資源の量に関係する性能の度合いのこ とである。

ウ　性能効率性とは,明示された利用状況において, 有効性, 効率性及び満足性をもって 明示された目標を達成するために, 明示された利用者が製品又はシステムを利用する ことができる度合いのことである。

エ　保守性とは,明示された時間帯で, 明示された条件下に, システム, 製品又は構成要 素が明示された機能を実行する度合いのことである。
","【正解】　ア
あなたの解答:ウ”

ア　正しい。 機能適合性の定義です。

イ　記述は性能効率性の定義です。

ウ　記述は使用性の定義です。

エ　記述は信頼性の定義です。
"
313,"DJ-SC-H29S

個人情報の漏えいに関するリスク対応のうち, リスク回避に該当するものはどれか。

ア　情報の重要性と対策費用を勘案し、あえて対策をとらない。

イ　個人情報の保管場所に外部の者が侵入できないように, 入退室をより厳重に管理する。

ウ　個人情報を含む情報資産を外部のデータセンターに預託する。

エ　収集済みの個人情報を消去し、 新たな収集を禁止する。
","【正解】　エ
“あなたの解答:ア”

ア　リスク受容に該当します。

イ　リスク低減に該当します。

ウ　リスク移転に該当します。

エ　正しい。 個人情報を保有しない選択をすることで、リスク要因そのものを排除する対策
なのでリスク回避に該当します。
"
314,"DJ-SC-H29S

コンテンツの不正な複製を防止する方式の一つであるDTCP-IPの説明として,適切なものはどれか。

ア　BSデジタル放送や地上デジタル放送に採用され,コピーワンスの番組を録画すると きに使われる方式

イ　DLNAとともに用いられ, 接続する機器間で相互認証し, コンテンツ保護が行えると 認識して初めて録画再生を可能にする方式

ウ　DVDに採用され, 映像コンテンツを暗号化して,複製できないエリアにその暗号化 鍵を記録する方式

エ　HDMI端子が搭載されたデジタルAV機器に採用され,HDMI端子から表示機器にデジ タル信号を送るときに受信する経路を暗号化する方式
","【正解】　イ
“あなたの解答:工”

ア　CPRM(Content Protection for Recordable Media)の説明です。

イ　正しい。DTCP-IPの説明の説明です。

ウ　CSS (Content Scramble System)の説明です。

エ　HDCP (High-bandwidth Digital Content Protection)の説明です。
"
315,"DJ-SC-H29S

DNS水責め攻撃(ランダムサブドメイン攻撃)の手口と目的に関する記述のうち,適切なもの はどれか。

ア　ISPが管理するDNSキャッシュサーバに対して,送信元を攻撃対象のサーバのIPアド レスに詐称してランダムかつ大量に生成したサブドメイン名の問合せを送り,その応 答が攻撃対象のサーバに送信されるようにする。

イ　オープンリゾルバとなっているDNSキャッシュサーバに対して, 攻撃対象のドメイ ンのサブドメイン名をランダムかつ大量に生成して問い合わせ,攻撃対象の権威DN Sサーバを過負荷にさせる。

ウ　攻撃対象のDNSサーバに対して、攻撃者が管理するドメインのサブドメイン名をラ ンダムかつ大量に生成してキャッシュさせ,正規のDNSリソースレコードを強制的 に上書きする。

エ　攻撃対象のWebサイトに対して,当該ドメインのサブドメイン名をランダムかつ大量に生成してアクセスし,非公開のWebページの参照を試みる。
","【正解】　イ
“あなたの解答:イ”

キャッシュに存在しないサブドメインを使用して膨大な数のDNS クエリを強制的に発生させる、という点ではカミンスキー型のDNSキャッシュポイズニングと同様ですが、目的がキャッシュ汚染ではなく攻撃対象サイトのドメインを管理する権威DNSサーバのダウンで ある点が異なります。　← ★

またDNS ampではDNS応答パケットを攻撃パケットに使用しますが、DNS 水責め攻撃ではDNS要求パケットを攻撃に用います。　← ★
"
316,"DJ-SC-H28A

「ルートキット（Rootkit）」とは
","コンピュータの 不正侵入やマルウェア活動を隠すためのソフトウェアの総称です。
"
317,"DJ-SC-H28A

POODLE (CVE-2014-3566) 攻撃の説明はどれか。

ア　SSL 3.0のサーバプログラムの脆弱性を突く攻撃であり,サーバのメモリに不正アク セスして秘密鍵を窃取できる。

イ　SSL 3.0を使用した通信において,ブロック暗号のCBCモード利用時の脆弱性を突く 攻撃であり,パディングを悪用して暗号化通信の内容を解読できる。

ウ　TLS 1.2のプロトコル仕様の脆弱性を突く攻撃であり, TLSの旧バージョンにダウン グレードして暗号化通信の内容を解読できる。

エ　TLS 1.2を使用した通信において, Diffie-Hellman鍵交換アルゴリズムの脆弱性を突く攻撃であり、 交換されたセッション鍵を窃取して暗号化通信の内容を解読できる。
","【正解】　イ 
“あなたの解答:ア”

POODLE (Padding Oracle On Downgraded Legacy Encryption) は、 SSL 3.0のブロック暗号のCBCモードにおける「パディングの最終1バイト分だけをチェックして正しければメッセージ全体が正しいと判断する」という欠陥を突いて、通信内容の解読を試みる攻撃です。

平均してわずか256回の試行で暗号文の1バイトを解読可能であり、脆弱性を抱えるシステムにとっては深刻な脅威となります。

POODLEのように暗号ブロック長を揃えるためのパディング処理の不備を突く攻撃を総称して「パディングオラクル攻撃」といいます。このためPOODLEは、昔の暗号化方式 (Downgraded Legacy Encryption)の上で行われるパッディングオラクル (Padding Oracle) 攻撃という意味をもちます。
"
318,"DJ-SC-H28A

システム障害発生時には,データベースの整合性を保ち,かつ, 最新のデータベース状態に復旧する必要がある。このために, DBMSがトランザクションのコミット処理完了とみなす タイミングとして、 適切なものはどれか。

ア　アプリケーションの更新命令完了時点

イ　チェックポイント処理完了時点

ウ　ログバッファへのコミット情報書込み完了時点

エ　ログファイルへのコミット情報書込み完了時点
","【正解】　エ
あなたの解答:ア”
"
319,"DJ-SC-H28A

🧩 chroot（チェンジ・ルート）とは

","LinuxやUNIX系OSで使われるコマンド／機能で、プロセス（プログラム）が見られるファイルシステムの「ルートディレクトリ（/）」を別の場所に切り替える ためのものです。
"
320,"DJ-SC-H28A

DNSSECで実現できることはどれか。

ア　DNSキャッシュサーバからの応答中のリソースレコードが,権威DNSサーバで管理されているものであり、改ざんされていないことの検証

イ　権威DNSサーバとDNSキャッシュサーバとの通信を暗号化することによる, ゾーン情報の漏えいの防止

ウ　長音""-""と漢数字 ""- "" などの似た文字をドメイン名に用いて,正規サイトのように見 せかける攻撃の防止

エ　利用者のURLの打ち間違いを悪用して、 偽サイトに誘導する攻撃の検知
","ア “あなたの解答:イ”

DNSSEC (DNS Security Extensions) は、 DNS における応答の正当性を保証するための拡張仕様です。
DNSSECでは、次の手順によって応答レコードが改ざんされておらず、正当な管理者によって生成された応答レコードであることを検証します。

1.DNSキャッシュサーバは、DNSコンテンツ 権威) サーバに対してドメイン問合せを行う (通常と同じ)

2.DNSコンテンツサーバは、ドメイン応答に自身のデジタル署名を付加してDNSキャッシ サーバに送信する

3.応答を受け取ったDNSキャッシュサーバは、DNSコンテンツサーバの公開鍵を使用して デジタル署名を検証し、 内容の正当性を確認する
"
321,"DJ-SC-H28S

サイバー情報共有イニシアティブ(J-CSIP)"" の説明はどれか。

ア　暗号技術の調査を行い,電子政府における調達のために参照すべき暗号のリストを公表するためのプロジェクト

イ　検知したサイバー攻撃の情報を公的機関に集約し, 高度なサイバー攻撃対策につなげていく取組み

ウ　制御システムにおけるセキュリティマネジメントシステムの認証制度

エ　脆弱性関連情報の発見から公表に至るまでの対処プロセス
","【正解】　イ 
“あなたの解答:工”


経済産業省と**IPA（情報処理推進機構）**が中心となって運営している、日本企業や関係機関の間でサイバー攻撃情報を共有する仕組みです。

参加企業が攻撃メールや不審な通信などの情報をIPAに報告
IPAが分析・匿名化し、他の参加企業にフィードバック
企業間で攻撃パターンや手口を共有して再発防止

ア CRYPTRECの説明です。

イ 正しい。 J-CSIPの説明です。

ウ　制御システムのセキュリティマネジメントシステム国際標準IEC 62443に基づいて認証 を行う「CSMS認証」の説明です。

エ JPCERT/CCが公開している「脆弱性関連情報取り扱いガイドライン」の説明です。

"
322,"DJ-SC-H28S

フェールセーフの考えに基づいて設計したものはどれか。

ア　乾電池のプラスとマイナスを逆にすると,乾電池が装填できないようにする。

イ　交通管制システムが故障したときには,信号機に赤色が点灯するようにする。

ウ　ネットワークカードのコントローラーを二重化しておき、 故障したコントローラーの 方を切り離しても運用できるようにする。

エ　ハードディスクにRAID1を採用して, MTBFで示される信頼性が向上するようにす る。
","【正解】　イ
“あなたの解答: ウ""

ア　フールプルーフの考え方です。

イ　正しい。 フェールセーフの考え方です。

ウ　フェールソフトの考え方です。

エ　フォールトトレランスの考え方です。
"
323,"DJ-SC-H28S

組織体が情報システムにまつわるリスクに対するコントロールを適切に整備・運用する目的 として,""システム管理基準""に示されているものはどれか。

ア　システム監査業務の品質を確保し,有効かつ効率的に監査を実施するため

イ　情報システムが,組織体の目的を実現するように安全,有効かつ効率的に機能するた め

ウ　情報セキュリティに係るリスクのマネジメントが効果的に実施されるよう, リスクマ ネジメントに基づくコントロールの整備・運用の状況を評価するため

エ　リスクに対するコントロールをシステム監査人が評価し,保証又は助言を行い,ITガ バナンスの実現に寄与するため
","【正解】　イ
“あなたの解答:ウ”

ア “システム監査業務の品質を確保し,有効かつ効率的に監査を実施するため”
""システム監査基準”が策定された目的です。

イ“情報システムが,組織体の目的を実現するように安全,有効かつ効率的に機能するため”
正しい。

ウ “情報セキュリティに係るリスクのマネジメントが効果的に実施されるよう, リスクマネジメン トに基づくコントロールの整備・運用の状況を評価するため
""情報セキュリティ監査基準""に記述されている情報セキュリティ監査の目的です。

エ “リスクに対するコントロールをシステム監査人が評価し,保証又は助言を行い, ITガバナンスの 実現に寄与するため”
""システム監査基準 "" に記述されているシステム監査の目的です。
"
324,"DJ-SC-H28S

無線LANで用いられるSSIDの説明として、適切なものはどれか。

ア　48ビットのネットワーク識別子であり, アクセスポイントのMACアドレスと一致す る。

イ　48ビットのホスト識別子であり,有線LANのMACアドレスと同様の働きをする。

ウ　最長32オクテットのネットワーク識別子であり, 接続するアクセスポイントの選択 に用いられる。

エ　最長32オクテットのホスト識別子であり,ネットワーク上で一意である。
","【正解】　ウ
“あなたの解答:工”

ア　記述はBSSID (Basic Service Set Identifier)の説明です。

イ　SSIDは最長32文字のネットワーク識別子です。

ウ　正しい。SSIDは接続する無線LANを識別するための識別子です。

エ　SSIDはホスト識別子ではなくネットワーク識別子です。
"
325,"DJ-SC-H28S

JIS Q 27000における情報セキュリティリスクに関する定義のうち, 適切なものはどれか。

ア　脅威とは,一つ以上の要因によって悪用される可能性がある,資産又は管理策の弱点 のことである。

イ　脆弱性とは,望ましくないインシデントを引き起こし, システム又は組織に損害を与 える可能性がある潜在的な原因のことである。

ウ　リスク対応とは,リスクの大きさが,受容可能か又は許容可能かを決定するために, リスク分析の結果をリスク基準と比較するプロセスのことである。

エ　リスク特定とは、リスクを発見, 認識及び記述するプロセスのことであり、リスク 源, 事象, それらの原因及び起こり得る結果の特定が含まれる。
","【正解】　エ
“あなたの解答:ウ”　← 定義がおかしいだろなんてツッコミはなし。丸暗記する。

ア　記述は、脆弱性を説明したものです。脅威は「システム又は組織に損害を与える可能性がある, 望ましくないインシデントの潜在的な原因」と定義されています。

イ　記述は、脅威を説明したものです。

ウ　記述は、リスク評価を説明したものです。 リスク対応は 「リスクを修正するプロセス」 と定義されています。
エ　正しい。リスクの特定は「リスクを発見、認識及び記述するプロセス」および「リスク 源,事象,それらの原因及び起こり得る結果の特定が含まれる」と定義されています。
"
326,"DJ-SC-H28S

ITサービスマネジメントの情報セキュリティ管理プロセスに対して, JIS Q 20000-1が要求している事項はどれか。

ア　CMDBに記録されているCIの原本を,物理的又は電子的にセキュリティが保たれた 書庫で管理しなければならない。

イ　潜在的な問題を低減させるために,予防処置をとらなければならない。

ウ　変更要求が情報セキュリティ基本方針及び管理策に与える潜在的影響を評価しなければならない。

エ　変更要求の受入れについての意思決定では, リスク、 事業利益及び技術的実現可能性 を考慮しなければならない。
","【正解】　ウ
“あなたの解答:工”

ア　統合的制御プロセスの 「9.1構成管理」 に対する要求事項です。
CMDB（Configuration Management Database）構成管理データベース。システムを構成する全ての要素（サーバ、ネットワーク機器、ソフトウェア、契約情報など）を記録・管理するデータベース。
CI（Configuration Item）構成アイテム。CMDBに登録される個々の管理対象（例：サーバ1台、アプリ1本、ライセンス契約など）。

イ　潜在的な問題を低減させるために,予防処置をとらなければならない。

ウ　正しい。エ “変更要求の受入れについての意思決定では,リスク,事業利益及び技術的実現可能性を考慮しなければならない。

エ　統合的制御プロセスの 「9.2変更管理」に対する要求事項です。
"
327,"DJ-SC-H28S

🧩 JIS Q 20000-1とは？
","JIS Q 20000-1 は、
ITサービスマネジメント（ITSM） の国際規格 ISO/IEC 20000-1 を日本語化した日本産業規格（JIS）です。

サービス提供　サービスレベル管理、サービスレポート、継続性、予算管理など

サービス設計・移行　新サービスの導入や変更の管理（変更管理・リリース管理など）

解決プロセス　インシデント管理、問題管理

関係プロセス　サプライヤ管理、ビジネス関係管理

計画・改善　サービスマネジメントシステム（SMS）の計画・監査・改善
"
328,"DJ-SC-H28S

""アカウント""表に対して,SQL文を実行したとき,""アカウント""表の全ての行が取得される 入力パラメータはどれか。ここで,入力パラメータのエスケープ処理は行わない。ま た,"";""はSQL文の終端として解釈されるものとする。

[SQL文〕
SELECT ID,ユーザー名, メールアドレス FROM アカウント
WHERE ユーザー名 = '入力パラメータ'

ア　' OR '--' = '--

イ　' OR ユーザー名 = 'ユーザー名

ウ　'--' OR 1 = 1

エ　\' OR 1 = 1 ';--
","【正解】　ア
“あなたの解答:ウ”

ア　' OR '--'= '--'
WHERE ユーザー名 = '' OR '--'= '--';
OR演算の右辺である「'--' = '--'」の式は常に真を返すため、全ての行でWHERE句の結果は真になります。これにより""ユーザー名""列の値に関わらず全ての行が選択されるこ とになります。したがって正解です。
※SQLにおいて「--」は、コメントを記述するための記法で「--」から行末までに記述された文字列はコメント扱いとなります。しかしこのSQL文では「--」はシングルクォートに囲まれているため、単なる文字列として扱われます。

イ '' OR ユーザー名 = 'ユーザー'
WHERE ユーザー名='' OR ユーザー名 = 'ユーザー名';
""ユーザー名""列の値が、 空文字又は""ユーザー名""である行が選択対象となります。アカウント表にはこれを満たす行は存在しません。

ウ　''--' OR 1 = 1'
OR 1 = 1 ';--
WHERE ユーザー名=''-- OR 1 = 1';
このSQL文の「--」以降をコメントだと考えると、実質的には以下と同じということに なります。
WHERE ユーザー名='';
この条件では""ユーザー名""列の値が、 空文字の行が選択対象になりますが、アカウント表にはこれを満たす行は存在しません。

エ “\' OR 1 = 1 ';--""
WHERE ユーザー名='\'OR 1 = 1 ';--"";
SQLには、改行・タブなどの空白文字や、SQLの構文で使用される特殊文字(''%_l)を 一般文字として扱うためのエスケープシーケンスが用意されています。このSQL文の「\'」の部分がそれに該当し、これは文字列の囲み文字ではなく文字としてのシングルクォート(')を表しています。また"";""は1つのSQL文の終端を表し、"";""より後は次のSQL 文として解釈されます。しかしこのSQL文の"";""以降は「--」でコメントアウトされた行 のみであるため無視することができます。したがってこのSQL文は実質的に以下と同じ ということになります。
WHERE ユーザー名= '\' OR 1 = 1';
黄色のマーカーで強調した部分(\' OR 1 = 1)が""ユーザー名""列の値と照合される文字列になります。アカウント表にはこれを満たす行は存在しません。
"
329,"DJ-SC-H27A

システム監査における監査証拠の説明のうち, 適切なものはどれか。

ア　監査人が収集又は作成する資料であり, 監査報告書に記載する監査意見や指摘事項は,その資料によって裏付けられていなければならない。

イ　監査人が当初設定した監査手続を記載した資料であり,監査人はその資料に基づいて 監査を実施しなければならない。

ウ　機密性の高い情報が含まれている資料であり,監査人は監査報告書の作成後、速やかに全てを処分しなければならない。

エ　被監査部門が監査人に提出する資料であり,監査人が自ら作成する資料は含まれな
","【正解】　ア 
あなたの解答:ウ”

ア　正しい。 監査証拠の説明です。

イ　監査計画書の説明です。

ウ　監査証拠は、監査報告書とともに被監査部門に公表することが義務付けられています。

エ　監査人が観察や質問によって得た情報や監査人が検証の末に推定した情報なども監査証拠となります。
"
330,"DJ-SC-H27A

データウェアハウスを構築するために,業務システムごとに異なっているデータ属性やコー ド体系を統一する処理はどれか。

ア　ダイス

イ　データクレンジング

ウ　ドリルダウン

エ　ロールアップ
","【正解】　イ
“あなたの解答: イ”

ア“ダイス”
ダイスとはサイコロのことで、多次元データベースの中から縦軸と横軸を指定して2次元の表にする操作はダイシングと呼ばれます。3次元であるサイコロを振って見えてい る面が変わるように、縦横の項目を変えて多次元データのまったく違う面を表にする機 能のことです。

イ “データクレンジング”
正しい。データクレンジングは、データウェアハウスに保存されるデータを統一する処 理です。

ウ “ドリルダウン”
ドリルダウンは、集計単位を国全体から都道府県レベルに映すように、多次元データベースにおいて階層的にデータを掘り下げる操作を指します。逆に集計レベルを高くする 操作をドリルアップといいます。

ウ “ドリルダウン”
ドリルダウンは、集計単位を国全体から都道府県レベルに映すように、 多次元データベ
ースにおいて階層的にデータを掘り下げる操作を指します。逆に集計レベルを高くする 操作をドリルアップといいます。

エ“ロールアップ”
ロールアップは、集計期間を1カ月→1年に変えるように、多次元データベースにおいてより高次元の集計データを作成する操作を指します。ドリルダウンの反対なので、ドリルアップとも呼ばれます。
"
331,"DJ-SC-H27A

🧩 APT攻撃とは
","APT攻撃（Advanced Persistent Threat）とは、高度で持続的な脅威 を意味する、国家・組織・企業などを標的とした高度なサイバー攻撃のことです。
"
332,"DJ-SC-H27A

VLAN機能をもった1台のレイヤー3スイッチに複数のPCを接続している。 スイッチのポー トをグループ化して複数のセグメントに分けると, セグメントを分けない場合に比べて, ど のようなセキュリティ上の効果が得られるか。

ア　スイッチが, PCから送出されるICMPパケットを全て遮断するので, PC間のマルウ ェア感染のリスクを低減できる。

イ　スイッチが, PCからのブロードキャストパケットの到達範囲を制限するので,アドレス情報の不要な流出のリスクを低減できる。

ウ　スイッチが,PCのMACアドレスから接続可否を判別するので,PCの不正接続のリ スクを低減できる。

エ　スイッチが,物理ポートごとに, 決まったIPアドレスのPC接続だけを許可するの で,PCの不正接続のリスクを低減できる。
","【正解】　イ
“あなたの解答:工”　← ICMPはL3だった！

ア ICMPパケットはインターネット層 (OSI参照モデル第3層のネットワーク層)で動作しま す。

イ　正しい。

ウ　アドレスベースVLANにおけるセキュリティ効果です。

エ　「ウ」と同じくアドレスベースVLANにおけるセキュリティ効果です

ポートベースVLAN：　スイッチの接続ポート単位でグルーピング
アドレスベースVLAN：　MACアドレスやIPアドレスを基準にグルーピング
ポリシーベースVLAN：　IP、 IPX、 AppleTalkなどのネットワークプロトコルごとにグルーピング
タグ：　VLANパケット内の拡張タグに指定された情報によってグルーピング

"
333,"DJ-SC-H27A

入出力データの管理方針のうち、 適切なものはどれか。

ア　出力帳票の受渡しは授受管理表などを用いて確実に行い, 情報の重要度によっては業 務部門の管理者に手渡しする。

イ　出力帳票の利用状況を定期的に点検し,利用されていないと判断したものは,情報シ ステム部門の判断で出力を停止する。

ウ　チェックによって発見された入力データの誤りは、情報システム部門の判断で修正する。

エ　入力原票やEDI受信ファイルなどの取引情報は、 機密性を確保するために,データを システムに取り込んだら速やかに廃棄する。
","【正解】　ア
“あなたの解答:イ”　← 「情報システム部門が」軽く読み流してしまった。

ア　正しい。 データの受渡しの記録を授受管理表などに残すことは、トラブル防止の面から 有効です。また、特に重要な書面は責任者に手渡しすることでリスクを最小化するな ど、情報の重要度に応じて管理方法を厳格にすることも重要です。

イ　利用停止の判断は業務部門に確認したうえで行うべきであり、情報システム部門が単独 で判断するのは適切ではありません。

"
334,"DJ-SC-H27A

ISO/IEC 15408 を評価基準とする""ITセキュリティ評価及び認証制度”の説明として、 適切な ものはどれか。

ア　暗号モジュールに暗号アルゴリズムが適切に実装され, 暗号鍵などが確実に保護され ているかどうかを評価及び認証する制度

イ　主に無線LANにおいて, RADIUSなどと連携することで,認証されていない利用者を 全て排除し,認証された利用者だけの通信を通過させることを評価及び認証する制度

ウ　情報技術に関連した製品のセキュリティ機能の適切性、確実性を第三者機関が評価 し、その結果を公的に認証する制度

エ　 情報セキュリティマネジメントシステムが,基準にのっとり、 適切に組織内に構築, 運用されていることを評価及び認証する制度
","【正解】　ウ 
“あなたの解答:工”

JISEC（ITセキュリティ評価及び認証制度）とは、IT製品のセキュリティ機能が国際基準（ISO/IEC 15408）を満たしているかを、
IPAが第三者として評価・認証する日本の制度です。

ア　暗号モジュール試験及び認証制度 (JCMVP)の説明です。

イ　Wi-Fi Protected Access (WPA) の説明です。

ウ　ITセキュリティ評価及び認証制度 (JISEC) の説明です。

エ　ISMS適合性評価制度の説明です。
"
335,"DJ-SC-H27S

入出金管理システムから出力された入金データファイルを、売掛金管理システムが読み込ん でマスタファイルを更新する。入出金管理システムから売掛金管理システムへのデータ受渡 しの正確性及び網羅性を確保するコントロールはどれか。

ア　売掛金管理システムにおける入力データと出力結果とのランツーランコントロール

イ　売掛金管理システムのマスタファイル更新におけるタイムスタンプ機能

ウ　入金額及び入金データ件数のコントロールトータルのチェック

エ　入出金管理システムへの入力のエディットバリデーションチェック
","【正解】　ウ
“あなたの解答:工”

ア　ランツーランコントロールとは、更新処理1件ごとに出力結果を検証することで入力データの正確性を確保する手続きです。例えば売掛金残高がマイナスになったりすれば入カデータに誤りがある可能性があります。

イ　タイムスタンプは、電子文書の真正性を確保するための手続きです。

ウ　正しい。コントロールトータルチェックは、入力された数値の合計と出力される数値の 合計を照合し完全性を確認する機能です。入力が漏れなく正確に行われていなければ照 合エラーとなるため、 正確性および網羅性を確保できるコントロールとして有効です。

エ　エディットバリデーションチェックは、「値が範囲内に収まっているか」や「論理的に 正しいか」「決められたフォーマットになっているか」など、利用者による入力値が予定されているものであるかを確認することで入力値の正確性を高める機能です。正確性 の確保には寄与しますが、網羅性は向上しません。

"
336,"DJ-SC-H27S

以下を説明せよ

・CVE

・CCE

・CWE 

・CPE

・CVSS
","CVE（共通脆弱性識別子） — 公開された脆弱性や露呈事象に一意のID（例：CVE-YYYY-NNNN）を付与する標準。

CCE（共通構成識別子） — セキュリティ設定や構成項目を識別・参照するための一意の識別子とカタログ。

CWE（共通脆弱性タイプ一覧） — ソフトウェアの弱点（設計欠陥やコーディングミス）を分類・体系化したリスト。

CPE（共通プラットフォーム列挙） — 製品名やバージョンを標準表記で記述するための命名体系（識別子）。

CVSS（共通脆弱性評価システム） — 脆弱性の深刻度を数値（0.0〜10.0）で評価し優先度付けするためのスコアリング基準。

"
337,"DJ-SC-H27S

迷惑メールの検知手法であるベイジアンフィルタリングの説明はどれか。

ア　信頼できるメール送信元を許可リストに登録しておき, 許可リストにないメール送信元からの電子メールは迷惑メールと判定する。

イ　電子メールが正規のメールサーバから送信されていることを検証し、迷惑メールであるかどうかを判定する。

ウ　電子メールの第三者中継を許可しているメールサーバを登録したデータベースに掲載 されている情報を基に、迷惑メールであるかどうかを判定する。

エ　利用者が振り分けた迷惑メールから特徴を学習し、 迷惑メールであるかどうかを統計 的に解析して判定する。
","エ
“あなたの解答:ア”

ベイジアンフィルタリングは、ベイズ統計に基づいた確率的な手法で、特にスパムメールの分類に広く用いられている技術です。
迷惑メールに含まれる特定の単語やフレーズの出現頻度を学習し、ベイズの定理を活用することで、メッセージがスパムである確率 (事後確率)を、過去に観測されたデータ(単語の 出現パターン)をもとに求めることが可能です。フィルターが振り分けを間違えた場合には、ユーザーが正しい判定をしなおすことで記憶されている学習内容を更新することができ、学習量が増えるほど検出精度が増す柔軟な自己学習機能を備えています。

ア　ホワイトリストによる対策です。

イ　SPFやDKIMによる対策です。

ウ　RBL(Realtime Blackhole List)による対策です。RBLは、スパムメール送信に利用され るIPアドレスやドメイン名のリストをリアルタイムで提供するデータベースです。

エ　正しい。ベイジアンフィルタリングの説明です。
"
338,"DJ-SC-H27S

rootkitに含まれる機能はどれか。

ア　OSの中核であるカーネル部分の脆弱性を分析する。

イ　コンピュータがウイルスやワームに感染していないことをチェックする。

ウ　コンピュータやルータのアクセス可能な通信ポートを外部から調査する。

エ　不正侵入してOSなどに組み込んだものを隠蔽する。
","【正解】　エ
“あなたの解答:ア”　← また間違えた

ルートキット (rootkit) は、システムへのアクセスを確保した攻撃者が、その後の不正な活動を行いやすくするために作動中のプロセスやファイル、ログやシステムデータを隠ぺいするためのソフトウェア群です。ユーザーやシステム管理者に見られたとしてもrootkitが侵入の痕跡を隠ぺいすることで攻撃者はroot権限(管理者権限)を確保し続ける可能性が高まります。

ア　脆弱性検査ツールの機能です。

イ　アンチウィルスソフトの機能です。

ウ　ポートスキャンツールの機能です。

エ　rootkit
"
339,"DJ-SC-H27S

HTTPとHTMLのバージョン
","HTTPとHTMLのバージョン　← 混同していた

🌐 ① HTTPのバージョン — 通信プロトコルのヘッダに書く
→ HTTPリクエスト／レスポンスの最初の行（ヘッダ行）
GET /index.html HTTP/1.1
Host: www.example.com

📄 ② HTMLのバージョン — 文書の先頭（本文内）に書く
→ HTMLファイルの最初の行（ボディの中）
<!DOCTYPE html>　← これは HTML5 の宣言 です
<html>

HTML 2.0 / 3.2	（ほとんど宣言なし、ブラウザ依存）
HTML 4.01 Transitional	<!DOCTYPE HTML PUBLIC ""-//W3C//DTD HTML 4.01 Transitional//EN"" ""http://www.w3.org/TR/html4/loose.dtd"">
HTML 4.01 Strict	<!DOCTYPE HTML PUBLIC ""-//W3C//DTD HTML 4.01//EN"" ""http://www.w3.org/TR/html4/strict.dtd"">
XHTML 1.0 Strict	<!DOCTYPE html PUBLIC ""-//W3C//DTD XHTML 1.0 Strict//EN"" ""http://www.w3.org/TR/xhtml1/DTD/xhtml1-strict.dtd"">
HTML5（現行）	✅ <!DOCTYPE html>
"
340,"DJ-SC-H27S

総務省及び経済産業省が策定した""電子政府における調達のために参照すべき暗号のリスト (CRYPTREC暗号リスト)"" を構成する暗号リストの説明のうち, 適切なものはどれか。

ア　推奨候補暗号リストとは,CRYPTRECによって安全性及び実装性能が確認された暗 号技術のうち, 市場における利用実績が十分であるか今後の普及が見込まれると判断 され,当該技術の利用を推奨するもののリストである。
　
イ　推奨候補暗号リストとは,候補段階に格下げされ,互換性維持目的で利用する暗号技 術のリストである。

ウ　電子政府推奨暗号リストとは、CRYPTRECによって安全性及び実装性能が確認され た暗号技術のうち,市場における利用実績が十分であるか今後の普及が見込まれると 判断され,当該技術の利用を推奨するもののリストである。

エ　電子政府推奨暗号リストとは,推奨段階に格下げされ,互換性維持目的で利用する暗 号技術のリストである。
","【正解】　ウ
“あなたの解答:ア”

電子政府推奨暗号リスト
CRYPTRECにより安全性および実装性能が確認された暗号技術について、 市場における
利用実績が十分であるか今後の普及が見込まれると判断され、 当該技術の利用を推奨する
もののリスト

推奨候補暗号リスト
CRYPTRECにより安全性および実装性能が確認され、今後、電子政府推奨暗号リストに
掲載される可能性のある暗号技術のリスト

運用監視暗号リスト
実際に解読されるリスクが高まるなど、 推奨すべき状態ではなくなった暗号技術のうち、
互換性維持のために継続利用を容認するもののリスト。 互換性維持以外の目的での利用は 推奨しない
"
341,"DJ-SC-H26A

WPAとIEEE802.11iの違いは何か?
","🗣️ 一言で言うと

WPA：WEPの次、802.11iの途中版（応急処置的）

IEEE 802.11i（＝WPA2）：その正式・完全版。AES対応でより強固。
"
342,"DJ-SC-H26A

デッドロックの4条件（発生するための条件）は
","デッドロック（deadlock）が発生するためには、
次の 4つの条件 が すべて同時に成立 している必要があります。

この4条件は「デッドロックの必要十分条件」として有名です。

🔹 デッドロックの4条件

①	相互排他（Mutual Exclusion）　資源を同時に使えるのは1つのプロセスだけ（共有できない）
②	占有と待機（Hold and Wait）　ある資源を保持したまま、他の資源を要求して待っている
③	非奪取（No Preemption）　資源を強制的に奪い取ることができない（自分で解放するまで待つ）
④	循環待ち（Circular Wait）　資源の待ち関係が輪（サイクル）を作っている
"
343,"DJ-SC-H26A

2011年に経済産業省が公表した“クラウドサービス利用のための情報セキュリティマネジメントガイドライン""が策定された目的について述べたものはどれか。

ア　JIS Q 27002 の管理策を補完し, クラウドサービス利用者が情報セキュリティ対策を 円滑に行えるようにする。

イ　クラウドサービス提供事業者に対して情報セキュリティ監査を実施する方法を利用者に提示する。

ウ　クラウドサービスの利用がもたらすセキュリティリスクをサービス提供事業者の視点 で提示する。

エ　セキュリティリスクの懸念の少ないクラウドサービス提供事業者を利用者が選択できるような格付け基準を提供する。
","【正解】　ア
あなたの解答:イ”

""クラウドサービス利用のための情報セキュリティマネジメントガイドライン""は、クラウド利用者が、経済産業省により策定されたガイドラインで、クラウドサービス利用の際に情報セキュリティ対策の観点から活用することを企図して策定されたものです(ガイドラインより引用)。具体的には、クラウド利用者がクラウドサービスを全面的に利用する際の以下の 事項について記載されています。

1. クラウド利用者自ら行うべきこと
2. クラウド事業者に対して求める必要のあること
3. クラウドコンピューティング環境における情報セキュリティマネジメントの仕組み

また、本ガイラインは情報セキュリティマネジメントシステムの実践規範であるJIS Q 2 7002 の管理策に 「クラウド利用者のための実施の手引」と「クラウド事業者の実施が望まれる事項」を追加しています。
"
344,"DJ-SC-H26A

サンドボックスの仕組みについて述べたものはどれか。

ア　Webアプリケーションの脆弱性を悪用する攻撃に含まれる可能性が高い文字列を定義し,攻撃であると判定した場合には,その通信を遮断する。

イ　侵入者をおびき寄せるために本物そっくりのシステムを設置し、 侵入者の挙動などを監視する。

ウ　プログラムの影響がシステム全体に及ばないように,プログラムが実行できる機能や アクセスできるリソースを制限して動作させる。

エ　プログラムのソースコードでSQL文の雛(ひな) 形の中に変数の場所を示す記号を置い た後、実際の値を割り当てる。
","【正解】　ウ
“あなたの解答:イ”

特にJavaアプレットやAdobe Flash、Webブラウザのプラグインなどに機能制限を加え、脆弱性の低減を図るものという意味でよく使われます。

ア　WAF(Web Application Firewall) の仕組みです。

イ　ハニーポットの仕組みです。

ウ　正しい。サンドボックスの仕組みです。

エ　SQLインジェクション対策であるバインド機構またはプレースホルダの仕組みです。
"
345,"DJ-SC-H26A

SAMLはプロトコルですか?
","つまり、SAML自体は仕様全体ですが、その中に「SAMLプロトコル」という明確なプロトコル定義があります。

3. まとめ

SAML = 標準規格（XMLベース）

SAMLプロトコル = アサーションを送受信する具体的なルール

SAMLは単なるデータ形式ではなく、プロトコルとしても機能する規格です。
"
346,"DJ-SC-H26A

コンテンツの不正な複製を防止する方式の一つであるDTCP-IPの説明として,適切なものは どれか。

ア　BSデジタル放送や地上デジタル放送に採用され, コピーワンスの番組を録画すると きに使われる方式

イ　DLNAとともに用いられ、 接続する機器間で相互認証し、 コンテンツ保護が行えると 認識して初めて録画再生を可能にする方式

ウ　DVDに採用され, 映像コンテンツを暗号化して,複製できないエリアにその暗号化 鍵を記録する方式

エ　HDMI端子が搭載されたデジタルAV機器に採用され,HDMI端子から表示機器にデジ タル信号を送るときに受信する経路を暗号化する方式
","【正解】　イ

ア　CPRM(Content Protection for Recordable Media)

イ　正しい。 DTCP-IP

ウ　CSS (Content Scramble System)

エ　HDCP(High-bandwidth Digital Content Protection).
"
347,"DJ-SC-H26A

ハッシュ関数の性質の一つである衝突発見困難性に関する記述のうち, 適切なものはどれか。

ウ　ハッシュ値が与えられたときに,元のメッセージの探索に要する計算量の大きさによ る,探索の困難性のことである。

エ　ハッシュ値が一致する二つのメッセージの探索に要する計算量の大きさによる,探索の困難性のことである。
","【正解】　エ
“あなたの解答:ウ”　← 何度やっても覚えれない

ウ　原像計算困難性の説明です。

エ　正しい。 衝突発見困難性の説明です。
　
"
348,"DJ-SC-H26A

情報セキュリティに関する従業員の責任について, ""情報セキュリティ管理基準”に基づいて監査を行った。指摘事項に該当するものはどれか。

ア　雇用の終了をもって守秘責任が解消されることが、 雇用契約に定められている。

イ　定められた勤務時間以外においても守秘責任を負うことが、 雇用契約に定められてい る。

ウ　定められた守秘責任を果たさなかった場合,相応の措置がとられることが,雇用契約 に定められている。

エ　定められた内容の守秘義務契約書に署名することが、 雇用契約に定められている。
","【正解】　ア
“あなたの解答:ウ”

ア　正しい。「雇用終了後も、定められた期間は雇用条件に含まれる責任を継続する」と規定されています。 このため、 雇用の終了と同時に守秘義務が解消される状態は、指摘事項に該当します。

イ　「雇用条件には、組織の構外及び通常の勤務時間外に及ぶ責任(例えば、在宅勤務における責任)を含める」と規定されているので、指摘事項には該当しません。

ウ　「雇用条件には、従業員、契約相手及び第三者の利用者が組織のセキュリティ要求事項に従わない場合に取る処置を含める」と規定されているので、 指摘事項には該当しません。

エ　「雇用条件には、取扱いに慎重を要する情報へのアクセスが与えられる すべての従業員、契約相手及び第三者の利用者による、 情報処理施設へのアクセスが与えられる前の、秘密保持契約書又は守秘義務契約書への署名を含める」と規定されているので、指摘事項には該当しません。
"
349,"DJ-SC-H26A

スタブとは
","スタブとは、テストで依存する外部機能やモジュールを簡略化して置き換えるものです。
固定の結果を返すことで、テスト対象を独立して検証できます。

要するにスタブとは小さいプログラム化。

そうです。要するに、スタブは「テスト用の小さな代替プログラム」で、実際の処理の代わりに固定の結果を返すものです。
"
350,"DJ-SC-H26A

テストで使用されるドライバ又はスタブの機能のうち、 適切なものはどれか。

ア　スタブは、テスト対象のモジュールからの戻り値を表示・印刷する。

イ　スタブは,テスト対象モジュールを呼び出すモジュールである。

ウ　ドライバは,テスト対象モジュールから呼び出されるモジュールである。

エ　ドライバは, 引数を渡してテスト対象モジュールを呼び出す。
","【正解】　エ
“あなたの解答:ウ”

スタブは、モジュール結合テストの手法であるトップダウンテストにおいて必要となるテスト用のモジュールです。

未完成の下位モジュールの代わりとして、テスト対象の上位モジュールからの呼び出しに対して、下位モジュールが返すべき適切な値を返却するなどの動作を行います。

一方、ボトムアップテストで必要となるドライバは、未完成の上位モジュールに代わり、テスト対象の下位モジュールを呼び出すなどの動作を行います。

ア　スタブは、テスト対象の上位モジュールからの呼び出しに対して適切な値を返却します。

イ　テスト対象モジュールを呼び出すのはドライバです。

ウ　ドライバは、テスト対象の下位モジュールを呼び出すモジュールです。

エ　正しい。
"
351,"DJ-SC-H26A

基本評価基準, 現状評価基準, 環境評価基準の三つの基準でIT製品のセキュリティ脆弱性の 深刻さを評価するものはどれか。

ア　CVSS

イ　ISMS

ウ　PCI DSS

エ　PMS
","【正解】　ア
""あなたの解答: イ""

ア “CVSS""
正しい。

イ“ISMS”
Information Security Management Systemの略。情報セキュリティマネジメントシステムの整備・管理・運用に関する仕組みでJIS Q 27001 (ISO/IEC 27001)の基となっています。

ウ “PCI DSS”
Payment Card Industry (PCI)データセキュリティ基準(DSS)

エ “PMS""
Personal information protection Management System の略。 個人情報保護マネジメ ントシステムの整備・管理・運用に関する仕組みです。
"
352,"DJ-SC-H26S

特定の認証局が発行したCRL (Certificate Revocation List) に関する記述のうち, 適切なも のはどれか。

ア　CRLには,失効したデジタル証明書に対応する秘密鍵が登録される。

イ　CRLには,有効期限内のデジタル証明書のうち破棄されているデジタル証明書と破棄された日時の対応が提示される。

ウ　CRLは,鍵の漏えい、破棄申請の状況をリアルタイムに反映するプロトコルであ る。

エ　有効期限切れで失効したデジタル証明書は,所有者が新たなデジタル証明書を取得するまでの間, CRLに登録される。




","【正解】　イ
“あなたの解答:工”　← 「破棄されているデジタル証明書」はシリアル番号かい

ア　CRLに登録されるのはシリアル番号、失効日時、失効事由などです。秘密鍵そのものの情報が登録されているわけではありません。

イ　正しい。CRLには、有効期限内に失効したデジタル証明書のシリアル番号と失効日時の対応が登録されます

ウ “OCSP (Online Ce rtificate Status Protocol)に関する記述です。
"
353,"DJ-SC-H26S

JVN(Japan Vulnerability Notes) などの脆弱性対策ポータルサイトで採用されているCWE (Common Weakness Enumeration)はどれか。

ア　“基本評価基準,現状評価基準,環境評価基準の三つの基準でIT製品の脆弱性を評価する手法”

イ　“製品を識別するためのプラットフォーム名の一覧”

ウ　“セキュリティに関連する設定項目を識別するための識別子” 

エ 　正しい。 CWEの説明です。
","【正解】　エ

ア　CVSS (Common Vulnerability Scoring System) の説明です。

イ　CPE(Common Platform Enumeration)の説明です。

ウ　CCE(Common Configuration Enumeration)の説明です。

エ　CWEの説明です。
"
354,"DJ-SC-H26S

UML 2.0において,オブジェクト間の相互作用を時間の経過に注目して記述するものはどれか。

ア　アクティビティ図

イ　コミュニケーション図

ウ　シーケンス図

エ　ユースケース図
","【正解】　ウ
“あなたの解答:イ”

ア　“アクティビティ図”
上流行程のビジネスプロセスの流れや下流行程のプログラムの制御フローを表すことができる図で、フローチャートのUML版です。

イ　コミュニケーション図”
コミュニケーション図は、オブジェクト間の相互作用を表現し,オブジェクト間のデー タリンクを強調する図です。

ウ “シーケンス図”
正しい。シーケンス図は、オブジェクト指向分析で用いられる相互作用図の1つで、オブジェクト間のメッセージのやり取りなどのオブジェクトの振る舞いを時系列に沿って 表す図です。

エ　ユースケース図”
ユースケース図は、システムの振る舞いを表現する図で、システムに要求される機能
"
355,"DJ-SC-H26S

ア　HTTP GETコマンドを繰返し送ることによって, 攻撃対象のサーバにコンテンツ送信の負荷を掛ける。　

イ　pingコマンドを用いて同時に発生した大量の要求パケットによって, 攻撃対象のサー バに至るまでの回線を過負荷にしてアクセスを妨害する。

ウ　コネクション開始要求に当たるSYNパケットを大量に送ることによって,攻撃対象 のサーバに,接続要求ごとに応答を返すための過大な負荷を掛ける。

エ　大量のTCPコネクションを確立することによって, 攻撃対象のサーバに接続を維持 させ続けリソースを枯渇させる。
","【正解】　イ
“あなたの解答: ウ”

ICMPはネットワーク診断や障害検知に重要な役割を果たしているため、完全に無効化することはできません。対策としては、受け入れるICMPの種類や数量を制限する、IDSやIPSによる不正なICMPの検出などがあります。
"
356,"DJ-SC-H26S

XML署名において署名対象であるオブジェクトの参照を指定する表記形式はどれか。

ア 　IDの形式

イ　SSIDの形式

ウ　URIの形式

エ　デジタル証明書のシリアル番号の形式
","【正解】　ウ
“あなたの解答:ア”

XML署名は、XML文書にデジタル署名を埋め込むための技術で、RFC3075として標準化されています。 任意のデータファイルに対する署名の他にも、指定したエレメントなどのXML 文の一部に対しても署名を付することが可能です。
XML署名は、「Signature要素」といくつかの子要素を組合わせて記述されますが、この中でオブジェクトの参照を指定するのが 「Reference 要素」であり、この要素には署名される リソースをURIによって指定します。
"
357,"DJ-SC-H25A

メールの送信元IPアドレスは、ＳＭＴＰのどこにあるか。
","MAIL FROM → メールアドレスのみ

IP/FQDN → 送信経路のヘッダー (Received) に記録される
"
358,"DJ-SC-H25A

ITサービスマネジメントの問題管理プロセスにおけるプロアクティブな活動はどれか。

ア　インシデントの根本原因を究明する。

イ　過去に同様のインシデントが発生していないか調査する。

ウ　過去のインシデントの記録を分析し、 今後起こりそうなインシデントを予測する。

エ　根本原因を突き止めた問題を既知のエラーとして登録する。
","【正解】　ウ

“あなたの解答: ウ”　← reactiveの反対

プロアクティブ (proactive) とは、「率先した」や「積極的な」などの意味を持つ英語形容詞であり、発生したインシデントへのリアクティブ (reactive:反応的な) 活動に対して、将来 起こるかもしれないインシデントを予防を目的に行う、先を見越した活動という意味を持ち す。
選択肢の活動のうち、将来発生する可能性のあるインシデントを予防するためのものは 「ウ」 のみです。
"
359,"DJ-SC-H25A

分散データベースシステムにおける""分割に対する透過性""を説明したものはどれか。

ア　データの格納サイトが変更されても、利用者のアプリケーションや操作法に影響がないこと

イ　同一のデータが複数のサイトに格納されていても,利用者はそれを意識せずに利用できること

ウ　一つの表が複数のサイトに分割されて格納されていても、利用者はそれを意識せずに 利用できること

エ　利用者がデータベースの位置を意識せずに利用できること
","【正解】　ウ
“あなたの解答:イ”

ア　移動に対する透過性の説明です。

イ　複製に対する透過性の説明です。

ウ　正しい。分割に対する透過性の説明です。

エ　位置に対する透過性の説明です。

"
360,"DJ-SC-H25S

既存システムを基に, 新システムのモデル化を行う場合のDFD作成の手順として,適切なも のはどれか。

ア　現物理モデル→現論理モデル→新物理モデル→新論理モデル

イ　現物理モデル→現論理モデル→新論理モデル→新物理モデル

ウ　現論理モデル→現物理モデル→新物理モデル→新論理モデル

エ　現論理モデル→現物理モデル→新論理モデル→新物理モデル
","【正解】　イ
""あなたの解答: ア”

DFD作成の基本手順

現行システムの分析
・現行システムの論理的な流れをまず理解する
・→ 現論理モデルの作成

現行システムの物理的な構造の把握
・ハードやソフトの配置、処理順序など
・→ 現物理モデルの作成

新システムの論理設計
・機能やデータの流れを新システム向けに整理
・→ 新論理モデル

新システムの物理設計
・実際の実装環境に合わせた構造の決定
・→ 新物理モデル
"
361,"DJ-SC-H25S

SMTP-AUTHにおける認証の動作を説明したものはどれか。

ア　SMTPサーバへ電子メールを送信する前に,電子メールを受信し,その際にパスワード認証が行われたクライアントのIPアドレスは,一定時間だけ電子メールの送信が 許可される。

イ　クライアントがSMTPサーバにアクセスしたときに利用者認証を行い,許可された利用者だけから電子メールを受け付ける。

ウ　サーバは認証局のデジタル証明書をもち, クライアントから送信された認証局の署名 付きクライアント証明書の妥当性を確認する。

エ　利用者が電子メールを受信する際の認証情報を秘匿できるように,パスワードからハッシュ値を計算して,その値で利用者認証を行う。
","【正解】　イ
“あなたの解答:ア”　← 「受け付ける」を「受け取る」と読んでしまった。

SMTP-AUTH(SMTP-Authentication)は、メール投稿にあたってユーザー認証の仕組みがないSMTPにユーザー認証機能を追加した方式です。使用するにはメールサーバとクライアントの双方が対応していなければなりませんが、メール送信するときに「ユーザー名とパスワ -ド」「チャレンジレスポンス」 などで認証を行い、認証されたユーザーのみからのメール送信を許可することで不正な送信要求を遮断することができます。

ア　POP before SMTPによる認証動作です。
「送信する前に,電子メールを受信し」⇒ChatGPT 実際には「仮のメールを受け取る」わけではなく、受信サーバーへのログイン（POP認証）そのもの がトリガーになっています。

イ　正しい。SMTP-AUTHによる認証動作です。

ウ　SMTP over SSL (TLS)による相互認証です。

エ　APOP (Authenticated POP) による認証動作です。
"
362,"DJ-SC-H25S

関係データベースのビューを利用する目的はどれか。

ア　DISTINCT指定, GROUP BY句及びHAVING句をもつ演算処理を独立させて,プログラムに単純化したデータ更新手段を提供する。

イ　行や列を特定の条件で絞り込んだビューだけをアクセスさせることによって,基となる表のデータの一部を隠蔽して保護する手段を提供する。

ウ　データベースの物理的記憶構造の変更に影響されないように,アプリケーションプロ グラムに対して物理的データ独立性を提供する。

エ　複数の表を結合したビューにインデックスを付与することによって,複数の表にまた がった高度な検索手段を提供する。
","【正解】　イ
“あなたの解答:ウ”

ビューは、実表の一部、または複数の実表から関係演算(選択、射影、結合など)によって得られた結果を1つの表に見せかけた仮想の表です。あくまでも仮想表なので、その中に実データは存在しません。

ビューには、次のようなメリットがあります。
1.実表に公開したくないデータがある場合、ビューを定義することで利用者に非公開にできる
→セキュリティを高めることができる

2. 複雑なSQLによって得られる表をビューとして定義することで簡便に利用することができる
→表操作を容易に行えるようにする

3.英数字で定義されている列名・表名を分かりやすい日本語に置き換えて定義することで見やすくなる
したがって実表のデータを保護できる旨の記述である 「イ」が適切です。

クエリは「問い合わせ文」そのもの
ビューは「クエリの結果をあたかも表のように扱える仕組み」です。
"
363,"DJ-SC-H25S

電子メールが配送される途中に経由したMTAのIPアドレスや時刻などの経由情報を,MTAが 付加するヘッダーフィールドはどれか。

ア　Accept

イ　Received

ウ　Return-Path

エ　Via
","【正解】　イ
“あなたの解答:工”

Received は、メールサーバ (MTA:Mail Transfer Agent) を経由するごとに、経由したサーバのIPアドレス、ｚメイン名、送信元のIPアドレス、ドメイン名などが記録されていくフィ ールドで、メールの受信・中継履歴となります。

Received フィールドの形式は次のようになっています。
Received: from <送信サーバー>by<受信サーバー>
via <接続方式 > with < 転送方式>
id < 識別番号> for <宛先 > ; <受信日時>

ア ""Accept""
Acceptは、HTTPリクエストヘッダーの一つで、ブラウザで利用可能なアプリケーション・メディアタイプ (text/html,application/xhtml+xml)をWebサーバに伝えるためのフィールドです。

イ“Received""
正しい。

ウ“Return-Path""
Return-Pathは、エラーメールを返信するための宛先アドレスを指定します。 通常は送信者(From)と同じアドレスになっています。

エ“Via”
Viaは、Receivedフィールド中でサーバへの接続プロトコル (UUCPなど) を記載する項目ですが、通常は省略されています。
"
364,"DJ-SC-H25S

このReceivedFieldはスパムメールであっても本物のIPアドレスまたはドメインが書いてあるのか?
","とても良い質問です。
結論から言うと、スパムメールでも「本物の送信元IPアドレス」が Received: フィールドに記録されることが多いですが、完全に信頼できるとは限りません。

🔹 理由を詳しく説明します
✅ 1. 本物の送信経路が分かる場合
メールがインターネットを通って受信サーバーに届くとき、
受信側のメールサーバーは 実際に接続してきた相手のIPアドレスを自分で記録します。

この部分（上から2行目以降のReceived:）は改ざんできません。
Received: from unknown (123.45.67.89)
    by mx.example.jp with ESMTP;
→ この 123.45.67.89 は、実際にスパムを送ってきたホストのIP。

⚠️ 2. 改ざんされることがある部分
スパム送信者は、自分のサーバー側で「偽のReceived行」を最初に書き込んで送ることがあります。
つまり、メールの一番下の Received: は嘘 の場合もあります。

しかし、その後 正規の受信サーバーが追加する Received:（上側）は正しい情報 です。

🔹 まとめ
部分信頼性内容一番下の Received:❌ 改ざんされることがあるスパマーが偽装可能上側の Received:（受信サーバーが付けた）✅ 信頼できる実際に接続してきた送信元IPが書かれる

💡 要するに
スパムメールでも、受信サーバーが付けた Received: フィールドには、実際にそのメールを送ってきたホストの本物のIPアドレスが記録されています。
ただし、メール全体の下部の Received: は偽造されていることもあります。
"
365,"DJ-SC-H25S

APT (Advanced Persistent Threats) を日本語で
","APT（Advanced Persistent Threats） は、日本語では一般的に次のように訳されます。
🔹 高度標的型攻撃
🔹 持続的標的型攻撃
"
366,"DJ-SC-H24A

システム監査で用いる統計的サンプリングに関する記述のうち,適切なものはどれか。

ア　開発プロセスにおけるコントロールを評価する際には、開発規模及び影響度の大きい案件を選定することによって,母集団全体への評価を導き出すことができる。

イ　コントロールが有効であると判断するために必要なサンプル件数を事前に決めること ができる。

ウ　正しいサンプリング手順を踏むことによって,母集団全件に対して検証を行う場合と 同じ結果を常に導き出すことができる。

エ　母集団からエラー対応が行われたデータを選定することによって, 母集団全体に対し てコントロールが適切に行われていることを確認できる。
","【正解】　イ
“あなたの解答:工”

統計的サンプリングは、 母集団からランダムに抽出したサンプルを確率論に基づき分析す ることで母集団全体の評価を導く手法です。

ア　統計的サンプリングでは、対象となる母集団から無作為にサンプルを抽出しなくてはな りません。

イ　正しい。統計的サンプリングでは、確率論の考え方に基づき、母集団の結果を導くのに必要となるサンプル数が決定されます。

ウ　必ずしも全件検証と同じ結果になるとは限りません。

エ　統計的サンプリングでは、対象となる母集団から無作為にサンプルを抽出しなくてはなりません。このケースでは、無作為に抽出されたデータ中の、エラー対応が行われた件 数の割合などで評価が行われます。
"
367,"DJ-SC-H24A

2011年に経済産業省が公表した""クラウドサービス利用のための情報セキュリティマネジメントガイドライン""が策定された目的について述べたものはどれか。

ア　JIS Q 27002の管理策を拡張し,クラウドサービス利用者が情報セキュリティ対策を 円滑に行えるようにする。

イ　クラウドサービス提供事業者に対して情報セキュリティ監査を実施する方法を利用者に提示する。

ウ　クラウドサービスの利用がもたらすセキュリティリスクをサービス提供事業者の視点で提示する。

エ　セキュリティリスクの懸念の少ないクラウドサービス提供事業者を利用者が選択でき るような格付け基準を提供する。
","“あなたの解答:イ”
"
368,"DJ-SC-H24A

オブジェクト指向における情報隠蔽に関する記述として,適切なものはどれか。

ア　オブジェクトの特性(属性,関連,操作)をまとめて抽象化する。

イ　オブジェクトは、メッセージによってだけアクセス可能となる。

ウ　親クラスに定義されたメソッドを,実行時に子クラスに引き継ぐ。

エ　同一メッセージでも,実行時の受信クラスに基づいて適用されるメソッドが決まる。
","【正解】　イ
“あなたの解答:ウ”

この問題は「オブジェクト指向における情報隠蔽（information hiding）」に関する問題ですね。
ア：オブジェクトの特性(属性,関連,操作)をまとめて抽象化する。
→ これは「カプセル化（encapsulation）」や「抽象化」の説明であり、情報隠蔽そのものの説明としては不適切。

イ：オブジェクトは、メッセージによってだけアクセス可能となる。
→ ✅ 正しい。
　情報隠蔽とは、オブジェクトの内部構造やデータを外部から直接操作できないようにし、定義されたインタフェース（メッセージやメソッド）だけでアクセスさせる仕組みです。

ウ：親クラスに定義されたメソッドを,実行時に子クラスに引き継ぐ。
→ これは「継承（inheritance）」の説明です。

エ：同一メッセージでも,実行時の受信クラスに基づいて適用されるメソッドが決まる。
→ これは「ポリモーフィズム（多態性）」の説明です。

✅ 正解：イ

オブジェクトは、メッセージによってだけアクセス可能となる。
→ 情報隠蔽の説明として最も適切。
"
369,"DJ-SC-H24A

WAF(Web Application Firewall)のブラックリスト又はホワイトリストの説明のうち,適切 なものはどれか。

ア　ブラックリストは, 脆弱性があるサイトのIPアドレスを登録したものであり, 該当する通信を遮断する。

イ　ブラックリストは,問題がある通信データパターンを定義したものであり,該当する通信を遮断するか又は無害化する。

ウ　ホワイトリストは, 暗号化された受信データをどのように復号するかを定義したものであり、復号鍵が登録されていないデータを遮断する。

エ　ホワイトリストは, 脆弱性がないサイトのFQDNを登録したものであり、登録がない サイトへの通信を遮断する。
","イ “あなたの解答:工”

ア：ブラックリストは、脆弱性があるサイトのIPアドレスを登録したものであり、該当する通信を遮断する。
→ ❌ これはWAFではなく、ファイアウォールやURLフィルタの説明に近いです。
　WAFは通信内容（リクエスト）を解析します。

イ：ブラックリストは、問題がある通信データパターンを定義したものであり、該当する通信を遮断するか又は無害化する。
→ ✅ 正しい。
　WAFのブラックリスト方式は、**既知の攻撃パターン（例：SQLインジェクション、XSSなど）**を定義し、該当するリクエストを遮断または無害化します。

ウ：ホワイトリストは、暗号化された受信データの復号方法を定義し、鍵がないものを遮断する。
→ ❌ 暗号処理の話ではありません。WAFのホワイトリストとは関係がありません。

エ：ホワイトリストは、脆弱性がないサイトのFQDNを登録し、登録がないサイトへの通信を遮断する。
→ ❌ これもWAFではなく、URLアクセス制御などの話です。

✅ 正解：イ
ブラックリストは、問題がある通信データパターンを定義したものであり、該当する通信を遮断するか又は無害化する。

"
370,"DJ-SC-H24S

送信元を詐称した電子メールを拒否するために, SPF (Sender Policy Framework)の仕組みにおいて受信側が行うことはどれか。

ア　Resent-Sender: Resent-From:, Sender: From: などのメールヘッダー情報の送 信者メールアドレスを基に送信メールアカウントを検証する。

イ　SMTPが利用するポート番号25の通信を拒否する。

ウ　SMTP通信中にやり取りされるMAIL FROMコマンドで与えられた送信ドメインと送 信サーバのIPアドレスの適合性を検証する。

エ　付加されたデジタル署名を受信側が検証する。
","【正解】　ウ
“あなたの解答:工”　← MAIL FROM

ア　SPFでは送信元のIPアドレス情報を元に正当性を確認します。

イ　OP25Bの仕組みです。

ウ　正しい。 SPFで受信側が行うことです。

エ　DKIM(DomainKeys Identified Mail)で受信側が行うことです。
"
371,"DJ-SC-H24S

PCIデータセキュリティ基準(PCI DSS Version2.0)の要件のうち,詳細要件の選択肢とし て,WAFの導入を含むものはどれか。

ア　要件1:カード会員データを保護するために, ファイアウォールをインストールして構成を維持すること

イ　要件3:保存されるカード会員データを保護すること

ウ　要件6: 安全性の高いシステムとアプリケーションを開発し、 保守すること

エ　要件7:カード会員データへのアクセスを,業務上必要な範囲内に制限すること
","【正解】　ウ　← 何も考えずに丸暗記
“あなたの解答:ア”
"
372,"DJ-SC-H24S

内部監査として実施したシステム監査で,問題点の検出後、 改善勧告を行うまでの間に監査人が考慮すべき事項として,適切なものはどれか。

ア　改善事項を被監査部門へ事前に通知した場合、不備の是正が行われ, 元から不備が存 在しなかったように見える可能性があるので, 被監査部門に秘匿する。

イ　監査人からの一方的な改善提案は実行不可能なものとなる恐れがあるので,改善勧告 の前に,改善策について被監査部門との間で協議する場をもつ。

ウ　経営判断に関与することを避けるため、 不備を改善する際の経済合理性などの判断を 行わず、そのまま経営者に対する改善勧告とする。

エ　将来のフォローアップに際して,客観的で中立的な判断を阻害する要因となるので, 改善勧告の優先度付けや取捨選択を行うことを避ける。
","【正解】　イ
“あなたの解答:ア”

ア　監査手続きにおける事実誤認の排除や改善提案の妥当性を確認するために、監査報告書の提出に先立ち被監査部門と意見を交換する場を設けることが望まれます。

イ　
正しい。 実効力をもつ改善提案にするためには、被監査部門や関係部門との意見交換によって妥当性と実現可能性を確認し、その上で監査報告書に記載することが望まれます。

ウ　改善勧告は組織の成熟度やリスクアセスメントの結果と関連付けて記載されることが望 まれます。

エ　指摘事項には優先順位を付け、 何が重要または緊急事項であるかを監査依頼者および被 監査部門が判断できるようにしておくことが望まれます。
"
373,"DJ-SC-H24S

コンティンジェンシープランにおける留意点はどれか。

ア　企業のすべてのシステムを対象とするのではなく,システムの復旧の重要性と緊急性を勘案して対象を決定する。

イ　災害などへの対応のために,すぐに使用できるよう, バックアップデータをコンピュータ室内又はセンター内に保存しておく。

ウ　バックアップの対象は,機密情報の中から機密度を勘案して選択する。

エ　被害のシナリオを作成し,これに基づく""予防策策定手順""を策定する。
","【正解】　ア
“あなたの解答:工”　← 予防策ではなく

ア　正しい。 コンティンジェンシープランでは、システムごとにプライオリティ (優先度)が 設定され、 緊急事態発生時には、 本作業で設定されたプライオリティが高い業務から順 に継続・復旧作業が行われます。

イ　バックアップデータは、 運用場所とは別の遠隔地に保管しておくべきです。

ウ　バックアップの対象の優先度は、システムの性質によって異なるため機密度が優先されるとは限りません。

エ　コンティンジェンシープランでは、予防策ではなく、シナリオに基づく緊急時の行動計画を策定します。
"
374,"DJ-SC-H24S

ITサービスマネジメントの情報セキュリティ管理プロセスに対して, JIS Q 20000-1が要求 している事項はどれか。

ア　潜在的な問題を低減させるために,予防措置を取らなければならない。

イ　デジタルの構成品目の原本を、物理的又は電子的にセキュリティが保たれた書庫で管 理しなければならない。

ウ　変更要求に対しては,そのリスク, 影響及び事業利益について, アセスメントを行わなければならない。

エ　変更を実装する前に, 変更がセキュリティ管理策に与える影響のアセスメントを行わなければならない。
","【正解】　エ　← 何も考えずに覚える
“あなたの解答:イ”

ア“潜在的な問題を低減させるために,予防措置を取らなければならない。
解決プロセスの 「8.1 問題管理」 に対する要求事項です。

イ “デジタルの構成品目の原本を,物理的又は電子的にセキュリティが保たれた書庫で管理しなけ ればならない。
統合的制御プロセスの 「9.1 構成管理」 に対する要求事項です。

ウ “変更要求に対しては,そのリスク, 影響及び事業利益について, アセスメントを行わなければ ならない。
統合的制御プロセスの 「9.2変更管理」 に対する要求事項です。

エ“変更を実装する前に,変更がセキュリティ管理策に与える影響のアセスメントを行わなければ ならない。 ""
正しい。
"
375,"DJ-SC-H23A

ソフトウェア開発組織の活動状態のうち, CMMIモデルにおける成熟度レベルが最も高いものはどれか。

ア　作業成果物の状況が、 主要なタスクの完了時点で管理層に対して見える状態になっている。

イ 実績が定量的に把握されており,プロセスが組織的に管理されている。

ウ　プロセスが明文化されて,組織内の全ての人がそれを利用している。

エ　プロセスを継続的に改善していくための仕組みが機能している。
","【正解】　エ

ア“作業成果物の状況が、 主要なタスクの完了時点で管理層に対して見える状態になっている。 
レベル3に該当します。

イ“実績が定量的に把握されており,プロセスが組織的に管理されている。'
レベル4に該当します。

ウ“プロセスが明文化されて,組織内の全ての人がそれを利用している。 
レベル2に該当します。

エ“プロセスを継続的に改善していくための仕組みが機能している。 
レベル5に該当します。

CMMI（Capability Maturity Model Integration）は、ソフトウェア開発などのプロセス成熟度モデルで、
組織のプロセスがどの程度体系化・最適化されているかを5段階で表します。

レベル1	初期（Initial）　個人の能力に依存。手順は不定。　―
レベル2	管理された（Managed）　プロジェクト単位で計画・追跡を行う。タスク管理が可視化。　ア
レベル3	定義された（Defined）　組織全体で標準プロセスが定義され、全員が利用。　ウ
レベル4	定量的に管理された（Quantitatively Managed）　プロセスが定量的に測定・管理される。　イ
レベル5	最適化している（Optimizing）　プロセスを継続的に改善する仕組みがある。　エ✅
"
376,"DJ-SC-H23A

次数がnの関係Rには,属性なし (φも含めて異なる射影は幾つあるか。

ア　ｎ

イ　2n

ウ　n＾2

エ　2＾n
","【正解】　エ

射影は、表の中から条件に合致した列を取り出す操作です。
それぞれの属性に対して、取り出す or 取り出さないという2つの可能性が考えられるので、n個の属性が存在する表では「2通り」の異なる射影の組合せがあります。(n=3の場合 は、 2×2×2=8通り)

🔹 射影（projection）とは
関係データベースにおける 射影 は、
関係（テーブル）から 特定の属性（列）だけを取り出す操作 のことです。
例：
関係 R(A, B, C) に対して
πA(R)　→ 属性Aだけ
πB,C(R)　→ 属性BとC
πA,B,C(R)　→ 全部
πφ(R)　→ 属性なし（空の射影）

🔹 「次数 n」とは
「次数 n」は、属性の個数が n という意味です。
したがって、各属性について「射影に含める or 含めない」の 2通り の選択肢があります。

🔹 組み合わせの総数
n 個の属性に対して、それぞれ「含める／含めない」
→ 組み合わせの総数は
　2 × 2 × … × 2（n回） = 2ⁿ

🔹 φ（空の射影）も含める場合
問題文に「φも含めて」とあるので、空集合の射影（すべての属性を除いたもの）もカウントします。
したがってそのまま 2ⁿ になります。

🔹 選択肢
選択肢内容判定アn❌イ2n❌ウn²❌**エ2ⁿ✅**

📘 正解：エ（2ⁿ）
"
377,"DJ-SC-H23A

ISMSにおけるリスク分析手法の一つである""詳細リスク分析""で行う作業はどれか。

ア　情報セキュリティポリシーの作成

イ　セーフガードの選択

ウ　リスクの評価

エ　リスクの容認
","【正解】　ウ
“あなたの解答: ウ""

詳細リスク分析は、情報資産を洗い出し、それぞれの情報資産に対して資産価値、脅威、脆弱性及びセキュリティ要件を識別し、リスクを評価する手法です。

ア“情報セキュリティポリシーの作成”
情報セキュリティポリシーは作成しません。

イ “セーフガードの選択""
リスク対応で行う作業です。

ウ“リスクの評価”
正しい。 詳細リスク分析で行う作業です。

エ“リスクの容認”
リスク対応で行う作業です。
"
378,"DJ-SC-H23A

IPsecのAHに関する説明のうち, 適切なものはどれか。

ア　IPパケットを暗号化する対象部分によって, トランスポートモード, トンネルモードの方式がある。

イ　暗号化アルゴリズムや暗号化鍵のライフタイムが設定される管理テーブルで,期間を 過ぎると新しいデータに更新される。

ウ　暗号化アルゴリズムを決定し,暗号化鍵を動的に生成する鍵交換プロトコルで,暗号 化通信を行う。

エ　データの暗号化は行わず,SPI, シーケンス番号,認証データを用い, 完全性の確保 と認証を行う。
","【正解】　エ
“あなたの解答:工”

AH(Authentication Header: 認証ヘッダー)は、IPsecにおいて通信データの認証のために使用されるプロトコルで暗号化の機能はありません。

AHヘッダーに含まれる主なパラメータについては以下の通りです。

SPI(セキュリティパラメータインデックス)
データを通信するためのコネクションであるIPsecSAを識別するのに使用される情報

シーケンス番号
リプレイアタックを防止するために各パケットごとに付与される順序番号

認証データ
IPヘッダーも含めたパケット全体の完全性をチェックするデータで、HMACを用いて生成 される

AHは暗号化機能をもっていないため正しい記述は 「エ」になります。
"
379,"DJ-SC-H23A

DNSサーバに格納されるネットワーク情報のうち,第三者に公開する必要のない情報が攻撃に利用されることを防止するための、プライマリDNSサーバの設定はどれか。

ア　SOAレコードのシリアル番号を更新する。

イ　外部のDNSサーバにリソースレコードがキャッシュされる時間を短く設定する。

ウ　ゾーン転送を許可するDNSサーバを限定する。

エ　ラウンドロビン設定を行う。
","【正解】　ウ 
""あなたの解答: イ

ゾーン転送が外部に対して無制限に許可されていると、攻撃者が AXFR コマンドを使って全てのDNSレコードを取得（ゾーンウォーキング）できてしまいます。
したがって、ゾーン転送を許可するDNSサーバを限定する（アクセス制御する）ことが必要です。
"
380,"DJ-SC-H23A

ア　SSL-VPN装置は、FQDN又はIPアドレスを含むデジタル証明書を組み込む必要があ る。

イ　SSL-VPN装置は、装置メーカーが用意した機器固有のデジタル証明書を組み込む必 要がある。

ウ　SSL-VPN装置は,装置メーカーから提供される認証局を利用する必要がある。

エ　同一ドメイン内で複数拠点にSSL-VPN装置を設置する場合は,同一のデジタル証明書を利用する必要がある。
","【正解】　ア
“あなたの解答:ア”

SSL-VPN装置 (SSL-VPNゲートウェイ)は、 企業内ネットワークとインターネットの境に設置され、クライアントからの要求を受け付けサーバへの要求を代理するリバースプロキシの役割をもつ機器です。

🔹 デジタル証明書の役割
SSL-VPN装置（サーバ）は、クライアント（利用者端末）と接続する際に
「自分が本物のサーバであることを証明する」ために サーバ証明書 を提示します

ア　正しい。SSL通信ではサーバ認証が必須になっているため、例え同一ドメイン内に設置する場合であっても、装置ごとに固有のデジタル証明書を組み込む必要があります。

イ　SSL-VPN装置に組み込むデジタル証明書は独自に用意することができます。

ウ　使用する認証局は任意に指定できます。

エ　SSL-VPN装置ごとに固有のデジタル証明書を組み込む必要があります。
"
381,"DJ-SC-H23T

経済産業省""ソフトウェア管理ガイドライン""に定められた,ソフトウェアを使用する法人, 団体などが実施すべき基本的事項の記述のうち,適切なものはどれか。

ア　ウイルスからソフトウェアを保護するため、関係法令や使用許諾契約などについて利 用者の教育啓発を行う。

イ　セキュリティ対策に責任を負うセキュリティ管理責任者を任命し,適切な管理体制を整備する。

ウ　ソフトウェアの違法複製などの有無を確認するため,すべてのソフトウェアを対象と して,その使用状況についての監査を実施する。

エ　ソフトウェアの脆弱性を突いた不正アクセスから保護するため,ソフトウェアの使用 手順や管理方法などを定めたソフトウェア管理規則を制定する。
","【正解】　ウ
“あなたの解答:イ”　← 「ソフトウェア管理ガイドライン""に定められた」

ソフトウェア管理ガイドラインは、ソフトウェアの違法複製を防止するため,法人,団体などを対象として,ソフトウェアを使用するに当たって実施されるべき事項をとりまとめたも のです。
"
382,"DJ-SC-H23T

共通フレーム2007で取り決められているものはどれか。

ア　作成する文書の種類及び書式

イ　信頼性,保守性などソフトウェアの品質尺度

ウ　適用すべき開発モデル, 技法及びツール

エ　プロセスごとの作業者の主体者(役割)と責任の所在

","【正解】　エ
“あなたの解答:ウ”

共通フレームは、ソフトウェア、システム、サービスに関係する人々が""同じ言葉を話す""ことができるよう共通の枠組みを提供し、ソフトウェアの構想から開発、運用、保守、廃棄に いたるまでのライフサイクルを通じて必要な作業内容を包括的に規定したものです。

共通フレームは、
発注者（ユーザ企業）
受注者（システム開発会社）
の間で、開発の範囲・責任・成果物・作業内容を共通理解する ために作られたものです。
つまり、「どこからどこまでを誰がやるか」を明確にするための 共通の言葉・構造 を提供するものです

ア　“作成する文書の種類及び書式”
共通フレームではドキュメントの種類、 書式など、ドキュメントの詳細を規定していません。

イ “信頼性, 保守性などソフトウェアの品質尺度”
共通フレームは、ソフトウェアの尺度については規定していません。

ウ “適用すべき開発モデル, 技法及びツール”
共通フレームは、特定の開発モデル、 技法、ツールに依存していません。

エ “プロセスごとの作業者の主体者(役割)と責任の所在”
正しい。 共通フレームでは、取得プロセスは「取得者」、企画プロセスは「企画者」というように、プロセスごとに作業の主体者 (役割)を定義し、責任の所在を明らかにして います。
"
383,"DJ-SC-H23T

通信プロトコルで使用するデータ形式を記述するための記法であって, SNMPのパケットの 符号化に利用されているものはどれか。

ア　ASN.1

イ　JSON

ウ　SGML

エ　SOAP
","ア
あなたの解答:イ""
□解説
ア “ASN.1”
正しい。ASN.1(Abstract Syntax Notation one)は、主にコンピュータネットワークの 通信プロトコルのデータ構造を記述するために使われる記法で、SNMPをはじめ、SS L,S/MIME, KerberosなどがASN.1で記述されています。

イ“JSON""
JavaScript Object Notation の略。 JavaScriptの言語仕様をベースにしたデータ構造を 記述するフォーマットです。 JavaScript専用ではなく、 様々なプログラミング言語やソフトウェアでサポートされているため汎用的なデータ交換フォーマットとして扱うこと ができます。

ウ “SGML""
Standard Generalized Markup Language の略。 文書を電子的に変換するための汎用 マークアップ言語で、 文書の中にタグを埋め込んで、 書体や文字の大きさ、 段落などを記述することができます。

エ“SOAP”
SOAP(ソープ)は、XMLとHTTPをベースとし、ソフトウェア同士がメッセージを交換する遠隔操作で手続き呼び出しするためのプロトコルです。
"
384,"DJ-SC-H23T

コンペア法で比較するのは何？
","はい、まったくその通りです ✅
あなたの理解は正確です。

🔹 コンペア法で比較するのは「ウイルスそのもの」ではなく「データ（ファイル本体）」
つまり：ウイルスを直接見つけるのではなく、ウイルスによって変えられた痕跡（＝ファイルの変化）を検出するという考え方です。

🔹 仕組みをわかりやすく言うと
**安全なときのファイル（原本）**を保存しておく。
現在のファイルを同じ形式で取り出して比較する。
異なっていれば → 何かしらの変更が起きた。
その変更がウイルスによるものであれば、
「感染した」と判断できる、という理屈です。

🔹 コンペア法の検出対象は「結果」＝ファイルの改変
比較対象比較目的検出できるもの原本と現状のファイルバイト単位の違い改ざん・感染・破損システムファイル同上OSファイルへのウイルス感染実行ファイル（.exeなど）同上ウイルスが付加されたコード

🔹 たとえば…
🧩 原本ファイル：
Hello, this is a safe program.

🧩 感染後のファイル：
Hello, this is a safe program.
<virus_code_here>

このように、ウイルスが自分のコードを挿入して感染すると、
ファイルの内容（データ）が少しでも変わるので、
バイト単位で比較すれば**「異なっている」**と検出できるわけです。

🔹 つまり：
コンペア法が比較するのは「データ（ファイル内容）」
ウイルスそのものの特徴（パターン）は使わない
「異なっていれば感染している可能性がある」と判断する

📘 まとめ：
コンペア法は「ウイルスを探す」方法ではなく、「ウイルスによって変更されたデータを見つける」方法。
ファイルの“正常な姿”を知っているからこそ、“異常”を検出できる――それがコンペア法です。
"
385,"DJ-SC-H23T

共通フレーム2007に従いシステム開発の要件定義の段階で実施することとして、 適切なも のはどれか。

ア　システムに必要なセキュリティ機能及びその機能が対策として達成すべき内容を決定する。

イ　システムに必要なセキュリティ機能に関連するチェックリストを用いてソースコードをレビューする。

ウ　組織に必要なセキュリティ機能を含むシステム化計画を立案する。

エ　第三者によるシステムのセキュリティ監査を脆弱性評価ツールを用いて定期的に実施する。

","【正解】　ア
“あなたの解答:ウ”

要件定義では、「どう作るか」ではなく「何を実現すべきか」を定義します。
セキュリティ機能（認証・アクセス制御・ログ・暗号化など）の要求内容を決定するのもこの段階です。

ア　正しい。 開発プロセスの「システム要件定義」で実施します。

イ　開発プロセスの「テスト工程」で実施します。

ウ　企画プロセスで実施します。

エ　運用プロセスで実施します。

"
386,"DJ-SC-H23T

ITILとは何か?
","ITIL（Information Technology Infrastructure Library）は、
ITサービスを効果的・効率的に管理するためのベストプラクティス集。
1980年代に英国政府が作成し、現在はITサービスマネジメントの国際的標準。
目的は、サービス品質の向上と運用の効率化。
主なプロセスには、インシデント管理・変更管理・問題管理などがある。
ITIL v3では「サービスライフサイクル」、
ITIL 4では「価値共創」と「アジャイル・DevOps」対応を重視。
企業のIT部門や運用管理の指針として世界中で採用されている。
"
387,"DJ-SC-H23T

ある企業の本店で内線通話を調査したところ,通話数が1時間当たり120回,平均通話時間 が90秒であった。 本店内線の呼量は何アーランか。

ア　0.03

イ　 3

ウ　180

エ　10,800
","【正解】　イ 
""あなたの解答: ウ　← 分単位で計算しても結果は 3アーランになります。問題文に「90秒」と書いてあるから秒で答えなくてはいけないということか。

アーランは、単位時間当たりのトラフィック量を表す単位です。 1アーランは、単位時間に 1本の回線を100%利用したときのトラフィック量を表します。 「トラフィック量が1回線の 能力の何倍であるかを示すもの」と考えるとイメージしやすいと思います。

設問の条件で、1時間に発生した総通話時間は、
90秒×120回=10,800秒
です。単位時間となる1時間は3,600秒なので、呼量は、
10,800秒÷3,600秒=3アーラン
したがって「イ」が正解です。
"
388,"DJ-SC-H22A

和両立とは
","ここで言われている「和両立（わりょうりつ）」は、実は先ほどの「和両律（わりょうりつ）」と同じ意味で、正しくは 「和両律」（law of union associativity）と書きます。
つまり、「和両立」という言葉は一部の資料などで誤記や俗称として使われることがありますが、正式な用語は 和両律（わりょうりつ）です。

「和両立（正しくは：和両律・わりょうりつ）」とは、
SQLの UNION（和集合）演算 に対応する 理論的な性質（法則） のことです。
つまり、和両律 ≒ UNION の“順序を変えても結果が同じ”という性質です。

🔹 もう少し具体的に言うと
観点内容用語の出所関係データベースの基礎である関係代数（Relational Algebra）対応するSQL構文UNION（集合の和：テーブル同士を重複を除いて結合する）意味する性質R ∪ (S ∪ T) = (R ∪ S) ∪ T（結合の順序を変えても結果は同じ）SQLでの例(SELECT * FROM A UNION SELECT * FROM B) UNION SELECT * FROM C と SELECT * FROM A UNION (SELECT * FROM B UNION SELECT * FROM C) の結果は同じ

✅ まとめ
用語対応するSQL意味和両律（＝和両立）UNION結合法則：順番を変えても結果が同じ積両律INTERSECT同様に、積集合（共通部分）でも順序を変えても結果が同じ差両律EXCEPT（または MINUS）差集合でも法則が成り立つ（ただし順序が重要）

🟩 要するに：
「和両立」という言葉が出てきたら、それは SQLのUNION（和集合） に関する数学的性質、つまり「結合法則（和両律）」を指しています。
"
389,"DJ-SC-H22A

1台のサーバと複数台のクライアントが, 100Mビット/秒のLANで接続されている。業務の ピーク時には, クライアント1台につき1分当たり600kバイトのデータをサーバからダウン ロードする。このとき,同時使用してもピーク時に業務を滞りなく遂行できるクライアント 数は何台までか。ここで, LANの伝送効率は50%, サーバ及びクライアント内の処理時間は 無視できるものとし, 

ア　10

イ　625

ウ　1,250

エ　5,000
","【正解】　イ

LANの伝送効率が50%なので、サーバとクライアントが接続されているLANの最大伝送量 は、

100Mビット/秒x0.5=50Mビット/秒
これを伝送するデータの単位に合わせて、 ビット単位からバイト単位に変換にします(逆に 伝送するデータの単位をビットに合わせても問題ありません)。

50Mビット/8　=　6.25Mバイト　← 掛け算してしまった

一方、クライアント1台がサーバからダウンロードするデータ量は600kバイト/分なので、 これを毎秒単位に直します。

600kバイト÷60秒=10kバイト/秒

LANの伝送可能量をクライアント1台あたりのネットワーク負荷で割ると、問題なく同時使 用できるクライアント数を求めることができます。

6.25Mバイト/10kバイト = 625台
"
390,"DJ-SC-H22A

公開鍵暗号方式では、暗号化鍵を公開し復号鍵は厳重に管理します。　← これは正しいか。
","✅ 結論

あなたの理解は正しいです。

デジタル署名の場合は、暗号化鍵が秘密鍵 なので、暗号化鍵を秘密にする必要があります。

ただし、

公開鍵暗号方式という技術そのものは「どちらの用途にも使える」ため、問題文などで「通信内容の秘匿に使う」と限定されている場合は暗号化鍵＝公開鍵 と読みます。　← 世の中の理解はこうなっているのだ
"
391,"DJ-SC-H22S

S/KEYワンタイムパスワードに関する記述のうち,適切なものはどれか。

ア　クライアントは認証要求のたびに,サーバヘシーケンス番号と種(Seed)からなるチ ャレンジデータを送信する。

イ　サーバはクライアントから送られた使い捨てパスワードを演算し,サーバで記憶して いる前回の使い捨てパスワードと比較することによって, クライアントを認証する。

ウ　時刻情報を基にパスワードを生成し, クライアント, サーバ間でパスワードを時刻で
同期させる。

エ　利用者が設定したパスフレーズは1回ごとに使い捨てる。
","【正解】　イ
“あなたの解答:エ”

🔹 まとめ

s/key = ワンタイムパスワード認証方式

目的 = パスワード盗聴・リプレイ攻撃防止

仕組み = 秘密鍵 + ハッシュ関数 + チャレンジ・レスポンス

現在はより安全で便利な二要素認証（TOTP, HOTP, FIDOなど）が主流
"
392,"DJ-SC-H22S

情報漏えいに関するリスク対応のうち, リスク回避に該当するものはどれか。

ア　外部の者が侵入できないように、入退室をより厳重に管理する。

イ　情報資産を外部のデータセンターに預託する。

ウ　情報の重要性と対策費用を勘案し、あえて対策をとらない。

エ　データの安易な作成を禁止し, 不要なデータを消去する。
","【正解】　エ
“あなたの解答: ウ”　← 慎重に（リスク受容とリスク回避）
"
393,"DJ-SC-H22S

セキュリティプロトコルのSSL/TLSの機能はどれか。

ア　FTPなどの様々なアプリケーションに利用されて, アプリケーション層とトランスポ ート層(TCP) との間で暗号化する。

イ　MIMEをベースとして,電子署名とメッセージの暗号化によって電子メールのセキュ リティを強化する。

ウ　PPPとL2Fが統合された仕様で,PPPをトンネリングする。

エ　特定のアプリケーションの通信だけでなく、 あらゆるIPパケットをIP層で暗号化す る。
","【正解】　ア　←  アプリケーション層とトランスポート層(TCP
""あなたの解答: エ""

ア “FTPなどの様々なアプリケーションに利用されて, アプリケーション層とトランスポート層(TCP)との間で暗号化する。'
正しい。SSL/TLSの機能です。
HTTP, SMTP, POP, FTPなどの通信を平文で行うプロトコルに暗号化の機能を提供 します。
"
394,"DJ-SC-H22S

データマイニングツールとは
","データマイニングツールとは、膨大なデータの中から 有用なパターン・知識・傾向を自動的に発見するソフトウェア のことです。

SAS Enterprise Miner	大規模データ向け、高度な分析機能、金融・製造などで利用
R	caret, tidyverse, randomForest	統計解析やデータ可視化に強い
"
395,"DJ-SC-H22S

""情報セキュリティ監査基準”の位置付けはどれか。

ア　監査人が情報資産の監査を行う際に判断の尺度として用いるべき基準であり、監査人 の規範である。

イ　情報資産を保護するためのベストプラクティスをまとめたものであり、監査マニュアル作成の手引書である。

ウ　情報セキュリティ監査業務の品質を確保し、有効かつ効果的に監査を実施することを 目的とした監査人の行為規範である。

エ　組織体が効果的な情報セキュリティマネジメント体制を構築し,適切なコントロール を整備,運用するための実施規範である。
","【正解】　ウ

情報セキュリティ監査基準は、情報セキュリティ監査業務の品質を確保し、有効かつ効率的
に監査を実施することを目的とした監査人の行為規範です。 (同基準 前文より)
"
396,"DJ-SC-H22S

経済産業省告示の""ソフトウェア等脆弱性関連情報取扱基準”におけるWebアプリケーション に関する脆弱性関連情報の適切な取扱いはどれか。

ア　Webアプリケーションの脆弱性についての情報を受けた受付機関は,発見者の氏 名・連絡先をWebサイト運営者に通知する。

イ　Webアプリケーションの脆弱性についての通知を受けたWebサイト運営者は,当該 脆弱性に起因する個人情報の漏えいなどが発生した場合, 事実関係を公表しない。

ウ　受付機関は,Webサイト運営者からWebアプリケーションの脆弱性が修正されたと いう通知を受けたら,それを速やかに発見者に通知する。

エ　受付機関は,一般利用者に不安を与えないために, Webアプリケーションの脆弱性 関連情報の届出状況は、受付機関の中で管理し、 公表しない。
","【正解】　ウ
“あなたの解答:ア”

🔹 受付機関の具体例
JVN（Japan Vulnerability Notes）
独立行政法人情報処理推進機構（IPA）が運営
ソフトウェア脆弱性の報告受付・公開・調整を行う
各組織のCSIRT（Computer Security Incident Response Team）
企業や大学などが自組織向けに運営する脆弱性情報窓口
受付機関として外部からの報告を受け付け、適切に対処する
認定脆弱性情報受付機関
政府やIPAに認定された第三者機関
報告者とベンダー（ソフトウェア提供者）の仲介役を担う
"
397,"DJ-SC-H21A

ブラックボックステストのテストデータの作成方法のうち、最も適切なものはどれか。

ア　稼動中のシステムから実データを無作為に抽出し, テストデータを作成する。

イ　機能仕様から同値クラスや限界値を識別し, テストデータを作成する。

ウ　業務で発生するデータの発生頻度を分析し, テストデータを作成する。

エ　プログラムの流れ図から,分岐条件に基づいたテストデータを作成する。
","【正解】　イ
“あなたの解答:エ”

🔹 ブラックボックステストとは
ブラックボックステスト（Black-box testing） は、ソフトウェアの内部構造や処理の仕組みを見ずに、入力と出力だけを確認するテスト手法 です。
別名：機能テスト（Functional Testing） と呼ばれることもあります。
目的は、仕様通りに動作しているか、外部から見える挙動をチェックすることです。

ア“稼動中のシステムから実データを無作為に抽出し,テストデータを作成する。
有効なデータが正しく処理されるだけでなく、 無効なデータがエラーとして処理される か否かも検証しなくてはなりません。

イ“機能仕様から同値クラスや限界値を識別し, テストデータを作成する。”
正しい。有効データと無効データのそれぞれに対して正しい出力が得られるかどうかを 検証可能なテストデータでなければなりません。

ウ “業務で発生するデータの発生頻度を分析し, テストデータを作成する。""
ブラックボックステストでは、発生頻度ではなく入力データの範囲を分析してテストデ ータを作成します。

エ “プログラムの流れ図から, 分岐条件に基づいたテストデータを作成する。
ブラックボックステストではプログラムの内部構造に着目しません。
"
398,"DJ-SC-H21A

パケットフィルタリング型ファイアウォールのフィルタリングルールを用いて、 本来必要な サービスに影響を及ぼすことなく防げるものはどれか。

ア　外部に公開していないサービスへのアクセス

イ　サーバで動作するソフトウェアのセキュリティの脆(ぜい弱性を突く攻撃

ウ　電子メールに添付されたファイルのマクロウイルスの侵入

エ　電子メール爆弾などのDoS攻撃
","【正解】　ア
“あなたの解答:イ”　← 正当な処理要求までも遮断してしまう

ア“外部に公開していないサービスへのアクセス”
正しい。 外部に公開していないサービス、 若しくは業務に不要なサービスのポートへの 通信を遮断するルールを設定することで、必要なサービスに影響を与えることなく不正 アクセスを防ぐことが可能です。

イ“サーバで動作するソフトウェアのセキュリティの脆(ぜい弱性を突く攻撃”
脆弱性をもつサーバをあて先IPアドレスとする通信を遮断することで攻撃を防ぐことはできますが、正当な処理要求までも遮断してしまうことになるため不適切です。
"
399,"DJ-SC-H21A

SLCP(共通フレーム)に従いシステム開発の要件定義の段階で実施することとして,適切な ものはどれか。

ア　システムに必要なセキュリティ機能及びその機能が達成すべき保証の程度を決定す る。

イ　システムに必要なセキュリティ機能に関連するチェックリストを用いてソースコード をレビューする。

ウ　組織に必要なセキュリティ機能を含むシステム化計画を立案する。

エ　第三者によるシステムのセキュリティ監査を脆(ぜい)弱性評価ツールを用いて定期的に実施する。
","【正解】　ア
“あなたの解答:ウ”

SLCP (Software LifeCycle Process, 共通フレーム)において、主ソフトウェアライフサイ クルは「企画プロセス」「要件定義プロセス」「開発プロセス」「運用プロセス」「保守プ ロセス」で構成されます。
システム要件定義では、システムに要求される信頼性・安全性・セキュリティなど要求事 項、およびそれらを用いて達成すべき機能や・能力を定義する工程です。
したがって適切な記述は 「ア」です。

ア “システムに必要なセキュリティ機能及びその機能が達成すべき保証の程度を決定する。”
正しい。 開発プロセスの「システム要件定義」で実施します。

イ “システムに必要なセキュリティ機能に関連するチェックリストを用いてソースコードをレビュ ーする。""
開発プロセスの 「テスト工程」で実施します。

ウ “組織に必要なセキュリティ機能を含むシステム化計画を立案する。”
企画プロセスで実施します。

エ “第三者によるシステムのセキュリティ監査を脆(ぜい弱性評価ツールを用いて定期的に実施す る。""
運用プロセスで実施します。
"
400,"DJ-SC-H21S

DBMSの排他制御機能に関する記述のうち, 適切なものはどれか。

ア　排他制御機能によって,同時実行処理でのデータの整合性を保つことができる。

イ　排他制御機能の使用によって, デッドロックを防止できる。

ウ　排他制御はDBMSが自動で行い,アプリケーションプログラムからロック,アンロックの指示はできない。

エ　バッチによる更新処理では排他制御を行う必要はない。
","【正解】　ア
“あなたの解答:イ”
"
401,"DJ-SC-H21S

アクセス権限を管理しているシステムの利用者IDリストから,退職による権限喪失者が削除 されていることを検証する手続として,最も適切なものはどれか。

ア　アクセス権限削除申請書の全件について、利用者IDリストから削除されていることを確認する。

イ　最新の利用者IDリストの全件について、対応するアクセス権限削除申請書が存在し ないことを確認する。

ウ　人事発令簿の退職者の全件について、利用者IDリストから削除されていることを確認する。

エ　利用者IDリストの更新履歴の全件について,対応するアクセス権限削除申請書の存 在を確認する。
","【正解】　ウ 
“あなたの解答:工”

ア “アクセス権限削除申請書の全件について,利用者IDリストから削除されていることを確認す る。
アクセス権限削除申請書が未提出であった場合、そのIDがチェックから漏れてしまうた め不適切です。

イ “最新の利用者IDリストの全件について, 対応するアクセス権限削除申請書が存在しないことを 確認する。
「ア」と同様に、アクセス権限削除申請書が未提出であった場合、そのIDがチェックか ら漏れてしまうため不適切です。

ウ “人事発令簿の退職者の全件について,利用者IDリストから削除されていることを確認する。 正しい。人事発令簿には退職者の情報が漏れなく記載されているので、 ここに記載され ている退職者のIDが削除されていることを確認すれば検証として確実です。

エ “利用者IDリストの更新履歴の全件について, 対応するアクセス権限削除申請書の存在を確認する。
アクセス権限削除申請書が未提出の場合、退職者IDの削除は行われず更新履歴にも情報が残らないため不適切です。

"
402,"DJ-SC-H21S

TCPのウィンドウサイズは受信側が決めるのか。
","はい、その理解で正しいです。TCPのウィンドウサイズは基本的に受信側が決めます。理由を詳しく説明します。

1. 受信側のバッファ管理

TCPは**フロー制御（Flow Control）**機能を持っています。
フロー制御の目的は、送信側が受信側の処理能力を超えてデータを送らないようにすることです。

受信側は自分のバッファ（メモリ領域）の空き容量を確認します

受信可能なバイト数を送信側に通知します

送信側は、その通知された範囲内でのみデータを送信できます
"
403,"DJ-DB-R6

SQLシーケンスとは何か?
","💡SQLのシーケンスとは

SQLのシーケンス（SEQUENCE） は、
データベース内で 連続した一意の数値を自動生成するオブジェクト です。
たとえば「1, 2, 3, 4, …」のように、データを追加するたびに次の番号を発行します。

🧭 使われる場面
主に、テーブルの 主キー（ID列） などで使われます。
新しいレコードを挿入するたびに、他の行と重複しないIDを自動的に割り当てます。

⚙️ 仕組みのポイント

開始値（START WITH）：最初の番号を決める

増分（INCREMENT BY）：いくつずつ増やすか

最大値／最小値：範囲を設定できる

CYCLE設定：最大値までいったら最初に戻すかどうか

例（PostgreSQLなど）：
CREATE SEQUENCE user_id_seq START WITH 1 INCREMENT BY 1;
SELECT nextval('user_id_seq');  -- 次の番号を取得

SQLのシーケンスはVBAの RND 関数とはまったく異なります。
両方とも「値を自動的に作る」点では似ていますが、性質が全く違います。

シーケンス → 「1, 2, 3, 4, …」のように順番に増える確定的な番号
RND → 「0.374、0.892、0.027…」のように予測できない乱数

シーケンスは SQL:2003 以降の標準仕様で正式に追加されました。
つまり、理論上は「どのSQLデータベースでもサポートできる」機能です。
"
404,"DJ-DB-R6

SQLのシーケンスに関する説明のうち,適切なものはどれか。

ア　現在基底値が0→1→2→0→1→2→0→... のように, 周期的に繰り返すシーケンスを定義することはできない。

イ　シーケンスの現在基底値を,最小値と最大値との間の任意の整数値に変更することは できない。

ウ　シーケンスの増分を、負の整数値にすることはできない。

エ　トランザクション開始後のシーケンスの値の取得による現在基底値の変更は, トランザクションのロールバックでその変更を取り消すことができない。
","【正解】　エ
“あなたの解答:エ”

ア　→ 誤り。
CYCLE オプションを指定すれば、
シーケンスは 最大値を超えたときに最小値に戻って繰り返す（循環する） ことができます。
✅ 例（PostgreSQL／Oracleなど）：
CREATE SEQUENCE seq1
  START WITH 0
  INCREMENT BY 1
  MINVALUE 0
  MAXVALUE 2
  CYCLE;

イ　→ 誤り。
SQLでは ALTER SEQUENCE 文を使えば、
RESTART WITH <値> によって 現在値（基底値）を任意の値に変更可能 です。
✅ 例：
ALTER SEQUENCE seq1 RESTART WITH 5;

ウ　→ 誤り。
INCREMENT BY には 負の整数 を指定できます。
これにより、値が減少するシーケンス を作成可能です。
✅ 例：
CREATE SEQUENCE seq_down
  START WITH 10
  INCREMENT BY -1;

エ　→ 正しい。✅
シーケンスの値は 他のトランザクションからも独立して連番を保証するため、
取得した値（NEXTVAL）による内部カウンタの更新は ロールバックで取り消されません。
✅ 例：
BEGIN;
SELECT NEXTVAL('seq1');  -- シーケンスが進む
ROLLBACK;                -- ロールバックしてもシーケンスは戻らない
"
405,"DJ-DB-R6

トランザクションのロールバックでシーケンスの基底値がもとに戻らない場合の注意点
","🔹 対策・設計上の考慮

IDなど一意性目的で使う場合（通常ケース）
　→ 問題なし。欠番があっても支障はない（ユーザID、注文番号など）。

連番に「意味」がある場合（例：伝票番号、請求番号など）
　→ 欠番が困るなら、
　　- 専用の採番テーブルを使う
　　- トランザクション確定後に番号を発行する
　　- 仮番号と確定番号を分ける
　などの工夫が必要です。
"
406,"DJ-DB-R6

あるエンティティを関係データベース上に実装しようとしたとき,その主キーが多くの属性から構成される複合キーとなることが分かった。主キーとして扱う属性を少なくして扱いやすくしたい。この対応として、 適切なものはどれか。

ア　複合キーを構成する属性のうち,エンティティの性格を最もよく表している一つの属 性を主キーとし、残りの属性を外部キー (foreign key) にする。

イ　複合キーを構成する属性のうち, エンティティの性格を最もよく表している一つの属性を主キーとし,残りの属性を代替キー(alternate key)とする。

ウ　連番などを値としてとる列を新たに設けて主キーとし,複合キーの代理キー(surrog ate key)とする。

エ　連番などを値としてとる列を新たに設けて主キーとし,複合キーを外部キー(foreign　key) にする。
","【正解】　ウ

この場合、一般的な対応策は 代理キー (surrogate key) の導入です。
代理キーとは、システム的に連番やUUIDなどを使って新たに作る単一属性の主キーで、元の複合キーの値を保持したまま、扱いやすくする方法です。

選択肢を見てみましょう：

ア：複合キーの一部を主キー、残りを外部キー 
→ 外部キーにする対象は別テーブルに参照する場合に使うので誤り。

イ：複合キーの一部を主キー、残りを代替キー 
→ 代替キーは主キー以外で一意性を保証するキーなので一部正しいが、複合キー全体を扱いやすくする方法としては不十分。

ウ：連番列を新たに設けて主キーとし、複合キーの 代理キー とする 
→ これが正解。

エ：連番列を新たに設けて主キー、複合キーを外部キー 
→ 外部キーにする必要はなく、誤り。

✅ 正解：ウ
"
407,"DJ-DB-R6

二つのトランザクションが、 同じデータに対して, 更新, 参照を行うときに発生し得るダー ティリードの事象を記述したものはどれか。

ア　トランザクションAがある検索条件を満たす, ある表の行の集合を参照した。次に, トランザクションBがトランザクションAと同じ検索条件を満たす新しい行を挿入し コミットした。その後, トランザクションAが同じ検索条件で再度参照すると,以前 には存在しなかった行が出現した。

イ　トランザクションAがある表の行の列を参照した。次に,トランザクションBがその列の値を更新しコミットした。その後, トランザクションAがその列を再度参照すると,以前の値と異なった。

ウ　二つのトランザクションがそれぞれ2相ロックをかけ, デッドロックを起こした。

エ　まだコミットしていないトランザクションAの更新後データをトランザクションBが 参照した。 その後、 更新後データはロールバックされた。
","【正解】　エ

ダーティリード(dirty read)の定義
他のトランザクションがまだコミットしていない変更を読み取ること
問題点：そのトランザクションがロールバックされると、読み取ったデータは「存在しないデータ」になってしまう

ア：
トランザクションBが新しい行を挿入 → コミット済み
トランザクションAが再参照すると新しい行が見える
これは ファントムリード（phantom read）に該当

イ：
Bが列を更新 → コミット済み
Aが再参照すると値が変わる
これは ノンリピータブルリード (non-repeatable read)

ウ：
二つのトランザクションでロック → デッドロック
これは デッドロック

エ：
Aが更新 → Bがまだコミットしていない更新データを参照
Aがロールバック → Bは存在しないデータを読んでいたことになる
これはダーティリード
"
408,"DJ-DB-R6

トランザクションTとT2の並行実行における不整合検索異状 (inconsistent retrieval anoma ly) の説明はどれか。

ア　T1がxを更新した後コミットする前に, T2もxを更新すること

イ　T1とT2が同時にデータxを読み,T1はxを更新する。T2は更新前のxの値に基づいてデ ータyを更新することによって,yの値がxの値に基づかなくなること

ウ　先行するT1が更新したデータxを, 後続のT2が読んで処理を行うとき,T1がロールバ ックすると, T2もロールバックしなければならなくなること

エ　先行するT1が更新したデータxを,後続のT2が読んで処理を行った後に,T1がロール バックすることによって, T2は結果的に誤った処理になること
","【正解】　イ

ア：T1が更新中にT2も同じデータを更新 → 更新競合。
→ 不整合検索異常ではない。

イ：T1とT2が同時にxを読み、T1がxを更新、T2は更新前のxに基づいてyを更新 →
→ xとyの整合性が取れなくなる（T2は古いxの値を前提に更新してしまう）。
→ ✅ これが不整合検索異常。

ウ：T1が更新し、T2がその後読んで処理、T1がロールバックしたらT2もロールバックが必要 
→ ダーティリードの影響。

エ：T1のロールバック後にT2の結果が誤る 
→ これもダーティリードの説明。

✅ 正解：イ

🧩 一言でまとめると：
「不整合検索異常」とは、同時実行の結果、論理的に整合が取れないデータを読み込んでしまう異常 です。
"
409,"DJ-DB-R6

ビッグデータの処理に使用されるCEP(複合イベント処理)に関する記述として,適切なもの はどれか。

ア　多次元データベースを構築することによって、 集計及び分析を行う方式である。

イ　データ更新時に更新前のデータを保持することによって,同時実行制御を行う方式でる。

ウ　分散データベースシステムにおけるトランザクションを実現する方式である。

エ　 連続して発生するデータに対し,あらかじめ規定した条件に合致する場合に実行され る処理を実装する方式である。
","【正解】　エ
“あなたの解答:ア”

ア　多次元データベースを構築して集計・分析を行う方式。
→ これは OLAP (Online Analytical Processing) の説明です。
→ ❌ 不正解

イ　データ更新時に更新前のデータを保持して同時実行制御を行う方式。
→ これは MVCC（Multi-Version Concurrency Control） の説明です。
→ ❌ 不正解

ウ　分散データベースシステムにおけるトランザクションを実現する方式。
→ これは 二相コミット（2PC） などの説明です。
→ ❌ 不正解

エ　連続して発生するデータに対し、あらかじめ規定した条件に合致する場合に実行される処理を実装する方式。
→ これはまさに CEP（Complex Event Processing） の定義です。
　ストリームデータをリアルタイムに監視し、イベントパターンを検出して即座に反応する仕組みです。
→ ✅ 正解

**CEP（複合イベント処理）**とは：
センサー情報、株価、アクセスログなどの リアルタイム連続データを対象にする。
特定のパターン（条件）が発生したときに、即座にアクションを起こす。
例：
「ある顧客が10分以内に3回以上ログイン失敗したらアラート」
「株価が一定範囲を超えたら自動売買を実行」

✅ まとめ
CEP：連続データをリアルタイムに監視し、条件一致時に即時処理を行う方式。
"
410,"DJ-DB-R6

複数組のRAID5をストライピング動作させることによって, 一組のRAID5と比べて性能を改善させたものをRAID5+0と呼ぶ。このRAID5+0を一組のRAID5と比較した記述として,適 切なものはどれか。

ア　RAID5+0の実効容量は一組のRAID5と同様に、全体のHDD台数より1台少ない台数分になる。

イ　RAID5+0の耐障害性は一組のRAID5よりも高く、 故障台数が全体のHDD台数の半分 までならデータを復旧できる。

ウ　AID5には最小3台,二組のRAID5には最小6台のHDDが必要だが,二組のRA ID5をストライピング動作させるRAID5+0にすれば最小5台のHDDでシステムを構成できる。

エ　一組のRAID5の転送速度に比べて、 複数組のRAID5をストライピング動作させたRAID5+0は転送速度を高速にできる。
","【正解】　エ

ア（誤）：RAID5+0 の実効容量は「全体のHDD台数−グループ数」です。グループが複数ある場合は各グループで1台分がパリティに使われるため、必ずしも「全体−1」にはなりません（グループが1つのときだけ−1）。

イ（誤）：耐障害性は「各RAID5グループごとに1台までの故障を許す」性質です。複数のグループがあると、異なるグループでそれぞれ1台ずつ故障すれば復旧可能ですが、同一グループで複数台故障するとデータ損失になります。「全体の半分までなら復旧できる」という一般的な表現は誤りです。

ウ（誤）：RAID5 は最小3台。RAID5を2組用意してストライピングするなら最小で 3+3＝6台 必要で、5台では構成できません。

エ（正）：RAID5 を複数組作ってその間でストライプ（RAID50／RAID5+0）すると、各グループの読み書きを並列化できるため総合的な転送速度（スループット）は一組のRAID5に比べて向上します。特に大きなシーケンシャル転送や並列IOでは効果が出ます。

"
411,"DJ-DB-R6

システムで利用できるパスワードの仕様を、数字16桁から,英数字記号及び空白文字(計95 種の文字とする)から成る決まった長さのものに変更する。このとき,利用できるパスワー ドの総数を変更前よりも多くするために必要な新しいパスワードの最小桁数はどれか。 ここ で, log1095 1.98 とする。

ア　6

イ　7

ウ　8

エ　9
","【正解】　エ

難しいので考えるのやめた
"
412,"DJ-DB-R6

ソフトウェアのプラットフォーム開発とは何か。
","「ソフトウェアのプラットフォーム開発」とは、他のソフトウェアやサービスが動作したり開発されたりするための基盤（プラットフォーム）を構築・提供することを指します。

🔧 具体的な内容
プラットフォーム開発には以下のようなものがあります。
種類具体例説明OS（オペレーティングシステム）Windows, Linux, Android, iOSアプリケーションを動かすための基本環境クラウド／インフラ基盤AWS, Azure, Google Cloud他の開発者がアプリを動かせる環境を提供アプリケーション基盤ゲームエンジン（Unityなど）, Webフレームワーク（Django, Springなど）特定分野のアプリ開発を支援する仕組みAPI／データ連携基盤SNS連携API, 決済プラットフォーム他システムとの接続を容易にする仕組み

層　　　　　　プラットフォーム例　　上に載るもの
ハードウェア　PC, スマホ, サーバ　　OS
OS層　　　　　Windows, Linux, Android	アプリケーション
クラウド／インフラ層　AWS, Azure, GCP	Webサービス、業務システム
アプリ基盤／API層　　　Unity, LINE API, Stripe	ゲーム、連携アプリ
"
413,"DJ-DB-R6

データウェアハウスのメタデータに関する記述のうち, データリネージはどれか。

ア　誰がどのデータを見てよいかを示す情報であり,適切なアクセス制御を目的として設定される。

イ　データが誰によって作られ管理されているかを示す情報であり,データ構造やデータ辞書を見ても意味が分からないときの問合せ先を表す。

ウ　データがどこから発生し,どのような変換及び加工を経て,現在の形になったかを示す情報であり, データの生成源の特定又は障害時の影響調査に利用できる。

エ　データ構造がどのように定義されているかを示す情報であり、Webサイトなどに公開して検索できるようにする。
","データリネージ」は英語で data lineage と書きます。
データがどこから来て、どのように処理され、どこへ行くのかという「データの流れ」や「来歴」を追跡・可視化すること

🔹 「lineage」 の意味：血統・家系・系譜

ア：誰がどのデータを見てよいかを示す情報であり，適切なアクセス制御を目的として設定される。
→ これは「セキュリティメタデータ（アクセス制御情報）」に関する説明です。

イ：データが誰によって作られ管理されているかを示す情報であり，データ構造やデータ辞書を見ても意味が分からないときの問合せ先を表す。
→ これは「データオーナーシップ」や「データ管理者情報」を示します。

ウ：✅ 正解
データがどこから発生し，どのような変換及び加工を経て，現在の形になったかを示す情報であり，データの生成源の特定又は障害時の影響調査に利用できる。
→ これは「データリネージ（Data Lineage）」の説明です。
データの「来歴・流れ」を追跡できるメタデータです。

エ：データ構造がどのように定義されているかを示す情報であり、Webサイトなどに公開して検索できるようにする。
→ これは「データカタログ」や「データディクショナリ」の説明です。
"
414,"DJ-DB-R6

SQLにおける 「等結合（とうけつごう）」 とは
","英語では “equi join”（イコイ・ジョイン）といいます。

🔹 等結合（equi join）の意味

等号（=）を使って、テーブル間の対応する列を結合する方法。

つまり、「Aテーブルのこの列」と「Bテーブルのこの列」が等しい行を組み合わせて、1つの結果セットを作ります。
"
415,"DJ-DB-R6

""従業員""表から,男女それぞれの最年長従業員を除く全ての従業員を取り出すSQL文とする ために, aに入れる字句はどれか。 ここで, ""従業員""表の構造は次のとおりであり、実線の 下線は主キーを表す。

従業員(従業員番号, 従業員名,性別, 生年月日 )

[SQL文〕
SELECT 従業員番号, 従業員名 FROM 従業員 AS S1
WHERE 生年月日 > ［ a ］

ア　SELECT MIN (生年月日) FROM 従業員 AS S2
GROUP BY S2. 性別

イ　SELECT MIN (生年月日) FROM 従業員 AS S2
WHERE S1. 生年月日 > S2. 生年月日 OR S1.性別=S2. 性別

ウ　SELECT MIN (生年月日) FROM 従業員 AS S2
WHERE S1.性別=S2.性別

エ　SELECT MIN (生年月日) FROM 従業員
GROUP BY S2. 性別
","【正解】　ウ

■ 方針
最年長者の生年月日（性別ごとの最小の生年月日）を求め、その日付より後（＝若い）従業員を取り出せばよい。したがって、条件は：
WHERE 生年月日 > （性別ごとの最小生年月日）

■ そのためのサブクエリ
性別ごとの最小の生年月日を求めるには：
SELECT MIN(生年月日)
FROM 従業員 AS S2
WHERE S1.性別 = S2.性別

これにより、S1と同じ性別の最年長従業員の生年月日が返る。

■ よって完成形は
SELECT 従業員番号, 従業員名
FROM 従業員 AS S1
WHERE 生年月日 > (
  SELECT MIN(生年月日)
  FROM 従業員 AS S2
  WHERE S1.性別 = S2.性別
);

すばらしい指摘です👏
あなたの考え方はとても鋭いです。
一見すると「>（大きい）」なので “最年少（若い人）を除く” ように見えますね。
でも実際には、日付（生年月日）は「小さいほど年上」です。
"
416,"DJ-DB-R6

転置インデックスに関する記述として、 適切なものはどれか。

ア　SQL関数を評価した結果の値をインデックスとして使用する。

イ　最上位のノードから、実データへのポインタを格納したリーフノードへと至るポインタをインデックスとして使用する。

ウ　テキストに含まれる単語に対して,その単語を含むテキストへのポインタをインデッとして使用する。

エ　ヒープ領域を使用せずに実データを物理的に並べ替えたデータをインデックスとして 使用する。
","転置インデックス（Inverted Index、インバーテッドインデックス）とは、文章やデータの中で「どの単語がどの文書に出現するか」を逆引きできるようにしたデータ構造のことです。主に**全文検索エンジン（例：Google、Elasticsearch、Lucene など）**で使われます。

文書中の「単語 → その単語を含む文書（や文書内位置）」という対応関係を保持します。

通常のインデックス（順インデックス）は「文書 → 含まれる単語」ですが、転置インデックスはこの関係を**逆（転置）**にしたものです。

ア：SQL関数の結果をインデックス化するのは「関数インデックス（関数ベースインデックス）」の説明。

イ：これは「B木（B+木）インデックス」の説明。

エ：これは「クラスタ化インデックス（クラスタードインデックス）」の説明。
"
417,"DJ-DB-R6

クライアントサーバシステムにおけるストアドプロシージャに関する記述のうち、 適切でな いものはどれか。

ア　機密性が高いデータに対する処理を特定のプロシージャ呼出しに限定することによっ て,セキュリティを向上させることができる。

イ　システム全体に共通な処理をプロシージャとして格納しておくことによって,処理の 標準化を行うことができる。

ウ　データベースへのアクセスを細かい単位でプロシージャ化することによって, 処理性 能(スループット)を向上させることができる。

エ　複数のSQL文から成る手続を1回の呼出しで実行できるので,クライアントとサーバ 間の通信回数を減らすことができる。
","【正解】　ウ
“あなたの解答:ア”

ア　→ ✅ 正しい。
ストアドプロシージャにアクセス権を設定することで、直接テーブルを操作させず、許可された処理だけ実行させることができる。

イ　→ ✅ 正しい。
共通ロジックをストアドプロシージャ化すれば、アプリケーション間で統一的な処理を行える。

ウ　→ ❌ 不適切。
プロシージャを細かく分けすぎると、逆に呼び出し回数や通信回数が増え、性能が低下することがある。
性能向上には、むしろ複数の処理をまとめてプロシージャ化することが効果的。

エ→ ✅ 正しい。
これがストアドプロシージャの主要な利点の一つ。

✅ 結論：不適切なのは「ウ」の
"
418,"DJ-DB-R6

Webアプリケーションサーバの可用性設計方式のうち, セッションを共有する負荷分散方式 の説明はどれか。

ア　CPUやメモリなどの各装置を二重化した1台のサーバを使用し,各装置が処理を分担する。故障時には故障が発生していない装置がセッションを処理するので, サービス は継続される。

イ　稼働しているサーバと同一機能をもつサーバを待機系として用意し、 故障時には待機 系に手動で切り替えることによってセッションを引き継ぎ,サービスを復旧させる。

ウ　同一機能と共通のディスク領域をもつ複数台のサーバでクラスタを構成することによ って処理を分担し、故障時には故障が発生していない他のサーバがセッションを引き 継ぎ、サービスを継続させる。

エ　同一機能をもつ複数台のサーバで処理を分担し、故障時には故障が発生したサーバを 切り離す。故障時に行っていた処理は消失するが,新規にセッションを開始して,サ ービスを復旧させる。

","【正解】　ウ
“あなたの解答:イ”

ア：これは「ハードウェアの冗長化」であり、「セッション共有の負荷分散方式」ではありません。

イ：手動で待機系に切り替える方式は「ホットスタンバイ」または「コールドスタンバイ」と呼ばれる方式で、リアルタイムでのセッション引継ぎや負荷分散は行われません。

ウ：✅（正解）
複数台のサーバが共通ディスクやセッション情報を共有してクラスタを構成する方式です。
これにより、負荷分散が行われ、万一1台が故障しても他のサーバがセッションを引き継いでサービスを継続できます。
→「セッション共有型の負荷分散方式（セッション冗長化方式）」に該当します。

エ：セッションを共有せず、単に複数サーバに分散する方式。
故障したサーバのセッション情報は失われ、新しいセッションを開始する必要があるため、「セッションを共有する」方式ではありません。

"
419,"DJ-DB-R6

図のツリー構造に対するデータを格納した""隣接リスト""表から,リーフノードを取得するSQL文のaに入れる字句はどれか。 ここで, 図の丸はノードを表し、 矢印は親ノードから子ノ ードへの関係を表す。

隣接リスト表：

親ノード	子ノード
NULL	A
A	B
A	C
B	D
B	E
C	F
F	G

[SQL文〕
SELECT 子ノード FROM 隣接リスト
［a］
SELECT 親ノード FROM 隣接リスト

ア EXCEPT
イ INTERSECT
ウ UNION
エ UNION ALL

","【正解】　ア

親ノード	子ノード
NULL	A
A	B
A	C
B	D
B	E
C	F
F	G

各ノードの関係
A → B, C
B → D, E
C → F
F → G

したがって、**子をもたないノード（リーフノード）**は
👉 D, E, G

リーフノードを求めるSQLの考え方
リーフノードとは、「子ノード一覧の中に出てくるが、親ノード一覧には出てこないノード」です。

つまり：

SELECT 子ノード FROM 隣接リスト
EXCEPT
SELECT 親ノード FROM 隣接リスト


この構文で「子ノード集合 − 親ノード集合」を求めることで、リーフノードが得られます。

選択肢

ア：EXCEPT
イ：INTERSECT
ウ：UNION
エ：UNION ALL

✅ 正解：ア（EXCEPT）

最終的なSQL文
SELECT 子ノード FROM 隣接リスト
EXCEPT
SELECT 親ノード FROM 隣接リスト;

これにより結果は D, E, G（リーフノード）となります。ALL
"
420,"DJ-DB-R6

関係R, Sに次の演算を行うとき, RとSが和両立である必要のないものはどれか。

ア　共通集合

イ　差集合

ウ　直積

エ　和集合
","【正解】　ウ
“あなたの解答:ア”

🔹前提：和両立とは

関係 
R と S が 和両立（union-compatible） であるとは：
・属性（列）の個数が同じである
・対応する属性の**ドメイン（型）**が同じである
という2条件を満たすことを指します。

ア　共通集合（𝑅∩𝑆）✅ 必要	要素の比較を行うため、列構造が一致している必要がある

イ　差集合（R−S）	✅ 必要	同様に、同じ構造でないと引けない

ウ　直積（R×S）	❌ 不要	すべての組み合わせを作るので、構造が違っても構わない

エ　和集合（R∪S）	✅ 必要	同じ列構造の行を合わせるため必要
✅ 結論


RとSが和両立である必要のないもの：
👉 ウ　直積
答え：ウ　直積
"
421,"DJ-DB-R6

以下をSQLで表せ。

ア　共通集合（𝑅∩𝑆）✅ 必要	要素の比較を行うため、列構造が一致している必要がある

イ　差集合（R−S）	✅ 必要	同様に、同じ構造でないと引けない

ウ　直積（R×S）	❌ 不要	すべての組み合わせを作るので、構造が違っても構わない

エ　和集合（R∪S）	✅ 必要	同じ列構造の行を合わせるため必要

","ア　共通集合（R ∩ S）
SELECT * FROM R
INTERSECT
SELECT * FROM S;

イ　差集合（R − S）
SELECT * FROM R
EXCEPT
SELECT * FROM S;

ウ　直積（R × S）
SELECT * FROM R, S;

または明示的に：

SELECT * FROM R CROSS JOIN S;

エ　和集合（R ∪ S）
SELECT * FROM R
UNION
SELECT * FROM S;

まとめ表
共通集合 (R ∩ S)	INTERSECT
差集合 (R − S)	EXCEPT（または MINUS）
直積 (R × S)	CROSS JOIN
和集合 (R ∪ S)	UNION
"
422,"DJ-DB-R6

SELECT * FROM R CROSS JOIN S;
これをアクセスのVBAで表すとどうなるか。
","sql = ""SELECT * FROM R, S;""  ' ← AccessではCROSS JOINの代わりにカンマ区切りを使う　← 本当？

sql = ""SELECT * FROM R CROSS JOIN S;""　← 新しいAccessでは可
"
423,"DJ-DB-R6

これをACCESSで表すとどうなるか。
SELECT * FROM R
INTERSECT
SELECT * FROM S;
","Access（Microsoft Access）では、標準SQLの INTERSECT（積集合）演算子はサポートされていません。
そのため、同じ結果を得るには他の方法で書く必要があります。

✅ Accessでの書き換え方（等価なクエリ）

R と S の両方に存在する行を取りたい場合、
「Rの中で、Sにも存在する行」 を選べばOKです。

つまり、以下のように書きます。

SELECT R.*
FROM R
WHERE EXISTS (
    SELECT 1
    FROM S
    WHERE S.フィールド1 = R.フィールド1
      AND S.フィールド2 = R.フィールド2
      AND ... -- 比較するすべての列を列挙
);
"
424,"DJ-DB-R6

トランザクションPが資源Xの値を4から5に更新した後にトランザクションQが開始し, Pが コミットする前にQが資源Xを参照しようとした。 Qの挙動の a,bに入れる字句の組みはど れか。ただし,隔離性水準はREAD COMMITTEDとする。

[Qの挙動〕
同時実行制御が単版2相ロッキングプロトコルの場合Qは （a）
多版同時実行制御(MVC C)の場合Qは（b）

ア 
(a) P がコミット完了するまで待機した後, Xの値5を得る
(b) P のコミット完了を待機することなく, X の値 4 を得る

イ
(a) P がコミット完了するまで待機した後, X の値 5 を得る
(b) P のコミット完了を待機することなく, Xの値5を得る

ウ
(a) P のコミット完了を待機することなく, Xの値 4 を得る
(b) P のコミット完了を待機することなく, Xの値5を得る

エ
(a) P のコミット完了を待機することなく, X の値5を得る
(b) のコミット完了を待機することなく, X の値 4 を得る
","正解は ア です。

理由（簡潔に）

単版2相ロッキング（単版＝シングル版の厳格2PL）では、P が X に対して排他ロックを保持しているため Q は P のコミット完了まで待機し、コミット後の値 5 を読む。

多版同時実行制御（MVC／MVCC）では、読み取りは最新のコミット済みバージョンを参照するため、P がまだコミットしていない間は古いコミット値 4 を待たずに得る。

🧩 状況
P：Xの値を 4 → 5 に更新（まだコミットしてない）
Q：その間にXを読みたい

🔹 単版2相ロッキング（2PL）
PがXを更新中 → Xに「排他ロック」を持っている
Qはそのロックがある間、読めない（待つ）
Pがコミットしてロックを外した後、Qは読む → 値5を読む
👉 結果：Pを待って、5を読む

🔹 多版同時実行制御（MVCC）
更新時に「新しい版」を作る
Qは「コミット済みの古い版（X=4）」をそのまま読む
Pのコミットを待たない
👉 結果：待たずに、4を読む

(a) Pがコミット完了するまで待機して5を得る
(b) 待たずに4を得る
"
425,"DJ-DB-R5

""成績""表から, クラスごとに得点の高い順に個人を順位付けした結果を求めるSQL文の, a に入れる字句はどれか。

〔SQL文]
SELECT 氏名,クラス,得点,
「a」  () OVER (PARTITION BY 夕亏ㄡ ORDER BY 得点 DESC)順位 FROM 成績 

ア　CUME_DIST

イ　MAX

ウ　PERCENT_RANK

エ　RANK
","この問題の正解は 👉 エ：RANK です。

🔹 問題の要点
クラスごと（＝PARTITION BY クラス）に、得点の高い順に順位を付けたい。

SELECT 氏名, クラス, 得点,
a() OVER (PARTITION BY クラス ORDER BY 得点 DESC) AS 順位
FROM 成績;

RANK()	同点は同順位、次の順位は飛ぶ（1, 2, 2, 4）	✅ 順位付けに最も一般的

DENSE_RANK()	同点は同順位、順位を飛ばさない（1, 2, 2, 3）	似ているが順位が詰まる

ROW_NUMBER()	単純に並び順に番号を付ける（1, 2, 3, 4）	同点でも順位が異なる

PERCENT_RANK()	全体に対する相対的な順位（割合）を返す	

CUME_DIST()	累積分布値（割合）を返す	
"
426,"DJ-DB-R5

R÷Sの関係演算をＳＱＬで
","🔹 SQLでの実装方法

SQLには直接の ÷ 演算子はありませんが、集合操作と集約を組み合わせることで表現できます。

SELECT student
FROM R
WHERE course IN (SELECT course FROM S)
GROUP BY student
HAVING COUNT(DISTINCT course) = (SELECT COUNT(*) FROM S);

解説：
WHERE course IN (SELECT course FROM S) で、Rの行をSのコースに絞る

GROUP BY student で学生ごとにまとめる

HAVING COUNT(DISTINCT course) = (SELECT COUNT(*) FROM S)
→ Sの全てのコースを履修している学生だけ残す

🔹 ポイント

R ÷ S は「Sに含まれる全ての属性の組に対して、Rが持つ行を満たすもの」を返す
SQLでは主に GROUP BY + HAVING + 集計関数 で実現する
集合差や和、積とは少し異なり、「すべての条件を満たすか」が鍵
"
427,"DJ-DB-R5

大文字のアルファベットで始まる膨大な数のデータを, 規則に従って複数のノードに割り当てる。このようにあらかじめ定めた規則に従って,複数のノードにデータを分散して割り当 てる方法はどれか。

[規則]
データの先頭文字がA〜Gの場合はノード1に格納する。 データの先頭文字がH~Nの場合はノード2に格納する。 データの先頭文字がO~Zの場合はノード3に格納する。

ア　2相コミットプロトコル

イ　コンシステントハッシング

ウ　シャーディング

エ　レプリケーション
","【正解】　ウ　

ア　2相コミットプロトコル
これは分散トランザクションで「すべてのノードに処理を確定するか、全て取り消すか」を調整するプロトコルです。

イ　コンシステントハッシング
ハッシュ値に基づいてデータをノードに割り当てる方法です。

ウ　シャーディング
データを「事前に決めたルール（キーや範囲）」に従って分割し、複数のノードに格納する方法です。
今回の「先頭文字による割り当て」はまさにシャーディングの例です。
✅ 正解

エ　レプリケーション
データを複数のノードに複製して耐障害性を上げる方法です。

正解は
ウ　シャーディング
"
428,"DJ-DB-R5

CAP定理に関する記述として,適切なものはどれか。

ア　システムの可用性は基本的に高く, サービスは利用可能であるが, 整合性については厳密ではない。しかし,最終的には整合性が取れた状態となる。

イ　トランザクション処理は、データの整合性を保証するので,実行結果が矛盾した状態になることはない。

ウ　複数のトランザクションを並列に処理したときの実行結果と,直列で逐次処理したと きの実行結果は一致する。

エ　分散システムにおいて, 整合性,可用性,分断耐性の三つを同時に満たすことはでき ない。
","【正解】　エ

CAP定理（Consistency, Availability, Partition tolerance）

CAP定理の内容を整理すると：
Consistency (整合性)　すべてのノードで同じデータが返されること。
Availability (可用性)　リクエストに対して必ず応答が返されること。
Partition tolerance (分断耐性)　ネットワーク分断が起きてもシステムが動作し続けること。

CAP定理の重要ポイント：
分散システムでは C, A, P の三つすべてを同時に完全に満たすことは不可能。

ネットワーク分断が起きた場合、システムは 整合性を優先するか可用性を優先するか のどちらかを選ばなければならない。

ア「可用性は高いが整合性は厳密ではないが、最終的に整合性は取れる」
→ これは Eventual Consistency（最終的整合性）の説明で、CAP定理そのものの「三つ同時は不可能」という主張ではありません。

イ「トランザクション処理は整合性を保証するので矛盾は起きない」
→ これは単純な ACIDトランザクションの説明であり、CAP定理の内容ではないです。

ウ「並列処理と逐次処理の結果が一致する」
→ これは 直列化可能性の説明であり、CAP定理とは無関係です。

エ「分散システムにおいて、整合性・可用性・分断耐性の三つを同時に満たすことはできない」
→ これはまさに CAP定理の核心 です。 ✅
"
429,"DJ-DB-R5

B+木インデックスが定義されている候補キーを利用して, 1件のデータを検索するとき,デ ータ総件数Xに対するB+木インデックスを格納するノードへのアクセス回数のオーダーはど れか。

ア　√X

イ　logX

ウ　X

エ　X!
","【正解】　イ
“あなたの解答:ア”

B+木インデックスでは探索範囲を1/nに狭めながら検索していきますが、B+木の深さはど の葉でも一定であるため、どの値を探索する場合でもほぼ同じアクセス回数になります。
この深さは各節点が持つエントリ数(次数)で決まり、深さがn、次数がbであるB+木における葉の最大数(X)は次の式で表せます。

b^n = X (上の例でいえば3^3=27)

つまりX件のデータを探索する際のアクセス回数を示す深さhは、
n = logbX
このため、アクセス回数のオーダーはXの対数 「O (logX)」になります。
"
430,"DJ-DB-R5

表の正規化
","正規形　　条件　　　　　　　　主な目的
1NF　原子値、繰り返しなし　　データの重複や多値を排除
2NF　部分関数従属なし　　　　複合キー依存の冗長を排除
3NF　推移的関数従属なし　　　非キー属性間の依存を排除

部分関数従属とは、つまり「その列1つだけで十分値が決まる」のに、わざわざ複合キーの一部として含めている状態です
正確に言うと
部分関数従属とは 
・複合キーを主キーとするテーブルで、非キー属性が主キーの一部だけに依存している状態 のこと
・「その列1つだけで十分値が決まる」と言うよりは、複合キー全体ではなく一部の列だけで非キー属性が決まるということです
・この場合、複合キーの全体で決まるわけではないので、データの冗長や更新異常が発生しやすい

推移的関数従属とは、「主キーから直接ではなく、別の非キーの列を経由して決まる属性の関係」
つまり「A（主キー）→B→C」のような場合のことです。
"
431,"DJ-DB-R5

便名に対して, 客室乗務員名の集合及び搭乗者名の集合が決まる関係 "" フライト""がある。 関係”フライト""に関する説明のうち、適切なものはどれか。 ここで, 便名、客室乗務員名,搭 乗者名の組が主キーになっているものとする。


便名　客室乘務員名　搭乘者名

ア　関係”フライト""は, 更新時異状が発生することはない。

イ　関係""フライト""は,自明でない関数従属が存在する。

ウ　関係”フライト""は, 情報無損失分解が可能である。

エ　関係""フライト""は,ボイス・コッド正規形の条件は満たしていない。
","【正解】　ウ

関係""フライト""では、 便名に対して客室乗務員名の集合が、 便名に対して搭乗者名の集合が 決まる形となっています。 このようにある属性Xを決定項として、別の属性Yの集合が決ま ることを、YはXに多値に従属するといい、X→→Y で表します。関数従属は1対1が決まる 関係ですが、多値従属は1対多が決まる関係と言えます。

ア “関係”フライト""は,更新時異状が発生することはない。
次のような更新時異状が発生します。
・まだ搭乗者がいない便名と客室乗務員名だけの関係を登録できない
・客室乗務員名または搭乗者名の追加・更新・削除する際に、複数のタプルを操作す る必要がある
・搭乗者すべてがキャンセルしたときに、便名と客室乗務員名の関係が消失する

イ “関係”フライト""は,自明でない関数従属が存在する。
自明な関数従属とは、BがAの部分集合であることによりA→Bが成立しているものです。一方、自明でない関数従属とはそれ以外の関数従属であり、一般的に関数従属という場合の関係がこれに該当します。 関係 ""フライト""には、ある属性から他の属性が一意に決まる関係はないため、関数従属性は存在しません。

ウ　正しい。関係""フライト""には、便名→→客室乗務員名、便名→→搭乗者名という2つの多値従属が存在します。 このように、ある属性に多値に従属する属性が2つ以上あり、その2つの属性が無関係に存在する場合、下図のように{便名, 客室乗務員名}および{便名,搭乗者名}という2つの関係に分解することができます。これが第4正規化です。元の関係”フライト""は、分解後の2つの関係の自然結合により得ることができるため情報 無損失分解です。

エ“関係”フライト""は, ボイス・コッド正規形の条件は満たしていない。
ボイス・コッド正規形の成立条件は、スーパーキー(候補キー+α)以外の属性からその他の属性への関数従属が存在しないことです。関係""フライト""には関数従属性がないため、ボイス・コッド正規形の条件を満たします。



"
432,"DJ-DB-R5

第1正規形～第４まで
","第1正規形（1NF）
条件・特徴：各列が原子値（分割できない値）である
対象従属性：なし
目的：データの基本形を整える

第2正規形（2NF）
条件・特徴：1NF かつ、部分関数従属性がない
対象従属性：部分関数従属性
目的：主キーの一部だけで決まる属性を排除し、更新異常を減らす

第3正規形（3NF）
条件・特徴：2NF かつ、非キー属性が他の非キー属性に依存しない
対象従属性：関数従属性
目的：非キー間の依存をなくし、更新異常を防ぐ

ボイス・コッド正規形（BCNF）
条件・特徴：3NF かつ、すべての関数従属性の左側がスーパーキー
対象従属性：関数従属性
目的：3NF では残る異常をさらに排除

第4正規形（4NF）
条件・特徴：BCNF かつ、多値従属性の左側がスーパーキー
対象従属性：多値従属性
目的：多値従属性による冗長化・更新異常を防ぐ
"
433,"DJ-DB-R5

BがAの部分集合であるというのは、どういう関係か。
","「BがAの部分集合である」というのは、数学的には B のすべての要素が A に含まれている という関係です。

1. 定義
記号で書くと
B ⊆ A

意味：「B の任意の要素 x に対して、x ∈ A が成り立つ」
2. 例
A = {1, 2, 3, 4}
B = {2, 4}
B のすべての要素（2 と 4）は A に含まれているので、B は A の部分集合です。

💡 ポイント：
B が空集合 {} の場合も、空集合は どの集合の部分集合でもある。
B が A と全く同じ集合の場合も、B は A の部分集合（厳密には 真部分集合でない場合も含む）。

3. まとめ
「BがAの部分集合」 = B の全要素は A に含まれる
部分集合は A の中に含まれる小さな集合のイメージ。

記号：B ⊆ A
"
434,"DJ-DB-R5

""部品""表のメーカーコード列に対し, B+木インデックスを作成した。これによって,""部品""表の検索の性能改善が最も期待できる操作はどれか。ここで,部品及びメーカーのデー タ件数は十分に多く, ""部品""表に存在するメーカーコード列の値の種類は十分な数があり, かつ、均一に分散しているものとする。 また, ""部品""表のごく少数の行には、メーカーコー ド列にNULLが設定されている。 実線の下線は主キーを、破線の下線は外部キーを表す。

部品(部品コード,部品名,メーカーコード)
メーカー(メーカーコード, メーカー名、住所)

ア　メーカーコードの値が1001以外の部品を検索する。

イ　メーカーコードの値が1001でも4001でもない部品を検索する。

ウ　メーカーコードの値が4001以上, 4003以下の部品を検索する。

エ　メーカーコードの値がNULL以外の部品を検索する。
","【正解】　ウ
""あなたの解答: エ""

ア　否定を含む検索条件では効果を発揮できません。

イ　否定を含む検索条件では効果を発揮できません。

ウ　正しい。 範囲検索であれば、 B+木インデックスの効果が期待できます。

エ　NULLを含む検索条件では効果を発揮できません。
"
435,"DJ-DB-R5

COALESCE
","COALESCE は SQL の関数で、複数の値の中から最初に NULL でない値を返すものです。簡単に言うと、NULL を避けて代替値を取得するための関数です。

1. 基本構文
COALESCE(value1, value2, ..., valueN)
左から順に値をチェック
最初に NULL でない値 を返す
全て NULL なら NULL を返す

実際の日本語マニュアルや資料では「COALESCE関数」とそのまま書かれることが多く、直訳より 「NULLでない最初の値を返す関数」 と説明されることが多いです。

"
436,"DJ-DB-R5

これだと、最初の1件だけしかデータが抽出されないのではないか。 
SELECT COALESCE (A. ID, B.ID) 
FROM A FULL OUTER JOIN B ON A.ID = B.ID WHERE A.ID IS NULL OR B.ID IS NULL
","COALESCE 自体は 単に NULL ではない最初の値を返す関数 ですが、ここでは 行単位ではなく列単位 で評価されます。

この SQL は JOIN 結果のすべての行に対して COALESCE を評価する
したがって、行が複数あれば複数行が返るはず

COALESCE は列の NULL を置き換えるだけで、行を減らすわけではない

COALESCE(A.ID, B.ID) は 「1行ごとに、左から順にNULLでない最初の値を返す」 関数です。
重要：ここでいう「最初の値」は 列の中での順序の話 であって、テーブルの行の順序ではない です。

例
A.ID	B.ID	COALESCE(A.ID, B.ID)
1	NULL	1
NULL	2	2
3	3	3

「最初の値」は行単位ではなく 列単位で左から最初に NULL でない値 という意味

つまり、複数行があれば、各行のヌルでない最初のフィールドの値ということか。
はい、その通りです。
COALESCE(A, B, …) は 行ごと に評価されます。
各行に対して 左から順に NULL でない最初の列の値 を返します。
したがって、テーブルに複数行があれば、各行ごとに別々の COALESCE の結果 が返ることになります。
"
437,"DJ-DB-R5

トランザクションの隔離性水準を高めたとき,不整合なデータを読み込むトランザクション 数と,単位時間に処理できるトランザクション数の傾向として,適切な組合せはどれか。

上　不整合なデータを読み込むトランザクション数
下　単位時間に処理できるトランザクション数

ア
増える
増える

イ
減る
減る

ウ
減る
増える

エ
減る
減る
","隔離性水準とは、トランザクションに指定できる直列化制約の度合いで、隔離性の低い順 に、

READ UNCOMMITTED 
READ COMMITTED 
REPEATABLE 
READ SERIALIZABLE

の4種類があります。

トランザクションの隔離性水準を高めるほど、トランザクションの同時実行に起因する異常の数を減らすことができます。 しかし、異常を起こさないために実行を待つトランザクション数が増加することになるため、同時実行できるトランザクション数が減って処理効率は低下します。
"
438,"DJ-DB-R5

標準的な隔離性水準
","Read Uncommitted
説明：コミット前の変更も読み取り可能
発生しうる現象：ダーティリード発生可

Read Committed
説明：コミット済みデータのみ読み取り可能
発生しうる現象：不可再読・ファントムは発生

Repeatable Read
説明：同じ行の読み取り結果はトランザクション中一定
発生しうる現象：ファントムは発生する可能性あり

Serializable
説明：完全な直列化、理論上は同時実行不可と同じ
発生しうる現象：すべての不整合防止
"
439,"DJ-DB-R5

概念データモデルの説明として,最も適切なものはどれか。

ア　階層モデル,ネットワークモデル, 関係モデルがある。

イ　業務プロセスを抽象化して表現したものである。

ウ　集中型DBMSを導入するか,分散型DBMSを導入するかによって内容が変わる。

エ　対象世界の情報構造を抽象化して表現したものである。
","【正解】　エ
“あなたの解答:ア”

概念データモデルは、データベース化の対象となる実世界のデータ構造とその制約を表したモデルです。 概念データモデルは、システムやデータベースの設計段階で作成され、通常、E-R図を使用して視覚的に表現されます。

概念データモデルの設計は論理データモデルの設計に先立って行われます。概念データモデルを「関係モデル」「ネットワークモデル」「階層モデル」「オブジェクト指向モデル」などの形式で記述したものが論理データモデルです。さらに論理データモデルをコンピュータ上に実装できるように変換したものが物理データモデルになります。


ア“階層モデル, ネットワークモデル, 関係モデルがある。
論理データモデルの説明です。

イ“業務プロセスを抽象化して表現したものである。”
概念データモデルは、プロセスではなくデータ構造と制約を表現したものです。

ウ “集中型DBMSを導入するか, 分散型DBMSを導入するかによって内容が変わる。
物理データモデルの説明です。概念データモデルはコンピュータ上の実装(格納形式な ど)から独立しています。

エ“対象世界の情報構造を抽象化して表現したものである。
正しい。 概念データモデルの説明です。
"
440,"DJ-DB-R5

キャパシティプランニングの目的の一つに関する記述のうち, 最も適切なものはどれか。

ア　応答時間に最も影響があるボトルネックだけに着目して,適切な変更を行うことによ って,そのボトルネックの影響を低減又は排除することである。

イ　システムの現在の応答時間を調査して,長期的に監視することによって,将来を含め て応答時間を維持することである。

ウ　ソフトウェアとハードウェアをチューニングして,現状の処理能力を最大限に引き出 して, スループットを向上させることである。

エ　パフォーマンスの問題はリソースの過剰使用によって発生するので,特定のリソース の有効利用を向上させることである。
","【正解】　イ
“あなたの解答:ウ”

キャパシティプランニングの実施は一般に次の手順で行います。
1. 現行システムをモニタリングし現状の処理能力を把握する
2. 将来的に予測される端末の増加、 利用者数の増加などを分析する
3.2.の分析結果からシステム能力の限界時期を予測する
4.新たなシステム構成で実現すべき性能要件から必要なハードウェア増設を検討する

ア　TOC(Theory Of Constraints: 制約条件の理論)の説明です。

イ　正しい。キャパシティプランニングの目的です。

ウ　パフォーマンスチューニングの目的です。

エ　パフォーマンスチューニングの目的です。


"
441,"DJ-DB-R5

インシデントハンドリングの順序のうち,JPCERTコーディネーションセンター""インシデ ントハンドリングマニュアル (2021年11月30日)""に照らして,適切なものはどれか。

ア　インシデントレスポンス (対応) → 検知/連絡受付 トリアージ

イ　インシデントレスポンス (対応) →トリアージ → 検知/連絡受付

ウ　検知/連絡受付→インシデントレスポンス (対応) → トリアージ

エ　検知/連絡受付→トリアージ → インシデントレスポンス

","【正解】　エ
""あなたの解答: ウ”

インシデントハンドリングとは、発生したインシデントに対してCSIRTが行う一連の業務のことです。JPCERT/CC""インシデントハンドリングマニュアル""によれば、インシデントに対する基本的ハンドリングフローは、

1 検知/連絡受付
2トリアージ 
3 インシデントレ スポンス(対応)ｘ
4 報告・情報公開

なお、4報告・情報公開については、対応計画の策定及び実施などのインシデントレスポン
ス(対応)と並行的に行うとされています。
"
442,"DJ-DB-R5

二つのトランザクションT1とT2を並列に実行した結果が,T1の完了後にT2を実行した結 果,又はT2の完了後にT1を実行した結果と等しい場合,このトランザクションスケジュー ルの性質を何と呼ぶか。

ア　一貫性

イ　原子性

ウ　耐久性

エ　直列化可能性
","【正解】　エ
“あなたの解答:工”

ア“一貫性”
一貫性は、トランザクションによりデータの矛盾が発生せず、常にデータベースの整合性が保たれていることを保証する性質です。

イ “原子性”
原子性は、トランザクションは原子のように不可分であり、トランザクション内の処理はすべて実行されるか、または全く実行されないのどちらかであることを保証する性質 です。

ウ“耐久性”
耐久性は、一度正常終了したトランザクションの結果は、それ以降システムや記憶媒体に障害が発生しても失われないことを保証する性質です。

エ “直列化可能性”
正しい。 直列化可能性(serializability)とは、複数のトランザクションを並列実行した結果が、1つずつを順番、すなわち直列に実行した結果と同じになる性質です。直列化可能スケジュールであればデータベースは一貫性のある状態になっていることが保証されます。
"
443,"DJ-DB-R5

データベースのREDO のべき等 (idempotent)の説明として、適切なものはどれか。

ア　REDOによる障害回復の時間を短縮するために,あるルールに従って整合性の取れた データを記録媒体に適宜反映すること

イ　REDOを繰返し実行しても、正常終了するときには1回実行したときと同じデータの 状態になること

ウ　事前に取得していたバックアップデータを記録媒体に復旧し、そのデータに対してREDOを実行すること

エ　トランザクションをコミットする前にREDOに必要な情報を書き出し、 データの更新 はその後で行うこと
","【正解】　イ
“あなたの解答:イ”

べき等 (Idempotent) とは、コンピュータサイエンスの世界で使われる言葉で、ある操作を1回実行しても複数回実行しても結果が同じになる性質です。主要なデータ操作SQL文のうち、SELECTと障害回復時のUNDO・REDOはべき等、INSERT・UPDATE・DELETEはベき等ではありません。

ア　チェックポイント法の説明です。

イ　正しい。 べき等 (冪等)の説明です。

ウ　ロールフォワードの説明です。

エ　WAL(Write Ahead Log) の説明です。

"
444,"DJ-DB-R5

2相ロック方式を用いたトランザクションの同時実行制御に関する記述のうち,適切なもの はどれか。

ア　すべてのトランザクションが直列に制御され, デッドロックが発生することはない。

イ　トランザクションのコミット順序は、トランザクション開始の時刻順となるように制 御される。

ウ　トランザクションは、自分が獲得したロックをすべて解除した後にだけ, コミット操 作を実行できる。

エ　トランザクションは,必要なロック獲得命令をすべて実行した後にだけ, ロック解除 命令を実行できる。
","【正解】　エ　← 2つの段階が交わることはありません。

ア　2相ロックに従うことで全てのトランザクションが直列に制御されますが、デッドロッ クが発生しないわけではありません。別のトランザクションが同じ資源を要求すれば、 ロック順序によってはデッドロックが起こることもあります。

イ　複数のトランザクションが並行実行されるため、競合するデータの有無、トランザクションでの処理量によってコミット順序は変わってきます。

ウ　多くのDBMSで採用されている厳密な (Strict) 2相ロックでは、獲得したロックのうち専有ロックをコミットの直前段階で解除することを求めます。

エ　正しい。 2相ロック方式には、厳密な(Strict)2相ロック、厳格な (Rigorous) 2相ロック、 厳密でない(Non-strict)2相ロックなど幾つかの種類がありますが、どの方式においてもロックを獲得する第1相 (前半部)とロックを解除する第2相 (後半部)が明確に区別され、2つの段階が交わることはありません。
"
445,"DJ-DB-R5

それぞれ、ロールバック、ロールフォーワード

a. 　トランザクション障害

b.　システム障害

c,　媒体障害
","a.　トランザクション障害：ロールバック
計算途中や入出力の処理中のエラーでトランザクションが異常終了することです。この場 合、メモリ上のデータベースバッファは残っており、コミットされたトランザクションや 実行中のトランザクションには影響がないため、障害が発生したトランザクションだけをロールバックすることにより回復を行います。

b.　システム障害：ロールバック、ロールフォーワード
DBMSやOS、 または電源等のハードウェアの異常でシステムを再起動しなければならない状態になることです。この場合、メモリ上のデータベースバッファが消えているため、障害前にコミットされていたトランザクションはログを使用してロールフォワードし、障害時に実行途中だったトランザクションはロールバックすることにより回復を行います。 

c,　媒体障害：ロールバック
ディスク等の2次記憶装置が使えなくなってしまう状態になることです。この場合、バックアップからディスク内容を復元し、バックアップ時点から障害発生までにコミットされたすべてトランザクションについて、ログを使用してロールフォワードを行います。バックアップの適用により実行途中だったトランザクションはなかったことにされるため、ロールバックは不要です。
適用すべき回復方法は、トランザクション障害=ロールバック、システム障害=ロールバック + ロールフォワード、媒体障害=ロールフォワード、なので「イ」の組合せが適切です。
"
446,"DJ-DB-R5

関係モデルにおいて, 情報無損失分解ができ,かつ, 関数従属性保存が成り立つ変換が必ず存在するものはどれか。 ここで,情報無損失分解とは自然結合によって元の関係が必ず得ら れる分解をいう。

ア　第2正規形から第3正規形への変換

イ　第3正規形からボイスコッド正規形への変換

ウ　非正規形から第1正規形への変換

エ　ボイスコッド正規形から第4正規形への変換
","【正解】　ア

情報無損失分解とは、分解された部分同士の自然結合によって元の関係を過不足なく復元できる性質、関数従属性保存とは、その名の通り分解後の部分が元の関係に存在した関数従属性を保っている性質をいいます。正規化では、データの更新時異常を解消するために、第1正規形→第2正規形→第3正規形→ボイスコッド正規形→第4正規形→第5正規形という順序で関係を情報無損失分解していきますが、このうち元の関係の関数従属性を保ったまま分解可能なのは第3正規形までです。

このため、情報無損失分解ができ、かつ、 関数従属性保存が必ず成り立つ分解は、次の2つ になります。
1. 第1正規形から第2正規形への変換
2.第2正規形から第3正規形への変換
以上より「ア」が正解です。
"
447,"DJ-DB-R5

データベースの正規化の流れ
","1. 第1正規形（1NF: First Normal Form）
テーブルのすべての属性が**原子値（Atomic Value）**であること
繰り返しのグループや複数値の属性を持たない

2. 第2正規形（2NF: Second Normal Form）
1NFである
部分関数従属がない（複合キーの一部に依存している列がない）

3. 第3正規形（3NF: Third Normal Form）
2NFである
推移的関数従属がない（非キー属性が他の非キー属性に依存しない）

4. ボイスコッド正規形（BCNF: Boyce-Codd Normal Form）
3NFである
すべての決定者が候補キーである
複合キーや特殊な関数従属の問題を解消

5. 第4正規形（4NF: Fourth Normal Form）
BCNFである
多値従属がない

6. 第5正規形（5NF: Fifth Normal Form, PJNF）
4NFである
**結合従属（Join Dependency）**のみでテーブルを分割可能
分割後に自然結合しても元の表に戻る

実務では第5正規形まで使うことは稀
1NF → 2NF → 3NF → BCNF → 4NF → 5NF


1NF: 原子値
2NF: 部分関数従属排除
3NF: 推移的従属排除
BCNF: すべての決定者が候補キー
4NF: 多値従属排除
5NF: 結合従属排除
"
448,"DJ-DB-R4

ストレージ技術におけるシンプロビジョニングの説明として,適切なものはどれか。

ア　同じデータを複数台のハードディスクに書き込み,冗長化する。

イ　一つのハードディスクを, OSをインストールする領域とデータを保存する領域とに 分割する。

ウ　ファイバチャネルなどを用いてストレージをネットワーク化する。

エ　利用者の要求に対して仮想ボリュームを提供し, 物理ディスクは実際の使用量に応じ て割り当てる。
","【正解】　エ

シンプロビジョニング（Thin Provisioning）とは、ストレージ（ディスク領域）の管理手法のひとつで、実際に使用する分だけの容量を割り当てる方式のことです。

Provision：供給・支給、準備・用意
"
449,"DJ-DB-R4

ビッグデータの処理に使用されるCEP(複合イベント処理)に関する記述として,適切なもの はどれか。

ア　多次元データベースを構築することによって, 集計及び分析を行う方式である。

イ　データ更新時に更新前のデータを保持することによって, 同時実行制御を行う方式である。

ウ　分散データベースシステムにおけるトランザクションを実現する方式である。

エ　連続して発生するデータに対し,あらかじめ規定した条件に合致する場合に実行される処理を実装する方式である。

","【正解】　エ

CEP(Complex Event Processing: 複合イベント処理)は、刻々と発生する膨大なデータをリアルタイムで解析し、条件に合致したものだけを処理する技術の総称です。データに対する処理条件や分析シナリオを事前に定義しておき、それに合致した場合に決められたアクションを即座に実行する仕組みです。

ア　OLAP (Online Analytical Processing) の説明です。

イ　楽観的排他制御の説明です。ロックをする代わりに更新前のデータを取得しておき、更新時にデータが取得時と同じであるときにだけ更新を行います。

ウ　2相コミットなどの実行制御方式が該当します。

エ　正しい。CEP(複合イベント処理)の説明です。

具体例 1：金融（不正取引検知）
条件（規定ルール）：
「同じクレジットカードで、10分以内に3回以上、海外からの高額決済があった場合」
実行される処理：
→ アラートをセキュリティ部門に送信し、取引を一時停止する

具体例 2：IoT（温度センサー監視）
条件：
「温度センサーが5分以内に連続して80℃以上を記録した場合」
実行処理：
→ 冷却装置を起動、オペレーターに警告通知

"
450,"DJ-DB-R4

第2正規形である関係Rが, 第3正規形でもあるための条件として,適切なものはどれか。

ア　いかなる部分従属性も成立しない。

イ　推移的関数従属性が存在しない。

ウ　属性の定義域が原子定義域である。

エ　任意の関数従属A→Bに関して, Bは非キー属性である。
","【正解】　イ
“あなたの解答:工”

第1正規形
各属性の繰り返し項目を排除し、単一値を属性とする複数の行に分解した状態。

第2正規形
主キーの一部だけで一意に決まる属性を別表に分離した状態(主キーに部分関数従属する属性がない状態)。

第3正規形
主キー以外の属性によって一意に決まる属性を別表に分離した状態(主キーからの推移的関数従属が存在しない状態)

ア　第2正規形の条件です。

イ　正しい。第3正規形の条件です。

ウ　1つの属性にある繰返し項目を排除した第1正規形の条件です。「原子定義域である」とは、とり得る値が繰り返しや集合ではなく単一値であるという意味です。

エ　ボイス・コッド正規形の条件です。
"
451,"DJ-DB-R4

推移的関数従属性とは
","推移的関数従属性は「間接的に決まる関係」です。
定義：
	もし属性 X,Y,Zが以下のように成り立つとき：
	X→Y
	Y→Z
	X↛Zが直接ではない
	このとき Zは Xに対して推移的に従属していると言う。
簡単に言うと：
「X が Y を決め、Y が Z を決めるので、X は間接的に Z を決める」
"
452,"DJ-DB-R4

データレイクの特徴はどれか。

ア　大量のデータを分析し,単なる検索だけでは分からない隠れた規則や相関関係を見つけ出す。

イ　データウェアハウスに格納されたデータから特定の用途に必要なデータだけを取り出し, 構築する。

ウ　データウェアハウスやデータマートからデータを取り出し, 多次元分析を行う。

エ　必要に応じて加工するために, データを発生したままの形で格納して蓄積する。
","【正解】　エ
“あなたの解答:工”

1. データレイクとは

データレイクは、大量の 構造化・半構造化・非構造化データをそのままの形で保存できる巨大なデータ貯蔵庫のことです。

「構造化データ」：データベースの表形式データ（例：売上データ、顧客情報）

「半構造化データ」：JSONやXMLなど、ある程度の構造を持つデータ

「非構造化データ」：テキスト、画像、動画、音声など

特徴としては、取り込む時点での加工（スキーマ定義）が不要で、必要なときに加工・分析できる点です。
"
453,"DJ-DB-R4

関係R(A,B,C,D,E)に対し,関数従属の集合 W ={A→{B, C}, {A, D}→E, {A,C, D}→E, B→C, C→B}がある。関数従属の集合X,Y,Zのうち,Wから冗長な関数従属をな くしたものはどれか。

X={A→B, B→C, C→B, {A,D}→E}
Y={A→C, B→C,C→B, {A, D}→E}
Z={A→B,C→B, {A, C, D}→E}

ア　Xだけ

イ　XとY

ウ　YとZ

エ　Zだけ

","【正解】　イ
“あなたの解答:工”

まず、以下の2つの関数従属に注目します。
•{A, D}→E
•{A, C, D}→E

AとDの組さえわかれば一意をEに決定できるので、これにCを加えた{A, C, D}→E は明らかに余分だとわかります(増加律)。したがって、 {A, D}→E を残して {A,C,D}→E を削除することができます。

また分解律により、A→{B, C} が成立するならば、A→B および A C が成立するので、「A→{B,C}、B→C、C→B」は「A→B、A→C、B→C、C→B」に分解することが可能です。

この関数従属の集合では、Bを決定する方法が A→B、 A→C→B および C→B の3通りありますが、Cを経由するときには、CのみでBを決定可能なので A→C 部分の関数従属は 余分であると言えます。

この場合、A→C を削除すると「A→B, B→C, C→B」が残ります。同様に、Cを決定する方法には A→C、A→B→C および B→C の3通りがありますが、 Bを経由するときには、BのみでCを決定可能なので A→B 部分の関数従属は余分であると言えます。

この場合、A→B を削除すると集合Yの 「A→C, B→C, C→B」が残ります。

この2つの集合に {A, D}→E を加えた集合Xと集合Yが、冗長な関数従属をなくしたものとなります。集合Zは {A, C, D}→E が含まれており、冗長性が残ったままになっているので 誤りです。

したがって「イ」が正解です。
"
454,"DJ-DB-R4

トランザクションT, がある行Xを読んだ後, 別のトランザクションT2が行Xの値を更新して コミットし,再びTが行Xを読むと、 以前読んだ値と異なる値が得られた。 この現象を回避するSQLの隔離性水準のうち、最も水準の低いものはどれか。

ア　READ COMMITTED

イ　READ UNCOMMITTED

ウ　REPEATABLE READ

エ　SERIALIZABLE
","【正解】　ウ 
“あなたの解答:イ”

設問の現象はノンリピータブルリードと呼ばれる異常で、回避するには「REPEATABLE READ」または「SERIALIZABLE」を指定する必要があります。したがって、より隔離性水準が低い「REPEATABLE READ」が正解となります。

READ UNCOMMITTED → 何でも読める（危険）

READ COMMITTED → コミット済みだけ読める
・ただし、同じトランザクション中に再読込すると前回と異なる値を読むことがある（「ノンリピータブルリード」）。

REPEATABLE READ → 同じデータは何度読んでも変わらない
トランザクション中に読んだデータは 他トランザクションで更新されても再読込時に変化しない。
・同じクエリを何度実行しても同じ結果を読む。
・ただし、他トランザクションが新しい行を挿入 した場合、それを読んでしまうことがある（「ファントムリード」）。

SERIALIZABLE → トランザクションを完全に独立させる
"
455,"DJ-DB-R4

述のうち,適切なものはどれか。

[NoSQL データベースシステムの特徴〕
・ネットワーク上に分散した複数のノードから構成される。
・一つのノードでデータを更新した後、他の全てのノードにその更新を反映する。

ア　クライアントからの更新要求を2相コミットによって全てのノードに反映する。

イ　データの更新結果は,システムに障害がなければ, いつかは全てのノードに反映される。

ウ　同一の主キーの値による同時の参照要求に対し、 全てのノードは同じ結果を返す。

エ　ノード間のネットワークが分断されると, クライアントからの処理要求を受け付けなくなる。
","イ
“あなたの解答:イ”

ア “クライアントからの更新要求を2相コミットによって全てのノードに反映する。 
RDBMSでの2相コミットではデータが常に整合性を満たしますが、NoSQLデータベー スでは必ずしもそうとは限りません。

イ “データの更新結果は,システムに障害がなければ,いつかは全てのノードに反映される。
正しい。NoSQLデータベースではデータの更新結果は直ちにすべてのノードに反映されるわけではありません。 システムに障害がなければ、最終的にはすべてのノードに反 映されます(結果整合性)

ウ “同一の主キーの値による同時の参照要求に対し、 全てのノードは同じ結果を返す。”
NoSQLデータベースでは、データの更新結果が直ちにすべてのノードに反映されるわ けではないため、 同一の主キーの値による同時の参照要求に対して、ノードによって異 なる結果を返すことがあります。

エ　“ノード間のネットワークが分断されると, クライアントからの処理要求を受け付けなくなる。 NoSQLデータベースでは、ノード間のネットワークが分断されてもデータベースの利用は可能です (可用性優先)。
"
456,"DJ-DB-R4

BASE特性とは
","「BASE特性」 は、
ACID特性（伝統的なリレーショナルデータベースの考え方）とは 対になる概念 です。

違いは次のとおり👇
🔹 ACID特性（主にRDB）
Atomicity（原子性）
Consistency（一貫性）
Isolation（独立性）
Durability（永続性）
→ データの整合性・安全性を最優先。
→ トランザクションは厳密で、同時実行や障害にも強い。
→ その分、スケーラビリティ（分散処理）に弱い。

🔹 BASE特性（主にNoSQL）
BA = Basically Available（基本的に利用可能）
　→ システム障害があっても、できるだけ利用可能な状態を保つ。
S = Soft State（柔軟な状態）
　→ データの状態は一時的に変化してもよい（厳密な整合を常に要求しない）。
E = Eventually Consistent（結果整合性）
　→ 時間が経てば最終的に全体が整合することを保証する。

💡 まとめ
ACID特性：厳密な整合性を重視（RDB向け）
BASE特性：可用性とスケーラビリティを重視（NoSQL向け）
"
457,"DJ-DB-R4

ソフトウェアの保守性を定量評価する指標として, 適切なものはどれか。

ア　 (運用期間中に発生した不具合件数)+(プログラムの規模)

イ　 (適正規模の基準を満たすプログラムの数)÷(プログラムの総数)

ウ　 (テスト実施済みの分岐の数)+(プログラムの総分岐数)

エ　(プログラムの推定総エラー数)-(摘出エラー数)

","【正解】　イ
“あなたの解答:イ”

保守性の代表的な指標としては、MTTR(平均修復時間)があります。

ア“(運用期間中に発生した不具合件数)÷(プログラムの規模)”
発生不具合密度を示す式なので、ソフトウェアの信頼性を示す指標と言えます。

イ“(適正規模の基準を満たすプログラムの数)÷(プログラムの総数)”
正しい。ソフトウェアの規模が大きくなると、ソースコードの量が増えることで複雑さが増し、データ間およびモジュール間の依存関係が強くなるため、1つの変更や修正の影響する範囲を把握するのが難しくなります。逆にプログラムの規模を小さく分割しすぎても管理が難しくなります。このようにプログラムの規模と保守性の間には関連があるので、適正規模のプログラムの割合によりソフトウェアの保守性を測ることができます。

ウ“(テスト実施済みの分岐の数)÷(プログラムの総分岐数)”
テストカバレッジを示す式なので、ソフトウェアテストの網羅度を示す指標と言えます。

エ “(プログラムの推定総エラー数)-(摘出エラー数)”
残存バグ数を示す式なので、ソフトウェアテストの進捗を示す指標と言えます。
"
458,"DJ-DB-R4

関係R(A,B,C,D,E)において,関数従属性 A→B, A→C, {C, D}→E が成立する。最初に属性集合{A, B}に対して,これらの関数従属性によって関数的に決定される属性をこの 属性集合に加える。この操作を繰り返して得られる属性集合(属性集合の閉包)はどれか。

ア　{A,B,C}

イ　{A, B, C, D}

ウ　{A,B,C,D,E}

H　{A,B,E}
","【正解】　ア

関係RにはA→Cの関数従属性があるので、属性集合{A, B}のAが決まればCも一意に決定します。Dが従属項となる関数従属性は存在せず、EもDが決定しなければ導くことができません。よって、属性集合の閉包は、最初に与えられた{A,B}にCを追加した{A, B, C}にな ります。
したがって 「ア」が正解です。
"
459,"DJ-DB-R4

トランザクションのACID属性とは何か?
","1️⃣ A：Atomicity（原子性）
すべての処理が「全部実行される」か「全部取り消される」かのどちらか。
途中で失敗したら、何もなかった状態に戻す（ロールバック）。
例：銀行振込で「送金だけ成功して入金されない」といった中途半端な状態を防ぐ。

2️⃣ C：Consistency（一貫性）
トランザクションの前後で、データの整合性ルールが守られていること。
整合性制約（例：残高がマイナスにならないなど）が破られない。
例：Aの口座から¥10,000引いたら、Bの口座に¥10,000増える。

3️⃣ I：Isolation（独立性）
同時に複数のトランザクションが動いても、互いの処理が干渉しない。
まるで1つずつ順番に実行されたように見える。
例：他人のトランザクションが処理途中のデータを読めない。

4️⃣ D：Durability（永続性）
トランザクションが完了（コミット）したら、その結果は障害が起きても失われない。
例：電源が落ちても、コミット済みのデータはちゃんと残る。

🔹 まとめ
ACID属性＝トランザクションの信頼性を保証する4本柱
原子性：全部かゼロか
一貫性：整合性を保つ
独立性：同時処理でも干渉しない
永続性：結果は失われない
"
460,"DJ-DB-R4


DLP (Data Loss Prevention) の機能はどれか。

ア　特定の重要情報が漏えいしたことを想定して、 重要情報の機密性の高さに基づいた被害額を事前に算出する。

イ　特定の重要情報を監視して、利用者によるコピー, 送信などの挙動を検知し、ブロッ クする。

ウ　特定の重要情報を利用者が誤って削除したときのために, バックアップデータを取得し、外部記憶媒体などに保管する。

エ　特定の重要情報を利用者が削除したときに,重要情報が完全に削除されたことを示す消去証明書を発行する。


","🔹 DLPの主な機能
① 機密データの検出（Discovery）
社内PC、サーバ、クラウドなどをスキャンし、
個人情報・顧客データ・機密文書 などを自動で見つけ出す。

② データの監視（Monitoring）
ファイルのコピー、メール送信、印刷、クラウドアップロードなど、
データがどこへ移動するかをリアルタイムで監視。

③ データの制御・遮断（Blocking / Enforcement）
機密情報を外部へ送ろうとすると、
警告を出したり、自動的に転送・コピーをブロック。

④ 暗号化・マスキング（Encryption / Masking）
機密情報を安全に扱うために、
暗号化 や 一部を非表示（マスキング）する機能を備えることもある。

つまり、DLPは「重要データが どこにあるかを把握し、どう扱われているかを監視し、外部への漏えいを防止する システム」です。
"
461,"DJ-DB-R4


和両立である関係RとSがある。 ROSと等しいものはどれか。 ここで,-は差演算, nは共 通集合演算を表す。

ア　(R-S)- (S-R)

イ　R-(R-S)

ウ　R-(S-R)

エ　S-(R-S)
","イ
“あなたの解答:工”
"
462,"DJ-DB-R4

複数のバッチ処理を並行して動かすとき,デッドロックの発生をできるだけ回避したい。バ ッチ処理の設計ガイドラインのうち、 適切なものはどれか。

ア　参照するレコードにも, 専有ロックを掛けるように設計する。

イ　大量データに同じ処理を行うバッチ処理は, まとめて一つのトランザクションとして処理するように設計する。

ウ　トランザクション開始直後に、 必要なレコード全てに専有ロックを掛ける。ロックに失敗したレコードには,しばらく待って再度ロックを掛けるように設計する。

エ　複数レコードを更新するときにロックを掛ける順番を決めておき、全てのバッチ処理 がこれに従って処理するように設計する。

","【正解】　エ
“あなたの解答:工”

ア “参照するレコードにも, 専有ロックをかけるように設計する。
共有ロックがかけられた資源は、参照を目的とする他のプロセスから共有ロックを許します。しかし専有ロックがかけられた資源は、他のプロセスからのいかなるロックも受け付けずアンロックを待たせます。 参照のためだけに専有ロックを使用するとデッドロックが発生しやすくなるため共有ロックを使用すべきです。

イ “大量データに同じ処理を行うバッチ処理は,まとめて一つのトランザクションとして処理するように設計する。”
トランザクションの処理量が多くなると、1つのトランザクションが同時にロックをかける資源数が増えるためデッドロックが発生しやすくなります。

ウ “トランザクション開始直後に、必要なレコード全てに専有ロックをかける。ロックに失敗した レコードには,しばらく待って再度ロックをかけるように設計する。”
並行処理するプロセス間で資源の競合が生じた場合、すぐにデッドロックが発生してしまいます。

エ “複数レコードを更新するときの順番を決めておき、全てのバッチ処理がこれに従って処理するように設計する。
正しい。 デッドロックは、複数の資源が別々のプロセスによって排他的に使用され、かつ、その専有順序が異なる場合に発生します。このため、あらかじめ資源の使用順序を決めておくことが防止策になります。
"
463,"DJ-DB-R4


関係R,Sの等結合演算は,どの演算によって表すことができるか。

ア　共通

イ　差

ウ　直積と射影と差

エ　直積と選択
","【正解】　エ
“あなたの解答:ア”

　pdf解答あり
"
464,"DJ-DB-R4

SQL文1とSQL文2を実行した結果が同一になるために,表Rが満たすべき必要十分な条件は どれか。

〔SQL文1〕
SELECT * FROM R UNION SELECT * FROM R

[SQL文2〕
SELECT * FROM R

ア　値にNULLをもつ行は存在しない。

イ　行数が0である。

ウ　重複する行は存在しない。

エ　列数が1である。
","【正解】　ウ
“あなたの解答:工”

SQL文1の結果は関係Rと関係Rとの和集合となり、SQL文2の結果は関係Rそのものとなります。UNION句では、複数の結果の集合を得るという性質上、統合する際に重複している行を除外しますから、結果表が元の関係Rと同一になるためには、元の関係Rに重複する行 が存在しないことが条件となります。
したがって「ウ」が正解です。

ア “値にNULLをもつ行は存在しない。
「NULLを持つ行が存在しない ⇒ 結果が同一」と「結果が同一 ⇒ 値にNULLを持つ行 が存在しない」はともに成立しません。よって、十分条件でも必要条件でもありません。

イ “行数が0である。”
「行数が0 ⇒ 結果は同一」は成立するので十分条件ですが、「結果が同- ⇒ 行数は 0」は成立しないので必要条件ではありません。

ウ“重複する行は存在しない。
正しい。「重複する行が存在しない ⇒ 結果は同一」は成立するので十分条件、「結果が同一 ⇒ 重複する行が存在しない」も成立するので必要条件でもあります。

エ “列数が1である。
「列数が1⇒ 結果が同一」と「結果が同一 ⇒ 列数が1」はともに成立しません。よっ て、十分条件でも必要条件でもありません。

🔹 UNION句での重複行の扱い
✅ 結論：

UNION → 重複行は自動的に削除される

UNION ALL → 重複行もそのまま残す
"
465,"DJ-DB-R4

機械学習を用いたビッグデータ分析において使用されるJupyter Labの説明はどれか。

ア　定期的に実行するタスクを制御するための、ワークフローを管理するツールである。

イ　データ分析を行う際に使用する, 対話型の開発環境である。

ウ　並列分散処理を行うバッチシステムである。

エ　マスターノードをもたない分散データベースシステムである。

","【正解】　イ
“あなたの解答:エ”

Jupyter Lab は、Pythonなどの言語を使ってデータ分析・機械学習を行うための
「対話型開発環境（インタラクティブなノートブック環境）」 です。
コードの実行結果（グラフ・表・テキストなど）をその場で確認しながら作業できます。
データサイエンスや機械学習の実験・可視化・報告書作成によく利用されます。

ア：ワークフロー管理ツール（例：Airflowなど）の説明。

ウ：並列分散バッチ処理システム（例：HadoopやSparkの一部構成要素など）の説明。

エ（記号抜けと思われる）：「マスターノードをもたない分散データベースシステム」
→ これは 分散データベース（例：Cassandraなど） の説明。

Jupyter Lab ＝ 対話型のデータ分析・機械学習開発環境。
→ 正解：イ
"
466,"DJ-DB-R4

分散処理システムに関する記述のうち, アクセス透過性を説明したものはどれか。

ア　遠隔地にある資源を,遠隔地での処理方式を知らなくても、手元にある資源と同じ操作で利用できる。

イ　システムの運用及び管理をそれぞれの組織で個別に行うことによって,その組織の実態に合ったサービスを提供することができる。

ウ　集中して処理せずに, データの発生場所やサービスの要求場所で処理することによっ て,通信コストを削減できる。

エ　対等な関係のコンピュータが複数あるので,一部が故障しても他のコンピュータによ る処理が可能となり,システム全体の信頼性を向上させることができる。

","ア 
“あなたの解答:ウ”


分散システムにおけるアクセス透過性とは、地理的に離れた場所にあるシステムにアクセスするときに、そのシステムが遠隔地にあることを意識することなく同一の方法でアクセスできる性質です。
したがって「ア」が適切です。

アクセス透過性
遠隔地の資源にアクセスする際に、同一の方法でアクセスできること

移動透過性
使用中の資源の位置を移動できること

位置透過性
遠隔地の資源にアクセスする際に、データの位置を意識せずにアクセスできること

規模透過性
OSやアプリケーションの構成に影響を与えずにシステムの規模を変更できること

障害透過性
システムや資源の一部の障害によりシステム全体の機能が停止し,処理が中断されることがないこと

複製透過性
資源が複数の位置に複製され配置される場合でも、利用者にはそれらが1つの資源として
見えること

並行透過性
複数のプロセスを並行処理できること
"
467,"DJ-DB-R4

ドキュメンテーションジェネレーターの説明として、 適切なものはどれか。

ア　HTML,CSSなどのリソースを読み込んで,画面などに描画又は表示するソフトウェアである。

イ　ソースコード中にある, フォーマットに従って記述したコメント文などから、プログラムのドキュメントを生成するソフトウェアである。

ウ　動的にWebページを生成するために, 文書のテンプレートと埋込み入力データを合成して出力するソフトウェアである。

エ　文書構造がマーク付けされたテキストファイルを読み込んで、印刷可能なドキュメン トを組版するソフトウェアである。


","【正解】　イ　
“あなたの解答:イ”

Java言語向けのJavadoc、Python向けのSphinx、JavaScript向けの JSDocなどがあります。

ア　HTML, CSSなどのリソースを読み込んで,画面などに描画又は表示するソフトウェア”
Webブラウザの説明です。
イ　“ソースコード中にある, フォーマットに従って記述したコメント文などから,プログラムのド キュメントを生成するソフトウェア”
正しい。 ドキュメンテーションジェネレーターの説明です。

ウ　“動的にWebページを生成するために, 文書のテンプレートと埋込み入力データを合成して出力するソフトウェア”
テンプレートエンジンの説明です。

エ　“文書構造がマーク付けされたテキストファイルを読み込んで,印刷可能なドキュメントを組版するソフトウェア”
TeXの説明です。
"
468,"DJ-DB-R3

CAP定理に関する記述として,適切なものはどれか。

ア　システムの可用性は基本的に高く,サービスは利用可能であるが,整合性については厳密ではない。しかし,最終的には整合性が取れた状態となる。

イ　トランザクション処理は,データの整合性を保証するので,実行結果が矛盾した状態 になることはない。

ウ　複数のトランザクションを並列に処理したときの実行結果と,直列で逐次処理したと きの実行結果は一致する。

エ　分散システムにおいて,整合性,可用性,分断耐性の三つを同時に満たすことはでき ない。
分類

","【正解】　エ 
“あなたの解答:わからん”

CAP定理は、分散処理システムにおいては、一貫性・可用性・分断耐性の3つの特性のうち、最大でも同時に2つまでしか満たすことができないとする定理です。

一貫性 (Consistency)
データの整合性が常に保たれていること

可用性(Availability)
利用したいときに求める分だけ利用できること

分断耐性(Partition Tolerance)
データを複数のサーバに分散して保管していること

💡なりたつ理由（なぜ3つ同時に満たせないのか）
ネットワーク障害（＝分断）が起きたとき、システムは次のどちらかを選ばなければならないからです。
一貫性（C）を保つ → ノード間の通信ができるまで更新を止める → 可用性（A）が失われる
可用性（A）を保つ → どのノードからも即座に応答を返す → データの整合性（一貫性）が崩れる

つまり、ネットワーク分断（P）が起きたときにCとAを同時に維持することが論理的に不可能なので、3つのうち同時に満たせるのは2つだけ、というのがCAP定理の成り立つ理由です。

ア “システムの可用性は基本的に高く,サービスは利用可能であるが, 整合性については厳密ではない。しかし,最終的には整合性が取れた状態となる。
BASE特性の説明です。

イ “トランザクション処理は,データの整合性を保証するので,実行結果が矛盾した状態になることはない。
トランザクションの一貫性(Consistency)の説明です。

ウ “複数のトランザクションを並列に処理したときの実行結果と,直列で逐次処理したときの実行結果は一致する。”
トランザクションの独立性 (Isolation) の説明です。

エ “分散システムにおいて,整合性,可用性,分断耐性の三つを同時に満たすことはできない。
正しい。 CAP定理の説明です。

"
469,"DJ-DB-R3

第1正規形から第5正規形までの正規化に関する記述のうち,適切なものはどれか。

ア　正規形にする分解は全て関数従属性が保存される。

イ　正規形にする分解は全て情報無損失の分解である。

ウ　第3正規形への分解では,情報無損失かつ関数従属性が保存される。

エ　第4正規形から第5正規形への分解は自明な多値従属性が保存される分解である。
","【正解】　ウ

ア“正規形にする分解は全て関数従属性が保存される。
正規化の過程のうち、 関数従属性が保存されるのは第3正規形までです。

イ“正規形にする分解は全て情報無損失の分解である。”
情報無損失分解とは、1つの表を複数に分解した際に、その分解された表同士を自然結合することで元表を過不足なく復元できる特性のことを言います。正規化の理論に則って行われる分解は全て情報無損失分解です。しかし、正しい手順に従わずむやみに分解した場合には、たとえ分解後の各表が正規形の条件を満たしていたとしても情報損失分解となってしまうことがあります。

ウ “第3正規形への分解では,情報無損失かつ関数従属性が保存される。
正しい。下表のように、第3正規形までは情報無損失かつ関数従属性保存の分解ができます。

エ“第4正規形から第5正規形への分解は自明な多値従属性が保存される分解である。'
第4正規形から第5正規形への分解では自明な多値従属性が保存されません。

"
470,"DJ-DB-R3

関数従属性 多值従属性 結合従属性 情報無損失 それぞれの意味を非常に簡単にわかりやすく述べよ。
","① 関数従属性（Functional Dependency）
ある属性の値が決まると、他の属性の値も一意に決まる関係。
👉 例：「学籍番号 → 学生名」

② 多値従属性（Multivalued Dependency）
ある属性が決まると、他の属性の複数の値の集合が決まる関係。
👉 例：「学生 → 取得科目の集合」

③ 結合従属性（Join Dependency）
表をいくつかに分けても、結合（JOIN）すれば元の表に正しく戻せるという性質。

④ 情報無損失（Lossless Join）
分割した表を結合したときに、データが欠けたり重複したりせず、元の情報を完全に復元できること。

簡単に言うと、

関数従属性：1つ決まればもう1つも決まる
多値従属性：1つ決まれば複数の値の集まりが決まる
結合従属性：分けても結合で戻せる
情報無損失：分けても情報が失われない

"
471,"DJ-DB-R3

関係R(A,B,C)の候補キーが{A, B}と{A, C}であり,{A,B}→C及びC→Bの関数従属性があるとき,関係Rはどこまでの正規形の条件を満足しているか。

ア　第1正規形

イ　第2正規形

ウ　第3正規形

エ　ボイス・コッド正規形
","【正解】　ウ 
“あなたの解答:イ”

各正規形は以下の条件を満たします。
第1正規形
すべての属性値が単一値である

第2正規形
第1正規形を満たし、かつ、主キーの一部に関数従属する非キー属性が存在しない

第3正規形
第2正規形を満たし、かつ、主キーの一部に推移的に関数従属する非キー属性が存在しな い

ボイスコッド正規形
第3正規形を満たし、かつ、候補キーでない属性から候補キーの一部への関数従属が存在しない

関係Rには部分従属性も推移的関数従属性もないので第3正規形の条件を満たしていますが、候補キー{A, B}について、候補キーでない属性Cから候補キーの一部である属性Bへの関数従属性があるため、ボイス・コッド正規形ではありません。したがって、関係Rは第3 正規形ということになります。
関係Rをボイス・コッド正規形にすると、関係 (A, C)と関係(C, B)の2つに分解されます。これにより更新時異状を防ぐことができます。

"
472,"DJ-DB-R3

関係データベースにおいて, タプル数nの表二つに対する結合操作を,入れ子ループ法によ って実行する場合の計算量はどれか。

ア　O(log n)

イ　 O(n)

ウ　O(n log n)

エ　O(n^2)

","【正解】　エ

入れ子ループ法(ネストループ法)は、2つの表に含まれる行を1つずつ比較しながら結合を行っていく手法です。 入れ子ループ法の処理の流れは以下のプログラムで表すことができます。

for (t in R)
　for (t' in S)
　　if (t['A']
　　　==
　　　t'['A'])
　end
end

入れ子ループ法における比較回数はR表のタプル数(行数)とS表のタプル数の積になるため、2つの表に存在するタプルがともにn個であれば、計算量は「n x n= n^2 回」に比例することになります。
したがって「ウ」が正解です。
"
473,"DJ-DB-R3

複数台の物理サーバで多数の仮想サーバを提供しているシステムがある。次の条件で運用する場合,物理サーバが8台停止してもリソースの消費を平均80%以内にするには,物理サー バが1台も停止していないときは最低何台必要か。 
ここで, 各物理サーバは同一の性能と同 一のリソースを有しているものとする。

〔条件〕
(1)ある物理サーバが停止すると,その物理サーバ内の全ての仮想サーバを,稼働中の物理サーバに,リソースの消費が均等になるように再配分する。
(2) 物理サーバが1台も停止していないときのリソースの消費は,平均60%である。
(3) その他の条件は考慮しない。

ア　32

イ　34

ウ　36

エ 40
","【正解】　ア　← 小学生の算数が解けない

平常時の物理サーバの台数を N 台とすると、8台停止したときの物理サーバの台数は N-8 台と表すことができます。

N×60% =(N - 8)×80%

となるNを求めればよいので、

0.6N = 0.8N - 6.4
-0.2N = -6.4

N = 32
したがって「ア」が正解です。
"
474,"DJ-DB-R3

ソフトウェアの代表的な6つの品質特性（ISO/IEC 9126で定義）
","1.機能性（Functionality） – 必要な機能を正しく提供できるか

2.信頼性（Reliability） – 安定して誤りなく動作するか

3.使用性（Usability） – 使いやすく理解しやすいか

4.効率性（Efficiency） – 資源や処理時間を無駄なく使えるか

5.保守性（Maintainability） – 修正や改良がしやすいか

6.移植性（Portability） – 他の環境やシステムでも動かしやすいか

👉 これらは国際規格 ISO/IEC 9126（後継はISO/IEC 25010）で定義された、ソフトウェアの基本的な**品質特性（quality characteristics）**です。
"
475,"DJ-DB-R3

ECCメモリとは何か?
","ECCメモリ（Error Checking and Correcting Memory）とは、
メモリ上で起こるデータの誤り（ビットエラー）を自動的に検出し、訂正できる仕組みを持ったメモリのことです。

🔹 ポイントを簡単に言うと：

通常のメモリ（非ECC）は誤りを検出できない。

ECCメモリは1ビットの誤りを自動で修正し、2ビットの誤りを検出できる。

サーバーやワークステーションなど、信頼性が特に重要なシステムで使われる。

✅ まとめ
"
476,"DJ-DB-R3

W3Cで勧告されている, Indexed Database APIに関する記述として,適切なものはどれか。

ア　Javaのアプリケーションプログラムからデータベースにアクセスするための標準的 なAPIが定義されている。

イ　SQL文をホストプログラムに埋め込むためのAPIが定義されている。

ウ　Webブラウザ用のストレージの機能として, トランザクション処理のAPIが定義されている。

エ　データベースに対する一連の手続きをDBMSに格納し、呼び出すAPIが定義されている。

","【正解】　ウ 
“あなたの解答:エ”

Indexed Database API(IndexedDB)は、利用者のWebブラウザ内に永続的なデータベー スを構築し、Webアプリケーションから利用するための一連のAPI仕様で、HTML5で追加されました。IndexedDBでは、キーと値の組を格納し、キーに基づいてインデックス化さ れたオブジェクトを保存・取得・更新・削除することができるほか、トランザクション処理、カーソル処理なども定義されています。 関係データベースではないので、SQLによる問 い合わせは使用しません。

ア “Javaのアプリケーションプログラムからデータベースにアクセスするための標準的なAPIが定義されている。
JDBC(Java Database Connectivity)の説明です。

イ “SQL文をホストプログラムに埋め込むためのAPIが定義されている。
埋込みSQL文の説明です。

ウ　“Webブラウザ用のストレージの機能として, トランザクション処理のAPIが定義されている。
正しい。 IndexedDBの説明です。

エ “データベースに対する一連の手続きをDBMSに格納し、呼び出すAPIが定義されている。
 ストアドプロシージャの説明です。


"
477,"DJ-DB-R3

属性がn個である関係の異なる射影は幾つあるか。ここで,射影の個数には,元の関係と同じ結果となる射影,及び属性を全く含まない射影を含めるものとする。

ア　2n

イ　2^n

ウ　log2n

エ　n
","【正解】　イ

射影は、関係の中から指定した属性を取り出す操作です。
それぞれの属性に対して「取り出す」 or 「取り出さない」という2通りの可能性が考えられるので、n個の属性が存在する表では「2^n通り」の異なる射影の組合せがあります。例えば、3つの属性で構成される関係の場合には、 n = 3 ですから組合せは 「2^3=2×2×2=8通
り」となります。

🔹補足
n	射影の数	例
1	2	{A}, {}
2	4	{A,B}, {A}, {B}, {}
3	8	{A,B,C}, {A,B}, {A,C}, {B,C}, {A}, {B}, {C}, {}

💡ポイント：
射影は「列（属性）の部分集合」を選ぶ操作なので、
射影の数 = 属性集合の部分集合の数 = 2^𝑛 となります。
"
478,"DJ-DB-R3

多版同時実行制御(MVCC)の特徴のうち,適切なものはどれか。

ア　アプリケーションプログラムからデータに対する明示的なロックをかけることができ ない。

イ　データアクセスの対象となる版をアプリケーションプログラムが指定する必要がある。

ウ　データ書込みに対して新しい版を生成し, 同時にデータ読取りが実行されるときの排他制御による待ちを回避する。

エ　デッドロックは発生しない。
","【正解】　ウ　

多版同時実行制御(MVCC:MultiVersion Concurrency Control)は、トランザクションからの読書き要求に対して、ランザクション開始時点における同じデータのスナップショット (版、version) を提供するというアプローチにより、トランザクションの同時実行制御を行う仕組みです。
単版の2相ロックでは、専有ロック中のデータに対する参照はできず、共有ロック中のデータに対する更新はできません。この際、ロックの解除を待たなければならないことがトランザクションの同時実行における制約となっています。

多版同時実行制御では、各トランザクションが開始した時点におけるデータ項目の内容を「版」として保持しておき、並列実行されるトランザクションに対してこの「版」を提供し ます。これにより、読込みのロックと書込みのロックが競合することがなくなり、トランザクションの一貫性を保ったまま同時実行性を向上させます。

ア “アプリケーションプログラムからデータに対する明示的なロックをかけることができない。
多版同時実行制御は、ロック方式と組み合わせて使用することも可能です。データ書込みが競合したときには、ロックを獲得するようになっているDBMSがほとんどです。

イ “データアクセスの対象となる版をアプリケーションプログラムが指定する必要がある。” 
DBMSが自動的に新しい版を生成し、維持管理するので、アプリケーションプログラムが指定する必要はありません。

ウ “データ書込みに対して新しい版を生成し,同時にデータ読取りが実行されるときの排他制御による待ちを回避する。
正しい。多版同時実行制御(MVCC)では、書込み要求があったデータについて、別のトランザクションからデータ読取りをすることが可能です。

エ “デッドロックは発生しない。
同一のデータに対するデータ書込みが競合した場合には、新しい版が提供されることはなくデータのロックにより排他制御を行います。よって、ロック獲得の順序によってはデッドロックが発生することがあります。

"
479,"DJ-DB-R3

RDBMSのロックに関する記述のうち,適切なものはどれか。ここで,X,Yはトランザクシ ョンとする。

ア　XがA表内の特定行aに対して共有ロックを獲得しているときは, YはA表内の別の特 定行bに対して専有ロックを獲得することができない。

イ　XがA表内の特定行aに対して共有ロックを獲得しているときは,YはA表に対して専 有ロックを獲得することができない。

ウ　XがA表に対して共有ロックを獲得しているときでも, YはA表に対して専有ロックを 獲得することができる。

エ　 XがA表に対して専有ロックを獲得しているときでも,YはA表内の特定行aに対して専有ロックを獲得することができる。

","【正解】　イ
 “あなたの解答:ウ”

共有ロック
データを読込むときに使うロックで、資源がこの状態の場合は他のトランザクションによる更新処理ができなくなる(読込みは可能)。

専有ロック
データを更新するときに使うロックで、資源がこの状態の場合は他のトランザクションによる読込みや更新ができなくなる。

　　　　　　　　共有ロック　　　専有ロック
共有ロック　　　　　〇　　　　　　　×
専有ロック　　　　　×　　　　　　　×

ア “XがA表内の特定行aに対して共有ロックを獲得しているときは,YはA表内の別の特定行bに対し
て専有ロックを獲得することができない。
共有ロックが掛けられているのは行aなので、それとは別の行bに対する専有ロックは獲得可能です。

イ“XがA表内の特定行aに対して共有ロックを獲得しているときは,YはA表に対して専有ロックを獲得することができない。
正しい。共有ロックが掛けられている行aは表Aの一部なので、表A全体に対する専有口ックは獲得できません。

ウ “XがA表に対して共有ロックを獲得しているときでも,YはA表に対して専有ロックを獲得することができる。
共有ロックが掛けられている資源に対して、他のトランザクションが獲得可能なのは共有ロックのみです。

エ “XがA表に対して専有ロックを獲得しているときでも,YはA表内の特定行aに対して専有ロックを獲得することができる。”
A表には専有ロックが掛けられているので、A表の一部である行aに対するロックは獲得できません。
"
480,"DJ-DB-R3

ビッグデータ処理基盤に利用され, オープンソースソフトウェアの一つであるApache Spar kの特徴はどれか。

ア　MapReduceの考え方に基づいたバッチ処理に特化している。

イ　RDD（Resilient Distributed Dataset) と呼ばれるデータ集合に対して変換を行う。

ウ　 パブリッシュ/サブスクライブ (Publish/Subscribe)型のメッセージングモデルを採 用している。

エ　マスタノードをもたないキーバリューストアである。

","【正解】　イ

Apache Sparkは、大量のデータに対する並列分散処理機能(並列性・耐障害性)を提供するオープンソースソフトウェアで、ビッグデータの活用を支えるフレームワークとして注目されています。

Apache Sparkではデータを抽象的に扱うためRDD (Resilient Distributed Dataset)と呼ばれるデータ構造が用意され、このRDDに対して処理を記述していきます。

ア “MapReduceの考え方に基づいたバッチ処理に特化している。
Apache Hadoopの説明です。

イ “RDD (Resilient Distributed Dataset) と呼ばれるデータ集合に対して変換を行う。 正しい。 Apache Sparkの説明です。

ウ “パブリッシュ/サブスクライブ (Publish/Subscribe)型のメッセージングモデルを採用してい る。”
MQTT(Message Queue Telemetry Transport)の説明です。

エ　“マスタノードをもたないキーバリューストアである。
分散型KVSであるApache Accumuloの説明です。

"
481,"DJ-DB-R2

FULL OUTER JOIN と UNION
","FULL OUTER JOIN
テーブルを横に結合する（列をつなげる）
結合条件（ON）が必要
両方のテーブルの全行を含む（不一致はNULL補完）
重複は残る
用途：関連するデータを左右でマージする

UNION
テーブルを縦に結合する（行を追加する）
結合条件は不要（列構造が同じならOK）
両方のテーブルの行をまとめる
UNIONは重複削除、UNION ALLは重複を残す
用途：同じ構造のデータをまとめる
"
482,"DJ-DB-R2

意味は？

ア：COALESCE

イ：DISTINCT

ウ：NULLIF

エ：UNIQUE
","ア：COALESCE
→ NULLなら代わりの値を返す。
例：COALESCE(a, 0) = aがNULLなら0を返す。

イ：DISTINCT
→ 重複を消す。
例：SELECT DISTINCT name = 同じ名前を1回だけ表示。

ウ：NULLIF
→ 2つの値が同じならNULLを返す、違えば1つ目を返す。
例：NULLIF(a, b) → aとbが同じならNULL。

H：UNIQUE
→ 列の値が重複しないよう制約をつける。
例：UNIQUE (email) = 同じメールアドレスを登録できない。
"
483,"DJ-DB-R2

COALESCEの語源
","「COALESCE」（コアレス）は、英語では日常的にはあまり使われませんが、
ラテン語 coalescere（「一緒に成長する」）を語源とする言葉です。

🔤 英語としての本来の意味
coalesce は動詞で、以下のような意味を持ちます：
to come together to form one mass or whole
（一つにまとまる、融合する、合体する）

💻 SQLでの意味とのつながり
SQLの COALESCE() 関数は、
「複数の値を“ひとつ”にまとめる」機能を持っています（NULLを除いて最初の値を返す）。
つまり：

NULLでない最初の値に“まとまる”
→ 「複数の候補から一つに融合する」という意味で、
英語の本来の意味 “to come together as one” と対応しています。

🪶まとめ
英語本来の意味	一体化する、融合する、合流する
SQL関数の意味	複数の値から1つを選び「まとまる」
"
484,"DJ-DB-R2

OLAPによって、商品の販売状況分析を商品軸, 販売チャネル軸, 時間軸,顧客タイプ軸で行う。データ集計の観点を, 商品, 販売チャネルごとから、商品, 顧客タイプごとに切り替 える操作はどれか。

ア　ダイス

イ　データクレンジング

ウ　ドリルダウン

エ　ロールアップ
","【正解】　ア
“あなたの解答:ア”

ア“ダイス”
正しい。 ダイスとはサイコロのことで、 多次元データベースの中から縦軸と横軸を指定して2次元の表にする操作を指します。 3次元であるサイコロを振ると見えている面が変 わるように、縦横の項目を変えて多次元データのまったく違う面を表にする機能のことです。

イ “データクレンジング""
データクレンジングは、様々な形式で蓄積されている生データに対して、データ形式の統一、欠損値の補完、単位の統一、異常値の処理などの処理を行い、横断的な解析ができるように整える作業です。

ウ “ドリルダウン”
ドリルダウンは、多次元データベースにおいて、詳細に展開する操作を指します。 (例 :四半期集計データから月集計データに移ること)

エ“ロールアップ”
ロールアップは、多次元データベースにおいて、集計レベルを高くする操作を指します。(例:集計単位を1カ月から1年へ)
ドリルダウンとは逆方向の操作なので、ドリルアップとも呼ばれます。
"
485,"DJ-DB-R2

NoSQL のうち, データ構造はキーに対して一つの値をもつデータモデルであり, データ間 は疎結合で分散して配置しやすい特徴をもつものはどれか。

ア　キーバリューストア

イ　グラフデータベース

ウ　文書データストア

エ　ワイドカラムデータストア
","【正解】　ア

ア “キーバリューストア”
正しい。キーバリューストアはキーとそのキーに対応する1つの値という単純な構造
で、データを保持する方式です。

イ “グラフデータベース”
グラフデータベースは、各レコードが他のレコードへの関係性を持つようなデータを格納します。各データは独立しておらず、 密結合です。

ウ “文書データストア”
文書データストアでは、キーバリューストアと同様にデータをキーと値の単位で格納し ますが、1つのキーに対する値は複数の場合があります。

エ　“ワイドカラムデータストア”
ワイドカラムデータストアでは、キーバリューストアと同様にデータをキーと値の単位で格納しますが、 1つのキーに対する値は複数の場合があります。
"
486,"DJ-DB-R2

同時実行制御の手法の一種である楽観的制御法に関する記述として,適切なものはどれか。

ア　データに対して順序付けを行い,その順序に従ってロックを掛ける。

イ　データに対してのロックは行わずに,更新対象のデータが他のトランザクションと競 合がなかったことを確認してからコミットを行う。

ウ　分散データベースシステムにおいて,コミット可否の問合せをした上で,コミット指 示を行う。

エ　ロックが増加していく成長フェーズである第1相と, ロックが減少していく縮退フェ ーズである第2相の2相制御を行
","【正解】　イ

ア “データに対して順序付けを行い,その順序に従ってロックを掛ける。
デッドロックを避けるためのロックの順序付けについての記述です。

イ“データに対してのロックは行わずに,更新対象のデータが他のトランザクションと競合がなかったことを確認してからコミットを行う。
正しい。同時実行制御における楽観的制御法とは、データに対してのロックを行わず、更新対象のデー
タをあらかじめ取得しておき、更新直前までに変化していないことを確 認することにより、データの整合性を保証する方法です。同時実行されるトランザクシ ョン間でデータの干渉が少ないときに有効な方法となり得ます。

ウ “分散データベースシステムにおいて,コミット可否の問合せをした上で,コミット指示を行う。’
2相コミットメントについての記述です。

エ “ロックが増加していく成長フェーズである第1相と, ロックが減少していく縮退フェーズである 第2相の2相制御を行う。
2相ロッキングプロトコルについての記述です。
"
487,"DJ-DB-R2

ビッグデータの処理に使用されるCEP(複合イベント処理)に関する記述として,適切なもの はどれか。

ア　多次元データベースを構築することによって,集計及び分析を行う方式である。

イ　データ更新時に更新前のデータを保持することによって,同時実行制御を行う方式で ある。

ウ　分散データベースシステムにおけるトランザクションを実現する方式である。

エ　連続して発生するデータに対し、 あらかじめ規定した条件に合致する場合に実行され る処理を実装する方式である。
","【正解】　エ

CEP(Complex Event Processing : 複合イベント処理)は、刻々と発生する膨大なデータをリアルタイムで解析し、条件に合致したものだけを処理する技術の総称です。データに対す る処理条件や分析シナリオを事前に定義しておき、それに合致した場合に決められたアクシ ョンを即座に実行する仕組みです。

ア“多次元データベースを構築することによって,集計及び分析を行う方式である。'
OLAP (Online Analytical Processing) の説明です。

イ“データ更新時に更新前のデータを保持することによって,同時実行制御を行う方式である。楽観的排他制御の説明です。ロックをする代わりに更新前のデータを取得しておき、更新時にデータが取得時と同じであるときにだけ更新を行います。

ウ “分散データベースシステムにおけるトランザクションを実現する方式である。'
2相コミットなどの実行制御方式が該当します。

エ“連続して発生するデータに対し、あらかじめ規定した条件に合致する場合に実行される処理を実装する方式である。""
正しい。 CEP(複合イベント処理)の説明です。
"
488,"DJ-DB-R2

「DiskHeartBeat（ディスクハートビート）」とは
","「DiskHeartBeat（ディスクハートビート）」とは、主に クラスタ構成（クラスタリング）システムにおいて使用されるノード間の生存確認（ハートビート）をディスク経由で行う仕組みのことです。

🔹 仕組み
各ノードがアクセス可能な 共有ディスク（共通ストレージ） を用意します。
各ノードは一定間隔でディスク上の特定の領域に「自分の生存情報（タイムスタンプなど）」を書き込みます。
他のノードはその領域を監視し、書き込みが更新されているかを確認します。
更新されていれば「ノードは生きている」
更新が止まっていれば「ノードが停止した」と判断
"
489,"DJ-DB-R2

分散型DBMSにおいて、二つのデータベースサイトの表で結合を行う場合,どちらか一方の表をもう一方のデータベースサイトに送る必要がある。その際、表の結合に必要な列値だけ を送り、結合に成功した結果を元のデータベースサイトに転送して、 最終的な結合を行う方 式はどれか。

ア　入れ子ループ法

イ　セミジョイン法

ウ　ハッシュセミジョイン法

エ　マージジョイン法
","【正解】　イ

セミジョイン法 (準結合演算法) は、分散型データベース演算に特有の転送コストを少なくするための結合手法です。各サイトに別々に保存されている表同士で結合演算を行う際に、他方のサイトへ結合に必要な属性だけを送り、演算結果だけを送り返してもらうことで転送するデータ量を最小限に抑えます。

ア “入れ子ループ法”
入れ子ループ法 (ネストループ法) は、 基準となる表の各レコードごとに他方の表の全レコードとの比較をして結合していく手法です。分散サイト間の結合演算ではどちらか片方の表全体を他方へ送る必要があるため転送コストは軽減されません。

イ“セミジョイン法”
正しい。

ウ “ハッシュセミジョイン法”
ハッシュセミジョイン法は、セミジョイン法にハッシュ結合を組み合わせた手法です。セミジョイン法と異なる点は、相手に結合属性の値をそのまま送るのではなく結合属性の値の「ハッシュ値」を送ることです。ハッシュ値を受け取ったサイトはハッシュ結合法を用いて高速に結合処理を行います。設問にはハッシュ値ではなく「属性だけを送り...」とあるので誤りです。

エ “マージジョイン法”
マージジョイン法は、ソートされた属性の値を先頭から突き合わせて効率的に結合していく手法です。分散サイト間の結合演算ではどちらか片方の表全体をソートして他方へ送る必要があるため転送コストは軽減されません。
"
490,"DJ-DB-R2

""社員""表から, 男女それぞれの最年長社員を除く全ての社員を取り出すSQL文とするために,aに入れる字句はどれか。ここで, ""社員""表の構造は次のとおりであり、実線の下線は 主キーを表す。

社員(社員番号,社員名,性別, 生年月日)

SELECT 社員番号, 社員名
FROM 社員 AS S1
WHERE 生年月日 > (a ）

ア　SELECT MIN (生年月日) FROM 社員 AS S2 GROUP BY S2. 性別

イ　SELECT MIN (生年月日) FROM 社員 AS S2
WHERE S1. 生年月日 > S2. 生年月日 OR S1. 性別=S2. 性別

ウ　SELECT MIN (生年月日) FROM 社員 AS S2
WHERE S1. 性別=S2.性別

エ　SELECT MIN (生年月日) FROM 社員
GROUP BY S2. 性別
","【正解】　ウ
“あなたの解答:イ”　← S1はメインクエリに書いてあった。まだ SQL をうまく読めていない。

ア	SELECT MIN(生年月日) FROM 社員 AS S2 GROUP BY S2.性別	
サブクエリが複数行返る（GROUP BYあり）。> 比較できない。 ❌

イ	条件が意味不明。「性別または生年月日比較」混ざっていて論理破綻。 ❌	　← ANDではなくORになっている。

ウ	WHERE S1.性別 = S2.性別 の中で MIN(生年月日) を求める。→ 同性別内の最年長と比較可能。 ✅	

エ	GROUP BY S2.性別 だが S2 の別名未定義 (FROM 社員 しかない)。構文誤り。 ❌	
"
491,"DJ-DB-R2

BASE特性を満たし、次の特徴をもつNoSQLデータベースシステムに関する記述のうち,適切なものはどれか。

〔NoSQLデータベースシステムの特徴〕
・ネットワーク上に分散した複数のノードから構成される。
・一つのノードでデータを更新した後、他の全てのノードにその更新を反映する。

ア　クライアントからの更新要求を2相コミットによって全てのノードに反映する。

イ　データの更新結果は、システムに障害がなければ、いつかは全てのノードに反映される。

ウ　同一の主キーの値による同時の参照要求に対し、全てのノードは同じ結果を返す。

エ　ノード間のネットワークが分断されると,クライアントからの処理要求
","【正解】　イ
“あなたの解答:工”

BASE特性は、ACID特性と同様にデータベースの一貫性モデルであり、厳密な一貫性を要求せず結果整合性を保証する考え方です。BASE特性の概念は、クラウド上でビッグデータを扱うNoSQLのトランザクションに取り入れられています。

""BASE""は以下の3特性の頭文字です。
•BA (Basically Available) 基本的に利用可能である(可用性優先)

•S (Soft State) 柔軟な状態 (厳密な状態を要求しない)

•E (Eventually Consistent) 結果整合性を保証する

ア “クライアントからの更新要求を2相コミットによって全てのノードに反映する。
RDBMSでの2相コミットではデータが常に整合性を満たしますが、NoSQL データベー スでは必ずしもそうとは限りません。

イ “データの更新結果は,システムに障害がなければ,いつかは全てのノードに反映される。” 
正しい。NoSQL データベースではデータの更新結果は直ちにすべてのノードに反映されるわけではありません。システムに障害がなければ、最終的にはすべてのノードに反映されます(結果整合性)。

ウ　“同一の主キーの値による同時の参照要求に対し、全てのノードは同じ結果を返す。”
NoSQLデータベースでは、データの更新結果が直ちにすべてのノードに反映されるわけではないため、同一の主キーの値による同時の参照要求に対して、 ノードによって異 なる結果を返すことがあります。

エ “ノード間のネットワークが分断されると, クライアントからの処理要求を受け付けなくなる。 NoSQLデータベースでは、ノード間のネットワークが分断されてもデータベースの利用は可能です(可用性優先)。

NoSQL = ""Not Only SQL""（SQLだけじゃない）
もともとは「SQLを使わない」という意味でしたが、今では「リレーショナル以外の柔軟なデータ管理を行うデータベース群」を指す言葉として使われています。
"
492,"DJ-DB-R2

電気泳動型電子ペーパーの説明として、適切なものはどれか。

ア　デバイスに印加した電圧によって,光の透過状態を変化させて表示する。

イ　電圧を印加した電極に,着色した帯電粒子を集めて表示する。

ウ　電圧をかけると発光する薄膜デバイスを用いて表示する。

エ　半導体デバイス上に作成した微小な鏡の向きを変えて,反射することによって表示する。

","イ 
“あなたの解答:イ”

ア “デバイスに印加した電圧によって,光の透過状態を変化させて表示する。
液晶ディスプレイの説明です。

イ　“電圧を印加した電極に,着色した帯電粒子を集めて表示する。正しい。電気泳動型電子ペーパーの説明です。

ウ　“電圧をかけると発光する薄膜デバイスを用いて表示する。
有機ELディスプレイの説明です。

エ　“半導体デバイス上に作成した微小な鏡の向きを変えて, 反射することによって表示する。
MEMS(Micro Electro Mechanical Systems) ディスプレイの説明です。
"
493,"DJ-DB-R2

ユースケース駆動開発の利点はどれか。

ア　開発を反復するので、新しい要求やビジネス目標の変化に柔軟に対応しやすい。

イ　開発を反復するので, リスクが高い部分に対して初期段階で対処しやすく、プロジェクト全体のリスクを減らすことができる。

ウ　基本となるアーキテクチャをプロジェクトの初期に決定するので, コンポーネントを再利用しやすくなる。

エ　ひとまとまりの要件を1単位として設計からテストまで実施するので,要件ごとに開 発状況が把握できる。


","【正解】　エ
“あなたの解答:工”

ユースケース駆動開発は、システムが実現する機能を適切な単位のユースケース(利用者から見たシステムの振る舞いを記述したもの)に分割し、ユースケースを開発の基点にして要求分析から実装までのすべての全工程をユースケース単位で進める開発手法です。分析、設 計、実装、テストの各工程の成果物がユースケースごとに作成されますから、要件ごとの開発状況を把握することが可能となります。
したがって「エ」が適切です。

ア　“開発を反復するので,新しい要求やビジネス目標の変化に柔軟に対応しやすい。
反復型開発の利点です。

イ　“開発を反復するので,リスクが高い部分に対して初期段階で対処しやすく、プロジェクト全体のリスクを減らすことができる。
リスク駆動開発の利点です。

ウ　“基本となるアーキテクチャをプロジェクトの初期に決定するので, コンポーネントを再利用しやすくなる。”
アーキテクチャ中心の利点です。

エ　“ひとまとまりの要件を1単位として設計からテストまで実施するので、要件ごとに開発状況が把握できる。 ”
正しい。ユースケース駆動開発の利点です。
"
494,"DJ-DB-R2

SQLトランザクション内で変更を部分的に取り消すために設定するものはどれか。

ア　コミットポイント

イ　セーブポイント

ウ　制約モード

エ　チェックポイント
","【正解】　イ 
“あなたの解答:工”

ア　“コミットポイント”
コミットポイントは、1つのトランザクションにおいて1回でコミットするのではなく、一定の件数の処理ごとにコミットする機能です。

イ　“セーブポイント”
正しい。セーブポイントは長いトランザクションの途中で、マーキングをし途中からの処理を取り消すのに使用されます。SQLではSAVEPOINT文を用いて名前を付け、その部分までロールバックすることができます。

ウ　“制約モード”
制約モードは、検査制約や参照制約などの制約条件をチェックするかどうか、どのタイミングで行うかを設定する機能です。

エ　“チェックポイント”
チェックポイントは、データベースの変更をハードディスクなどのストレージに書き込むタイミングです。

"
495,"DJ-DB-R2

では、3つを短く・分かりやすく並べるとこうなります
","セーブポイント	トランザクション途中の一時保存点	部分的に戻れる（ロールバック用）

コミットポイント	トランザクションの確定点	変更を確定（もう戻せない）

チェックポイント	データベース全体の書き出し点	メモリの内容をディスクに保存（障害復旧用）
"
496,"DJ-DB-R2

制約モードの2種類
","即時モード（IMMEDIATE）	各SQL文を実行した時点で制約をチェック。違反があればすぐにエラー。	各文の実行直後

遅延モード（DEFERRED）	トランザクションの最後（コミット時）まで制約チェックを遅らせる。途中で一時的に違反していてもOK。	コミット時
"
497,"DJ-DB-R2

DBMSが取得するログに関する記述として、 適切なものはどれか。

ア　トランザクションの取消しに備えて, データベースの更新されたページに対する更新後情報を取得する。

イ　媒体障害からの復旧に備えて, データベースの更新されたページに対する更新前情報を取得する。

ウ　ロールバック後のトランザクション再実行に備えて, データベースの更新されたペー ジに対する更新後情報を取得する。

エ　ロールフォワードに備えて, データベースの更新されたページに対する更新後情報を 取得する。
","【正解】　エ

ア “トランザクションの取消しに備えて,データベースの更新されたページに対する更新後情報を取得する。
トランザクションが取り消されるとロールバックが行われます。この際、データベースをトランザクション開始前の状態に戻すために更新前情報が使用されます。したがって誤りです。

イ “媒体障害からの復旧に備えて, データベースの更新されたページに対する更新前情報を取得する。”
媒体障害が発生した場合は、新しい媒体にバックアップファイルを適用した後、更新後情報を使用してデータベースにトランザクションの更新内容を反映することで障害発生直前の状態に回復させます。したがって誤りです。

ウ “ロールバック後のトランザクション再実行に備えて,データベースの更新されたページに対する更新後情報を取得する。
トランザクションの再実行が、ロールバックされたトランザクションのログを使用して行われることはないため誤りです。

エ “ロールフォワードに備えて, データベースの更新されたページに対する更新後情報を取得する。”
正しい。ロールフォワードは、前進復帰と訳されシステム障害・媒体障害が起こったときに行われる回復処理です。更新後情報を用いて今まで処理したトランザクションを再現しデータベース情報を障害直前状態まで復帰させます。
"
498,"DJ-DB-R2

関係代数における直積に関する記述として、 適切なものはどれか。

ア　ある属性の値に付加した条件を満たす全てのタプルの集合である。

イ　ある一つの関係の指定された属性だけを残して,ほかの属性を取り去って得られる属性の集合である。

ウ　二つの関係における,あらかじめ指定されている二つの属性の2項関係を満たす全てのタプルの組合せの集合である。

エ　二つの関係における, 全てのタプルの組合せの集合である。
","イ “あなたの解答:イ”

直積は、2つの関係(表)に含まれる要素のすべての組合せを得る集合演算です。直積で得られる集合のタプル数は、両方の関係のタプル数の積になります(下の例でいえば3×2=6)。

SELECT DISTINCT TBL1.COL1 FROM TBL1
WHERE COL1 IN (SELECT COL1 FROM TBL2)

ア “ある属性の値を条件に付加し,その条件を満たす全てのタプルの集合である。'
条件を指定し表から行(タプル)を抽出する""選択""の説明です。

イ “ある一つの関係の指定された属性だけを残して,ほかの属性を取り去って得られる属性の集合である。”
表から指定した列 (属性)だけを抽出する""射影""の説明です。

ウ “二つの関係における,あらかじめ指定されている二つの属性の2項関係を満たす全てのタプルの 組合せの集合である。 ""
""結合""の説明です。

エ “二つの関係における, 全てのタプルの組合せの集合である。
正しい。 ""直積""の説明です。

"
499,"DJ-DB-H31

射影と選択
","✅まとめ

写影（projection） ＝ 列を選ぶ操作

選択（selection） ＝ 行を選ぶ操作

SQL の SELECT 文 はこの両方（列選択＋行選択）を一緒に行える構文
"
500,"DJ-DB-H31

以下は何か？

ダーティリード

ノンリピータブルリード/ファジーリード

ファントムリード

","ダーティリード
他のトランザクションが更新したコミット前の値 (ダーティデータ)を読み、その後更新処理を行ったトランザクションがロールバックされると、存在しない値を読み込んだことになってしまう異常

ノンリピータブルリード/ファジーリード
同じトランザクションで複数回の読込みを行ったとき、読込む度に値が変わってしまう異常。2回の読込みの間に、別のトランザクションがそのデータを更新したことが原因で発 生する

ファントムリード
同じトランザクションで複数回の読込みを行ったとき、前回は存在しなかった行が現れる異常。2回の読込みの間に、別のトランザクションがテーブルに行を挿入したことが原因で発生する
"
501,"DJ-DB-H31

Webシステムの負荷分散技術の一つである, ロードバランサー方式の特徴として,最も適切なものはどれか。

ア　Webブラウザのキャッシュ機能によって負荷が均等に分散しない場合がある。

イ　接続されたサーバの死活状態をロードバランサーは考慮せずに選択する。

ウ　複数のサーバそれぞれにグローバルIPアドレスの固定割当てが必要になる。

エ　ヘルスチェックに失敗しているサーバをロードバランサーは選択しない。

","【正解】　エ
“あなたの解答:イ”

ア “Webブラウザのキャッシュ機能によって負荷が均等に分散しない場合がある。
Webブラウザのキャッシュは、以前に取得したコンテンツをWebシステムへのアクセスなしに再使用する仕組みです。Webシステムへのアクセスは発生しないので負荷分散とは無関係です。

イ “接続されたサーバの死活状態をロードバランサーは考慮せずに選択する。
ロードバランサーは、振分け先サーバの死活監視 (ヘルスチェック) を常時行っています。サーバの障害を検出した場合には、自動的に当該サーバを振分け対象から除外します。

ウ “複数のサーバそれぞれにグローバルIPアドレスの固定割当てが必要になる。
ロードバランサーを使用したWebシステムでは、外部からのアクセスを一度ロードバランサーに集め、 ロードバランサーがクライアント情報をもとに適切なサーバに振り分けることになります。このためグローバルIPアドレスはロードバランサーに設定します。外部からWebサーバに直接アクセスすることはないので、サーバはプライベートIPアドレスでも問題ありません。

エ “ヘルスチェックに失敗しているサーバをロードバランサーは選択しない。
正しい。 ヘルスチェックとは、ロードバランサー等がサーバの稼働状態をチェックすることです。定期的に ICMP echo や TCP コネクション要求又は HTTP リクエストを送信し、適切な応答が返ってくるかどうかでサーバの稼働状態を確認します。
ヘルスチェックに失敗(サーバから反応が返ってこない)場合は、サーバに障害が発生したと判断して、そのサーバへの振分けを止めます。
"
502,"DJ-DB-H31

SOAにおいて,異なるアプリケーションソフトウェアやコンポーネントの間でのデータのや り取りを行うために,データ形式の変換, データの振り分け, 非同期連携などの機能を実現するものはどれか。

ア　BPEL

イ　BPMN

ウ　ESB

エ　SOAP
","【正解】　ウ

ア“BPEL”
Business Process Execution Languageの略。複数のWebサービスを呼出し、実行する手順を結び合わせて一連の複雑なビジネスプロセスとして記述するための言語です。

イ “BPMN”
Business Process Modeling Notationの略で、ビジネスプロセスモデリング表記法のこと。ビジネスプロセスをワークフローとして視覚的に表現するための手法です。11個 の基本要素を用いた統一的な表記法を用いることで関係者間の隔たりを埋めることを目 的としています。

ウ “ESB""
正しい。 ESB(Enterprise Service Bus) は、SOA(サービス指向アーキテクチャ)を支えるミドルウェアで、SOA のサービスコンポーネント同士をバス型のトポロジーで接続します。ESBは、内部で様々な形式やプロトコルのメッセージの相互変換、データのルーティング、非同期連携などを行い、様々なアプリケーションの統合を支援します。

エ “SOAP”
Simple Object Access Protocolの略。ソフトウェア同士がメッセージを交換する遠隔手続き呼び出し(RPC)のためのプロトコルです。汎用なデータ形式であるXMLに基づいて記述されます。
"
503,"DJ-DB-H31

データベース分野でいう CEP（Complex Event Processing） 
","CEP は「複雑イベント処理」と訳されます。
センサー、ログ、取引、クリックなど、連続的に発生するデータ（イベントストリーム） をリアルタイムに処理し、意味のある事象を検出します。

🧩 例で説明
たとえば、株式取引システムで：
ある銘柄の価格が 1 分以内に 5% 以上下落した
さらに取引量が急増した
この「複数の条件が短時間に連続して起こる」ことを検出したい場合、
単純な SQL では難しいですが、CEP なら ストリーム上で条件を定義して即座に検知 できます。

🔹 CEP の主な特徴
特徴	内容
リアルタイム性	データが入ると即座に処理される
連続的なクエリ	1 回実行ではなく、常に動作するクエリ（continuous query）
イベントパターン検出	複数のイベントの組み合わせや順序関係を検出可能
時間的な条件指定	「1 分以内」「直近 5 イベント内」などの時間条件を扱える

🔹 SQL との関係
普通のデータベースでは「静的なデータ」に対して SQL を発行しますが、
CEP では「流れてくるデータ」に対して 連続的に評価される SQL風クエリ（Continuous Query） を使います。

たとえば：

SELECT symbol, avg(price) 
FROM StockStream 
WINDOW time(1 min)
GROUP BY symbol
HAVING avg(price) > 100;
これは「1分間の平均株価が100を超えた銘柄をリアルタイムに検出する」クエリです。

🔹 利用例
金融取引の不正検出
IoTセンサー監視
ネットワーク異常検知
ログやクリックストリームの分析
工場の機器異常アラート

まとめると：
CEP（Complex Event Processing）とは、ストリームデータをリアルタイムに分析し、複数のイベントから特定のパターンを検出するための技術・仕組み です。
"
504,"DJ-DB-H31

次のチェックポイントの仕様に従ってトランザクション処理を行うDBMSにおいて, チェッ クポイントの発生頻度は1時間当たり何回か。ここで, トランザクションは毎秒20件発生 し、1トランザクションごとに消費されるデータベースバッファ領域のデータ量及びログファイルに書き出すログ長はどちらも10kバイトとする。 データベースバッファ領域の容量は 480Mバイトとし,一つのログファイルのサイズは240Mバイトとする。1Mバイト=10^3kバ イトとする。開始時点では,データベースバッファ領域, ログファイルともに初期化状態であるとする。DBMSは、ログファイルを二つもち,一方を使い切ったら他方に切り替え,使 い切った一方をアーカイブして初期化する。 ログファイルへの書込み処理はWALプロトコル に従う。

〔チェックポイントの仕様〕
1. チェックポイントが発生する条件
A. データベースバッファ領域に空きがなくなったとき、又は
B. ログファイルが切り替わるとき

2. チェックポイント終了時のデータベースバッファの状態
データベースバッファ領域は, データベースファイルへの反映後、 初期化される。
","【正解】　ウ

トランザクションの発生頻度は毎秒20回、1トランザクション当たりのログ長は10kバイト
なので、240Mバイトのログファイルに空きがなくなるまでの時間は、

240Mバイト÷(10kバイト×20回)
=240Mバイト÷200kバイト
=1,200秒=20分

一方、480Mバイトのデータベースバッファ領域に空きがなくなるまでの時間は、
480Mバイト÷(10kバイト×20回)=40分
となります。

初期状態から20分経つと、一方のログファイルに空きがなくなりログファイルの切替えが発生します。この時点で1回目のチェックポイントが発生します。チェックポイントの発生により、ログファイルとデータベースバッファ領域は初期化されます。

さらに20分が経過すると、切り替えた方のログファイルに空きがなくなりログファイルの切替えが発生します。これが2回目のチェックポイント発生タイミングです。 1回目と同様 にログファイルとデータベースバッファ領域は初期化されます。

さらに20分が経過すると、またログファイルに空きがなくなりログファイルの切替えが発生します。
このように、チェックポイントは20分おきにログファイルに空きがなくなったタイミングで発生することとなります。つまり、チェックポイントの発生頻度は1時間当たりに3回です。
"
505,"DJ-DB-H31

DBMSの多版同時実行制御 (MVCC)に関する記述として、 適切なものはどれか。

ア　同時実行される二つのトランザクションのうち,先発のトランザクションがデータを 更新し、コミットする前に,後発のトランザクションが同じデータを参照すると,更新前の値を返す。

イ　トランザクションがデータを更新する前に専有ロックを参照する前に共有ロックを 掛け,コミットかロールバック後に全てアンロックする。

ウ　トランザクションがデータを更新する前に専有ロックを、参照する前に共有ロックを 掛け,専有ロックはコミットかロールバック後までアンロックしないが, 共有ロック は不必要になったらアンロックする。

エ　トランザクションがデータを更新する前にロックを掛けず,コミット直前に他のトラ ンザクションがそのデータを更新したかどうか確認し,更新していないときだけコミ ットする。
","【正解】　ア

多版同時実行制御(MVCC:MultiVersion Concurrency Control)は、トランザクションからの読書き要求に対して、トランザクション開始時点における同じデータのスナップショット (版、version)を提供するというアプローチにより、ランザクションの同時実行制御を行う仕組みです。

単版の2相ロックでは、専有ロック中のデータに対する参照はできず、共有ロック中のデー タに対する更新はできません。この際、ロックの解除を待たなければならないことがトランザクションの同時実行における制約となっています。

多版同時実行制御では、各トランザクションが開始した時点におけるデータ項目の内容を「版」として保持しておき、並列実行されるトランザクションに対してこの「版」を提供します。これにより、読込みのロックと書込みのロックが競合することがなくなり、トランザ クションの一貫性を保ったまま同時実行性を向上させます。

ア　“アプリケーションプログラムからデータに対する明示的なロックをかけることができない。
多版同時実行制御は、ロック方式と組み合わせて使用することも可能です。データ書込みが競合したときには、ロックを獲得するようになっているDBMSがほとんどです。

イ “データアクセスの対象となる版をアプリケーションプログラムが指定する必要がある。"" 
DBMSが自動的に新しい版を生成し、維持管理するので、アプリケーションプログラムが指定する必要はありません。

ウ “データ書込みに対して新しい版を生成し,同時にデータ読取りが実行されるときの排他制御による待ちを回避する。
正しい。多版同時実行制御(MVCC)では、書込み要求があったデータについて、別のト ランザクションからデータ読取りをすることが可能です。

エ “デッドロックは発生しない。
同一のデータに対するデータ書込みが競合した場合には、新しい版が提供されることはなくデータのロックにより排他制御を行います。よって、ロック獲得の順序によってはデッドロックが発生することがあります。
"
506,"DJ-DB-H31

和両立である関係RとSがある。RNSと等しいものはどれか。 ここで, -は差演算,∩は共 通集合演算を表す。

ア　R-(R-S)

イ　R-(S-R)

ウ　(R-S)-(S-R)

エ　S-(R-S)
","【正解】　ア

和両立(union compatible) とは、2つの関係において、次数(属性数/列数)が等しく、対応する属性同士のドメイン(値の型・範囲)が等しく、2つの関係の型が適合している様子をいいます。次の例は和両立である2つの関係です。
"
507,"DJ-DB-H31

分散データベースシステムにおいて, 複数のデータベースサイトを更新する場合に用いられ る2相コミットの処理手順のうち, 適切なものはどれか。

ア　主サイトが各データベースサイトにコミット準備要求を発行した場合, 各データベー スサイトは,準備ができていない場合だけ応答を返す。

イ　主サイトは,各データベースサイトにコミットを発行し, コミットが失敗した場合に は、再度コミットを発行する。

ウ　主サイトは,各データベースサイトのロックに成功した後, コミットを発行し,各デ -タベースサイトをアンロックする。

エ　主サイトは, コミットが可能であることを各データベースサイトに確認した後,コミ ットを発行する。
","【正解】　エ
"
508,"DJ-DB-H30

テスト担当者が,ソフトウェアを動作させてその動きを学習しながら、自身の経験に基づい て以降のテストを動的に計画して進めるテストの方法はどれか。

ア　実験計画法

イ　状態遷移テスト

ウ　探索的テスト

エ　モデルベースドテスト


","エ　ウ
“あなたの解答:ア”

探索的テストとは、1983年に Cem Kaner 博士によって提唱されたテスト手法の1つで、ソフトウェアの理解とテスト設計とテスト実行を同時に行うテストです。あらかじめテスト項目を作成せず、ソフトウェアを実行した結果を観察することで思考を深めて、更なるテストを実行していくことが特徴です。短時間ででき、テスト効率が高いとされていますが、テスト担当者に高度なスキルが要求されます。
したがって 「ウ」 が正解です。

ア “実験計画法”
実験計画法は、 確認すべき複数の要因をうまく組み合わせることによって、なるべく少ない実験回数で効率的に実験を実施する手法です。

イ“状態遷移テスト”
状態遷移テストは、次々と変化していくソフトウェア状態の状態遷移図で表し、そのすべての状態と経路を網羅するようにテストケースを作成する手法です。

ウ “探索的テスト”
正しい。

エ “モデルベースドテスト”
モデルベースドテストは、テスト設計モデルを用いてテストケースを設計する技術の総称です。

"
509,"DJ-DB-H30

分散処理システムにおける障害透明性(透過性)の説明として,適切なものはどれか。

ア　 管理者が,システム全体の状況を常に把握でき, システムを構成する個々のコンピュ ータで起きた障害をリアルタイムに知ることができること

イ　個々のコンピュータでの障害がシステム全体に影響を及ぼすことを防ぐために, デー タを1か所に集中して管理をすること

ウ　どのコンピュータで障害が起きてもすぐ対処できるように,均一なシステムとなって いること

エ　利用者が,個々のコンピュータに障害が起きていることを認識することなく,システ ムを利用できること

","【正解】　エ
“あなたの解答:ア”

分散システムにおける透過性 (透明性)とは、利用者がシステムが分散されていることを意識することなく利用するために求められる性質で、次のようなものがあります。

アクセス透過性
どのサイトの資源にアクセスする際にも、同一の方法でアクセスできること

移動透過性
資源が別のサイトに移動しても、利用者やアプリケーションプログラムが意識することなく利用できること

位置透過性
遠隔地の資源にアクセスする際に、データの位置を意識せずにアクセスできること

規模透過性
OSやアプリケーションの構成に影響を与えずにシステムの規模を変更できること

障害透過性
システムや資源の一部の障害によりシステムの機能が停止したとしても、別のサーバなど に切り替えるなどして処理が中断されることがないこと

複製透過性
資源が複数の位置に複製され配置される場合でも、利用者にはそれらが1つの資源として見えること

並行透過性
複数のプロセスを並行処理できること

障害透過性
分散システムの一部で発生した障害や、それを復旧中であること、および障害から復旧したことを利用者に気付かせずに処理を継続できる性質です。したがって「エ」が 正解です。
"
510,"DJ-DB-H30

次のSQL文は,A表に対するカーソルBのデータ操作である。aに入れるべき適切な字句はどれか。

UPDATE A
SET A2 = 1, A3 = 2
WHERE　［a］

ここで, A表の構造は次のとおりであり、下線は主キーを表す。
A(A1, A2, A3)

ア　CURRENT OF A1

イ　CURRENT OF B

ウ　CURSOR B OF A

エ　CURSOR B OF A1
","【正解】　イ

埋込み型SQLのカーソル操作によるデータ変更や削除は、通常のSQL(会話型SQL)と同 UPDATE / DELETE文によって行います。ただし、以下のようにWHERE句には「 CURRENT OF カーソル名」と記述し、カーソル位置を指定する点が異なります。

UPDATE [テーブル名]
SET 列名 = 値[,列名
=
値]...
WHERE CURRENT OF [カーソル名]
DELETE FROM [テーブル名]
WHERE CURRENT OF [カーソル名]

ア “CURRENT OF A1""
A1は列名なので不適切です。

イ “CURRENT OF B”
正しい。 「CURRENT OF B」はカーソルBが現在参照している行を示しており、UPDATE文の更新対象行になります。

ウ “CURSOR B OF A”
Aは表名なので不適切です。

エ “CURSOR B OF A1""
A1は列名なので不適切です。
"
511,"DJ-DB-H30

カーソルとは
","1. カーソルの「現在位置」
カーソルは SELECT の結果セットに対するポインタ です。
例えば：
DECLARE B CURSOR FOR
SELECT * FROM A ORDER BY A1;
OPEN B;
FETCH B INTO @var1, @var2;  -- 現在位置は1行目

FETCH NEXT FROM B を実行すると、カーソルは次の行に進みます。

つまり、MoveFirst → 1行目
MoveNext → 2行目

さらにMoveNext → 3行目 … というイメージです。

2. CURRENT OF B の意味
UPDATE A SET ... WHERE CURRENT OF B は、そのカーソルが今指している行だけ を更新します。
行番号を指定しているわけではなく、あくまで カーソルのポインタが指している行 に対して作用します。
"
512,"DJ-DB-H30

SQLにおけるBLOBデータ型の説明として,適切なものはどれか。

ア　全ての比較演算子を使用できる。

イ　大量のバイナリデータを格納できる。

ウ　列値でソートできる。

エ　列値内を文字列検索できる。

","【正解】　イ
""あなたの解答: イ""

容量の大きなデータをデータベースの列値として格納するために「BLOB型」と「TEXT「型」というデータ型が用意されています。

BLOB型
大量のバイナリデータ (バイ列)を格納する

TEXT型
大量の文字列データを格納する

BLOB型にはメディアファイル、プログラムモジュール、音声データなどが格納されます。いずれのデータもバイナリ形式なので列値を用いて比較ソートしても意味のある結果とはなりません。

ア　“全ての比較演算子を使用できる。
BLOB型は等号(=) 比較のみできます。

イ　“大量のバイナリデータを格納できる。
正しい。 BLOB型は大量のバイナリデータを格納するためのデータ型です。

ウ　“列値でソートできる。""
列値でのソートはできません。

エ　“列値内を文字列検索できる。
列値の文字列検索はできません。

"
513,"DJ-DB-H30

導出表に関する記述として, 適切なものはどれか。

ア　算術演算によって得られた属性の組である。

イ　実表を冗長にして利用しやすくする。

ウ　導出表は名前をもつことができない。

エ　ビューは導出表の一つの形態である。
","【正解】　エ
“あなたの解答:工”

導出表は、1つ以上の基礎となる実表 (DBに実データを持つ表)から関係演算 集合演算といったSQL問合せによって作成される仮想的な表全般を指します。SELECT文で得られる結果の他にも、GROUP BY句やWITH句を処理する際に内部的に作られる一時的な表も導出表の 1つです。ビューは導出表の一つの形態であり、 導出表に名前を付けて実表と同じように参照(条件次第では更新も)できるようにしたものです。

導出表は実データを持たず、参照・更新要求の度に、実表に関係演算・集合演算を行って作り出されています。

ア“算術演算によって得られた属性の組である。
導出表を得る演算は関係演算又は集合演算です。

イ“実表を冗長にして利用しやすくする。
利用しやすくするという点はあっていますが、実表のコピーではありません。DBMS は、導出表への閲覧 更新要求の度に実表にSQL 問合せを行って導出表を得ています。

ウ “導出表は名前をもつことができない。
CREATE VIEW 文を使うと導出表に命名したビューを定義することができます。ビュー は、その定義のみがDD(データディクショナリ)に記録されており、実データを持ちません。

エ“ビューは導出表の一つの形態である。
正しい。ビューとは名前を付けた導出表のことです。←これ、これ
"
514,"DJ-DB-H30

DBMSにおいて, デッドロックを検出するために使われるデータ構造はどれか。

ア　資源割当表

イ　時刻印順管理表

ウ　トランザクションの優先順管理表

エ　待ちグラフ
","【正解】　エ
 ""あなたの解答: ウ
"
515,"DJ-DB-H30

トランザクションの隔離性水準を高めたとき、 不整合なデータを読み込むトランザクション数と,単位時間に処理できるトランザクション数の傾向として,適切な組合せはどれか。

ア　増える　増える

イ　増える　減る

ウ　減る　　増える

エ　減る　　減る


","【正解】エ　

隔離性水準とは、トランザクションに指定できる直列化制約の度合いで、隔離性の低い順 に、

READ UNCOMMITTED
READ COMMITTED 
REPEATABLE READ
SERIALIZA BLE

の4種類があります。

トランザクションの隔離性水準を高めるほど、トランザクションの同時実行に起因する異常の数を減らすことができます。しかし、異常を起こさないために実行を待つトランザクション数が増加することになるため、同時実行できるトランザクション数が減って処理効率は低下します。
したがって「エ」の組合せが適切です。
"
516,"DJ-DB-H30

B+木インデックスとビットマップインデックスを比較した説明のうち,適切なものはどれか。

ア　AND操作やOR操作だけで行える検索は, B+木インデックスの方が有効である。

イ　BETWEENを用いた範囲指定検索は,ビットマップインデックスの方が有効であ る。

ウ　NOTを用いた否定検索は, B+木インデックスの方が有効である。

エ　少数の異なる値をもつ列への検索は、ビットマップインデックスの方が有効である。
","【正解】　エ
""あなたの解答: ウ”

B+木インデックス
木の深さが一定で葉のみが値をもつ平衡木を用いたインデックスで現在最も普及している。データ量が増加してもパフォーマンスの低下が少なく、どのキー値に対してもランダム検索や範囲検索、挿入・更新・削除を効率よく行うことができる。しかしデータの分布に偏りがある場合や、NULL値及び否定を含む検索条件では効果を発揮できない。

ビットマップインデックス
キーが取り得る値の種類が数個程度と少ない場合に適したインデックスで、それぞれのキ-値と対応するビットマップ (0,1の配列)を作成する。B+ インデックスとは異なりNULL値の検索ができ、WHERE句にANDやOR などが含まれる検索を高速に実行できるメリットがある。ただし挿入・更新・削除には時間が掛かる。データウェアハウス環境で広く使用 されている。

ア　“AND OR 操作だけで行える検索はB+木インデックスの方が有効である。
ANDやORだけで行う検索は、ビット演算を使用できるビットマップインデックスの方が高速に行えます。

イ　“BETWEENを用いた範囲指定検索はビットマップインデックスの方が有効である。
範囲指定検索はB+木インデックスの方が有効です。

ウ “NOTを用いた否定検索はB+木インデックスの方が有効である。
NOTや""!="",""<>""を用いた否定検索にはB*木インデックスが効かないため、ビットマップインデックスの方が有効です。

エ “少数の異なる値をもつ列への検索はビットマップインデックスの方が有効である。
正しい。ビットマップインデックスは行数に対して少ない種類の値しかとらない列で有効なインデックスです。
"
517,"DJ-DB-H30

DBMSに実装すべき原子性(atomicity)を説明したものはどれか。

ア　同一データベースに対する同一処理は,何度実行しても結果は同じである。

イ　トランザクション完了後にハードウェア障害が発生しても、更新されたデータベース の内容は保証される。

ウ　トランザクション内の処理は,全てが実行されるか,全てが取り消されるかのいずれかである。

エ 一つのトランザクションの処理結果は、他のトランザクション処理の影響を受けな
い。

","【正解】　ウ 
“あなたの解答:イ”

ACID特性は、 データの一貫性と信頼性を確保するためのものであり、DBMSによって提供されます

原子性(Atomicity)...
トランザクション内の処理がすべて実行されるか、または全く実行されないことを保証する特性。トラ
ンザクションはコミットまたはロールバックのいずれかで終了することで確保する

一貫性(Consistency)...
トランザクションによりデータの矛盾が生じないこと。常にデータベースの整合性が保たれていることを保証する特性。データ型や制約によって確保する

独立性(Isolation)...
複数のトランザクションを並列に実行した場合と、順番に実行した場合の結果が等しくなることを保証する特性。ロックやスケジューリングによって確保する。隔離性と呼ばれることもある

永続性 (Durability)...
正常終了したトランザクションの結果は、それ以後システムに障害が発生しても失われないことを保証する特性。トランザクションログによって確保する。耐久性と呼ばれること もある各記述とACID特性は次のように対応しています。

ア “同一データベースに対する同一処理は,何度実行しても結果は同じである。'
何回実行しても同じ結果となる性質をべき等性(Idempotent)といいます。ACID特性には直接含まれませんが、一貫性に関連する性質と言えます。

イ “トランザクション完了後にハードウェア障害が発生しても、更新されたデータベースの内容は保証される。""
永続性の説明です。

ウ “トランザクション内の処理は,全てが実行されるか、全てが取り消されるかのいずれかであ る。”
正しい。 原子性は、トランザクションが原子のように不可分であることを保証する特性です。トランザクションは部分的に実行されることはなく、すべての操作が完了するか、すべての操作が元に戻るかのどちらかで終了します。

エ“一つのトランザクションの処理結果は,他のトランザクション処理の影響を受けない。
独立性の説明です。
"
518,"DJ-DB-H29

データベースの3層スキーマアーキテクチャに関する記述として,適切なものはどれか。

ア　概念スキーマは,内部スキーマと外部スキーマの間に位置し, エンティティやデータ項目相互の関係に関する情報をもつ。

イ　外部スキーマは, 概念スキーマをコンピュータ上に具体的に実現させるための記述であり,データベースに対して、ただ一つ存在する。

ウ　サブスキーマは、複数のデータベースを結合した内部スキーマの一部を表す。

エ　内部スキーマは、個々のプログラム又はユーザーの立場から見たデータベースの記述 である。
","【正解】　ア 
“あなたの解答:ウ”

3層スキーマアーキテクチャは、概念スキーマ、外部スキーマ、内部スキーマの3つのグル ープに分けてデータ定義を行うデータベースモデルで、物理的・論理的データの独立性を達成するためにDBMSがサポートすべきアーキテクチャとしてANSI/SPARCより提案されたものです。

概念スキーマ
データベース化対象の業務とデータの内容を論理的なデータモデルとして表現したもの。概念スキーマを記述するために記号系にはリレーショナルモデルの他にも、ネットワークモデル、 階層型モデルなどがある。 リレーショナルモデルではE-R図の作成、表定義、表の正規化が概念スキーマに相当する。

外部スキーマ
概念スキーマで定義されたデータモデル上に利用者ごとの目的に応じた見方を表現したもの。リレーショナルモデルのビューやネットワークモデルのサブスキーマが外部スキーマに相当する。

内部スキーマ
概念スキーマで定義されたデータモデルを記憶装置上にどのような形式で格納するかを表現したもの。ファイル編成やインデックスの設定などが内部スキーマに相当する。

ア “概念スキーマは、内部スキーマと外部スキーマの間に位置し,エンティティやデータ項目相互の関係に関する情報をもつ。
正しい。

イ “外部スキーマは, 概念スキーマをコンピュータ上に具体的に実現させるための記述であり, データベースに対して,ただ一つ存在する。""
記述は内部スキーマを説明したものです。

ウ “サブスキーマは、複数のデータベースを結合した内部スキーマの一部を表す。 ""
サブスキーマは外部スキーマの別名です。　← あ、そうなんだ

エ “内部スキーマは、個々のプログラム又はユーザーの立場から見たデータベースの記述である。 ""
記述は外部スキーマを説明したものです。

"
519,"DJ-DB-H29

データベースリファクタリングとは？
","定義:
データベースリファクタリングとは、データベースの動作や外部インターフェースには影響を与えずに、内部構造（スキーマやテーブル構造など）を改善する作業のことです。

ソフトウェア開発におけるリファクタリングと同じ考え方で、機能は変えずに内部設計を改善することが目的です。
"
520,"DJ-DB-H29

トランザクションのACID特性の説明として、 適切なものはどれか。

ア　トランザクションでは,実行すべき処理がすべて行われるか、 何も処理が行われない かという状態の他に,処理の一部だけ行われるという状態も発生する。

イ　トランザクションの実行完了後でも障害の発生によって実行結果が失われることがある。

ウ　トランザクションの実行の結果が矛盾した状態になることはない。

エ　トランザクションは相互に関連しており、同時に実行されるほかのトランザクション の影響を受ける。
","【正解】　ウ

ACID特性は、データベースのトランザクション処理を行う上で必要不可欠とされる4つの性質(Atomicity・Consistency・IsolationDurability)の頭文字を並べた言葉です。

Atomicity(原子性)
トランザクション内の処理がすべて実行されるか、または全く実行されないことを保証する性質

Consistency (一貫性)
トランザクションによりデータの矛盾が発生せず、常にデータベースの整合性が保たれていることを保証する性質

Isolation(独立性)
複数のトランザクションを同時に実行した場合と、順番に実行した場合の結果が等しくなることを保証する性質

Durability(永続性)
一旦正常終了したトランザクションの結果は、以後システムに障害が発生しても失われないことを保証する性質

ア “トランザクションでは、 実行すべき処理がすべて行われるか, 何も処理が行われないかという
状態の他に、処理の一部だけ行われるという状態も発生する。""
原子性に反するので誤りです。

イ “トランザクションの実行完了後でも障害の発生によって実行結果が失われることがある。
永続性に反するので誤りです。

ウ “トランザクションの実行の結果が矛盾した状態になることはない。
正しい。 一貫性について説明したものです。

エ “トランザクションは相互に関連しており、同時に実行されるほかのトランザクションの影響を受ける。
独立性に反するので誤りです。
"
521,"DJ-DB-H29

それぞれの意味は？

ア　アンリピータブルリード

イ　シーケンシャルリード

ウ　ダーティリード

エ　ファントムリード
","ア　アンリピータブルリード	同じ行を再度読むと値が変わる

イ　シーケンシャルリード	データを順番に読み取る方法

ウ　ダーティリード	未コミットのデータを読み取る

エ　ファントムリード	検索結果に新しい行が現れる
"
522,"DJ-DB-H29

概念データモデルにおいて,実体Aのインスタンス a が他の実体Bのインスタンス b と関連しており,インスタンス a が存在しなくなれば, インスタンス b も存在しなくなる場合、このよ うな実体Bを何と呼ぶか。

ア　仮想実体

イ　強実体

ウ　弱実体

エ　正実体
","【正解】　ウ

""社員""に対する""扶養家族""や、""注文""に対する""注文明細""のように、それ自体を識別するための主キー属性を持たず、それが属する実体型との関連を通してはじめて識別されるエンティティを弱実体 (weak entity) と言います。弱実体型のインスタンスは他の実体型のインスタンスに付属する形で存在する (存在従属する)ため、それを所有するインスタンスが存在しなくなれば、連鎖的に存在しなくなります。

E-R図では弱実体型のエンティティを二重線の四角で表記します。
弱実体とは逆に他のエンティティに依存せずに存在できるエンティティを強実体、又は正実体(regular entity)と呼びます。
"
523,"DJ-DB-H29

2相ロック方式では必要なロックをすべて獲得した後にのみアンロックできます。すなわちアンロック後のロックは2相ロック方式では禁止されます。 これは本当か?
","はい、この説明は ほぼ正しいですが、細かく補足が必要 です。順を追って整理します。

2相ロック方式のルール:

成長相（Growing phase）
トランザクションはロックを取得のみでき、ロックを解除することはできません。

縮小相（Shrinking phase）
トランザクションがロックを解除し始めたら、もう新たなロックを取得できません。
"
524,"DJ-DB-H29

SQLが提供する3値論理において,Aに5,Bに4,CにNULLを代入したとき,次の論理式の 評価結果はどれか。

ア　Φ

イ　false (偽)

ウ　true (真)

エ　unknown (不定)

","【正解】　エ

🔹 AND の場合
TRUE AND TRUE → TRUE
TRUE AND FALSE → FALSE
TRUE AND UNKNOWN → UNKNOWN

FALSE AND TRUE → FALSE
FALSE AND FALSE → FALSE
FALSE AND UNKNOWN → FALSE

UNKNOWN AND TRUE → UNKNOWN
UNKNOWN AND FALSE → FALSE
UNKNOWN AND UNKNOWN → UNKNOWN

🔹 OR の場合
TRUE OR TRUE → TRUE
TRUE OR FALSE → TRUE
TRUE OR UNKNOWN → TRUE

FALSE OR TRUE → TRUE
FALSE OR FALSE → FALSE
FALSE OR UNKNOWN → UNKNOWN

UNKNOWN OR TRUE → TRUE
UNKNOWN OR FALSE → UNKNOWN
UNKNOWN OR UNKNOWN → UNKNOWN
"
525,"DJ-DB-H29

メモリアクセスの信頼性を高めるための方式で、 データ誤りの自動訂正が可能なものはどれか。

ア　ECC

イ　RSA

ウ　チェックサム

エ　パリティ
","【正解】　ア

ECC(Error Check and Correct)は、誤り訂正符号としてハミング符号や垂直水平パリティを用いることで、記録内容に発生した誤りを検知・自動訂正できる誤り制御方式です。また、この機能を搭載したメモリをECCメモリといいます。

ア “ECC""
正しい。

イ“RSA”
RSAは公開鍵暗号方式の1つであり、誤り訂正機能は持ちません。

ウ “チェックサム”
チェックサム(Check Sum)は、元データの合計値を検査用として付加し、誤りが発生しているかを検査する方式ですが、誤り訂正機能は持ちません。

エ“パリティ”
パリティは、送信するデータの一定長のビット列に1ビットの検査ビットを付加し、受信側では受信データとパリティビットを照合することで誤りを検出する方式です。
"
526,"DJ-DB-H29

第2正規形であるが第3正規形でない表は
","第1正規化
繰り返し項目、集合値をなくす

第2正規化
主キーの一部によって一意に決まる属性を別表に移す

第3正規化
主キー以外の属性によって一意に決まる属性を別表に移す

したがって以下の3つの条件を満たせば第2正規形であるが第3正規形ではないと認められます。
1 全ての属性が単一値をもつ
2 主キーの一部から一意に決まる属性がない
3 非キー属性によって一意に決まる属性が残っている

(難しい言い方をすれば、主キーに部分関数従属する属性がなく、主キーから推移的に関数従属する属性が残されている表ということになります)
"
527,"DJ-DB-H29

これはどういうテーブルを作るのか。
CREATE TABLE 取付け
 ( PCID INTEGER NOT NULL FOREIGN KEY REFERENCES PC (PCID), 
スロット番号 INTEGER NOT NULL, 
メモリカード ID INTEGER NOT NULL 
FOREIGN KEY REFERENCES 

メモリカード (メモリカード ID),
 PRIMARY KEY (スロット番号, メモリカード ID), 
UNIQUE (PCID), 
CHECK (スロット番号 IN (1,2)) 
","1台のPC（PCID） が
スロット番号（1 または 2） に
あるメモリカード（メモリカードID） を装着している
という関係を表します。

列名： PCID
意味： PCを識別するID（PCテーブルの主キーを参照）
制約： NOT NULL, 外部キー制約 REFERENCES PC(PCID)

列名： スロット番号
意味： どのスロットに装着されているか（1 or 2）
制約： NOT NULL, CHECK (スロット番号 IN (1,2))

列名： メモリカードID
意味： メモリカードを識別するID（メモリカードテーブルの主キーを参照）
制約： NOT NULL, 外部キー制約 REFERENCES メモリカード(メモリカードID)
"
528,"DJ-DB-H29

DBMSが取得するログに関する記述として,適切なものはどれか。

ア　トランザクションの取消しに備えて, データベースの更新されたページに対する更新後情報を取得する。

イ　媒体障害からの復旧に備えて, データベースの更新されたページに対する更新前情報を取得する。

ウ　ロールバック後のトランザクション再実行に備えて, データベースの更新されたペー ジに対する更新後情報を取得する。

エ　ロールフォワードに備えて, データベースの更新されたページに対する更新後情報を 取得する。
","【正解】　エ

ア “トランザクションの取消しに備えて,データベースの更新されたページに対する更新後情報を取得する。
トランザクションが取り消されるとロールバックが行われます。この際、データベース をトランザクション開始前の状態に戻すために更新前情報が使用されます。したがって誤りです。

イ“媒体障害からの復旧に備えて, データベースの更新されたページに対する更新前情報を取得する。’
媒体障害が発生した場合は、新しい媒体にバックアップファイルを適用した後、更新後情報を使用してデータベースにトランザクションの更新内容を反映することで障害発生直前の状態に回復させます。したがって誤りです。

ウ “ロールバック後のトランザクション再実行に備えて,データベースの更新されたページに対す る更新後情報を取得する。”
トランザクションの再実行が、ロールバックされたトランザクションのログを使用して行われることはないため誤りです。

エ “ロールフォワードに備えて, データベースの更新されたページに対する更新後情報を取得する。
正しい。ロールフォワードは、前進復帰と訳されシステム障害媒体障害が起こったときに行われる回復処理です。更新後情報を用いて今まで処理したトランザクションを再現しデータベース情報を障害直前状態まで復帰させます。
"
529,"DJ-DB-H29

関係R(A,B,C,D,E)において,関数従属 {A, B}→C, {B, C}→D, D→{A, E}が成立する。これらから決定できるRの候補キーを全て挙げたものはどれか。

ア　{A, B, C}

イ　{A,B},{B,C}

ウ　{A,B},{B,C},{B,D}

エ　 {B,C}, {C, D}
","【正解】　ウ

候補キー(candidate key)とは、ある関係の1つの組を一意に決定できる属性、又は属性の組合せで極小のものです。極小とはある組を一意に決定するため必要な属性以外が含まれていない様子を示します。

ア “{A, B, C}""
{A,B}だけで全ての属性が一意に決まるためCは冗長属性です。

イ “{A, B}, {B, C}""
{B,D}が不足しています。

ウ ""{A, B}, {B,C}, {B, D}""
正しい。 すべての組合せが極小であり、かつ、 1つの組を一意に特定できます。

エ ""{B, C}, {C,D}""
{C,D}だけではBを特定できないので候補キーとして不適切です。
"
530,"DJ-DB-H29

関係R(A,B,C,D,E)において,関数従属 {A, B}→C, {B, C}→D, D→{A, E}が成立する。これらから決定できるRの候補キーを全て挙げたものは

ChatGPTによる説明
","与えられた条件
関係 R(A,B,C,D,E)で次の関数従属があります：
	A,B→C
	B,C→D
	D→A,E
目的: 候補キーを見つける（最小の属性の組で、全部の属性を決められるもの）
________________________________________
1. 候補キーの考え方
	候補キーは「これがあれば全部の属性が決まる最小のセット」
	まず Bを含む組み合わせ に注目すると分かりやすい
________________________________________
2. Bを含む2属性の組を試す
(a) {A,B}
	A,B → C
	B,C → D → D → A,E
	まとめると {A,B}→A,B,C,D,E✅
→ 候補キー

(b) {B,C}
	B,C → D
	D → A,E
	まとめると {B,C}→A,B,C,D,E✅
→ 候補キー

(c) {B,D}
	D → A,E
	B,D → B,D,A,E
	A,B → C → Cも決まる
	まとめると {B,D}→A,B,C,D,E✅
→ 候補キー
________________________________________
3. それ以外はNG
	例えば {A,C}は D が決まらない
	{C,D}は B が決まらない
	→ 候補キーにならない
________________________________________
✅ 4. 結論
{A,B},{B,C},{B,D}

"
531,"DJ-DB-H29

""社員""表から、部署コードごとの主任の人数と一般社員の人数を求めるSQL文とするために a 入る字句はどれか。ここで,実線の下線は主キーを表す。

社員 (社員コード, 部署コード, 社員名, 役職)

SELECT 部署コード,
COUNT (CASE WHEN 役職= '主任’
a
END) AS 主任の人数、
COUNT (CASE WHEN 役職='一般社員’
a
END) AS 一般社員の人数
FROM 社員 GROUP BY 部署コード

[結果の例]
部署コード　主任の人数  一般社員の人数
AA01　2　5
AA02　1　3
BB01　0　1

ア　THEN 1 ELSE -1

イ　THEN 1 ELSE 0

ウ　THEN 1 ELSE NULL

エ　THEN NULL ELSE 1



","【正解】　ウ

設問のSQL文ではCASE文がCOUNT関数の引数として使用されています。COUNTは値がNULLではない行を集計対象とするので、条件に合致した行には ""NULL以外”、条件に合致しなかった行には""NULL""を返せば正しい行数が出力されるはずです。したがって a に入る適切な文字列は 「THEN 1 ELSE NULL」 になります。

＜超重要＞
はい、ここも重要なポイントです。SQL の COUNT は NULL と 0 を区別 します。

1. COUNT(column_name) の挙動

NULL はカウントされない

0 や空文字はカウントされる
"
532,"DJ-DB-H28

関係代数における直積に関する記述として、 適切なものはどれか。

ア　ある属性の値を条件に付加し, その条件を満たす全てのタプルの集合である。

イ　ある一つの関係の指定された属性だけを残して,ほかの属性を取り去って得られる属 性の集合である。

ウ　二つの関係における, あらかじめ指定されている二つの属性の2項関係を満たす全て のタプルの組合せの集合である。

エ　 二つの関係における, 全てのタプルの組合せの集合である。
","直積は、2つの関係(表)に含まれる要素のすべての組合せを得る集合演算です。 直積で得られる集合のタプル数は、 両方の関係のタプル数の積になります 

ア “ある属性の値を条件に付加し,その条件を満たす全てのタプルの集合である。 ""
条件を指定し表から行(タプル)を抽出する""選択""（Selection）の説明です。

イ “ある一つの関係の指定された属性だけを残して, ほかの属性を取り去って得られる属性の集合である。
表から指定した列 (属性)だけを抽出する ""射影""（Projection）の説明です。

ウ“二つの関係における,あらかじめ指定されている二つの属性の2項関係を満たす全てのタプルの組合せの集合である。
""結合""（Join）の説明です。

エ“二つの関係における, 全てのタプルの組合せの集合である。
正しい。 ""直積 ""（Cartesian Product） の説明です。
"
533,"DJ-DB-H28

SQLの等結合とは何か。
","SQLの 等結合（Equi Join） とは、
二つのテーブルの指定した列の値が等しい行だけを結合する操作
です。

例：社員テーブルと部署テーブルで dept_id が同じ行を結合する場合
SELECT e.name, d.dept_name
FROM employee e
JOIN department d
  ON e.dept_id = d.dept_id;

dept_id が一致する行だけが結合されます。

基本的には INNER JOIN で使われます。

"
534,"DJ-DB-H28

表の結合演算アルゴリズムのうち, 等結合だけに適用できるものはどれか。

ア　入れ子ループ法

イ　索引結合法

ウ　ソートマージ法

エ　ハッシュ法
","【正解】　エ

等結合(等価結合)とは、結合条件に等号(=)を用いて結合属性の値が等しい行同士を結合する演算です。これに対して条件に等号以外(≧,,>, <,範囲)を使用する結合演算を非等値結合(非等価結合)といいます。

ハッシュ結合は、結合する表のうち規模が小さいほうの結合属性の値を全件読み込み、それらの値をハッシュ化した表(ハッシュテーブル)をメモリ上に作成することで結合すべき行かどうかを高速に判定していく方法です。 ハッシュ値への変換には、たとえ元の値同士が近くても全く異なった値が生成され、ハッシュ値からは元の値を復元できないという特徴があります。ハッシュ結合は、その名の通り""実際の値""ではなく""値のハッシュ値""を用いるため用 途は 「比較対象同士が同値であるか」 という点のみに限られます。 このような理由から、 ハ ッシュ結合は等結合以外の結合演算には使用できません。

その他の結合方法は、実際の値同士を比較するため等結合・非等値結合のどちらにでも使用 きます。したがって正解は「エ」 です。

実際のDBでは、ハッシュ値だけで結合を確定するわけではありません：
小さいテーブルの結合キーをハッシュ化してハッシュテーブルを作る
大きいテーブルの行もハッシュ化してハッシュテーブルを探す
候補が見つかったら元の値同士も比較する
つまり、ハッシュ衝突があっても、最終的には元の値で照合しているので正しい結合結果が得られます。

はい、基本的には 行数（レコード数）や総データサイズ で「大きいテーブル・小さいテーブル」を決めます。ハッシュ結合では、ハッシュテーブルをメモリ上に作る必要があるので、
小さいテーブル → メモリに全部乗せやすい
大きいテーブル → 1行ずつハッシュテーブルと照合していく
という戦略です。
"
535,"DJ-DB-H28

フェールセーフは？

ア　乾電池のプラスとマイナスを逆にすると,乾電池が装填できないようにする。

イ　交通管制システムが故障したときには,信号機に赤色が点灯するようにする。

ウ　ネットワークカードのコントローラーを二重化しておき、 故障したコントローラーの片方を切り離しても運用できるようにする。

エ　ハードディスクにRAID1を採用して, MTBFで示される信頼性が向上するようにする。

","【正解】　イ

項目	設計思想	説明
ア	フールプルーフ (Foolproof)	操作ミス防止
イ	フェールセーフ (Fail‑safe)	故障時に安全側へ
ウ	フェールソフト (Fail‑soft)	故障時も機能の一部を維持
エ	フォールトトレランス (Fault-tolerant)	冗長化で信頼性向上、障害を吸収
"
536,"DJ-DB-H28

XP (eXtreme Programming) のプラクティスの一つに取り入れているものはどれか。

ア　構造化プログラミング

イ　コンポーネント指向プログラミング

ウ　ビジュアルプログラミング

エ　ペアプログラミング
","【正解】　エ

XPでは、ソフトウェア開発に有益である要素を4つのカテゴリ、19のプラクティスとして定義していますが、 そのうち一つが「ペアプログラミング」です。これは二人一組で実装を行い、1人が実際のコードをコンピュータに打ち込み、もう1人はそれをチェックしながら補 佐するという役割を随時交代しながら作業を進めるという手法です。

ペアプログラミングを行うことで、細々した問題解決に要する時間が短くなる、常にコードレビューを行うことができる、集中力が持続する、コードの詳細を理解したメンバーが常に2人以上いることで後々のコード共有に役立つ、などの多彩な効果を得ることができるとされています。

ア “構造化プログラミング”
構造化プログラミングは、1970年代に登場したプログラミング手法であり、「順次・分岐・反復」という3つの基本制御構造に従ってプログラムを構成する方法論です。

イ “コンポーネント指向プログラミング”
ソフトウェアを再利用可能な「コンポーネント」として構成する考え方です。1970年代から提唱されはじめ、1990年代にソフトウェアコンポーネントのアーキテクチャとして定着しました。

ウ “ビジュアルプログラミング
テキストではなく、アイコンやブロック、図形などの視覚要素を使ってプログラミングを行う手法です。 ScratchやLabVIEWなどがこれに該当します。

エ “ペアプログラミング""
正しい。 ペアプログラミングは、XPの代表的なプラクティスのひとつです。
"
537,"DJ-DB-H28

DNSサーバに格納されるネットワーク情報のうち、 外部に公開する必要のない情報が攻撃者によって読み出されることを防止するための、プライマリDNSサーバの設定はどれか。

ア　SOAレコードのシリアル番号を更新する。

イ　外部のDNSサーバにリソースレコードがキャッシュされる時間を短く設定する。

ウ　ゾーン転送を許可するDNSサーバを限定する。

エ　ラウンドロビン設定を行う。
","【正解】　ウ
間違えた
"
538,"DJ-DB-H28

データベースの正規形を 第1正規形～第5正規形 まで、1行ずつ簡潔に
","NFは 「Normal Form（正規形）」 の略です。

第1正規形（1NF）：各列が原子値であり、繰り返しや多値を含まない。

第2正規形（2NF）：1NFで、部分関数従属を排除する。
部分関数従属とは、「複合キーの一部の属性だけに依存している非キー属性のこと」

第3正規形（3NF）：2NFで、非キー属性の推移的関数従属を排除する。
推移的関数従属とは、「非キー属性が他の非キー属性を介してキーに依存している状態」のことです。
例えば、A → B かつ B → C のとき、C は A に推移的に依存しています。

ボイス・コッド正規形（BCNF, 第4正規形に先立つ場合もある）：3NFで、すべての関数従属が候補キーに基づく。

第4正規形（4NF）：多値従属を排除する。

第5正規形（5NF, PJ/NF）：結合依存を完全に分解し、冗長性を最小化する。
"
539,"DJ-DB-H28

WAL(Write Ahead Log) プロトコルの目的に関する説明のうち, 適切なものはどれか。

ア　実行中のトランザクションを一時停止させることなく, チェックポイント処理を可能 にする。

イ　デッドロック状態になっているトランザクションの検出を可能にする。

ウ　何らかの理由でDBMSが停止しても、コミット済みであるがデータベースに書き込まれていない更新データの回復を可能にする。

エ　ログを格納する記録媒体に障害が発生しても, データベースのデータ更新を可能にす る。
","【正解】　ウ

WAL(Write Ahead Log) プロトコルは、トランザクションがログを安定記憶 (ディスク)に書き出すタイミングについての取り決めで、""Write Ahead Log"" (まずログを書け)という意味のとおり、実際の操作に先行してログの即時書き出しを求めるものです。

WALプロトコルの動作は次の2点に要約されます。
・データベースの更新は、まずそれをログを書き出してから行う(更新前ログ)
・トランザクションはコミットを行う前に、該当する全てのデータベース更新情報をログ を書き出す (更新後ログ)

WALプロトコルに従えば、いかなるときにシステム障害が発生しようとも、ログの内容からデータを矛盾のない状態に回復で きます。

ア “実行中のトランザクションを一時停止させることなく, チェックポイント処理を可能にする。”
ファジーチェックポイントの目的です。

イ “デッドロック状態になっているトランザクションの検出を可能にする。”
待ちグラフの目的です。

ウ “何らかの理由でDBMSが停止しても、コミット済みであるがデータベースに書き込まれていな い更新データの回復を可能にする。""
正しい。WALプロトコルの目的です。

エ “ログを格納する記録媒体に障害が発生しても, データベースのデータ更新を可能にする。”
ディスク二重化などの目的です。 障害からのデータ回復処理はログを元にして行うため、媒体障害によってログが失われてしまうと回復できません。
"
540,"DJ-NW-R7

キャッシュメモリへの書込み動作には, ライトスルー方式とライトバック方式がある。それぞれの特徴のうち,適切なものはどれか。

ア　ライトスルー方式では,データをキャッシュメモリだけに書き込むので,高速に書込みができる。

イ　ライトスルー方式では,データをキャッシュメモリと主記憶の両方に同時に書き込むので,主記憶の内容は常にキャッシュメモリの内容と一致する。

ウ　ライトバック方式では,データをキャッシュメモリと主記憶の両方に同時に書き込む ので、速度が遅い。

エ　ライトバック方式では、読出し時にキャッシュミスが発生してキャッシュメモリの内 容が追い出されるときに,主記憶にデータを書き戻す必要が生じることはない。
","【正解】　イ

ライトバック(write back)
CPUから書込み命令が出たときにキャッシュメモリだけに書き込み、主記憶への書き込みはキャッシュメモリからデータが追い出されるときに行う方式。処理速度は速いが、データの整合性を保つための追加制御が必要になる

ライトスルー(write through)
CPUから書き込む命令が出たときにキャッシュメモリと同時に主記憶にも書き込む方式。データの整合性は容易に得られるが、処理速度は遅い

"
541,"DJ-NW-R7

IPネットワークにおいて経路情報の交換にUDPを用いるルーティングのプロトコルはどれ か。

ア　BGP

イ　OSPF

ウ　RARP

エ　RIP
","【正解】　エ
"
542,"DJ-NW-R7

IEEE802.3-2022のベーシックフレームを用いて, 1,400 オクテットのMACクライアントデ ータを転送するとき,フレーム長は何オクテットになるか。ここで, フレームは宛先アドレスからFCSまでとする。

ア　1,414

イ　1,418

ウ　1,422

エ　1,426
","【正解】　イ　← 「宛先アドレスからFCSまでとする。」とはFCS４バイトを足すということ。

"
543,"DJ-NW-R7

ア　交換網用のプロトコルであり, 専用線では使用することができない。

イ　半二重の伝送モード専用のプロトコルである。

ウ　非同期式のプロトコルであり, 8ビットの伝送制御文字が使われる。

エ　リンク確立フェーズの後に認証プロトコルを実行することができる。
","【正解】　ウ
“あなたの解答:ア”

PPP (Point-to-Point Protocol)は、電話回線を通じてコンピュータをネットワークに接続するダイヤルアップ接続でよく使われる、2点間を接続してデータ通信を行うための通信プロ トコルです。

PPPでは、通信にリンク制御プロトコル (Link Control Protocol: LCP)とネットワーク制御プロトコル(Network Control Protocol NCP) という2つの通信プロトコルを使用します。 

ア “上位プロトコルとして使用できるのは,IPに限られている。""
TCP/IP以外の通信プロトコル(NetBEUI、AppleTalk等) とも接続できるように設計されています。

イ“伝送モードは半二重方式である。
伝送モードは全二重方式です。

ウ “認証プロトコルや圧縮プロトコルが規定されている。'
正しい。 パケットのヘッダー領域を圧縮して伝送したり、PAP (Password Authenticati on Protocol)やCHAP (Challenge Handshake Authentication Protocol)といった認証機能を含んでいます。

エ “ベーシック手順を基にしたプロトコルである。
HDLC手順をベースにしています。
"
544,"DJ-NW-R7

通信制御手順の3種類
","ベーシック手順（Basic Procedure）
最も基本的な送受信の制御。確認応答(ACK)を用いて誤りを検出・再送する。

ストップ・アンド・ウェイト手順（Stop and Wait）
1フレーム送るたびに相手の応答を待ってから次を送る。ベーシック手順の実装例。

スライディングウィンドウ手順（Sliding Window）	
複数のフレームを連続送信できる効率的な手順。TCPなどで採用。
"
545,"DJ-NW-R7

DNSSECは、ルート認証局（ルートCA）から中間認証局（中間CS）へ間をサーバー証明書で認証するのか
","DNSSECは、ルート認証局（Root CA）のようにサーバー証明書や中間認証局の仕組みを使って階層的に認証するわけではありません。​

DNSSECは、「ルート認証局」から「中間認証局」へ証明書で認証する方式ではなく、ルートゾーンから各ゾーンへ連鎖的な鍵署名（DSレコード）で信頼を伝播する仕組みです。PKIのCAやサーバ証明書の概念と運用方法は異なります。​

とても良い質問です。
結論から言うと、DNSSECにおける「信頼の連鎖」はPKI（Public Key Infrastructure）と似た階層構造を持ちますが、使っているものは「X.509証明書」ではなく、DNSSEC独自の「DNSKEY／DSレコード」による署名連鎖です。したがって、PKIの意味での「証明書」ではありません。

👉 いいえ、DNSSECではCA（認証局）から証明書をもらうことは一切ありません。
DNSSECの「DNSKEY」や「DS」レコードは、自分自身（各ゾーンの管理者）が生成して運用する鍵情報であり、PKIのように「CAが発行する証明書」とは全く異なります。

一方で、DNSSECの「信頼の連鎖」は DNS自体の階層構造（ルート → TLD → ドメイン）を使います。
ここでは CAという外部機関は登場しません。
各ゾーン（ドメイン管理者）が自分で鍵を作ります：

💡 結論（先にまとめ）
各ゾーンが作る鍵（DNSKEY）が「正しい」ことは、
上位ゾーン（親ゾーン）が署名した「DSレコード」によって証明されます。
さらに、最上位（ルートゾーン）の鍵だけは、特別に「信頼の起点（trust anchor）」として
リゾルバ側があらかじめ信頼するように設定されています。

「攻撃者が偽の鍵でハッシュ（DS）を作り、親へ登録する」シナリオはどう防ぐか

「偽の鍵を作ってハッシュを作る」こと自体は可能でも、それを親ゾーンに登録するには正当な手続き（レジストラ認証等）が必要。

したがって、主要な攻撃経路は 運用側（レジストラ／レジストリ）や子ゾーンの権威サーバの妥協 に依存する。

対策は 強い認証・監査・自動化の安全設計／監視 に尽きます。
"
546,"DJ-NW-R7

利用可能なアドrス
ネットワークアドレス：172.16.1.32 
サブネットマスク：255.255.255.224
","ネットワークアドレス: 172.16.1.32
ブロードキャストアドレス: 172.16.1.63
使用可能ホスト: 172.16.1.33 ～ 172.16.1.62
サブネットマスク: 255.255.255.224 (/27)
ホスト数: 30台

ネットワークアドレス（172.16.1.32）は、そのネットワーク自体を表すアドレスで、ホストには割り当てられません。

ブロードキャストアドレス（172.16.1.63）は、ネットワーク内の全ホストへの送信用アドレスで、これもホストには使えません。
"
547,"DJ-NW-R7

利用可能なアドレス
ネットワークアドレス：172.16.1.32 
サブネットマスク：255.255.255.252
","ネットワークアドレス: 172.16.1.32
サブネットマスク: 255.255.255.252 (/30)
ホスト部ビット数: 2ビット（32 - 30）
ホスト数: 2^2 - 2 = 2台

サブネットサイズ = 2^(32-30) = 4
ネットワーク範囲 = 172.16.1.32 ～ 172.16.1.35

ストアドレス172.16.1.35
ネットワークアドレス（172.16.1.32）と ブロードキャストアドレス（172.16.1.35）はホストには使えません。

１ 2進法に変換（最後のオクテット）
ネットワークアドレスの最後のオクテット（32）を 2進数に変換：
32 → 0010 0000

サブネットマスクの最後のオクテット（252）を 2進数に変換：
252 → 1111 1100

ホスト部を特定
サブネットマスクの0の部分が ホスト部 です。
1111 1100 → 下2ビットがホスト部

サブネットマスクの1 → ネットワーク部
サブネットマスクの0 → ホスト部（IPに何が入っていても ANDすると 0 になる）
これで ネットワークアドレス = IP AND サブネットマスク が成り立つ
"
548,"DJ-NW-R7

利用可能なアドレス
ネットワークアドレス：172.16.1.64 
サブネットマスク：255.255.255.192
","サブネット情報
ネットワークアドレス: 172.16.1.64
サブネットマスク: 255.255.255.192 (/26)
ホスト部ビット数: 6ビット（32 - 26）
ホスト数: 2^6 - 2 = 62台

サブネット範囲の計算
サブネットサイズ = 2^(32-26) = 64
ネットワーク範囲 = 172.16.1.64 ～ 172.16.1.127

利用可能アドレス
ネットワークアドレス	172.16.1.64
使用可能ホスト	172.16.1.65 ～ 172.16.1.126
ブロードキャストアドレス	172.16.1.127

2進法での簡単な確認（最後のオクテット）
サブネットマスクのホスト部 = 下6ビット（192 → 11000000）
ネットワークアドレスの最後のオクテット = 64 → 01000000
ホスト部を 01 から 111110 まで順に変えると使用可能ホスト → 65～126

ホスト部を 111111 にするとブロードキャスト → 127

ポイント:
ネットワークアドレスとブロードキャストアドレスは ホスト部ビットがすべて0 / すべて1
使用可能ホストは その間の値
"
549,"DJ-NW-R7

TCPの通信において,サーバがクライアントから要求を受けて3ウェイハンドシェイクを用いたTCPコネクションを確立するとき, サーバがSYNフラグの付いたパケットを受け付ける のはどの状態のときか。

ア　LISTEN

イ　SYN-RECEIVED

ウ　SYN-SENT

エ　TIME-WAIT
","【正解】　ア

ア “LISTEN”
正しい。LISTENは、サーバが接続要求を待ち受けている状態であり、クライアントからのSYNパケットを受け取る準備ができています。この状態でSYNを受信すると、サー バはSYN-ACKを返してSYN-RECEIVED状態へ移行します。
はい、TCPでサーバーが パッシブオープン（passive open） になるのは、人が明示的にプログラムやOSに指示して設定する必要があります。

イ “SYN-RECEIVED""
SYN-RECEIVED は、すでにSYNを受信し、それに対するSYN-ACKを返送した状態です。SYNパケットを新たに受け付けるのではなく、ACKを待っている段階となります。

ウ “SYN-SENT""
SYN-SENTは、クライアント側が能動的に接続を開始し、 SYNを送った直後の状態です。サーバがこの状態になることはありません。

エ“TIME-WAIT""
TIME-WAITは、TCPコネクションを正常に終了した側が一定時間待機する状態です。 この状態では新たなSYNパケットは受け付けません。
"
550,"DJ-NW-R7

FTPを使ったファイル転送でクライアントが使用するコマンドのうち, データ転送用コネクションをクライアント側から接続するために,サーバ側のデータ転送ポートを要求するものはどれか。

ア　ACCT

イ　MODE

ウ　PASV

エ　PORT
","【正解】　ウ

ACCT	アカウント情報の送信（認証用）

MODE	データ転送モードの指定（ストリーム、ブロックなど）

PASV	パッシブモードでサーバ側のポートを要求

PORT	アクティブモードでサーバにクライアントの受信用ポートを通知
"
551,"DJ-NW-R7

Pattern-Oriented Software Architectureのアーキテクチャパターンのうち, ブローカーの説明はどれか。

ア　機能の中核部分と拡張部分とを分離して,変更要求に対する拡張性を向上させる。

イ　データストリームに対する一連の処理を,容易に追加又は削除できるように分割し て、段階的に実施する。

ウ　データの管理, 利用者への情報表示 利用者からの入力と制御の三つのコンポーネン トでGUIシステムを構成して,表示部分の変更に柔軟に対応する。

エ　分散環境において,サービスの登録、 検索 メッセージのやり取りを行い,クライア ントとサーバの相互依存性を弱める。
","【正解】　エ

ソフトウェアのアーキテクチャパターンを論じた書籍「ソフトウェアアーキテクチャーソフトウェア開発のためのパターン体系」(通称、POSA本)では、アーキテクチャパターンを4 つに分類しています。

ソフトウェア

アーキテクチャ

PATTERN OF ENTE

BEACHDE TUR

混沌から構造へ
複雑になりがちなソフトウェアの構造を整理して「分割して統治」するためのパターン。「レイヤー化」「パイプ&フィルター」「ブラックボード」などのパターンが含まれる

分散システム
分散システムを開発する上で有効なパターン。「ブローカー」が含まれる

対話型システム
人とコンピュータの対話(クライアントとシステムの対話)を提供するシステムで有効なパターン。「MVC (model-view-control)」「PAC (presen-abstraction-control)」などのパターンが含まれる

適合型システム
環境の変化や機能要求の変化による中核機能への影響を抑えるために有効なパターン。「マイクロカーネル」「リフレクション」などのパターンが含まれる

ブローカー
分散システムを構築するために利用できるアーキテクチャパターンで、互いに依存性を持たないコンポーネント群が、リモートサービスを起動することによって相互作用するという構造を持っています。このパターンの中心となるブローカコンポーネントは, リクエストの転送, レスポンスや例外の送信などの通信上の協調を行う責務を負っていま す。

ア　“機能の中核部分と拡張部分とを分離して,変更要求に対する拡張性を向上させる。”
マイクロカーネルの説明です。

イ “データストリームに対する一連の処理を,容易に追加又は削除できるように分割して,段階的 に実施する。'
パイプ&フィルターの説明です。

ウ　“データの管理,利用者への情報表示,利用者からの入力と制御の三つのコンポーネントでGUIシ ステムを構成して、表示部分の変更に柔軟に対応する。
MVC(model-view-control)の説明です。

エ“分散環境において,サービスの登録,検索,メッセージのやり取りを行い,クライアントとサ ーバの相互依存性を弱める。”
正しい。ブローカーの説明です。
"
552,"DJ-NW-R7

OpenFlow プロトコルを使用したネットワークにおいて, OpenFlowスイッチが受信したパケットをOpenFlowコントローラーに送信するときに使用するメッセージはどれか。

ア　Echo

イ　Flow-Mod

ウ　Packet-In

エ　Packet-Out
","【正解】　ウ
“あなたの解答:工”　← 「OpenFlowスイッチ「は物理的には L2（レイヤ2）スイッチや L3（レイヤ3）スイッチ と同じような装置。逆だと考えていた。

つまり、パケットイン、パケットアウトというのは、そのSDNコントローラーに入ってくる、あるいはSDNコントローラーから出ていくということか。⇒はい、その理解で正しいです。

ア　Echo：スイッチやルータの疎通確認や応答遅延測定に使われるOpenFlowのメッセージ。

イ　Flow-Mod：フローテーブルにフローエントリを追加・修正・削除するためのOpenFlowメッセージ。

ウ　Packet-In：パケットがフローにマッチせずコントローラに送られるOpenFlowメッセージ。

エ　Packet-Out：コントローラからスイッチへ特定パケットを送信するOpenFlowメッセージ。
"
553,"DJ-NW-R7

Pv6の近隣探索メッセージは、リンクローカルアドレスのプレフィックスを取得するのに使われる。⇒これのどこが誤りか。
","リンクローカルアドレスのプレフィックスやデフォルトルータ情報の取得は Router Advertisement (RA) で行われます。

RA はルータからホストへの通知メッセージで、プレフィックス情報やフラグ情報を含みます。
"
554,"DJ-NW-R7

IoT向けのアプリケーション層のプロトコルであるCoAP (Constrained Application ProtocoI)の特徴として,適切なものはどれか。

ア　信頼性よりもリアルタイム性が要求される音声や映像の通信に向いている。

イ　大容量で高い信頼性が要求されるデータの通信に向いている。

ウ　テキストベースのプロトコルであり, 100文字程度の短いメッセージの通信に向いて いる。

エ　パケット損失が発生しやすいネットワーク環境での,小電力デバイスの通信に向いて いる。
","【正解】　エ

CoAP(Constrained Application Protocol)は、IoTデバイスなどのようにメモリ・消費電力・帯域幅などリソースに制約のあるデバイスが、効率的にWeb通信を行えるように設計されたプロトコルです。UDP上で動作しますが確認応答や再送処理をサポートしています。HTTPと同じくリクエスト/レスポンスモデルを採用していて、GET/POST/PUT/DELETEなどのHTTPメソッドに似たメソッドをサポートしているため、HTTPの代替として使うことができます。

ア “信頼性よりもリアルタイム性が要求される音声や映像の通信に向いている。
UDP(User Datagram Protocol)の特徴です。CoAPは、数十キロビット秒程度の低速なネットワークで、センサーデータのように小さいサイズのデータを大量に送信する用途向けに設計されています。音声や映像通信のような大容量を扱う通信には向いていません。

イ “大容量で高い信頼性が要求されるデータの通信に向いている。
TCP(Transmission Control Protocol)の特徴です。CoAPはUDP上で動作するため、高い信頼性が要求される通信には向いていません。

ウ “テキストベースのプロトコルであり, 100文字程度の短いメッセージの通信に向いている。CoAPは、バイナリフォーマットのプロトコルです。本肢はMQTT(Message Queuing Telemetry Transport)の特徴を説明した文です。

エ “パケット損失が発生しやすいネットワーク環境での,小電力デバイスの通信に向いている。 
正しい。CoAPの特徴です。ヘッダーサイズが4バイトと小さく再送をサポートしているので、無線ネットワークなどの再送が多い環境でIoTデバイスが通信するのに適しています。
"
555,"DJ-NW-R6

PPTPは認証情報やアカウンティング情報をやり取りしないのか?
","1. PPTPの本質
PPTP = Point-to-Point Tunneling Protocol
役割はトンネルを作って通信データを安全に送ることです。
PPTPはPPP（Point-to-Point Protocol）をカプセル化して、IPネットワーク上で送信します。

2. 認証情報について
PPTP単体でもPPPの認証方式を使ってユーザ認証は可能です。
例：PAP、CHAP、MS-CHAPv2
これによりユーザ名・パスワードをやり取りして接続を許可する
ただし、PPTP自体にはアカウンティング機能はありません。
誰がいつ接続したか、どのくらい通信したかなどのログは、PPTP単体では管理できません。

3. RADIUSとの連携
PPTPサーバは認証を外部のRADIUSサーバに委託することが多いです。
PPTPサーバ：RADIUSクライアントとして動作
RADIUSサーバ：ユーザ認証・接続可否判断・アカウンティング情報の管理
これにより、PPTP単体ではできない認証情報の集中管理やアカウンティングが可能になります。
"
556,"DJ-NW-R6

これのどこが間違っているのか。

DMARCでは, ""受信メールサーバが受信メールをなりすましと判定したとき,受信メールサーバは送信元メールサーバに当該メールを送り返す"" というDMARCポリ シーを設定できる。
","DMARCは「受信側がメールを返す」ことは想定していません。ポリシーは 受信側での処理 と 管理者へのレポート送信 に限定されます。
"
557,"DJ-NW-R6

OSPFとRIPのIPv6対応に関する記述のうち,適切なものはどれか。

ア　OSPFはバージョン2で対応している。

イ　OSPFはバージョン3で対応している。

ウ　RIPはバージョン1で対応している。

エ　RIPはバージョン2で対応している。
","【正解】　イ

RIPとOSPFのIPv6対応状況は次のとおりです。

RIP(Routing Information Protocol)
RIP-1とRIP-2は非対応、RIPngより対応

OSPF(Open Shortest Path First).
v1とv2は非対応、 v3より対応
"
558,"DJ-NW-R6

1時間当たりの平均通話回数が60で, 平均保留時間は120秒である。 呼損率を0.1にしたいと き,必要な回線数は最低幾らか。 ここで, 表中の数値は加わる呼量 (アーラン)を表す。

回線数	呼損率（=呼の混雑度、Erlang B値）	負荷（Erlang）
3	0.1	1.271
4	0.1	2.045
5	0.1	2.881
6	0.1	3.758
","【正解】　4本

2アーラン
この呼量を「即時式完全群負荷表(アーランB式)」に当てはめて必要な回線数を求めます。呼損率を0.1に設定した場合、呼量2アーラン以上を満たすには少なくとも4回線が必要になるとわかります。 したがって「イ」（4本）が正解です。　

🔸まとめ
数値	意味
1.271	回線3本・呼損率10%のとき扱えるトラフィック量
2.045	回線4本・呼損率10%のとき扱えるトラフィック量
2.881	回線5本・呼損率10%のとき扱えるトラフィック量
3.758	回線6本・呼損率10%のとき扱えるトラフィック量
"
559,"DJ-NW-R6

ネットワークを構成するホストのIPアドレスとして用いることができるものはどれか。

ア　127.16.10.255/8

イ　172.16.10.255/16

ウ　192.168.255.255/24

エ　224.168.10.255/8
","【正解】　イ

""127.16.10.255/8""
127.0.0.1~127.255.255.254は、ループバックアドレス(自分自身のマシンを指すア ドレス)として予約さ
れているので使用できません。

""172.16.10.255/16""
正しい。 172.16.0.0 ~ 172.31.255.255 (172.16.0.0/12)は、クラスBのプライベートIPアドレスですので、ホストのIPアドレスとして使用できます。

""192.168.255.255/24""
192.168.255.255/24は、ホスト部がすべて1であり、当該ネットワーク内のすべてのホストを表すブロードキャストアドレスとして予約されているので使用できません。

""224.168.10.255/8""
224.16.10.255/8は、 クラスD (224.0.0.0 ~ 239.255.255.255)としてIPマルチキャスト用に予約された特殊な領域で、 一般的な用途での割り当ては行われません。
"
560,"DJ-NW-R5

複数のVLANを一つにまとめた単位でスパニングツリーを実現するプロトコルはどれか。

ア　BPDU

イ　GARP

ウ　MSTP

エ　RSTP
","【正解】　ウ

MSTP（Multiple Spanning Tree Protocol）は、IEEE 802.1sで規定されたスパニングツリープロトコルで、複数のVLANを「MSTインスタンス（MSTI）」という単位にまとめ、それぞれに独立したスパニングツリーを構築する方式である。

各スイッチは「MSTリージョン」と呼ばれるグループに属し、その内部ではVLANとMSTインスタンスの対応関係（マッピング）を共通化する。これにより、

VLANごとに経路を分散させて負荷分散を実現できる

各インスタンスごとにループ防止と冗長経路制御を行える

VLAN単位でスパニングツリーを持つPVST+よりも、制御情報を大幅に削減できる

つまり、MSTPはVLANをまとめて効率的にループ防止と経路最適化を行う仕組みである。
"
561,"DJ-NW-R5

SysMLの説明として,適切なものはどれか。

ア　Webページに,画像を使用せずに数式を表示するために用いられる, XMLマークアップ言語

イ　システムの設計及び検証を行うために用いられる, UML仕様の一部を流用して機能 拡張したグラフィカルなモデリング言語

ウ　ハードウェアとソフトウェアとの協調設計(コデザイン)に用いられる, C言語又はC+ +言語を基としたシステムレベル記述言語

エ　論理合成してFPGAで動作させるハードウェア論理の記述に用いられる, ハードウェ ア記述言語
","【正解】　イ

SysML(Systems Modeling Language)は、ソフトウェア設計に用いられるUMLを、ハード ウェアに関する記述を含めたものに拡張し、システム設計を行えるようにしたモデリング言ｘ語です。全部で次の9つの図法があり、UMLと全く同じもの、UMLの図を拡張したもの、SysML独自のものがあります。

正式名称：Systems Modeling Language
ベース：UML（Unified Modeling Language）を拡張したもの
目的：システム全体の構造・振る舞い・要件などを「見える化」して理解・共有しやすくする

構造図
ブロック定義図、パッケージ図、内部ブロック図、 パラメトリック図

振る舞い図
シーケンス図、ユースケース図、アクティビティ図、状態遷移図

要求図
要求図

ア“Webページに,画像を使用せずに数式を表示するために用いられる, XMLで定義されたマーク アップ言語”
MathMLの説明です。

イ “システムの設計及び検証を行うために用いられる, UML仕様の一部を流用して機能拡張したグラフィカルなモデリング言語”
正しい。SysMLの説明です。

ウ “ハードウェアとソフトウェアとの協調設計(コデザイン)に用いられる, C言語又はC++言語を基としたシステムレベル記述言語”
SystemCの説明です。

エ“論理合成してFPGAで動作させるハードウェア論理の記述に用いられる,ハードウェア記述言 語”
VHDL・Verilog-HDL の説明です。
"
562,"DJ-NW-R5

TCP IPネットワークでTCPを使用するとき、 フラグメント化されることなく送信できるデータの最大長は何オクテットか。
","TCP/IPネットワークでフラグメント化されずに送信できるデータの最大長は、MTU（Maximum Transmission Unit）からIPヘッダとTCPヘッダを引いた値で決まります。

一般的なイーサネットのMTUは 1500オクテット なので、
IPヘッダ：20オクテット
TCPヘッダ：20オクテット
したがって、
1500 − 20 − 20 = 1460オクテット
👉 答え：1460オクテット

この場合、なぜFCSは含まれないのか?
FCS（Frame Check Sequence）は**データリンク層（イーサネット層）**で付加されるものであり、MTU（Maximum Transmission Unit）には含まれないためです。

ということは、途中のルータでフラグメント化された場合、このFCSは再度計算され直すのか?

はい、そのとおりです。
途中のルータでIPパケットがフラグメント化される場合、各フラグメントは新しいイーサネットフレームとして送信されるため、それぞれに対してFCSは再計算されて付加されます。
"
563,"DJ-NW-R5

クラウドサービスで提供されるFaaSに関する記述のうち, 最も適切なものはどれか。

ア　利用者は,演算機能, ストレージ, ネットワークなどをクラウドに配置して使用する ことができる。

イ　利用者は、仮想化したデスクトップ環境を遠隔地の端末から使用することができる。

ウ　利用者は,クラウドサービス事業者が提供するアプリケーションプログラムを使用す ることができる。

エ　利用者は,プログラムの実行環境であるサーバの管理を意識する必要がなく,その実行環境を使用することができる。
","【正解】　エ

FaaS(Function as a Service: ファース)とは、アプリケーション開発に必要な関数をクラウドのサーバ上で実行できるサービスです。その名のとおり、実現したい機能を関数 (Funct ion) として実装してアップロードしておけば、指定したイベントをトリガーとして、関数を実行してくれます。PaaSと比較すると、 サービス利用者側でプラットフォームを管理する必要がない(サーバレス)、イベントドリブン、自動スケーリングなどの特徴があります。

ア“利用者は,演算機能, ストレージ, ネットワークなどをクラウドに配置して使用することができる。
laaS(Infrastructure as a Service) の特徴です。

イ“利用者は, 仮想化したデスクトップ環境を遠隔地の端末から使用することができる。”
DaaS(Desktop as a Service)の特徴です。

ウ “利用者は,クラウドサービス事業者が提供するアプリケーションプログラムを使用することができる。
SaaS (Software as a Service) の特徴です。

エ “利用者は,プログラムの実行環境であるサーバの管理を意識する必要がなく,その実行環境を使用することができる。”
正しい。 FaaSの特徴です。
"
564,"DJ-NW-R5

FaaS と DaaS
","🔹 FaaS（Function as a Service）
FaaS（Function as a Service）は、サーバーレスアーキテクチャの一形態で、ユーザーは**「関数（Function）」のコードだけを書く**サービスです。

AWS Lambda
Google Cloud Functions
Azure Functions など。

🔹 DaaS（Desktop as a Service）の概要
DaaSは「仮想デスクトップ（VDI: Virtual Desktop Infrastructure）」をクラウドベースで提供する形態です。

Amazon WorkSpaces（AWS）
Microsoft Azure Virtual Desktop（AVD）
Google Cloud Workstations
Citrix DaaS
VMware Horizon Cloud
"
565,"DJ-NW-R5

10.8.64.0/20, 10.8.80.0/20, 10.8.96.0/20, 10.8.112.0/20の四つのサブネットを使用す る拠点を,他の拠点と接続する。 経路制御に使用できる集約したネットワークアドレスのう ち,最も集約範囲が狭いものはどれか。

ア　10.8.0.0/16

イ 10.8.0.0/17

ウ　10.8.64.0/18

エ　10.8.64.0/19
","【正解】　ウ　← 「共通しているのは上位2ビットまでなので」またやり方を忘れてた

4つのIPアドレスを見ると、第3オクテット(64、80、x96、112) 以外は共通しているので、
第3オクテットそれぞれを2進数で表して並べると以下のようになります。

01000000 : 64

01010000 : 80

01100000 : 96

01110000 : 112

共通しているのは上位2ビットまでなので、第2オクテット(16ビット)までと第3オクテットの上位2ビットの18ビット部分をネットワークアドレスにすれば、ひとつのネットワークとして扱えることになります。
したがって「ウ」が正解です。
"
566,"DJ-NW-R4

IPv4アドレスが 192.168.10.0/24~192.168.58.0/24 のネットワークを対象に経路を集約するとき,集約した経路のネットワークアドレスのビット数がもっとも多くなるものはどれか。

ア　192.168.0.0/16

イ　192.168.0.0/17

ウ　192.168.0.0/18

エ　192.168.0.0/19
","【正解】　ウ　← 「/16」は経路集約をしてない、ということらしい。問題の作者として考える。
"
567,"DJ-NW-R4

量子アニーリング方式の量子コンピュータの説明として、 適切なものはどれか。

ア　極低温の環境の中で、量子ゲートを用いて演算する。

イ　従来のCPUと同様に命令を使って演算、記憶と制御ができる。

ウ　複数のデータに同一の演算処理を高速に実行できる。

エ　膨大な選択肢の中から最適な選択肢を探すアルゴリズムに特化している。

","【正解】　エ　← 何も考えずに暗記する

量子アニーリング方式は、量子特有の性質を情報処理に利用して、組み合わせ最適化問題を 解くことに特化した量子コンピュータです。量子コンピュータ実用化の第一歩として研究開 発が進められています。
量子論的ゆらぎを使用したプロセスによって、 特別な規則や指定によらない解候補の集合か ら、最適化問題において最小化される関数 (グローバルミニマム)を見つけ出す広く認めら れた方法です。 同一の条件のもとでいちばん適している組み合わせを繰り返し見つけ出す回 数を、量子重畳原理によって圧倒的に増やせます。膨大な選択肢から最適な選択肢を探す、コンピュータの計算理論における組み合わせ論的な最適化問題に好適であるといわれていま
す。

ア “極低温の環境の中で、量子ゲートを用いて演算する。
量子ゲート方式の量子コンピュータの説明です。 量子アニーリング方式では、量子ビットに対してアニーリング操作を行うこと演算します。

イ “従来のCPUと同様に命令を使って演算,記憶と制御ができる。
量子アニーリング方式の量子コンピュータにおける計算は、イジングモデルと呼ばれる計算モデルを定式化し、その計算モデルに問題をマッピングすることで行います。プログラミングは不要で変数間の結合強度と重みを設定するだけです。

ウ “複数のデータに同一の演算処理を高速に実行できる。
量子コンピュータでは量子の重ね合わせ状態を利用して、1つのデータに対して解の組合せを一括で計算します。 古典コンピュータのように同じ演算処理を逐次繰り返すことはしません。

エ“膨大な選択肢の中から最適な選択肢を探すアルゴリズムに特化している。
正しい。量子アニーリング方式の量子コンピュータは、最適化問題を解くことに特化した方式です。
"
568,"DJ-NW-R4

ネットワークを構成するホストのIPアドレスとして用いることができるものはどれか。

ア　127.16.10.255/8

イ　172.16.10.255/16

ウ　192.168.255.255/24

エ　224.168.10.255/8
","【正解】　イ

ア　""127.16.10.255/8""
127.0.0.1~127.255.255.254は、ループバックアドレス(自分自身のマシンを指すア ドレス)として予約されているので使用できません。

イ　""172.16.10.255/16""
正しい。 172.16.0.0 ~ 172.31.255.255 (172.16.0.0/12) は、 クラスBのプライベート Pアドレスですので、ホストのIPアドレスとして使用できます。

ウ　""192.168.255.255/24""
192.168.255.255/24は、 ホスト部がすべて1であり、当該ネットワーク内のすべてのホストを表すブロードキャストアドレスとして予約されているので使用できません。

エ　""224.168.10.255/8""
224.16.10.255/8は、クラスD (224.0.0.0 ~ 239.255.255.255) としてIPマルチキャスト用に予約された特殊な領域で、一般的な用途での割り当ては行われません。
"
569,"DJ-NW-R4

IEEE 802.3のイーサネットパケットが図の構成のとき, IPv4とIPv6によって異なるものはなにか。
","【正解】　タイプの値
"
570,"DJ-NW-R3

信頼性工学の視点で行うシステム設計において,発生し得る障害の原因を分析する手法であるFTAの説明はどれか。

ア　システムの構成品目の故障モードに着目して,故障の推定原因を列挙し, システムヘの影響を評価することによって, システムの信頼性を定性的に分析する。

イ　障害と,その中間的な原因から基本的な原因までの全てを列挙し, それらをゲート (論理を表す図記号)で関連付けた樹形図で表す。

ウ　障害に関するデータを収集し,原因について ""なぜなぜ分析 "" を行い, 根本原因を明らかにする。

エ　多角的で,互いに重ならないように定義したODC属性に従って障害を分類し,どの分類に障害が集中しているかを調べる。
","【正解】　イ

FTA（Fault Tree Analysis）とは、システムの故障や事故などの原因を論理的に分析するためのツリー構造による手法である。

ア “システムの構成品目の故障モードに着目して、故障の推定原因を列挙し,システムへの影響を 評価することによって, システムの信頼性を定性的に分析する。""
FMEA(Failure Mode and Effects Analysis:故障モード影響解析)の説明です。ボトム アップ型の事象解析手法です。

イ “障害と,その中間的な原因から基本的な原因までの全ての原因とを列挙し,それらをゲート(論 理を表す図記号)で関連付けた樹形図で表す。'
正しい。樹形図を使って障害原因分析を行うのがFTAの特徴です。

ウ “障害に関するデータを収集し,原因について""なぜなぜ分析""を行い,根本原因を明らかにす る。""
RCA(Root Cause Analysis)の説明です。 問題や事象の根本原因を明らかにすることを 目的として使用されます。

エ“多角的で,互いに重ならないように定義したODC属性に従って障害を分類し,どの分類に障害 が集中しているかを調べる。'
ODC分析(Orthogonal Defect Classification Analysis: 直交欠陥分類分析)の説明で す。
"
571,"DJ-NW-R3

IPドレスの範囲を答えよ。

セグメントB
サブネットマスク 224 = 1110 0000より 
ネットワークアドレス:172.16.1.32 /27
IPアドレスの範囲:172.16.1.32 ~ 172.16.1.63

セグメントC
252 = 1111 1100 より、 
ネットワークアドレス:172.16.1.224/30
IPアドレスの範囲:172.16.1.224 ~ 172.16.1.227

セグメントD
192 = 1100 0000 より 
ネットワークアドレス:172.16.1.64/26
IPアドレスの範囲:172.16.1.64 ~ 172.16.1.127

","また間違えたので２回目

この計算が難しい
セグメントC
252 = 1111 1100 より、 
ネットワークアドレス:172.16.1.224/30
IPアドレスの範囲:172.16.1.224 ~ 172.16.1.227
【正解】　ウ　← 計算している暇はない。答えを丸暗記。

1110 0000 ネットワークアドレス 224
1111 1100 サブネットマスク　252
したがって使えるアドレスは
1110 0000  224
1110 0001  225
1110 0010  226
1110 0011  227

セグメントB
0010 0000 ネットワークアドレス 32
1110 0000 サブネットマスク　224
したがって使えるアドレスは
0010 0000 32
0011 1111 63

セグメントD
0100 0000 ネットワークアドレス 64
1100 0000 サブネットマスク　192
したがって使えるアドレスは
0100 0000 64
0111 1111 127

解答ウ
1000 0000 ネットワークアドレス 128
1100 0000 サブネットマスク　192
したがって使えるアドレスは
1000 0000 0
1011 1111 191



"
572,"DJ-NW-R3

ネットワークアドレス 192.168.10.192/28 のサブネットにおけるブロードキャストアドレ スはどれか。

ア　192.168.10.199

イ　192.168.10.207

ウ　192.168.10.223

エ　192.168.10.255
","【正解】　イ　← 間違えた

本問ではIPアドレスが 192.168.10.192/28 です。""/28""の表記は、アドレスプレフィックスと呼ばれ、IPアドレスのうちネットワーク部として使うアドレス先頭からのビット長を指します。つまり、ネットワーク部(緑)は先頭から28ビット、残りの4ビットがホストアドレス部 (青)になります。

11000000 10100000 00001010 11000000

したがって、このサブネットワークにおけるブロードキャストアドレスは、ホストアドレス 部のビットをすべて""1""にした次のアドレスになります。

11000000 10100000 00001010 11001111

このアドレスを10進表記にすると 「192.168.10.207」なので「イ」が適切です。
"
573,"DJ-NW-R3

プリントシステムには1時間当たり平均6個のファイルのプリント要求がある。 1個のプリント要求で送られてくるファイルの大きさは平均7,500バイトである。プリントシステムは1 秒間に50バイト分印字できる。プリント要求後プリントが終了するまでの平均時間は何秒か。ここで,このシステムはM/M/1の待ち行列モデルに従うものとする。

ア　150

イ　175

ウ　200

エ　225
","【正解】　ウ

M/M/1の待ち行列モデルにおいて、待ち行列に並んでからサービスを受け終わるまでに要する平均時間は次の式で計算します。

{利用率/(1-利用率)}×平均サービス時間+平均サービス時間

利用率はサービスを提供している時間の割合です。本問だと、1時間に平均6個の印刷要求があるので平均到着間隔は「1時間6回=10分」、 平均サービス時間は1ファイルの印刷に要する「7,500バイト+50バイト=150秒」 なので、利用率は 「150秒600秒=0.25」になります。

上記の式に利用率と平均サービス時間を当てはめると、
{0.25/ (1-0.25)}×150秒 + 150秒
= 1/3 ×150秒 +150秒
=
=50秒 +150秒=200秒
したがって「ウ」が適切です。
"
574,"DJ-NW-R3

M/M/1待ち行列モデルの主な計算
","はい。M/M/1待ち行列モデルの主な計算式は以下の通りです。

🔧 定義

平均到着率：λ（ラムダ）
平均サービス率：μ（ミュー）
系の利用率（稼働率）：𝜌 = 𝜆 ÷ 𝜇 ( 𝜌 < 1 ) 

🔹 平均到着率（λ：lambda）
単位時間あたりに平均して何件到着するかを表します。
λ=""到着件数"" /""観測時間"" 

例：
1時間に平均30人来るなら
λ=30"" 人/時間"" 
_________________
🔹 平均サービス率（μ：mu）
単位時間あたりに平均して何件処理できるか（1人あたりの平均処理時間の逆数）。
μ=1/""平均サービス時間"" 

例：
1人の処理に平均2分かかるなら
μ=1/(2/60)=30"" 人/時間"" 


"
575,"DJ-NW-R3

図のネットワークで,数字は二つの地点間で同時に使用できる論理回線の多重度を示してい る。X地点からY地点までには同時に最大幾つの論理回線を使用することができるか。
","【正解】　ウ（10本）　← 考えるのも馬鹿くさい。丸暗記
"
576,"DJ-NW-R1

SDメモリカードに使用される著作権保護技術はどれか。

ア　CPPM(Content Protection for Pre-Recorded Media)

イ　CPRM(Content Protection for Recordable Media)

ウ　DTCP(Digital Transmission Content Protection)

エ　HDCP (High-bandwidth Digital Content Protection)

","【正解】　イ
"
577,"DJ-NW-R1

図は, OSPFを使用するルータa~iのネットワーク構成を示す。 拠点1と拠点3の間の通 WAN1を,拠点2と拠点3の間の通信はWAN2を通過するようにしたい。xとyに設定する
トとして適切な組合せはどれか。 ここで, 図中の数字は, OSPFコストを示す。

","【正解】 イ（x=30, y=30)　← 阿弥陀くじみたい問題。暗記。
"
578,"DJ-NW-R1

OpenFlowプロトコルを使用するSDN (Software-Defined Networking)において, コントロ ーラーとOpenFlowスイッチ間の通信に関する記述として, 適切なものはどれか。

ア　オーバーヘッドを避けるためにUDPやTCPは使用せずIPを直接使用する。

イ　信頼性や安全性を確保するためにTCPやTLSを使用する。

ウ　パラレル伝送を行うためにSANで利用されるファイバチャネル上のSCSIを使用する。

エ　リアルタイム性に関する要求を満たすためにUDPを使用する。
","【正解】　イ　← 言われてみればそうだろうな、と
"
579,"DJ-NW-R1

UMLのユースケース図の説明はどれか。

ア　外部からのトリガに応じて,オブジェクトの状態がどのように遷移するかを表現する。

イ　クラスと関連から構成され,システムの静的な構造を表現する。

ウ　システムとアクタの相互作用を表現する。

エ　データの流れに注目してシステムの機能を表現する。

","【正解】　ウ　← 暗記

ユースケース図は、UMLの図法の一つで、システムに要求される機能を利用者の視点から記述した図です。主に要求分析段階でユーザーの要件を特定するために作成され、ユースケ ース図を有効に活用することにより、システムの全体像を開発者と利用者が一緒に評価しやすくなる利点があります。

ア “外部からのトリガに応じて, オブジェクトの状態がどのように遷移するかを表現する。
ステートチャート図の説明です。

イ “クラスと関連から構成され,システムの静的な構造を表現する。
クラス図の説明です。

ウ “システムとアクタの相互作用を表現する。
正しい。ユースケース図の説明です。

エ“データの流れに注目してシステムの機能を表現する。 
DFD (Data Flow Diagram) の説明です。
"
580,"DJ-NW-R1

IoT向けの小電力の無線機器で使用される無線通信に関する記述として,適切なものはどれか。

ア　BLE(Bluetooth Low Energy)は従来のBluetoothとの互換性を維持しながら,低消費電力での動作を可能にするために5GHz帯を使用する拡張がなされている。

イ　IEEE802.11acではIoT向けに920MHz帯が割り当てられている。

ウ　Wi-SUNではマルチホップを使用して500mを超える通信が可能である。

エ　ZigBeeでは一つの親ノードに対して最大7個の子ノードをスター型に配置したネット ワークを使用する。
","【正解】　ウ

ア “BLE(Bluetooth Low Energy)は従来のBluetoothとの互換性を維持しながら,低消費電力での
動作を可能にするために5GHz帯を使用する拡張がなされている。
BLE(Bluetooth Low Energy)は、通信規格Bluetoothの一部で、""Low Energy""の名前のとおり低消費電力に特化した通信モードです。通信速度は低速ながら、ボタン電池1個で数カ月から数年間の連続稼働ができるほど省電力性に優れ、低コストであることから IoTネットワークでの活用が期待されています。通常のBluetoothと同じく2.4GHz帯を 使用するので本肢は誤りです。

イ “IEEE802.11ac ではloT向けに920MHz帯が割り当てられている。
IEEE802.11acは、2023年現在主流の無線LAN規格で最大伝送速度は6.93Gbpsです。使用するのは5GHz帯なので本肢は誤りです。920MH帯はセンサーネットワーク用に割 り当てられてる周波数帯で、通信速度は遅いものの電波干渉が少なく到達性が高いという特徴があります。920MHz帯を使用する無線LAN規格としてはIEEE 802.11ah(Wi-Fi HaLow)や、IEEE 802.15.4g/4e(Wi-SUN)があります。

ウ “Wi-SUNではマルチホップを使用して500mを超える通信が可能である。
正しい。Wi-SUN (Wireless Smart Utility Network、ワイサン)は、100台から1,000台ｘのメッシュ型ネットワークになっていて、端末同士の通信距離は最大で500m程度ですが、マルチホップ(各端末がゲートウェイまでの通信を中継する機能)によって数km ~数十km離れた基地まで通信を届けることが可能になっています。スマートメーター用の無線通信システムとして開発されましたが、野外での情報収集用として今後適用できるシチュエーションが増えていく可能性があります。

エ “ZigBee では一つの親ノードに対して最大7個の子ノードをスター型に配置したネットワークを使用する。
ZigBee ネットワークは、ZigBeeコーディネータ、ZigBeeルータ、ZigBeeエンドデバ イスの3者によって構成されるメッシュネットワークトポロジです。スター型トポロジではありません。
"
581,"DJ-NW-R1

図はプロセッサによってフェッチされた命令の格納順序を表している。 a に該当するプロセ ッサの構成要素はどれか。

主記憶
　↓
　 a
　↓
命令デコーダ

ア　アキュムレーター

イ　データキャッシュ

ウ　プログラムレジスタ(プログラムカウンター)

エ　命令レジスタ
","【正解】　エ　

一般に命令の実行は、次の5つのステージに分かれています。フェッチ (fetch) とは「取ってくる」をいう意味をもつ言葉です。

命令フェッチ
プログラムカウンターが示すアドレスから命令語を命令レジスタに取り出す。

命令デコード
命令デコーダが取り出した命令を解読する。

実効(有効)アドレス計算
命令語のオペランド部の値を用いて、 演算対象のデータを保持する主記憶のアドレスを計算する。

オペランドフェッチ
計算されたアドレス値を用いて主記憶からデータを汎用レジスタに取り出す。

実行
解読された命令と演算対象のデータで命令を用いて演算を行う。

ア“アキュムレーター”
アキュムレーターは、演算途中の結果を一時的に保持しておくためのレジスタです。

イ “データキャッシュ”
データキャッシュはキャッシュメモリの1つで、データ (オペランド)をキャッシュしておく役割を持ち
ます。 図はa がプロセッサ内部の記憶装置であることを示していますが、キャッシュメモリはプロセッサ外部の装置なので不適切です。またデータキャッシュは命令を格納しません。

ウ“プログラムレジスタ(プログラムカウンター)""
プログラムカウンターは、次に実行するべき命令が格納されている主記憶上のアドレスを保持するレジスタです。

エ“命令レジスタ”
正しい。 命令レジスタは、主記憶から取り出された命令が格納される場所です。
"
582,"DJ-NW-R1

DNSゾーンデータファイルのNSレコードに関する記述のうち,適切なものはどれか。

ア　先頭フィールドには,ネームサーバのホスト名を記述する。

イ　ゾーン分割を行ってサブドメインに権限委譲する場合は,そのネームサーバをNSレ コードで指定する。

ウ　データ部 (RDATA) には,ゾーンのドメイン名を記述する。

エ　データ部(RDATA)には,ネームサーバの正規のホスト名と別名のいずれも記述できる。
","【正解】　イ

NSレコードでは、Rデータ（RDATA）はそのドメインを管理するネームサーバのホスト名を示します。
例えば、次のレコードでは「ns1.example.net.」がRDATAです。

NS(Name Server) レコード書式は次のとおりです。
//ドメイン名 TTL IN NS ネームサーバの名前
example.com.3600 IN NS ns.example.com.

ア“先頭フィールドには, ネームサーバのホスト名を記述する。
先頭はゾーンのドメイン名を記述します。

イ “ゾーン分割を行ってサブドメインに権限委譲する場合は,そのネームサーバをNSレコードで指定する。
正しい。サブドメインへの権限委譲とは、下位ドメイン (サブドメイン) についてはサブドメインのDNSサーバに管理を任せる方法です。 例えば、 example.comのサブドメ インとしてshop.example.comがあり、そのDNS情報をns.shop.example.com に記述している場合、上位ドメインのNSレコードには、以下のように権限委譲するゾーンのドメイン名とネームサーバの対応関係を記述することになります。
shop.example.com.
3600 IN NS ns.shop.example.com.

ウ “データ部(RDATA)には,ゾーンのドメイン名を記述する。
データ部 (RDATA)には、ネームサーバのホスト名を記述します。

エ “データ部(RDATA)には,ネームサーバの正規のホスト名と別名のいずれも記述できる。
データ部 (RDATA)にネームサーバの別名を記述すると、同じホスト名でAレコードとCNAMEレコードの競合が生じるため、 NSレコードには正規のホスト名しか記述できません。
"
583,"DJ-NW-H30

DNSのゾーン分割とは
","1つのドメイン名空間を複数のDNSゾーンに分割し、それぞれを別々のDNSサーバで管理できるようにすることを指します。

DNSでは、「ドメイン名」と「IPアドレス」などの対応関係を**ゾーンファイル（zone file）**という単位で管理します。

この「ゾーン」は、DNS名前空間の一部分を表します。
つまり、「どこからどこまでのドメインを、どのDNSサーバが権威的に管理するか」を決める単位です。
"
584,"DJ-NW-H30

WebサイトがWebブラウザに対して, 指定された期間において,当該Webサイトへのアク セスをhttpsで行うように指示するHTTPレスポンスヘッダーフィールドはどれか。

ア　Content-Security-Policy

イ　Strict-Transport-Security

ウ　X-Content-Type-Options

エ　X-XSS-Protection
","【正解】　イ

ア ""Content-Security-Policy""
Content-Security-Policyは、Webサイトで外部読み込みを許可するリソースの種類とドメインを指定するHTTPヘッダーです。意図しないドメインからスクリプト等が読み込まれることを防止できるため、XSSやクリックジャッキング攻撃の影響を軽減できます。

イ “Strict-Transport-Security""
正しい。

ウ　""X-Content-Type-Options""
X-Content-Type-Optionsは、ブラウザがコンテンツの種類を決定する動作を制御する HTTPヘッダーです。MIMEタイプを無視してコンテンツの中身をみて決定したり、逆にMIMEタイプだけでコンテンツの種類を決定したりするなどの指定ができます。一部の古いブラウザで、コンテンツの内容だけで判断することによりXSS攻撃を受けるリスクを低減できます。
X-Content-Type-Options: nosniff

エ “X-XSS-Protection""
X-XSS-Protectionは、XSS攻撃を検知したときにページの読み込みを停止するHTTPへッダーです。
"
585,"DJ-NW-H30

LDAPの説明として、 適切なものはどれか。

ア　OSIのディレクトリサービスであるX.500シリーズに機能を追加して作成され, X.500シリーズのプロトコルを包含している。

イ　インターネット上のLDAPサーバの最上位サーバとしてルートDSEが設置されてい る。

ウ　ディレクトリツリーへのアクセス手順や、 データ交換フォーマットが規定されてい る。

エ　問合せ処理を軽くするためにTCPは使わずUDPによって通信し,通信の信頼性はLDAPプロトコル自身で確保する。
","【正解】　ウ

LDAP (Lightweight Directory Access Protocol) は、X.500の90%の機能を10% のコストで実現することを目標として設計及び開発されました。

ア “OSIのディレクトリサービスであるX.500シリーズに機能を追加して作成され, X.500シリーズのプロトコルを包含している。
X.500シリーズとは、電子ディレクトリサービスに関するコンピュータネットワーク標 準規格群で。LDAPは、複雑で処理が重いX.500シリーズのDAP (Directory Access P rotocol) を軽量化し、ｘTCP/IPを用いるインターネットで使えるようにしたサブセットです。

イ “インターネット上のLDAPサーバの最上位サーバとしてルートDSEが設置されている。
ルートDSEは、各LDAPサーバが管理するDIT(Data Infomation Tree, ディレクトリ情 報ツリー)の最上位に位置するエントリです。最上位サーバではありません。

ウ “ディレクトリツリーへのアクセス手順や,データ交換フォーマットが規定されている。
正しい。LDAPは、ディレクトリ情報ツリーの構造とデータ型、命名規則、ディレクトリ情報ツリーへのアクセス手順等を規定しています。

エ “問合せ処理を軽くするためにTCPは使わずUDPによって通信し、通信の信頼性はLDAPプロトコル自身で確保する。”
LDAPはTCPで通信を行います。X.500シリーズのDAPには通信の信頼性を確保するプロトコルが含まれていますが、 LDAPでは、TCPによって通信の信頼性を担保できるので、これらを実装していません。その分、DAPより軽量化されています。
"
586,"DJ-NW-H30

WebSocketの説明として,適切なものはどれか。

ア　HTTPを拡張したプロトコルであり,通信メッセージはXML形式で記述される。

イ　URIのスキームにhttp又はhttpsを使用し, HTTPやHTTPSと同じポート番号で通信する。

ウ　双方向通信を行う仕組みであり、サーバ側からもクライアントにWebSocketの接続 開始を要求できる。

エ　通信はGETメソッドで始まり,クライアントとサーバ間でハンドシェイクをして接続が確立する。
","【正解】　エ

LINE LIVE のチャット機能では、サーバーとクライアント間の双方向通信を実現する手段として「WebSocketを採用」していることが、公式エンジニアブログで明言されています。 

WebSocketは、Webアプリケーションにおいてクライアント (Webブラウザ) とWebサーバの間で効率的な双方向通信を実現するプロトコルです。
通信路の確立後は、HTTPの手順に縛られず、1つのTCPコネクション上でデータのやり取りが行えるようになっているので、従来は難しかったサーバからクライアントへのデータのプッシュ可能になったり、通信ごとのHTTPコネクションが不要になるので高効率な通信ができたりするメリットがあります。

ア “HTTPを拡張したプロトコルであり,通信メッセージはXML形式で記述される。”
XMLSocketの特徴です。WebSocketでは、XML形式に限られず任意のテキスト/バイナリデータをやり取り可能です。

イ “URIのスキームにhttp又はhttpsを使用し,HTTPやHTTPSと同じポート番号で通信する。URIのスキームには ws(平文通信) または wss (暗号通信) の2つがあります。デフォルトのポート番号は、wsが80番、wssが443番と、http,httpsに準じていますが、任意のポート番号を指定することも可能です。

ウ “双方向通信を行う仕組みであり,サーバ側からもクライアントにWebSocketの接続開始を要求できる。”
WebSocketの接続は、クライアント側がハンドシェイク要求をサーバに送信することで始まります。 サーバ側からWebSocketの接続開始を要求することはできません。

エ“通信はGETメソッドで始まり, クライアントとサーバ間でハンドシェイクをして接続が確立する。
正しい。WebSocketの開始時は、まずHTTPの手順に則り、クライアントからupgradeヘッダーを含むGETリクエストを送信します。そして、サーバ側もupgradeヘッダーを含むレスポンスを返すことでWebSocketに切り替わる仕組みになっています。
"
587,"DJ-NW-H29

SMTPに関する記述のうち,適切なものはどれか。

ア　SMTPサーバは, SMTPクライアントのHELOコマンドに対して利用できる拡張機能の一覧を応答する。

イ　宛先のメールアドレスが複数ある場合は,SMTPの一つのRCPTコマンドにまとめて指定する。

ウ　差出人のメールアドレスは,SMTPのDATAコマンドに指定する。

エ　迷惑メールの防止のために, メールクライアントからの電子メール送信とメールサー バ間での電子メール転送とで, 異なるポート番号を利用できる。
","【正解】　エ

ア “SMTPサーバは, SMTPクライアントのHELOコマンドに対して利用できる拡張機能の一覧を応答する。
クライアントが、SMTPサーバにSMTPセッションの開始要求をするコマンドには""HELO""と ""EHLO""があります。このうち応答として拡張機能の一覧を返すのはEHLOに対してのみです。HELOコマンドはEHLOをサポートしない古い機種との互換性のために存ｘ在します。

イ “宛先のメールアドレスが複数ある場合は,SMTPの一つのRCPTコマンドにまとめて指定する。”
1つのRCPTコマンドで指定できるメールアドレスは1つのみです。宛先のメールアドレスが複数ある場合はRCPTコマンドを複数回使います。

ウ “差出人のメールアドレスは、SMTPのDATAコマンドに指定する。
差出人のメールアドレスはMAILコマンドに指定します。DATAはメールのデータを転送ｘするコマンドです。

エ “迷惑メールの防止のために, メールクライアントからの電子メール送信とメールサーバ間での電子メール転送とで,異なるポート番号を利用できる。”
正しい。SMTPには送信と転送のどちらにも使える25/TCP と、送信専用のサブミッションポート (587/TCP)が規定されています。
ISPでは迷惑メール防止のためにOP25B (Outbound Port 25 Blocking) を実施していますが、OP25Bには、正当な利用者が自身の契約する外部のメールサーバに接続しようとするSMTP通信も遮断してしまうという弊害があります。サブミッションポートは587/ TCPなので、OP25Bの影響を受けずに外部のメールサーバを使用したメール送信が可能です。さらにSMTP-AUTHによるクライアント認証を行ってからメールを送信するのでスパマーの悪用を防げます。
　
"
588,"DJ-NW-H29

ZigBeeの特徴はどれか。

ア　最大七つのスレーブから2.4GHz帯を使用する無線通信方式であり,一つのマスタとなるスター型ネットワークを構成する。

イ　5.8GHz帯を使用する近距離の無線通信方式であり, 有料道路の料金所のETCなどで 利用されている。

ウ　下位層にIEEE 802.15.4 を使用する低消費電力の無線通信方式であり、センサーネッ トワークやスマートメーターへの応用が進められている。

エ　広い周波数帯にデータを拡散することで高速な伝送を行う無線通信方式であり、近距離での映像や音楽配信に利用されている。




","【正解】　ウ
""あなたの解答: イ""

ア	Bluetooth	2.4GHz帯、最大7スレーブ、スター型

イ	DSRC	5.8GHz帯、ETCなどに利用

ウ	ZigBee	IEEE 802.15.4、低消費電力、センサーネットワーク

エ	UWB	超広帯域、高速伝送、近距離映像・音楽配信
"
589,"DJ-NW-H29

以下のどこが間違っているか。

上位96ビットを全て1としたアドレスはIPv4射影アドレスとして使用される。
","✅ 正しい記述

上位 80ビットが0、次の 16ビットが1 としたアドレス（::ffff:0:0/96）は、IPv4射影アドレスとして使用される。
"
590,"DJ-NW-H29

MLC(Multi-Level Cell) フラッシュメモリの特徴として、適切なものはどれか。

ア　コンデンサに蓄えた電荷を用いて,データを記憶する。

イ　電気抵抗の値を用いて,データを記憶する。

ウ　一つのメモリセルに2ビット以上のデータを記憶する。

エ　 フリップフロップを利用して, データを記憶する。
","【正解】　ウ

MLC(Multi-Level Cell)は、フラッシュメモリを構成する素子の種類で、1つの記憶素子(セル)に2ビット以上の情報を記録可能なものです。これに対して、1つのセルに1ビットの情報を記憶する素子はSLC (Single-Level Cell) といいます。

ア “コンデンサに蓄えた電荷を用いて, データを記憶する。
DRAMの特徴です。フラッシュメモリは、フローティングゲートと呼ばれる部位に電荷を蓄え、周囲を絶縁体で囲うことによって情報を記憶しています。

イ“電気抵抗の値を用いて,データを記憶する。
ReRAMの特徴です。

ウ“一つのメモリセルに2ビット以上のデータを記憶する。
正しい。 MLCフラッシュメモリの特徴です。

エ “フリップフロップを利用して,データを記憶する。
SRAMの特徴です。
"
591,"DJ-NW-H29

SSDで使われるのはMLCかSLCか。
","SSD（ソリッドステートドライブ）に使われるフラッシュメモリは、主に次のような種類があります👇

SLC (Single-Level Cell)	1ビット	高速・高耐久・高価	産業用・サーバー向け・キャッシュ用途

MLC (Multi-Level Cell)	2ビット	中速・中耐久・中価格	一部の高品質コンシューマーSSD

TLC (Triple-Level Cell)	3ビット	安価・低耐久・低速（だが容量大）	一般的なコンシューマーSSD

QLC (Quad-Level Cell)	4ビット	最安・低耐久・低速	大容量SSD・読み取り中心用途
"
592,"DJ-NW-H29

複数台のPCで1台のプリンターを共有するシステムがある。 このプリンターに対する平均要 求回数が毎分1回のとき,このプリンターの平均印刷時間(印刷を要求してから終了するまで の時間)は何秒か。ここで, プリンターは,平均が15秒の指数分布に従う時間で印刷要求を 処理するものとし、プリンターに対する印刷要求はポアソン分布に従うものとする。

ア　15

イ　18

ウ　20

エ　30

","【正解】　ウ　← 暗記する

平均要求回数が毎分1回、平均印刷処理時間が15秒なので、利用率は15/60=0.25になります。この利用率をもとにM/M/1の待ち行列モデルにおける次の公式でプリンターの平均印刷時間を計算します。

平均待ち時間=利用率×（1-利用率）-×平均サービス時間

平均応答時間=平均待ち時間+ 平均サービス時間

この公式に従い、 設問のケースにおける平均印刷時間(平均応答時間)を求めます。

{0.25/(1 -0.25)}×15+15
=1/3×15+15
=5+15=20秒
したがって 「ウ」が正解です。
"
593,"DJ-NW-H28

図のようなルータ6台から成るネットワークにおいて, 宛先IPアドレス 10.100.100.1 のIP パケットをルータYから受け取ったルータZは,どのルータに転送するか。ここで, ルータZ は次に示すルーティングテーブルを用い, 最長一致法 (longest-match algorithm)によって ルーティングするものとする。
","最長一致(ロンゲストマッチ) は、ルータがルーティングテーブルからパケットの送出先 決定する際、ネットワークアドレスが一致したエントリのうち、サブネットマスクが最も長いものを選択するアルゴリズムです。一致するサブネットマスクが長いということは、宛先の範囲をより限定している経路であることを意味します。

答え：ア（ルータA）

理由：宛先 10.100.100.1 に対してルータZの各経路を最長一致で調べると、
10.0.0.0/8（255.0.0.0）には一致する。
10.64.0.0/11（255.224.0.0）は 10.64.0.0〜10.95.255.255 → 不一致。
10.96.0.0/14（255.252.0.0）は 10.96.0.0〜10.99.255.255 → 不一致。
10.128.0.0/9 は 10.128.0.0〜10.255.255.255 → 不一致。
一致するのは /8 のみなので次ホップは 192.168.1.254（ルータA）

まず、ルータZのルーティングテーブルから宛先IPアドレス 10.100.100.1 に一致するエントリを確認します (SM: サブネットマスク)。

宛先:10.0.0.0 SM:255.0.0.0
10.100.100.100001010 01100100 01100100 00000001
10.0.0.0 - 00001010 00000000 00000000 00000000
⇒ 一致します

宛先:10.64.0.0、 SM:255.224.0.0
10.100.100.1 - 00001010 01100100 01100100 00000001
10.64.0.0    - 00001010 01000000 00000000 00000000
左から11ビット目が一致しません

宛先:10.96.0.0、 SM:255.252.0.0
10.100.100.1 - 00001010 01100100 01100100 00000001
10.96.0.0 　　 00001010 01100000 00000000 00000000
⇒ 左から14ビット目が一致しません

E:10.128.0.0 SM:255.128.0.0
10.100.100.  100001010 01100100 01100100 00000001
10.128.0.0 - 00001010 10000000 00000000 00000000
⇒ 左から9ビット目が一致しません

E:0.0.0.0 SM:0.0.0.0
デフォルトルートなので全てのアドレスに一致します



"
594,"DJ-NW-H28

Webサーバ, アプリケーション(AP)サーバ及びDBサーバ各1台で構成されるWebシステムにおいて,次の3種類のタイムアウトを設定した。 タイムアウトに設定する時間の長い順に 並べたものはどれか。ここで, トランザクションはWebリクエスト内で処理を完了するもの とする。

1 APサーバのAPが, 処理を開始してから終了するまで

2 APサーバのAPにおいて, DBアクセスなどのトランザクションを開始してから終了する まで

3 Webサーバが, APサーバにリクエストを送信してから返信を受けるまで

ア　1,3, 2

イ　2, 1, 3

ウ　3, 1, 2

エ　3, 2, 1

","【正解】　ウ

設問の〔タイムアウトの種類〕の記述からWebシステムの処理手順が以下のようになってい ることが分かります。

1. Webサーバは、APサーバにリクエストを送信する

2. APサーバは、処理を開始する

3. APサーバは、トランザクション処理のためにDBサーバにアクセスする

4. DBサーバは、トランザクションを処理する

5. DBサーバは、 APサーバに結果を返す

6. APサーバは、受け取った結果を処理し、Webサーバに返す

7. Webサーバは、APサーバから結果を受け取る

"
595,"DJ-NW-H27

サブネットマスクが 255.255.255.0 である四つのネットワーク 

192.168.32.0, 

192.168.33.0, 

192.168.34.0, 

192.168.35.0

を,CIDRを使ってスーパーネット化したとき, ネットワーク番号とサブネットマスクは？
","【正解】　
サブネット　　192.168.32.0

ネットワーク　255.255.252.0
"
596,"DJ-NW-H27

マルチプロセッサによる並列処理において, 1プロセッサのときに対する性能向上比はアム ダールの法則で説明することができる。 性能向上比に関する記述のうち, 適切なものはどれ か。

〔アムダールの法則〕　略

ア　プロセッサ数が一定の場合,性能向上比は並列化可能部の割合に比例する。

イ　プロセッサ数を増やした場合,性能向上比は並列化可能部の割合に反比例する。

ウ　並列化可能部の割合が0.5の場合は, プロセッサ数をいくら増やしても性能向上比が 2を超えることはない。

エ　並列化可能部の割合が最低0.9以上であれば,性能向上比はプロセッサ数の半分以上 の値となる。
","【正解】　ウ　← 考えてもわからん。暗記！
"
597,"DJ-NW-H27

パリティ専用の磁気ディスク装置をもち, ブロック単位のストライピングを行うRAIDの方 式はどれか。

ア　RAID 1

イ　RAID 3

ウ　RAID 4

エ　RAID 5
","【正解】　ウ　← ［ブロック単位のストライピング］

RAID3：データをバイト単位に細かく分割して複数のディスクに書き込む。

RAID4：データをブロック単位に分割して複数のディスクに書き込む。
"
598,"DJ-NW-H27

DNSの資源レコード(リソースレコード, RR)に関する記述のうち,適切なものはどれか。

ア　CNAMEレコードは,他のDNSサーバのキャッシュ領域に情報を残す許可時間や,ゾ ーン情報の更新をチェックする間隔などを指定するレコードである。

イ　MXレコードは,電子メールの送り先となるサーバのIPアドレスを指定するレコード である。

ウ　NSレコードは,そのゾーン自身や下位ドメインに関するDNSサーバのホスト名を指 定するレコードである。

エ　PTRレコードは、名前に対応するIPアドレスを指定するレコードである。
","【正解】　ウ　← 引っかけ問題は、よく読んで引っかからないこと。正しいのばかリ・・・と思ってしまう。

ア “CNAME レコードは,他のDNSサーバのキャッシュ領域に情報を残す許可時間や、 ゾーン情報の
更新をチェックする間隔などを指定するレコードである。
記述はSOAレコードを説明したものです。 CNAMEレコードは、ホスト名の別名(エイリ アス)を登録するレ
コードです。

イ “MXレコードは,電子メールの送り先となるサーバのIPアドレスを指定するレコードである。 '
MXレコードで指定するのはメールサーバのホスト名です。　← まいった。

ウ “NSレコードは,そのゾーン自身や下位ドメインに関するDNSサーバのホスト名を指定するレコードである。""
正しい。NSレコードは、ドメインとそのドメインの下位ドメインのゾーン情報が管理 されているDNSネームサーバのホスト名を指定するレコードです。

エ “PTRレコードは、名前に対応するIPアドレスを指定するレコードである。”
記述はAレコードを説明したものです。PTRレコードは、 DNS逆引きで使用する「IPアドレス→ホスト名」の関係を登録するレコードです。　← これもまいった。
"
599,"DJ-NW-H27

オブジェクト間のIS-A関係を表すのはどういう意味か。
","オブジェクト間の IS-A関係 とは、
「～は～の一種である（… is a …）」という関係を表すもので、
継承（inheritance）関係 のことを指します。

🔹意味の例

「犬（Dog）は動物（Animal）の一種である」 →
Dog IS-A Animal

つまり、クラスDogはクラスAnimalを継承しており、
Animalの性質やメソッドを引き継ぐという意味になります。

🔹対になる関係

IS-A関係 → 「継承」関係（例：DogはAnimalである）

HAS-A関係 → 「包含」関係（例：CarはEngineを持っている）

✅ まとめ

IS-A関係とは、「あるクラスが別のクラスを継承しており、『～は～の一種である』という関係を表すこと」です。
"
600,"DJ-NW-H26

使えるIPアドレスの範囲は？
上段：ネットワークアドレス
下段：サブネットマスク

ア　172.16.1.0
　　255.255.255.128

イ　172.16.1.128
　　255.255.255.128

ウ　172.16.1.128
　　255.255.255.192

エ　172.16.1.192
　　255.255.255.192
","ア　172.16.1.0 - 127
　　255.255.255.128

イ　172.16.1.128 - 255
　　255.255.255.128

ウ　172.16.1.128 - 191
　　255.255.255.191

エ　172.16.1.192 -255
　　255.255.255.192
"
601,"DJ-NW-H26

端末から400バイトの電文を送信し、ホストコンピュータが600バイトの電文を返信するト ランザクション処理システムがある。 回線速度を1×106ビット/秒 回線の伝送効率を8 0%,ホストコンピュータのトランザクション当たりの処理時間を40ミリ秒とする。 ホスト コンピュータでの処理待ち時間, 伝送制御のための処理時間などは無視できるとした場合, 端末における電文の送信開始から受信完了までの時間は何ミリ秒か。 ここで, 1バイトは8ビ ットである。

ア　10

イ　44

ウ　46

エ　50
","【正解】　エ

まず設問のネットワークにおける回線速度1×106ビット/秒を電文と同じバイト単位に変換します。

1,000,000÷8=125,000(バイト/秒)

さらに伝送効率が80%のため、実効伝送速度は次の通りです。

125,000×0.8=100,000(バイト/秒)

この回線で1,000バイトの電文を伝送するのに要する時間は以下のように計算できます。

1,000 ÷ 100,000=0.01(秒)=10(ミリ秒)

この時間とホストコンピュータにおけるトランザクション処理時間40ミリ秒と合計して答えを算出します。

10 +40 = 50 (ミリ秒)

したがって 「エ」 が正解です。
"
602,"DJ-NW-H25

FC(ファイバチャネル)フレームをイーサネットで通信するFCoEの説明のうち、 適切なものはどれか。

ア　イーサネットのパケットサイズに合わせて, FCフレームサイズが調整される。

イ　通信のオーバーヘッドを小さくするために, UDPを用いる。

ウ　通信の信頼性を確保するために, TCPを用いる。

エ　転送ロスを発生させないための拡張がされたイーサネットで,FCフレームを通信する。

","【正解】　エ
“あなたの解答:ア”

FCoE (Fibre Channel over Ethernet)は、FC(ファイバチャネル)のフレームをイーサネットのフレームでカプセル化することで、DCB (Data Center Bridging)などの拡張された10G bps イーサネット上で伝送する技術です。LAN環境とFC-SAN環境が統合されたネットワー クにおいて使用されます。

ア “イーサネットのパケットサイズに合わせて,FCフレームサイズが調整される。
FCのフレームが最大2,112バイトであるのに対して、イーサネットフレームのデータフィールドは46~1,500バイトです。FCフレームとイーサネットフレームのマッピングは 1対1で行われるため、FCフレームのカプセル化には拡張イーサネットの「イーサネッ トジャンボフレーム」が使用されます。

イ“通信のオーバーヘッドを小さくするために, UDPを用いる。
FCoEではIPによるルーティングは行われず、TCPやUDPも使用されません。

ウ “通信の信頼性を確保するために, TCPを用いる。
「イ」と同じ理由でTCPは使用されません。FCは高品質の光ファイバを伝送媒体としているため、伝送路上でのビット誤りの発生確率は基本的にゼロです。さらに拡張イーサネットではバッファ枯渇によるフレームロスに対処するため「優先度によるフロー制 御(PFC)」「トラフィックごとの帯域制御 (ETS)」「スイッチ間の情報交換 (DCBX)」という3つの仕組みが規定されています。

エ　“転送ロスを発生させないための拡張がされたイーサネットで,FCフレームを通信する。
正しい。拡張イーサネットフレームでFCフレームをカプセル化して通信を行います。
"
603,"DJ-NW-H25

以下のどこが間違いか。

カテゴリ6UTPケーブルを使用する 1000BASE-TXでは, 1対のより線で250Mビッ ト/秒のデータを上り下り同時に送り、4対合計で1Gビット/秒の全二重通信を実現 している。
","この記述の誤りは次の部分です。

「1000BASE-TXでは, 1対のより線で250Mビット/秒のデータを上り下り同時に送り、4対合計で1Gビット/秒の全二重通信を実現している。」

🔍 解説

1000BASE-T（ギガビットイーサネット）は、確かに4対のUTPケーブル（カテゴリ5e以上）を使用し、各対で 250 Mbps × 4 = 1 Gbps の伝送を行い、各対が**全二重通信（双方向同時通信）**をしています。

しかし、問題文にあるのは 「1000BASE-TX」 です。これは別規格で、次のような特徴があります。

1000BASE-T	Cat5e以上	4対	実際に広く普及している

1000BASE-TX	Cat6以上	2対のみ	高価でほとんど普及しなかった

高価でほとんど普及しなかった今でもCenbase TX Category6以上は普及していないのか?
とても良い質問です。
結論から言うと──
🔹 1000BASE-TX は今でも普及していません。
🔹 Category 6（CAT6）ケーブル自体は普及していますが、1000BASE-TX規格としての利用はほぼゼロです。
"
604,"DJ-NW-H25

1000BASE-Tと1000BASE-TXの違いは何か?
","① 1000BASE-T
　・Cat5e以上のケーブルを使用
　・4対すべてを使い、各対で同時に送受信（全二重通信）
　・現在の標準で広く普及

② 1000BASE-TX
　・Cat6以上が必要、2対のみ使用（送信1対・受信1対）
　・高価でほとんど普及せず
"
605,"DJ-NW-H25

無線LANにおけるWPA2の特徴はどれか。

ア　AHとESPの機能によって認証と暗号化を実現する。

イ　暗号化アルゴリズムにAESを採用したCCMP (Counter-mode with CBC-MAC Proto col) を使用する。

ウ　端末とアクセスポイントの間で通信を行う際に、 SSL Handshake Protocol を使用して,お互いが正当な相手かどうかを認証する。

エ　利用者が設定する秘密鍵と,製品で生成するIV(Initialization Vector)とを連結した 数字を基に,データをフレームごとにRC4で暗号化する。
","【正解】　イ

ア　×
AH（Authentication Header）とESP（Encapsulating Security Payload）は、IPsecで使われる技術であり、無線LANのWPA2とは関係ありません。

イ　○
WPA2では、暗号化方式として AES を用いた CCMP（Counter Mode with Cipher Block Chaining Message Authentication Code Protocol） が採用されています。これにより、高い安全性を実現しています。

ウ　×
SSL Handshake Protocol はWeb通信（HTTPSなど）で使われるもので、無線LANの認証方式ではありません。

エ　×
これはWEP（Wired Equivalent Privacy）の説明です。WEPではRC4とIVを用いて暗号化しますが、安全性が低く、WPA/WPA2で廃止されました。
"
606,"DJ-NW-H25

パイプラインの深さをD, パイプラインピッチをP秒とすると、1個の命令をパイプラインで 実行するのに要する時間を表す式はどれか。ここで,パイプラインは1本だけとし,全ての命令は処理にDステージ分の時間がかかり、各ステージは1ピッチで処理されるものとす る。また,パイプラインハザードについては,考慮しなくてよい。

ア　(I+D) xP

イ　 (I+D-1)xP

ウ　(I+D) + P

エ　 (IxD-1)+P
","【正解】　イ　← 分かれば簡単

パイプライン制御は、CPU処理を高速化させるため、1命令を、命令読出し(フェッチ)、解読(デコード)、アドレス計算、オペランド呼出し、実行などのように複数のステージに分け、各ステージを少しずつずらしながら独立した処理機構で並列に実行することで、処理時間全体を短縮させる技法です。パイプライン処理が完了するまでの時間を求める公式は、

(I+D-1)xP

I : 実行する命令数

D : パイプラインの深さ (命令を分割するステージ数)

P: パイプラインのピッチ(ステージ毎の実行時間)
"
607,"DJ-NW-H25

IPv6プロトコルスタックしか持たないホストとIPv4プロトコルスタックしかもたないホストとの間で通信するための技術はどれか。

ア　6to4

イ　IPv4/IPv6トランスレーション

ウ　Teredo

エ　キャリアグレードNAT
","【正解】　イ
"
608,"DJ-NW-H25

伝送速度が128kビット/秒の回線を用いて, 128×103バイトのデータを転送するために必要な時間はおよそ何秒か。ここで,転送するときの一つの電文の長さは128バイトであり, ヘッダーなどのオーバーヘッドを除いて送信できるデータは100バイトである。また,電文 の送信間隔(電文の末尾から次の電文の始まりまで)は,平均1ミリ秒とする。

ア　2.6

イ　+ 8

ウ　10

エ　12
","【正解】　エ　← 丸暗記しよう

まず回線の速度をバイト単位に変換します。

128kビット/秒→16000バイト/秒

1件の電文には100バイトのデータを含めることができるので、128×103 バイトのデータを電文にすると、

128000+100 = 1280

1280件の電文になります。 電文1件は128バイトなので、 伝送に要する時間は、

128×1280÷16000=10.24

さらに電文の送信間隔は1ミリ秒なので、1280件送信すると1279ミリ秒の待ち時間が生じます。

10.24+1.279=11.519

したがって約12秒になります。
"
609,"DJ-NW-H25

PPPに関する記述のうち, 適切なものはどれか。

ア　上位プロトコルとして使用できるのは, IPに限られている。

イ　伝送モードは半二重方式である。

ウ　認証プロトコルや圧縮プロトコルが規定されている。

エ　ベーシック手順を基にしたプロトコルである。

","【正解】　ウ

ア　×
PPP（Point-to-Point Protocol）は、上位プロトコルとして IPに限らず、IPX や AppleTalk など、さまざまなネットワーク層プロトコルを扱うことができます。
→ 誤り。

イ　×
PPPは 全二重通信で動作します。
→ 半二重ではありません。誤り。

ウ　○
PPPは、基本仕様（RFC 1661）に加え、認証プロトコル（PAP, CHAPなど）、圧縮プロトコル（Stac LZSなど）などを拡張プロトコルとして定義しています。
→ 正しい。

エ　×
ベーシック手順（HDLC）を基にしてはいますが、PPPは HDLCの拡張形式（LCP/NCPを含む）を用いる独立したプロトコルです。「ベーシック手順を基にした」という表現は誤り。

✅ 正解：ウ
"
610,"DJ-NW-H24

組込みソフトウェアなどの設計にも有効な技法であって,システムをプラットフォームに依存する部分と依存しない部分とに分けてモデル化することを特徴とする技法はどれか。

ア　CSM

イ　MDA

ウ　OMT

エ　UML
","【正解】　イ

MDA（Model Driven Architecture：モデル駆動型アーキテクチャ） は、組込みソフトウェアや大規模システムの設計にも有効な技法で、プラットフォームに依存しないモデル（PIM: Platform Independent Model） とプラットフォームに依存するモデル（PSM: Platform Specific Model）に分けて設計を行うことを特徴とします。

これにより、同じPIMから異なるプラットフォーム向けのPSMを生成することができ、
移植性・再利用性を高めることができます。

他の選択肢：

ア　CSM（Communication System Model）：通信システム関連のモデルで、設計技法ではない。

ウ　OMT（Object Modeling Technique）：オブジェクト指向分析・設計手法の一つ。UMLの前身。

エ　UML（Unified Modeling Language）：モデリング言語であり、設計技法そのものではない。
"
611,"DJ-NW-H24

ハミング符号の用途の説明として,適切なものはどれか。

ア　Bluetooth通信で,ビット誤りを訂正するために使われている。

イ　G3ファクシミリで画像データの圧縮に使われている。

ウ　HDLCフレーム内のビット誤りを検出するために使われている。

エ　MP3でオーディオデータの圧縮に使われている。
","【正解】　ア
"
612,"DJ-NW-H24


通信プロトコルの記述などに使用される表記法であり、事象の発生と,そのときの状態に応 じたシステムの動作を記述するのに、最も適切なものはどれか。

ア　決定表

イ　状態遷移図

ウ　データフローダイアグラム

エ　特性要因図
","【正解】　イ


状態遷移図（State Transition Diagram）
　→ システムがどの「状態」にあり、どんな「事象（イベント）」が起こるとどの「状態」に遷移するのかを表す図。
　→ 通信プロトコルの動作（接続要求→応答→通信中→切断など）を表現するのに最も適しています。

他の選択肢：

ア　決定表：条件と処理結果を組み合わせて論理的に整理する表。条件分岐の整理に使う。

ウ　データフローダイアグラム（DFD）：データの流れを表す図。プロセスやデータストア間の関係を表現。

エ　特性要因図：品質管理などで、原因と結果（特性）の関係を整理する図。魚の骨の形に描く。
"
613,"DJ-NW-H24

何が間違いか？

RADIUSでは、クライアントPCとアクセスポイントとの間で公開鍵暗号方式による暗号化通信を実現できる。
","✖ 誤りのポイント
ユーザーパスワード部分だけが暗号化されます。共通鍵（共有秘密鍵） 方式

🔍 解説

RADIUS（Remote Authentication Dial-In User Service） は、
認証サーバーとネットワーク機器（例：アクセスポイント、NAS）との間で 認証・認可・課金情報（AAA）をやり取りするプロトコル です。

つまり、RADIUSが暗号化するのは 「アクセスポイント（NAS）とRADIUSサーバ間」 の通信の一部です。
このとき使われる暗号化は 共通鍵（共有秘密鍵） 方式であり、公開鍵暗号ではありません。

一方、クライアントPCとアクセスポイント間の暗号化通信は、WPA2やWPA3などの無線LANの暗号化方式（AES-CCMPなど） によって実現されます。
RADIUSはこの段階の暗号化には関与しません。

✅ 正しい説明に直すと

RADIUSでは、アクセスポイントとRADIUSサーバ間で共有秘密鍵に基づく認証情報の保護を行う。
クライアントPCとアクセスポイント間の暗号化通信は、WPA2やWPA3などによって実現される。

🛡️ 暗号化の範囲
RADIUSメッセージの中で暗号化されるのは ユーザーパスワード のみ。
"
614,"DJ-NW-H23

ソフトウェア開発組織の活動状態のうち,CMMIにおけるプロセス成熟度が最も高いものはどれか。

ア　作業成果物の状況が,主要なタスクの完了時点で管理層に対して見える状態になっている。

イ　実績が定量的に把握されており,プロセスが組織的に管理されている。

ウ　プロセスが明文化されて、組織内のすべての人がそれを利用している。

エ　プロセスそれ自体を改善していくための仕組みが機能している。
","正解は👉エ　プロセスそれ自体を改善していくための仕組みが機能している。

レベル	名称	特徴	選択肢の対応

1	初期（Initial）	プロセスが属人的で、場当たり的。	―

2	管理された（Managed）	プロジェクト単位で計画・管理される。	ア

3	定義された（Defined）	組織全体で標準化・文書化されたプロセスを使用。	ウ

4	定量的に管理された（QuantitativelyManaged）	プロセスを定量的に把握し、数値で管理。	イ

5	最適化している（Optimizing）	継続的なプロセス改善を実施。	✅エ
"
615,"DJ-NW-H23

SPIとは
","SPIは、IPsec（特にAHやESP）で使われる識別子で、
通信中のセキュリティアソシエーション（SA）を区別するための番号です。
"
616,"DJ-NW-H23

GPSの周波数は
","GPS　約1.2～1.6GHz帯
"
617,"DJ-NW-H23

OSPFv2のLSAに関する作成と伝播の記述のうち,適切なものはどれか。

ア　AS-External-LSAは,エリア境界ルータが作成し,ASの外部だけに伝播される。

イ　Network-LSAは,エリア内の全ルータが作成し,エリア内部だけに伝播される。

ウ　Router-LSAは,エリア内の全ルータが作成し,エリア内部だけに伝播される。

エ　Summary-LSAは,AS境界ルータが作成し,エリア外部だけに伝播される。
","【正解】　ウ

ア　AS-External-LSA（タイプ5）：AS境界ルータ（ASBR）が外部ASの経路情報を作成し、全OSPFエリアに伝播する（スタブ除く）。

イ　Network-LSA（タイプ2）：指定ルータ（DR）がネットワーク上の接続ルータ情報を作成し、同一エリア内にのみ伝播する。　←指定ルータ（DR）が

ウ　Router-LSA（タイプ1）：各ルータが自分の接続状態を示す情報を作成し、同一エリア内にのみ伝播する。　←各ルータが

エ　Summary-LSA（タイプ3）：エリア境界ルータ（ABR）が他エリアの経路情報を作成し、他のエリアに伝播する。　←エリア境界ルータ（ABR）が
"
618,"DJ-NW-H23

SANは何の略か
","StorageAreaNetwork
ディスクストレージとサーバの間を専用のネットワークで接続する仕組みです。
"
619,"DJ-NW-H22

is-a
part-of
","オブジェクト指向において上位クラスと下位クラスの関係には、is-a(汎化-特化)関係と、part-of(集約-分解)関係があります。

is-a(汎化-特化)関係
「動物-犬」や「家電テレビ」などのように「...は、○○である」で表される関係。

part-of(集約分解)関係
「コンピューターCPU」や「自転車-サドル」などのように「...は、○○の一部である」
で表される関係。

表の3つの関係をどちらかに当てはめると、
a.タイヤは自動車の一部であるのでpart-of関係になります。

b.人間は動物であるのでis-a関係になります。

c.辞書は書物であるのでis-a関係になります。
"
620,"DJ-NW-H22

LANに関する記述のうち,1000BASE-Tを説明したものはどれか。

ア　2対のUTPケーブルを使用し、最大距離は100mである。

イ　4対のUTPケーブルを使用し,最大距離は100mである。

ウ　シングルモード光ファイバケーブルを使用し、最大距離は5kmである。

エ　マルチモード光ファイバケーブルを使用し、最大距離は400mである。
","【正解】　イ

✅結論から言うと

💡100Mbpsまでは2対使用、1Gbps以上は4対使用。
「T」だろうと「TX」だろうと、結局使う対数は同じです。

🔹詳細解説
規格	名称の例	速度	使用対数	備考

10BASE-T	10Mbps	2対	古いEthernet	

100BASE-TX	100Mbps	2対	100BASE-Tの主流方式	

1000BASE-T	1Gbps	4対	ギガビット以降は全対使用	

10GBASE-T	10Gbps	4対	全4対を同時に使用	
"
621,"DJ-NW-H22

SDP(SessionDescriptionProtocol)の説明として,適切なものはどれか。

ア　音声,映像などのメディアの種類,データ通信のためのプロトコル、使用するポート番号などを記述する。

イ　音声情報をリアルタイムストリームとしてIPネットワークに送り出す際のペイロード種別,シーケンス番号,タイムスタンプを記述する。

ウ　パケットの欠落数やパケット到着間隔のばらつきなどの統計値のやり取りに使用する。

エ　ユーザーエージェント相互間で、音声や映像などのマルチメディア通信のセションのザー確立、変更,切断を行う。
","【正解】　ア
"
622,"DJ-NW-H21

TCP/IPネットワークで使用されるARPの説明として、適切なものはどれか。

ア　IPアドレスからMACアドレスを得るためプロトコル

イ　IPアドレスからホスト名(ドメイン名)を得るためのプロトコル

ウ　MACアドレスからIPアドレスを得るためのプロトコル

エ　ホスト名(ドメイン名)からIPアドレスを得るためのプロトコル
","【正解】　ア　←こんなのを間違えた。

ARP(AddressResolutionProtocol)は、IPアドレスから対応する機器のMACアドレスを取得するプロトコルです。したがって「ア」が正解です。

IPアドレスからMACアドレスを得る手順は以下の通りです。
1.ARP要求フレームに送信元のIPアドレスMACアドレスとMACアドレスを得たいノードのIPアドレスを格納して、イーサネットネットワークにブロードキャストする。

」2.ARP要求フレームを受け取った各ノードは、フレーム内の解決対象IPアドレスが自身のIPアドレスと一致すれば、ARP応答フレームに自身のMACアドレスを格納して送信元にユニキャストで送信する。
"
623,"DJ-NW-H21

HTTPのGETメソッドとPOSTメソッドに関する記述のうち,適切なものはどれか。

ア　GETの実装は必須であるが,POSTはオプションである。

イ　GETはサーバへの送信,POSTはサーバからの応答である。

ウ　POSTの応答はキャッシュされるが,GETはキャッシュされない。

エ　POSTはサーバのCGIを起動できるが,GETは起動できない。
","【正解】　ア
"
624,"DJ-NW-H21

学会で技術内容を発表した日から11か月目に出願した。これで特許は取れるか?
","🔹状況まとめ

Aさん：発明者。学会で発表（＝公開）した。

1か月後にBさん：その発表内容を基に特許出願→登録されてしまった。

Aさん：11か月後（＝発表から11か月以内）に、自分で特許出願した。

そしてあなたの質問は、

「Aさんは、11か月以内なら、自分の発明を“取り返す”ように特許を取れるのか？」
ですね。
Aさん（最初の発明者）は、
✅発表から1年以内に自分で出願すれば「新規性喪失の例外」で特許を取れる。
✅同時に、Bさんの特許を「無効審判」で取り消せる。
⚠️ただし、自動的に“取り返せる”わけではなく、手続きが必要。
"
625,"DJ-NW-H21

CSMA/CD方式のブリッジで接続された二つのセグメント間で,ブロードキャストフレームの中継と、衝突発生時にできる不完全フレームの中継について,適切な組み合わせはどれか。

ブロードキャストフレームの中継するか
不完全フレームの中継するか
","【正解】
　
ブロードキャストフレーム　中継しない

不完全フレーム　中継しない

ブリッジは、ブロードキャストフレームを受信すると他の全てのポートからフレームを一斉に送信します。
また、CSMA/CD方式では衝突が検出したホストは送信を中止するため不完全なフレームがネットワークを流れます。この不完全フレームはリピータで隔てられた別セグメントへは送られますが、ブリッジを超えて中継されることはありません。
"
626,"DJ-NW-H21

ブラックボックステストのテストデータの作成方法のうち、最も適切なものはどれか。

ア　稼動中のシステムから実データを無作為に抽出し,テストデータを作成する。

イ　機能仕様から同値クラスや限界値を識別し,テストデータを作成する。

ウ　業務で発生するデータの発生頻度を分析し,テストデータを作成する。

エ　プログラムの流れ図から,分岐条件に基づいたテストデータを作成する。
","【正解】　イ

ブラックボックステスト（＝仕様ベーステスト）は、プログラムの内部構造を考慮せず、外部から見た機能仕様に基づいてテストを行います。
したがって、テストデータの作成方法として適切なのは、

・機能仕様をもとに入力範囲をグループ化（＝同値クラス分割）したり、
・境界付近の値を重点的に確認（＝限界値分析）したりする方法です。

ア：実データを抽出→再現性や網羅性に欠ける。テストには不適。

ウ：データの発生頻度分析→性能テストや運用評価では使うが、ブラックボックステストの設計法ではない。

エ：プログラムの流れ図を利用→内部構造に基づくホワイトボックステストの手法。

✅したがって、正答は「イ」です
"
627,"DJ-AP-R7A

データ分析手法の一つである,アソシエーション分析はどれか。

ア　結果となる数値(目的変数)と要因となる数値(説明変数)との関係性について,最小二乗法を用いて分析する。気温の変化が売行きにどの程度影響するかなどの事象の予測に用いられる。

イ　商品を購買するときの関連性や同時性などのルールを購買データに基づいて見いだすなど,データ間の統計的なパターンや、意味のある関連性を抽出する。信頼度,支持度及びリフト値によってルールを評価し、有効性を確認する。

ウ　多数の変数の情報(観測変数)に存在する共通因子を仮定し,モデル化して分析する。共通因子を設けることによってデータの数が増加しても複雑になることを防ぎ、現象を分かりやすく捉えることができる。

エ　多数の変数の情報(観測変数)をできるだけ少ない指標や次元(合成変数)で要約する。データのもつ情報をできる限り損なわずに全体の傾向を可視化することができる。
","【正解】　イ

アソシエーション分析は、データの中から項目同士の隠れたつながりや法則性を見い出すデ-タマイニングの手法です。Associationは「つながり」や「関連性」などの意味をもつ英単語です。

ア：回帰分析
→目的変数と説明変数の関係を最小二乗法などで分析する手法。
例：気温とアイスの売上の関係。
→回帰分析の説明です。

イ：アソシエーション分析（関連ルール分析）✅
→データの中から「一緒に起きやすい項目の組合せ（ルール）」を見つける分析。
例：「パンを買う人はバターも買いやすい」
→支持度・信頼度・リフト値でルールの強さを評価します。

ウ：因子分析
→多数の観測変数から、背後にある共通因子を推定する手法。
→「複雑なデータを要因でまとめる」分析。

エ：主成分分析（PCA）
→多数の変数を少数の合成変数（主成分）にまとめ、次元を圧縮する手法。
→「データの全体傾向を可視化」するために使われます。
"
628,"DJ-AP-R7A

委託元への著作権の移転に関する条項を含むソフトウェア開発委託契約書に,""委託先は著作者人格権を行使しない""という記載があった。これはどのような問題の発生を防ぐためのものか。

ア　委託先で当該ソフトウェアを開発した開発者が、技術者倫理に関しての責任を負わなくなることを防ぐ。

イ　委託先で当該ソフトウェアを開発した開発者を、委託元が後で雇用できなくなることを防ぐ。

ウ　納品されたソフトウェアに不具合が発見された場合に,委託先が金銭的補償を負わなくなることを防ぐ。

エ　納品されたソフトウェアを委託先の了解なく委託元で修正できなくなること,又は他の会社に修正を依頼できなくなることを防ぐ。
","【正解】　エ

著作者人格権は、著作権とは別に、著作物を創作した著作者自身に与えられる権利

公表権
著作物を公表するかどうかを決定できる権利

氏名表示権
著作物の公表に際して、著作者名を表示するかどうかを決定できる権利

同一性保持権
著作者の意に反して著作物の内容や題名を変更されない権利

著作者人格権は一身専属な権利であり、その譲渡が明文で禁止されています。そのため、著作権そのものと違って、契約で請負人から発注者に譲渡することができません。
契約で著作権を譲渡すると定めていても、著作者人格権について何も決めていなければ、著作者が「公表しない」「名前を出してほしい」「勝手に変更するな」と主張した場合、それに従わなければなりません。このようなトラブルを未然に防ぐため、物の引渡しを伴う請負契約では、著作権の譲渡特約とともに「著作者人格権を行使しない」とする不行使条項を入れておくのが一般的です。""譲渡""が認められていないため、""不行使""という約定で調整する形です。
"
629,"DJ-AP-R7A

laC(InfrastructureasCode)の説明として,適切なものはどれか。

ア　OS,仮想化ソフトなどが何もインストールされていない,初期状態のサーバである。

イ　サーバなどの新規利用申請があった場合に,資源の割当て,設定などを手動で行い,利用可能な状態にする。

ウ　システムの構成,設定などをプログラムとして記述し、専用のソフトウェアがその内容に従って自動的にシステムに適用する。

エ　利用者は,OS,アプリケーションなどの任意のソフトウェアをインフラストラクチャに手動で実装し,操作することができる。
","【正解】　ウ
“あなたの解答:工”

laC(InfrastructureasCode)は、インフラストラクチャ、すなわちシステムの動作基盤となるサーバ、ネットワーク、OS、ミドルウェアなどの設定をプログラムのコードとして管理することで、その変更やセットアップ作業をソフトウェアで自動化する手法です。

手順書に基づいて手作業で行っていた従来の作業と比較すると、設定作業の工数削減や共通化、人為的ミスのリスク低減といった利点があります。ただし、最初のコード化にはある程度のコストがかかります。laCツールとしては、Terraform、AWSCloudFormation、Pulumi、Ansibleなどが有名です。

ア　“OS,仮想化ソフトなどが何もインストールされていない,初期状態のサーバである。""
ベアメタルの説明です。

イ　“サーバなどの新規利用申請があった場合に,資源の割当て,設定などを手動で行い,利用可能な状態にする。
従来行われきた手動のプロビジョニング作業です。laCは手動ではなく、コードにより自動で一貫したサーバ構築・変更等を行います。

ウ　“システムの構成,設定などをプログラムとして記述し、専用のソフトウェアがその内容に従って自動的にシステムに適用する。
正しい。laCの説明です。サーバやソフトウェアの構成・設定情報をHCLやYMALなどの言語で記述し、専用のソフトウェアがその内容に従ってシステム環境を再現します。


エ　“利用者は,OS,アプリケーションなどの任意のソフトウェアをインフラストラクチャに手動で
実装し,操作することができる。”
laaS(InfrastructureasaService)の説明です。

"
630,"DJ-AP-R7A

サービスマネジメントのサービス可用性管理において,インシデント又は将来インシデントとなる可能性のある事象について,その発生経路及び発生原因を分析し、発生確率の算出に使用できる技法はどれか。

ア　故障の木解析(FTA)

イ　故障モード影響解析(FMEA)

ウ　コンポーネント障害インパクト分析(CFIA)

エ　単一障害点分析(SPOF分析)
","【正解】　ア
“あなたの解答:イ”

ア　“故障の木解析(FTA)""
正しい。FTA(FaultTreeAnalysis:故障木解析)は、樹形図を使って上位の事象から下位の原因へと順に分解することで、故障などの好ましくない事象の発生経路・原因・確率を明らかにする手法です。
上位事象と下位事象の関係は、発生確率とゲート(OR/AND)で表し、基本事象の発生確率から積み上げる形で、下位事象の確率から最上位事象の発生確率を論理的に導き出します。分析対象の事象(矩形枠)、基本事象(丸枠)、非展開事象(菱形枠)、通常事象(家型枠)ORゲートやANDゲート(論理回路記号と同じ)、移行(三角枠)などの図記号を使います。

イ　“故障モード・影響解析(FMEA)""
故障モード・影響解析は、システムや製品がどのように故障する可能性があるかを事前に洗い出し、その影響の重大さや発生確率を分析するとともに、実際に故障が起きた場合のアクションを決めるための手法です。FMEAは「FailureModeandEffectsAnalysis」の略です。

ウ　""コンポーネント障害インパクト分析(CFIA)""
コンポーネント障害インパクト分析は、システムを構成する各部品(コンポーネント)が故障した場合に、どのような影響が全体に及ぶかを格子分析で把握する方法です。解決策を作り、活動計画を作るまでの一連の活動を含みます。CFIAは「ComponentFailureImpactAnalysis」の略です。

エ　""単一障害点分析(SPOF分析)”
単一障害点分析は、その1箇所の障害がシステム全体の停止に繋がる部分を明らかにする手法です。SPOFは「SinglePointofFailure」の略です。
"
631,"DJ-AP-R7A

誤り検出方式であるCRCに関する記述として,適切なものはどれか。

ア　検査用のデータは,検査対象のデータを生成多項式で処理して得られる1ビットの値である。

イ　受信側では,付加されてきた検査用のデータで検査対象のデータを割り、 余りがなければ送信が正しかったと判断する。

ウ　送信側では,生成多項式を用いて検査対象のデータから検査用のデータを作り,これを検査対象のデータに付けて送信する。

エ　送信側と受信側では,異なる生成多項式が用いられる。
","
CRC(Cyclic Redundancy Check:巡回冗長検査)は、ネットワーク伝送やストレージなどにおいて用いられる誤り検出方式です。生成多項式を使用して検査用データの生成と検証を行う仕組みで、単純なパリティチェックでは検出できない偶数個の誤りやバースト誤りを検出できる特徴があります。

CRCの基本的な原理は次のとおりです。
1. 送信側は、検査対象のデータを生成多項式 (ビット列) で割り、その余りを検査用データとする
例) 10001000 mod 1010 = 110

2. 送信側は、検査対象のデータに検査用データを付加して送信する
例)検査対象データ: 10001000、 検査用データ:110

3. 受信側は、検査対象データ+ 検査用データを、送信側と同じ生成多項式で割る
例)(10001000 + 110) mod 1010 = 0

4.3.で計算した余りが0であれば""誤りなし""と判断する
"
632,"DJ-AP-R7A

エラー埋込み法を用いて残存エラー数を推定する。当初の埋込みエラーは48個である。テス ト期間中に発見されたエラーの内訳は、 埋込みエラーが36個, 真のエラーが42個である。 このとき,残存する真のエラーは何個と推定されるか。
","【正解】　14個　← 「残存」だよ。これを落とすともったいないぞ。
"
633,"DJ-AP-R7A

サービスマネジメントにおける問題管理の活動はどれか。

ア　根本原因の特定

イ　サービス要求の優先度付け

ウ　変更要求の記録

エ　リリースの検証
","【正解】　ア
“あなたの解答:イ”

問題管理プロセスは、インシデントの根本原因を特定し、インシデント及び問題の影響を最小化又は回避することを目的とするプロセスです。主な活動は以下の通りです。

・インシデントの根本原因と潜在的な予防処置を特定する
・問題解決のための変更要求を提起する
・サービスへの影響を低減又は除去するための処置を特定する
・既知の誤りを記録する

ア　“根本原因の特定”
正しい。問題管理プロセスの活動です。

イ　“サービス要求の優先度付け”
インシデント及びサービス要求管理の活動です。

ウ　“変更要求の記録”
変更管理の活動です。

エ　リリースの検証”
リリース及び展開管理の活動です。
"
634,"DJ-AP-R7A

労働施策総合推進法に関する記述として,適切なものはどれか。

ア　いわゆるパワーハラスメントに関し, 労働者の相談に応ずることや適切に対応する体制を整備することなどを事業主に義務付けている。

イ　大学生や高校生が適職を選択して、 適切な就職活動を行うために, 教育機関が関与すべきインターンシップの理念・原則を定めている。

ウ　都道府県ごとに時給という形式で金額が決められている最低賃金を労働施策の基礎と して位置付け,それを決定する手順を定めている。

エ　労働組合と使用者との団体交渉が労働条件改善の基本的な方策であると示し, 労働組 合活動を総合的に推進することを義務付けている。

","【正解】　ア
“あなたの解答:ア”

労働施策総合推進法は、働きやすい職場環境の整備や労働者の能力発揮を促進することを目的とした法律です。広く雇用対策の施策を定めていますが、通称「パワハラ防止法」と呼ば れるように、職場におけるパラーハラスメントを防止する施策を含む法律です。
"
635,"DJ-AP-R7A

RDBMSにおいて、 同じデータ項目の異なる版を用意することによって, トランザクションの同時実行性を高める仕組みはどれか。

ア　2相ロッキングプロトコル

イ　MVCC

ウ　WALプロトコル

エ　共有ロック
","【正解】　イ

“あなたの解答:ア”
多版同時実行制御(MVCC:MultiVersion Concurrency Control)は、トランザクションからの読書き要求に対して、トランザクション開始時点における同じデータのスナップショット (版、version)を提供するというアプローチにより、トランザクションの同時実行制御を行う仕組みです。

単版の2相ロックでは、専有ロック中のデータに対する参照はできず、共有ロック中のデータに対する更新はできません。この際、ロックの解除を待たなければならないことがトランザクションの同時実行における制約となっています。

多版同時実行制御では、各トランザクションが開始した時点におけるデータ項目の内容を「版」として保持しておき、並列実行されるトランザクションに対してこの「版」を提供します。これにより、読込みのロックと書込みのロックが競合することがなくなり、トランザクションの一貫性を保ったまま同時実行性を向上させます。

ア　“2相ロッキングプロトコル”
2相ロッキングプロトコルは、ロックを取得する段階 (成長相) と解除する段階(縮退相)の2つのフェーズを明確に区別したロック方式です。トランザクションで読書きが必要となるたびに都度ロックをかけていき、全てのロックを取得した後にまとめて解除する、というルールでロックの取得と解除を行います。

イ　MVCC""
正しい。MVCCは、読取り要求に対して直近の確定済みデータの「版」を提供することで、トランザクションの同時実効性を向上させる仕組みです。

ウ　“WALプロトコル”
WALプロトコルは、""Write Ahead Log (まずログを書け)""という意味のとおり、実際の操作に先行してログの即時書き出しを求める取り決めです。WALプロトコルの動作は 次の2点に要約されます。
・データベースの更新は、まずそれをログを書き出してから行う(更新前ログ)
・トランザクションはコミットを行う前に、該当する全てのデータベース更新情報をログを書き出す (更新後ログ)
エ“共有ロック”
共有ロックは、データへの書込みは禁止されますが、複数のトランザクションからの同 時読取りは許可するロックです。


"
636,"DJ-AP-R7A

図のアンゾフの成長マトリクスのうち, 市場浸透戦略の例として,適切なものはどれか。

ア　ある商品が高いシェアを確保したため、 最近の技術開発の成果を取り入れた上位機種を,既存のユーザー向けに販売する。

イ　ある地域において特別価格で販売することで、 商品の知名度を上げ, その地域の多く の住民に販売する。

ウ　ある地方で長年販売してきた商品を,今年から他の地方でも販売する。

エ　販売実績がないある国の商習慣に合う製品を一から開発し,その国で販売する。
","【正解】　イ
“あなたの解答:ウ”

アンゾフの成長マトリクスは、縦横に「市場」と「製品」、横軸に「既存」「新規」を設定したマトリクス上に事業領域を位置付け、4つの経営戦略 (市場浸透、 製品開発、市場開拓、多角化)に対応させたフレームワークです。

各象限の経営戦略は以下のとおりです。

市場浸透(既存製品・既存市場)
広告・宣伝を強化するなどして、他社のマーケットシェアを奪ったり、自社の優良顧客を増やしたりすることで成長を図る戦略

製品開発(新規製品 既存市場)
現在の顧客や市場に対して、新機能をつけた製品や新規開発製品を提案することで成長を 図る戦略市場開拓(既存製品・新規市場)

現在の製品を、今までとは異なる顧客や市場に販売することで成長を図る戦略
多角化 (新規製品・新規市場)
技術開発、業務提携、M&Aなどで、現在の事業と関係のない新しい分野に進出することで成長を図る戦略
選択肢の4つの事例はそれぞれ次のように分類できます。

ア　“ある商品が高いシェアを確保したため,最近の技術開発の成果を取り入れた上位機種を,既存
のユーザー向けに販売する。”
新商品を既存市場に投入するため、新製品開発戦略の例です。

イ　“ある地域において特別価格で販売することで,商品の知名度を上げ,その地域の多くの住民に販売する。
正しい。 既存商品を既存市場に投入するため、市場浸透戦略の例です。

ウ　“ある地方で長年販売してきた商品を、今年から他の地方でも販売する。 既存商品を新規市場に投入するため、新市場開拓戦略の例です。

エ　“販売実績がないある国の商習慣に合う製品を一から開発し,その国で販売する。
新商品を新市場に投入するため、多角化戦略の例です。
"
637,"DJ-AP-R7A

ある工場で扱っている部品Aは,使用量(需要)が一定であり,定量発注方式を採用して発注 されている。この場合の経済的発注量は,グラフの年間の発注費と,年間の保管費が等しく なったときの値を計算することで求めることができる。 表の条件の場合の経済的発注量を求めよ。 ここで, 部品Aに関する安全在庫は考慮しないものとする。

年間需要量　100,000個

1個当たりの年間保管費 (金利を含む)　1,000円

1回当たりの発注費用 (発注量に関係ない)　5,000円




","【正解】　1000個

経済的発注量をN個とします。

【年間の発注費】
年間の発注回数は、年間需要量を経済的発注量Nで割ったものです。 年間の発注費はこれに
1回当たりの発注費用を乗じて、
(100,000+N) ¥5,000 (円)

【年間の保管費】
在庫は時間の経過とともに発注した数量から次第に減っていき、最終的にゼロになります。そのため、平均在庫数は経済的発注量Nの半分になります。年間の保管費はこれに1個当たりの年間保管費を乗じて、

(1,000+2)xN (円)　← 「経済的発注量」即ち、一番効率の良い発注（在庫が０のタイミングで発注）

両者が等しくなるNを方程式で求めます。
"
638,"DJ-AP-R7A

異なるn個のデータが昇順に整列された表がある。この表をm個のデータごとのブロックに 分割し,各ブロックの最後尾のデータだけを線形探索することによって, 目的のデータの存 在するブロックを探し出す。 次に,当該ブロック内を線形探索して目的のデータを探し出す。このときの平均比較回数を表す式は
","【正解】　m/2+n/2m

線形探索法とは、データの集まり（配列やリストなど）の先頭から順番に、一つずつ要素を調べて目的の値を探す方法である

(1) ブロック探索段階
ブロックの代表（最後尾）の数は n/m 個。
目的のデータは全体のどこにあるかわからないので、平均的には (n/m + 1)/2 回の比較で目的のブロックを特定できる。

平均比較回数（ブロック探索） = (n/m + 1)/2

(2) ブロック内探索段階
目的のブロック内には m 個のデータがある。
線形探索の平均比較回数は (m + 1)/2。

平均比較回数（ブロック内探索） = (m + 1)/2

(3) 全体の平均比較回数
全体の平均比較回数 = ブロック探索 + ブロック内探索

= (n/m + 1)/2 + (m + 1)/2
= (n/m + m)/2 + 1

したがって、平均比較回数の式は

平均比較回数 = (n/m + m)/2 + 1


2m-は n が m より十分大きい場合に十分大きくなるので無視できない、""+1""は m/2 が十分
大きいので無視できると考えると、 定数項の ""+1"" を除いて

n/2m + m/2
"
639,"DJ-AP-R7A

図のLED点灯回路において,LEDに10ミリAの電流が流れるように抵抗値を決定したときに,回路全体の消費電力に占めるLEDの消費電力の割合は何%か。 ここで,LEDの順方向電 圧は2Vとし,電源の消費電力は無視するものとする。

ア　20

イ　25

ウ　80

エ　100
","順を追って計算します。

電源電圧：10V
LEDの順方向電圧：2V
電流：10mA = 0.01A

① 抵抗にかかる電圧
10V − 2V = 8V

② 抵抗値
R = 8V / 0.01A = 800Ω

③ 消費電力
LEDの消費電力：2V × 0.01A = 0.02W
抵抗の消費電力：8V × 0.01A = 0.08W
回路全体の消費電力：0.02W + 0.08W = 0.10W

④ LEDの割合
(0.02W ÷ 0.10W) × 100 = 20%

よって答えは「ア 20」。

LEDの順方向電圧：2V⇒これはなぜ2Vなんだ?どこに書いてあるの?

ここで，LEDの順方向電圧は2Vとし，電源の消費電力は無視するものとする。　← 漫然と読み飛ばしていた。
------------
LEDの順方向電圧とは、LEDを正方向（順方向）に電流が流れるようにつないだとき、LEDの両端に現れる電圧のこと。

LEDは電球と違い、流れる電流と電圧の関係が直線ではない。ある程度の電圧を超えないと電流がほとんど流れず、ある電圧以上になると急に電流が流れ始める。この「流れ始めるときに必要な電圧」が順方向電圧。

意味
LEDが光る状態で、そのLED自身が消費する電圧。

例
問題文では順方向電圧2Vとあるので、LEDが正常に点灯して10mAが流れる条件ではLEDの両端電圧は2Vになる、という意味。

用途
抵抗値を決めるとき、電源電圧からこの順方向電圧を引いた残りの電圧を抵抗にかける。これで電流を決定できる。
"
640,"DJ-AP-R7A

システム監査基準(令和5年)に従い,監査目的に基づいて,ガバナンス, マネジメント, コ ントロールの視点から検証・評価を行う。 ""コントロールの視点 "" から行う項目はどれか。

ア　 IT投資の結果が適切なリターンを生んでいるか。

イ　異常なアクセスを検出した際に適時に対処及び報告がなされているか。

ウ　情報セキュリティ対策がPDCAサイクルに基づいて適切に管理されているか。

エ　新技術や技術革新を経営戦略推進のために適時適切に利活用できているか。
","【正解】　イ

ア“IT投資の結果が適切なリターンを生んでいるか。
ガバナンスの視点に該当します。

イ “異常なアクセスを検出した際に適時に対処及び報告がなされているか。 正しい。 コントロールの視点に該当します。

ウ“情報セキュリティ対策がPDCAサイクルに基づいて適切に管理されているか。' マネジメントの視点に該当します。

エ “新技術や技術革新を経営戦略推進のために適時適切に利活用できているか。 ガバナンスの視点に該当します。
"
641,"DJ-AP-R7A

各メモリー入れ替え方法（ページ置換えアルゴリズム）を説明せよ

ア　FIFO

イ　LFU

ウ　LIFO

エ　LRU
","ア　FIFO（First In First Out）
最初に主記憶（メモリ）へ入ったページを、最初に退避（ページアウト）させる方式です。​
いわゆる「先入れ先出し法」です。メモリの入れ替え時は、最も古くから存在しているページが追い出されます。

イ　LFU（Least Frequently Used）
今までで最も利用頻度が少なかったページを退避させる方式です。​
ページ毎に参照回数などを記録し、参照回数が最も少ないものを入れ替え対象とします。

ウ　LIFO（Last In First Out）
最も後から主記憶に入った（最後に格納した）ページを最初に退避させる方式です。​
いわゆる「後入れ先出し法」で、スタックのように直前に入れたデータから順に追い出します。

エ　LRU（Least Recently Used）
一番長い間使われていなかったページ（最近使われていないページ）を退避させる方式です。​​
"
642,"DJ-AP-R7A

BASE特性を満たし、次の特徴をもつNoSQLデータベースシステムに関する記述のうち,適 切なものはどれか。

[NoSQLデータベースシステムの特徴〕
・ネットワーク上に分散した複数のノードから構成される。
・一つのノードでデータを更新した後,他の全てのノードにその更新を反映する。

ア　クライアントからの更新要求を2相コミットによって全てのノードに反映する。

イ　データの更新結果は,システムに障害がなければ,いつかは全てのノードに反映される。

ウ　同一の主キーの値による同時の参照要求に対し、全てのノードは同じ結果を返す。

エ　ノード間のネットワークが分断されると, クライアントからの処理要求を受け付けな くなる。
","【正解】　イ
""あなたの解答: エ""

BASE特性は、 ACID特性と同じように、 データベースの一貫性を説明するためのモデルで、次に示す3つの特性の頭文字を取ったものです。

・BA: Basically Available - 基本的に利用可能である(可用性優先)
・S: Soft State - 柔軟な状態(厳密な状態を要求しない)
・E: Eventually Consistent 結果整合性を保証する

BASE特性の概念は、クラウド上でビッグデータを扱う NoSQLのトランザクションに取り入れられています。

ア　“クライアントからの更新要求を2相コミットによって全てのノードに反映する。
RDBMSでの2相コミットではデータが常に整合性を満たしますが、 NoSQL データベー スでは必ずしもそうとは限りません。

イ “データの更新結果は,システムに障害がなければ、いつかは全てのノードに反映される。 
正しい。 NoSQL データベースでは、データを更新してもすぐには全てのノードに反映 されませんが、システムに問題がなければ、最終的には全てのノードに同じ内容が反映されます。この性質は「結果整合性」と呼ばれます。

ウ　 ""同一の主キーの値による同時の参照要求に対し、 全てのノードは同じ結果を返す。""
NoSQLデータベースでは、 データ更新の結果が直ちに全ノードに反映されるわけでは ありません。 同一の主キーの値による同時の参照要求を行っても、 更新直後はノードによって異なる結果を返すことがあります。

エ　“ノード間のネットワークが分断されると, クライアントからの処理要求を受け付けなくなる。"" NoSQLデータベースでは、ノード間のネットワークが分断されてもデータベースの利用が可能です (可用性優先)
O
"
643,"DJ-AP-R7A

LPWAについて、少し詳しく短くまとめる。
","LPWAについて、少し詳しく短くまとめる。

・LPWAは「Low Power Wide Area」の略。

・低消費電力で、数km〜数十kmといった広い範囲に通信できる無線技術の総称。

・送るデータ量は小さいが、電池で長期間（数年〜十数年）動作できるのが特徴。

・センサ機器、スマートメータ、位置情報端末など、多数のIoT機器を広範囲でつなぐ用途に向く。

・代表的な方式に、LoRaWAN、Sigfox、LTE-M、NB-IoT などがある。

以上。
"
644,"DJ-AP-R7A

バランススコアカードで使われる戦略マップの説明はどれか。

ア　切り口となる二つの要素をX軸、Y軸として, 市場における自社又は自社製品のポジションを表現したもの

イ　財務,顧客,內部ビジネスプロセス,学習と成長という四つの視点を基に,課題,施策、目標の因果関係を表現したもの

ウ　市場の魅力度, 自社の優位性という二つの軸から成る四象限に自社の製品や事業を分 類して表現したもの

エ　どのような顧客層に対して,どのような経営資源を使用し、 どのような製品・サービ スを提供するのかを表現したもの

","【正解】　イ　

通常は、学習と成長 ⇒ 内部ビジネスプロセス ⇒ 顧客 ⇒ 財務 という流れとなり、個々の要素がどのように企業価値創造の結果である財務面につながっているのかが可視化されます。戦略マップは戦略の伝達や実行を支援する重要なツールとして活用されています。

ア“切り口となる二つの要素をX軸,Y軸として,市場における自社又は自社製品のポジションを表 現したもの”
ポジショニングマップの説明です。

イ“財務,顧客,内部ビジネスプロセス, 学習と成長という四つの視点を基に,課題, 施策,目標 の因果関係を表現したもの”
正しい。 戦略マップの説明です。

ウ “市場の魅力度,自社の優位性という二つの軸から成る四象限に自社の製品や事業を分類して表 現したもの”
ビジネススクリーンの説明です。ただし、一般的なビジネススクリーンは3×3の9象限 です。

エ “どのような顧客層に対して,どのような経営資源を使用し,どのような製品・サービスを提供 するのかを表現したもの”
ビジネスモデルキャンバスの説明です。
"
645,"DJ-AP-R7A

CSPM(Cloud Security Posture Management)はどれか。

ア　クラウドサービスにおける情報漏えいなどのリスクを低減するために,設定の監視を 行ったり、自動的に不備を修正したりするサービス

イ　従業員からの情報セキュリティマネジメントシステムに関する問合せに応じ、必要な支援を行うクラウドサービス

ウ　従業員によるインターネット上のSaaSの利用状況を可視化することによって,ポリシー違反を検出し,接続制限を行うサービス

エ　ファイアウォール, マルウェア検知などのセキュリティ機能を統合し, パッケージと して提供するクラウドサービス
","【正解】　ア

CSPMは、クラウド環境の設定や構成に誤りがないかを自動で監視し、リスクを見つけて修正を促す仕組みのこと。

主な役割は次の通り。

クラウド設定の継続的な監視

ポリシー違反や危険な設定の検出

可視化レポートの提供

自動修復や修正手順の提示

AWS、Azure、GCPのような複数クラウドにまたがる環境でも、統一的に安全性を管理するために使われる。

ア “クラウドサービスにおける情報漏えいなどのリスクを低減するために,設定の監視を行った
り、自動的に不備を修正したりするサービス”
正しい。 CSPMの説明です。
イ “従業員からの情報セキュリティマネジメントシステムに関する問合せに応じ、必要な支援を行 うクラウドサービス”
SaaS型のサービスデスクです。
ウ “従業員によるインターネット上のSaaSの利用状況を可視化することによって, ポリシー違反を 検出し,接続制限を行うサービス”
CASB(Cloud Access Security Broker)の説明です。
エ “ファイアウォール, マルウェア検知などのセキュリティ機能を統合し, パッケージとして提供 するクラウドサービス ""
SASE (Secure Access Service Edge) の説明です。

"
646,"DJ-AP-R7A

あるプロジェクトは4月から9月までの6か月間で開発を進めており、現在のメンバー全員が 9月末まで作業すれば完了する見込みである。 しかし、 他のプロジェクトで発生した緊急の案件に対応するために、8月初めから、4人のメンバーがプロジェクトから外れることになっ た。9月末に予定どおり開発を完了させるために,7月の半ばからメンバーを増員する。条件 に従うとき、人件費は何万円増加するか。

・元のメンバーと増員するメンバーの, プロジェクトにおける生産性は等しい。
・7月の半ばから7月末までの0.5か月間、元のメンバー4人から増員するメンバーに引継ぎ を行う。
・引継ぎの期間中は、元のメンバー4人と増員するメンバーはプロジェクトの開発作業を実 施しないが,人件費は全額をこのプロジェクトに計上する。
・人件費は,1人当たり100万円とする。

ア　200

イ　250

ウ　450

エ　700
","【正解】　ウ　← 「0.5か月間作業に従事できません。」んなバカな、とは言わない。

元のメンバー4人と増員するメンバー5人は、 7月の半ばから7月末までの0.5か月間作業に従事できません。この引継ぎを追加作業と考えると、人件費の増加は「(4人+5人)×0.5月×10 0万円=450万円」 と計算できます。
"
647,"DJ-AP-R7A

生産事業所のシステムを, 生産計画などの計画層, 各指示や工程管理・製造管理などの実行層,機械・機器の制御を行う制御層の三つの層に大きく分けたとき,MESが運用される層は どれか。

ア　計画層

イ　実行層

ウ　制御層

エ　計画層・実行層・制御層
","MESは生産計画を現場で実行するための管理を担当するシステムであり、作業指示、進捗管理、品質管理、実績収集などを行う。
これらは計画層で行う「計画の立案」ではなく、また制御層で行う「機械や装置の直接制御」でもないため、三層のうち実行層に位置付けられる。

Manufacturing Execution System(製造実行システム)

計画層
生産計画や需要計画を扱う。

実行層（MES）
計画を基に、作業指示の発行、進捗管理、品質管理、実績収集を行う。現場の状況を把握し、計画層と制御層をつなぐ役割を持つ。

制御層
PLCなどが動作し、機械や設備を直接制御する。
PLC
Programmable Logic Controller
(プログラマブルロジックコントローラ)
"
648,"DJ-AP-R7A

一つのI2Cバスに接続された二つのセンサーがある。 それぞれのセンサー値を読み込む二つ のタスクで排他的に制御したい。利用するリアルタイムOSの機能として,適切なものはど れか。

ア　キュー

イ　セマフォ

ウ　マルチスレッド

エ　メモリプール
","【正解】　イ

結論から言うと、セマフォは
「Windowsの中に組み込まれているOS機能の一つ」
であり、Windows上で動くアプリケーションも利用できる仕組みである。

もう少し整理すると次のようになる。

①WindowsというOSは、複数のスレッドやプロセスを同時に動かすための管理機能を持っている。

②その管理の中で、共有資源が同時に使われて混乱しないようにするための仕組みとして、セマフォが用意されている。

③セマフォはOSが提供する機能で、Windows APIとしても利用できる。アプリケーション（ユーザープログラム）は、このセマフォを呼び出して使う。

まとめ
セマフォは、Windowsの外部にある別のプログラムではなく、WindowsというOSが内部で持っている同期制御の機能である。Windows上のアプリケーションは、このOSの機能として提供されるセマフォを利用して動作する。

ア“キュー”
キューは、先入れ先出し (FIFO) のデータ構造です。 排他制御の機能はありません。

イ “セマフォ”
正しい。セマフォは、 タスク間の排他制御に用いる機構です。読込み前にセマフォを取
得し、読み終えたら解放することで競合やデータの破損を防げます。

ウ “マルチスレッド”
マルチスレッドは、 OSから見た実行単位であるプロセスを複数の処理単位(スレッ
ド)に細分化し、並行処理を行う仕組みです。

エ“メモリプール”
メモリプールは、プログラムの起動時などに大きなメモリ領域を先取りしておき、その確保済のプールから小さく分けて貸出し・返却する仕組みです。
"
649,"DJ-AP-R7A

プロセッサの高速化技法の一つとして,同時に実行可能な複数の動作を,コンパイルの段階 でまとめて一つの複合命令とし, 高速化を図る方式はどれか。

ア　CISC

イ　MIMD

ウ　RISC

エ　VLIW
","【正解】　エ
“あなたの解答:ウ”

VLIW(Very Long Instruction Word)とは、プログラムのコンパイル段階で、 依存関係のない複数の操作をまとめて1つの複合命令にまとめ、同時に並列処理させる手法です。1つの サイクルで多くの演算を行うことができるため、 高速なデータ処理が求められる分野で効果を発揮します。「Very Long」の名前のとおり命令がとても長く、 最低128ビットといったサイズになります。

通常のパイプライン処理では、CPUが実行中に命令の依存関係などを判断して進めますが、VLIWではあらかじめ並列実行できる形にしてあるため、CPU側のオーバーヘッド減少と高速化が望めます。 その一方で、ソースコードからプログラムを生成するコンパイラの設計はその分難しくなります。

ア “CISC""
Complex Instruction Set Computerの略。 複雑で多機能な命令セットでコンピュータを構成する設計方法です。

イ“MIMD”
Multiple Instruction, Multiple Dataの略。 複数の命令とそれに対応するデータを、それぞれが独立している複数のプロセッサに振り分けて並列処理をする方式です。

ウ “RISC""
Reduced Instruction Set Computerの略。 CPUに与える命令を短く固定長化し、専用の論理回路で高速に実行できるようにした命令セットでコンピュータを構成する設計方法です。

エ“VLIW”
正しい。 VLIWは、複数の処理を1つの非常に長い命令にまとめて並列実行する高速化技法です。
"
650,"DJ-AP-R7A

プロジェクトマネジメントにおいて, スコープを対象とするプロセスを集めた対象群""スコ ープ""に含まれるプロセスはどれか。

ア　WBSの作成

イ　活動期間の見積り

ウ　コストの見積り

エ　予算の作成

","【正解】　ア

対象群""スコープ""は、プロジェクトが扱う範囲(スコープ)を管理するプロセス群です。作業と成果物のうちプロジェクトが必要とするものだけを特定し、定義するために必要なプロセスを含みます。 PMBOKのスコープマネジメントに対応する内容です。

JIS Q 25001 (プロジェクトマネジメントの手引) によれば、 対象群""スコープ""に含まれる プロセスは次の4つです。

スコープの定義
プロジェクトの目標、 成果物、 要求事項、 境界を明確にする

WBSの作成
プロジェクトの目標を達成するために必要な作業を細分化し、階層化した枠組みを作成す る

活動の定義
プロジェクトの目標を達成するために必要な活動を定義する
スコープの管理
スコープの変更に伴うリスクを管理する

ア “WBSの作成”
正しい。 WBSの作成は、 対象群 ""スコープ""に含まれます。

イ “活動期間の見積り”
活動期間の見積りは、 対象群 "" 時間 "" に含まれます。

ウ “コストの見積り”
コストの見積りは、対象群""コスト""に含まれます。

エ“予算の作成”
予算の作成は、対象群""コスト""に含まれます。
"
651,"DJ-AP-R7A

コンピュータによる伝票処理システムがある。このシステムは、伝票データをためる待ち行列をもち,M/M/1の待ち行列モデルが適用できるものとする。 平均待ち時間がT秒以上となるのは,システムの利用率が少なくとも何%以上となったときか。ここで,伝票データをた める待ち行列の特徴は次のとおりである。

・伝票データは, ポアソン分布に従って到着する。
・伝票データをためる数に制限はない。
・1件の伝票データの処理時間は、平均T秒の指数分布に従う。

ア　33

イ　50

ウ　15

エ　80
","【正解】　イ（50%）　← 暗記

平均待ち時間を求める公式は次のとおりです。

平均待ち時間=利用率/（時間 1-利用率）× 平均サービス

設問には「1件の伝票データの処理時間は,平均T秒の指数分布に従う」とあるため、上記式の平均サービス時間はT秒が入ります。平均待ち時間がT秒以上となる利用率を求めたいので、以下の式で解がT秒以上となる利用率を求めればよいわけです。

利用率/（時間 1-利用率）× T

式を確認すると、平均サービス時間はT秒以上になるのは、利用率/（時間 1-利用率）× T の部分が1以上である 1-利用率 ときです。この関係式を解くことで、求めるべき利用率p(ロー)を得られます。

Ρ/(1-P)≧1

p≧1-p

2p≧1

p≧0.5 ⇒ 50%

以上より、平均待ち時間がT秒以上となるのは、利用率が50%以上となったときとわかりま す。 したがって 「イ」 が正解です。
"
652,"DJ-AP-R7A

記憶領域を管理するアルゴリズムのうち, ベストフィット方式の特徴として,適切なものは どれか。

ア　空きブロック群のうち, アドレスが下位のブロックを高い頻度で使用するので,アド レスが上位の方に大きな空きブロックが残る傾向にある。

イ　空きブロック群のうち, 要求された大きさを満たす最小のものを割り当てるので,最 終的には小さな空きブロックが多数残る傾向にある。

ウ　空きブロックの検索にハッシュ関数を使用しているので,高速に検索することができ る。

エ　空きブロックをアドレスの昇順に管理しているので、隣接する空きブロックを簡単に 見つけられ,より大きな空きブロックにまとめることができる。
","【正解】　イ

ベストフィット方式は、メモリ割当てを制御するアルゴリズムの一つで、 空きブロックの大きさ順リストを先頭から探索し、最初に見つかった空きブロックを割り当てる方式です。要求に最も適したサイズのブロック (要求サイズ以上で最も小さい空きブロック) を割り当てるため、無駄なメモリの消費を抑えることができます。

ファーストフィット方式
メモリの先頭から順に空きブロックを探し、要求されたサイズ以上のブロックを見つけた 時点で、そのブロックを割り当てる。 探索時間が短くて済む

ワーストフィット方式
空きブロック全体を検索し、最も大きな空ブロックを割り当てる。断片化を避けられる

ア “空きブロック群のうち, アドレスが下位のブロックを高い頻度で使用するので, アドレスが上位の方に大きな空きブロックが残る傾向にある。
ファーストフィット方式の特徴です。ベストフィット方式ではメモリ全体から最も適合するブロックを割り当てるため、 アドレス上下のいずれかに空きブロックが偏ることはありません。

イ “空きブロック群のうち, 要求された大きさを満たす最小のものを割り当てるので,最終的には小さな空きブロックが多数残る傾向にある。'
正しい。 ベストフィット方式は要求サイズを満たす候補の中から最も小さい空きブロックを割り当てます。 無駄が少なくて済む一方で、割り当てた残りが小さな空きブロックとして多数残る性質があります。

ウ “空きブロックの検索にハッシュ関数を使用しているので,高速に検索することができる。
ハッシュは使用されません。

エ “空きブロックをアドレスの昇順に管理しているので, 隣接する空きブロックを簡単に見つけられ,より大きな空きブロックにまとめることができる。
ベストフィット方式では、サイズの昇順に並べたリスト構造で空きブロックを管理します。 アドレス順リストで領域管理を行うのはファーストフィット方式の特徴です。
"
653,"DJ-AP-R7A

SOAの説明はどれか。

ア　会計,人事,製造,購買,在庫管理, 販売などの企業の業務プロセスを一元管理することによって,業務の効率化や経営資源の全体最適を図る手法

イ　企業の業務プロセス, システム化要求などのニーズと, ソフトウェアパッケージの機能性がどれだけ適合し,どれだけかい離しているかを分析する手法

ウ　業務プロセスの問題点を洗い出して、 目標設定,実行, チェック, 修正行動のマネジ メントサイクルを適用し,継続的な改善を図る手法

エ　利用者の視点から業務システムの機能を幾つかの独立した部品に分けることによっ て,業務プロセスとの対応付けや他のソフトウェアとの連携を容易にする手法
","【正解】　エ
“あなたの解答:イ”

SOA (Service Oriented Architecture : サービス指向アーキテクチャ)は、業務を構成する機能や役割をサービスという独立した単位として分割し、それらのサービスを組み合わせ相 互に連携させることで一つのシステムを構築する考え方です。

オンラインショッピングのWebサイトを例にすると、商品検索、ショッピングカート、決済、ユーザー管理などの機能などを、それぞれ独立したサービスとして実装することができます。こうして分けることで、各サービスを個別に開発・変更・拡張できるようになり、開発効率や保守性が向上します。 また、各サービスは独立した部品であるため、再利用や機能 の入替え、システムの再構築がしやすい、 特定の言語やプラットフォームに依存しないとい うメリットがあります。

ア “会計, 人事,製造,購買,在庫管理, 販売などの企業の業務プロセスを一元管理することによ
って,業務の効率化や経営資源の全体最適を図る手法”
ERP(Enterprise Resource Planning)の説明です。

イ “企業の業務プロセス,システム化要求などのニーズと, ソフトウェアパッケージの機能性がど れだけ適合し,どれだけかい離しているかを分析する手法”
フィット&ギャップ分析の説明です。

ウ “業務プロセスの問題点を洗い出して、目標設定,実行,チェック, 修正行動のマネジメントサ イクルを適用し,継続的な改善を図る手法”
PDCAサイクルの説明です。

エ“利用者の視点から業務システムの機能を幾つかの独立した部品に分けることによって,業務プ ロセスとの対応付けや他のソフトウェアとの連携を容易にする手法”
正しい。 SOAの説明です。
"
654,"DJ-AP-R7A

定性的な評価項目を定量化するために評価点を与える方法がある。 表に示す4段階評価を用 いた場合, 重み及び4段階評価の結果から評価されたシステム全体の目標達成度は、評価項 目が全て目標通りだった場合の評価点に対し,何%となるか。

ア　27

イ　36

ウ　43

エ　52
","【正解】　イ（36％）　← 小学生の計算を間違えた。こんなの暗記。
"
655,"DJ-AP-R7A

OSSとして公開されているプログラム言語であるScalaの特徴はどれか。

ア　オブジェクト指向プログラミングと関数型プログラミングの両方が可能である。

イ　クラスの多重継承が可能である。

ウ　実行前にコンパイルして, ネイティブコードを生成する必要がある。

エ　変数の型が参照する実際の値によって実行時に決定される動的型付け言語である。
","【正解】　ア

Scala (スカラ)は、オブジェクト指向と関数型という2つの異なるプログラミングの考え方を統合して扱えるマルチパラダイムのプログラム言語です。主にJava仮想マシン上で動作し、既存のJavaプログラムやライブラリと高い互換性を持っています。Scalaが使われている著名なサービスとして 「X(Twitter)」があります。

ア “オブジェクト指向プログラミングと関数型プログラミングの両方が可能である。 ”
正しい。Scalaではオブジェクト指向プログラミングと関数型プログラミングの考え方
を組み合わせて使うことができます。

イ “クラスの多重継承が可能である。
クラスの多重継承はできません。ただし、トレイト (実装を含むことができるインタフ エース)の仕組みを使うことで、複数のクラスの振る舞いをミックスインとして加えら れる機能を有します。

ウ “実行前にコンパイルして, ネイティブコードを生成する必要がある。”
ScalaはJava仮想マシン上で動作する言語です。プログラムはまずバイトコードにコンパイルされ、実行時にJITコンパイラによってネイティブコード (機械語)に変換されて動作します。実行前コンパイルでのネイティブコード生成は必須ではありません。

エ “変数の型が, 参照する実際の値によって実行時に決定される動的型付け言語である。”
ScalaはJavaと同じ静的型付け言語で、コンパイル時に型が確定します。ただし、Scalaには型推論という仕組みがあり、型を記述しなくてもコンパイラが自動で判断してく れます。
"
656,"DJ-AP-R7A

組込みシステムのプログラムで,放された状態では0になり,押された状態では1になるスイ ッチの値を読み込んでいる。 このプログラムによって, スイッチの値は周期的に適切なタイミングで読み込まれ、チャタリング処理などの適切な処理が行われるものとし, aが今回の値で,bが前回の値とする。このスイッチが放された状態から押された状態に変化したこと を検出するための論理式はどれか。ここで,""・""は論理積, ""+""は論理和, ""＾""は論理否定を 表す。

ア　a・b＾

イ　a＾・b

ウ　a+b＾

エ　a＾+b

","【正解】　ア

a=1、b=0の場合のみ1、 その他は0となるのは「ア」です。これが「放された状態⇒押された状態」を検出できる論理式です。

ア ""a・b""
a=1、b=0の場合のみ1、 その他は0となります。 「放された状態⇒押された状態」を検出可能です。

イ“a・b""
押されて続けている状態、 放されて続けている状態との区別ができないため誤りです。 これは「押された状態⇒放された状態」を検出する論理式です。

ウ “a+b""
押されて続けている状態、 放されて続けている状態との区別ができないため誤りです。

エ“a+b”
a=1、b=0の場合のみ0、 その他は1となります。「放された状態⇒押された状態」を区別可能できるものの、0で検出となるため適切ではありません。
"
657,"DJ-AP-R7A

スレッドセーフの説明として、 適切なものはどれか。

ア　アプリケーションが複数のスレッドから呼び出されないようになっている。

イ　アプリケーションを複数のスレッドではなく、単一のスレッドで動作させる。

ウ　アプリケーションを複数のスレッドで並列に実行しても、問題が生じない。

エ　スレッドの競合が発生したときに,アプリケーションを安全に停止させる。
","【正解】　ウ

スレッドセーフは、1つのプロセスが複数のスレッドを作成できるマルチスレッド環境において、複数のスレッドが同時並行的に実行されても、予期しない動作やデータの破損を起こさず、正常に動作するプログラムの性質です。

ア“アプリケーションが複数のスレッドから呼び出されないようになっている。 ""
プログラムによりスレッドの並列実行を回避しているだけで、スレッドセーフではあり ません。

イ “アプリケーションを複数のスレッドではなく、単一のスレッドで動作させる。
シングルスレッド化の説明です。スレッドセーフはマルチスレッド環境における話なの で誤りです。

ウ “アプリケーションを複数のスレッドで並列に実行しても、問題が生じない。 ""
正しい。 スレッドセーフの説明です。

エ“スレッドの競合が発生したときに, アプリケーションを安全に停止させる。"" 
グレースフルシャットダウンの説明です。
"
658,"DJ-AP-R7A

サイバー攻撃の攻撃段階をモデル化したサイバーキルチェーンにおいて, ""エクスプロイ ト""に該当する行為はどれか。

ア　公開情報の閲覧,顧客を装った電子メールでの問合せなどを行い,標的とする組織を調査する。

イ　標的とする組織のPCでOSの脆弱性を悪用し、 攻撃ツールを実行させる。

ウ　標的とする組織のサーバから秘密情報を窃取し、攻撃者が用意したサーバに送信する。

エ　標的とする組織の従業員にマルウェアを添付した電子メールを送りつける。
","【正解】　イ
""あなたの解答: ウ

1. 偵察
標的に関する情報を収集して調査する

2. 武器化
攻撃のためのマルウェアを用意する

3. 配送(デリバリ)
メールやWebサイトを使って標的にマルウェアを送付/配信する、または標的のシステムに侵入する

4. エクスプロイト(攻撃)
標的にマルウェアを実行させる

5. インストール
標的のPCがマルウェアに感染する

6. 遠隔操作(C&C)
マルウェアとC&Cサーバを通信させて標的のサーバを遠隔操作する

7.目的の実行
秘密情報を得る、サービス停止、改ざんなど攻撃者の目的を達成する
"
659,"DJ-AP-R7A

JIS Q 27000:2019 (情報セキュリティマネジメントシステム-用語) における真正性及び信頼性に対する定義a~dの組みのうち、 適切なものはどれか。

a. 意図する行動と結果とが一貫しているという特性

b. エンティティは,それが主張するとおりのものであるという特性

c. 認可されたエンティティが要求したときに, アクセス及び使用が可能であるという特性

d. 認可されていない個人, エンティティ又はプロセスに対して, 情報を使用させず,また, 開示しないという特性


　　真正性 信頼性
ア　　　b　　　　a

イ　　　b　　　　C

ウ　　　d　　　　d

エ　　　a　　　　C
","【正解】　ア
""あなたの解答: イ""

真正性(Authenticity).
エンティティは、それが主張するとおりのものであるという特性。 具体的には、利用者・プロセスシステム情報などの対象が本物であることを確認でき、なりすましや改ざん された偽物ではないと確認できることをいう
例)ログイン時の本人確認、 通信相手の認証、 ソフトウェアの正当性確認 など

信頼性(Reliability)
意図する行動と結果とが一貫しているという特性。 具体的には、人やシステムによる処理
に欠陥や不具合がなく、一定の条件下で、期待した処理が確実に行われる性質をいう 
例)トランザクション管理、冗長構成、エラーチェックなど

a. 信頼性 (Reliability) の定義です。

b. 真正性(Authenticity)の定義です。

c. 可用性(Availability)の定義です。

d. 機密性(Confidentiality)の定義です。
"
660,"DJ-AP-R7A

チームの発展段階を五つに区分したタックマンモデルによれば,メンバーの異なる考え方や価値観が明確になり,メンバーがそれぞれの意見を主張し合う段階はどれか。

ア　安定期 (Norming)

イ　遂行期 (Performing)

ウ　成立期(Forming)

エ　動乱期(Storming)
","【正解】　エ

タックマンモデルは、心理学者であるB.W.タックマンにより提唱されたフレームワークで、チームが形成され、成熟し、解散するまでの過程を5段階で表現したものです。

①成立期(Forming)....
チーム形成の初期段階。メンバー同士がお互いのことを知らず、様子を見ている

②動乱期 (Storming)..
チームの行動が開始される段階。意見の食い違いや人間関係についてメンバー間の対立が生まれる。混乱期ともいう

③安定期(Norming).
チーム内での個々の立場が安定し、メンバーの共通目標であるプロジェクトの成功に向けて集中する段階
遂行期(Performing).

④チームとして成熟した段階。メンバー同士の信頼性が高くなり、チームとして機能することで生産性が高まる

⑤解散期(Adjourning).
目的を達成し、プロジェクトから離れる
"
661,"DJ-AP-R7A

タスクスケジューリングの処理時間順方式とは?
","処理時間順方式は、各タスクの「実行に必要な時間」の長さで並べ替えてスケジューリングする方法。

代表的には次の2種類がある。

(短い順に処理する方式)
実行時間が短いタスクから先に実行する方式。
平均待ち時間を最小にしやすい。
「最短ジョブ優先（SJF）」とも呼ばれる。

(長い順に処理する方式)
実行時間が長いタスクを先に実行する方式。
特定の目的がある場合に使われることがある。
一般的なOSではあまり使われない。

要するに、タスクの到着順ではなく「処理時間の長さ」で優先度を決めるスケジューリング方式。
"
662,"DJ-AP-R7A

16ビットのダウンカウントのカウンターを用い,カウンターの値が0になると割込みを発生するハードウェアタイマーがある。カウンターに初期値として10進数の150をセットしてタ イマーをスタートすると,最初の割込みが発生するまでの時間は何マイクロ秒か。 ここで, タイマーの入力クロックは16MHzを32分周したものとする。

ア　0.3

イ　2

ウ　150

エ　300
","【正解】　エ
""あなたの解答: ア""　← 32分周」とは周波数を32で割るということです。

設問に「タイマーの入力クロックは16MHzを32分周」とあります。「32分周」とは周波数を32で割るということです。つまり、基準クロックは16MHzですが、そのクロックを分周器で32分の1に落としてからタイマーに入力するという意味になります。

タイマーに入力されるクロック周波数は、以下のように求められます。
16MHz÷32=500kHz

1Hzが1秒間に1回の動作を表すため、500kHzで動作するダウンカウンターの1周期は、以下のように計算できます。

1秒÷500kHz=0.000002秒=2マイクロ秒

カウンターの初期値が150なので、カウンターの値が0になり割込みが発生するまでの時間は、2マイクロ秒×150カウント=300マイクロ秒

したがって「エ」が正解です。
"
663,"DJ-AP-R7A

どのようなメニューか。

ア　アコーディオンメニュー

イ　ドロップダウンメニュー

ウ　ハンバーガーメニュー

エ　ポップアップメニュー
","ア　項目ごとに折り畳み・展開ができるメニュー。
よくFAQや設定画面で、必要な部分だけ開いて読む用途に使われる。

イ　ボタンを押すと下方向へ選択肢が現れるメニュー。
フォームの選択やナビゲーションで、一覧を省スペースで見せたいときに使われる。

ウ　三本線のアイコンをタップしてメニュー全体を開く方式。
スマホ表示で画面を広く使うために、ナビゲーションを隠しておく用途で使われる。

エ　画面の中央や指定位置に小さなウィンドウが重なるように出るメニュー。
確認や追加操作を一時的に提示したいときに使われる。
"
664,"DJ-AP-R7A

Webアプリケーションソフトウェアの処理方式の説明のうち, ""プログレッシブWebアプ リ""の説明として、 適切なものはどれか。

ア　Webサーバ上に実行可能なプログラムを用意し, Webブラウザからの要求に応じて,Webサーバがそのプログラムを呼び出し、 処理結果をWebブラウザに送信する。

イ　Webページの要素にその意味を表すメタデータを付加することによって, コンピュータが自動的にWebページの情報の収集や加工を行えるようにする。

ウ　新しいWebサービスを、他のサービスが公開するWebAPIの機能を組み合わせること によって提供する。

エ　ブラウザが実行するサービスワーカーの機能を用いて, Webアプリケーションをオ フラインで起動させたり, バックグラウンドでデータを同期させたりして,ネイティ ブアプリケーションであるかのようにWebアプリケーションを使えるようにする。
","インストール型アプリのように動作しつつ、Webサイトとして配信される仕組みを使ったアプリ。
オフライン動作や通知などを、ブラウザ上で実現できる。

具体例としては次のようなものがあります。

Google Maps
ブラウザからそのまま「ホーム画面に追加」して、アプリのように使える。オフライン地図の一部利用も可能。

Twitter（旧Web版：Twitter Lite）
軽量で、通知やオフライン閲覧などPWAの機能を利用できた。

ア “Webサーバ上に実行可能なプログラムを用意し, Webブラウザからの要求に応じて, Webサーバがそのプログラムを呼び出し,処理結果をWebブラウザに送信する。”
CGI(Common Gateway Interface) の説明です。

イ “Webページの要素にその意味を表すメタデータを付加することによって, コンピュータが自動的にWebページの情報の収集や加工を行えるようにする。”
セマンティックWebの説明です。

ウ “新しいWebサービスを、他のサービスが公開するWebAPIの機能を組み合わせることによって 提供する。'
マッシュアップの説明です。

エ “ブラウザが実行するサービスワーカーの機能を用いて,Webアプリケーションをオフラインで起動させたり, バックグラウンドでデータを同期させたりして, ネイティブアプリケーションで あるかのようにWebアプリケーションを使えるようにする。""
正しい。 プログレッシブWebアプリ (PWA) の説明です。
"
665,"DJ-AP-R7A

事業目標達成のためのプログラムマネジメントの考え方として,適切なものはどれか。

ア　活動全体を複数のプロジェクトの結合体と捉え、 複数のプロジェクトの連携,統合, 相互作用を通じて価値を高め、組織全体の戦略の実現を図る。

イ　個々のプロジェクト管理を更に細分化することによって、プロジェクトに必要な技術や確保すべき経営資源の明確化を図る。

ウ　システムの開発に使用するプログラム言語や開発手法を早期に検討することによっ て,開発リスクを低減し、投資効果の最大化を図る。

エ　リスクを最小化するように支援する専門組織を設けることによって,組織全体のプロ ジェクトマネジメントの能力と品質の向上を図る。
","【正解】　ア
“あなたの解答: エ""

プログラムマネジメントとは、同時並行的に進められている複数のプロジェクトを組み合わせ、それらの相互関係を最適化することで、全体として使命をより良く達成するように導く活動です。ここで言う「プログラム」とは、相互に関連する複数のプロジェクトを要素としてもつ集合体を指します。

PMBOKガイド第5版では「プログラムの戦略目標と成果価値を達成するためにプログラム全体の調和を保ちつつ一元的にマネジメントすること」と定義されています。

ア “活動全体を複数のプロジェクトの結合体と捉え, 複数のプロジェクトの連携, 統合、相互作用を通じて価値を高め、組織全体の戦略の実現を図る。
正しい。プログラムマネジメントの考え方です。

イ“個々のプロジェクト管理を更に細分化することによって,プロジェクトに必要な技術や確保すべき経営資源の明確化を図る。
プログラムマネジメントでは、個々のプロジェクトをグルーピングし統合的に管理しま す。

ウ “システムの開発に使用するプログラム言語や開発手法を早期に検討することによって,開発リスクを低減し,投資効果の最大化を図る。
プログラムマネジメントの「プログラム」は、プログラミング作業を指しているわけで はありません。

エ “リスクを最小化するように支援する専門組織を設けることによって,組織全体のプロジェクト マネジメントの能力と品質の向上を図る。
PMO(Project Management Office) の考え方です。
"
666,"DJ-AP-R7A

リバースプロキシの説明として、 適切なものはどれか。

ア　インターネットから内部ネットワークの公開Webサーバへの通信を, 中継するために利用される。

イ　インターネットと内部ネットワークとの通信を監視し, インターネットからの攻撃を 検知するための技術である。

ウ　仮想的な専用ネットワークを確立するための技術である。

エ　内部ネットワークのPCからインターネットへの通信を, 中継するために利用され る。
","【正解】　ア

ア “インターネットから内部ネットワークの公開Webサーバへの通信を,中継するために利用され る。
正しい。 リバースプロキシの説明です。

イ“インターネットと内部ネットワークとの通信を監視し, インターネットからの攻撃を検知する ための技術である。""
ファイアウォールの説明です。

ウ “仮想的な専用ネットワークを確立するための技術である。
VPN(Virtual Private Network)の説明です。

エ“内部ネットワークのPCからインターネットへの通信を,中継するために利用される。
フォワードプロキシの説明です。

ファイアウォールは大体リバースプロキシが兼ねるか。

兼ねない。役割が根本的に違う。

ファイアウォール
通信の通過可否を決める装置で、基本は「通すか止めるか」を制御する。アプリの動作内容までは深く関与しない（次世代型でも主目的は通信制御）。

リバースプロキシ
外部から来たWebアクセスを一度受けて、内部のWebサーバへ代理で渡す仕組み。ロードバランシング、キャッシュ、TLS終端などの機能を持つ。

一般論として、ファイアウォールがリバースプロキシ機能を標準で兼ねることはない。
ただし一部のUTMやアプリケーションファイアウォール（WAF）が、限定的にリバースプロキシ的な動作をすることはあるが、あくまで例外的な拡張機能。
"
667,"DJ-AP-R7A

A,B,C,Dを論理変数とするとき, 次のカルノー図と等価な論理式はどれか。ここで, は論理積,+は論理和,XはXの否定を表す。
","【正解】　エ（A＾・ B＾・ D＾＋B・D）　← 暗記
·
"
668,"DJ-AP-R7A

売手側でのマーケティング要素4Pは、買手側での要素4Cに対応するという考え方がある。4 Pの一つであるプロモーションに対応する4Cの構成要素はどれか。

ア　顧客価値 (Customer Value)

イ　顧客コスト (Customer Cost)

ウ　コミュニケーション (Communication)

エ　利便性 (Convenience)

","【正解】　ウ

売手側でのマーケティング要素4Pとは次の4つです。
・Product(製品、サービス、品質)
・Price(価格、割引、コスパ)
・Place (流通、 立地、 流通範囲、 品揃え)
・Promotion (販売促進、宣伝、広告)

4Pとは逆に、買手側の視点である4Cは次の4つです。
・Customer value (顧客価値)
・Customer cost(顧客コスト)
・Convenience (利便性)
・Communication (コミュニケーション・対話)

対応
・Product (製品)⇔Customer value (顧客価値)
・Price (価格)⇔Cost(顧客負担)
・Place (流通)⇔Convenience (利便性)
・Promotion (B⇔)Communication (*)




"
669,"DJ-AP-R7A

PLM(Product Lifecycle Management) の目的はどれか。

ア　NC工作機械,自動搬送装置,倉庫などを有機的に結合し,コンピュータで集中管理 することで多品種少量生産に対応できる生産の自動化を実現する。

イ　製品開発,製造,販売,保守,リサイクルに至る製造業のプロセスにおいて,製品に 関連する情報を一元管理し、商品力向上やコスト低減を図る。

ウ　製品の生産計画に基づいてその生産に必要な資材の所要量を展開し、 これを基準にし て資材の需要とその発注時期を算出する。

エ　部品の供給から製品の販売までの一連のプロセスの情報をリアルタイムで交換するこ とによって,在庫の削減とリードタイムの短縮を実現する。
","【正解】　イ

ア “NC工作機械、自動搬送装置, 倉庫などを有機的に結合し,コンピュータで集中管理することで多品種少量生産に対応できる生産の自動化を実現する。""
FMS(Flexible Manufacturing System) の目的です。

イ“製品開発、製造、販売、保守, リサイクルに至る製造業のプロセスにおいて, 製品に関連する情報を一元管理し、商品力向上やコスト低減を図る。”
正しい。PLMの目的です。

ウ “製品の生産計画に基づいてその生産に必要な資材の所要量を展開し,これを基準にして資材の需要とその発注時期を算出する。
MRP(Materials Requirements Planning)の目的です。

エ “部品の供給から製品の販売までの一連のプロセスの情報をリアルタイムで交換することによって,在庫の削減とリードタイムの短縮を実現する。”
SCM(Supply Chain Management)の目的です。
"
670,"DJ-AP-R7A

AIにおける機械学習において, 2クラス分類モデルの評価方法の一つであるROC曲線で用いられる偽陽性率の説明として、最も適切なものはどれか。 ここで,分類されるデータには正しいものと間違っているものが含まれるものとする。

ア　 ""間違い""と予測したデータのうち,実際は""正しい""データの割合

イ　 実際に""間違い""であるデータに対し, 誤って ""正しい""と予測したデータの割合

ウ　実際に""間違い""であるデータに対し, 正しく""間違い""と予測したデータの割合

エ　全データのうち,実際に正しく予測できなかったデータの割合
","【正解】　イ

・真陽性: ""正しい”データを、 ""正しい""と予測した

・偽陽性: ""間違い”データを、 ""正しい""と予測した(第1種の誤り)

・偽陰性: ""正しい”データを、""間違い""と予測した(第2種の誤り)

・真陰性: ""間違い "" データを、 ""間違い""と予測した

ROC曲線という名前だが、実体としては「図」である。内容は次のとおり。
・横軸が偽陽性率
・縦軸が真陽性率
・しきい値を少しずつ変えた時の点を結んだもの
つまり、数値を並べた表ではなく、座標平面上に描くグラフであり、その軌跡を「曲線」と呼んでいる。
"
671,"DJ-AP-R7A

問目/選択中の問題80問
二つのタスクが共用する二つの資源を排他的に使用するとき, デッドロックが発生するおそ れがある。このデッドロックの発生を防ぐ方法はどれか。
ア　一方のタスクの優先度を高くする。

イ　資源獲得の順序を両方のタスクで同じにする。

ウ　資源獲得の順序を両方のタスクで逆にする。

エ　両方のタスクの優先度を同じにする。




","【正解】　イ　← 逆だと思ってた。

ア“一方のタスクの優先度を高くする。 ""
一方のタスクの優先度を上げても、他方のタスクが保持している資源はそのことで解放されないため、 デッドロックは防止できません。

イ“資源獲得の順序を両方のタスクで同じにする。”
正しい。デッドロックの発生を防ぐには、共有資源の使用順序を同じにします。仮にタスクAが「X→Y→Z」という順で資源を獲得をするなら、タスクBも同じく「X→Y→ Z」で資源を獲得するようにします。

ウ“資源獲得の順序を両方のタスクで逆にする。
デッドロックは、複数のタスク間で資源獲得の順番が異なるときに起こります。資源の取得順を逆にすれば、デッドロックが発生しやすくなります。

エ “両方のタスクの優先度を同じにする。""
タスクの優先度を揃えても、デッドロックの発生を防ぐことはできません。
"
672,"DJ-AP-R7A

どのような図か。

ア　アクティビティ図

イ　オブジェクト図

ウ　コンポーネント図

エ　ユースケース図
","ア “アクティビティ図”
アクティビティ図は、制御フローを表すことができる図で、流れ図(フローチャート)のUML版です。ビジネスプロセスやプログラム処理の流れを図式化するための使用します。

イ“オブジェクト図”
正しい。 オブジェクト図は、ある特定の時点でのオブジェクトのインスタンス間の静的 な構造を記述する図です。クラス図がクラス間の静的な関連を定義するのに対し、オブジェクト図はそのクラス図から具体的なインスタンス (実際のオブジェクト) がどのように生成され、関連をもつのかを示します。

ウ “コンポーネント図 ""
コンポーネント図は、インタフェースを介したコンポーネント同士の関係やコンポーネ ントの内容を表現する図です。

エ“ユースケース図”
ユースケース図は、システムに要求される機能をユーザーの視点から示した図です。ユーザー要件のモデリングに使用されます。
"
673,"DJ-AP-R7A

現状のHPC(High Performance Computing)マシンの構成を,次の条件で更新することにした。更新後の, ノード数と総理論ピーク演算性能はどれか。ここで,総理論ピーク演算は, コア数に比例するものとする。

(1) 一つのコアの理論ピーク演算性能は10GFLOPSである。
(2) 一つのノードのコア数は8である。
(3) ノード数は1,000である。

(1) 一つのコアの理論ピーク演算性能を現状の2倍にする。
(2)一つのノードのコア数を現状の2倍にする。
(3) 総コア数を現状の4倍にする。

　　ノード数　総理論ピーク演算性能
ア　2,000　　　320

イ　2,000　　　640

ウ　4,000　　　320

エ　4,000　　　640
","【正解】　エ　← これを落とすともったいない。

更新条件(1)~(3)について順番に考えていきます。
(1) 1つのコアの理論ピーク演算性能は、現状 (10GFLOPS) の2倍となるため、 10GFLOP S×2=20GFLOPS
(2) 1つのノードのコア数は、現状 (8個) の2倍となるため、8個×2=16個
(3) 現状の総コア数は「ノード数 1,000×コア数8個=8,000個」です。更新後の総コア数は その4倍となるため、 8,000個×4=32,000個
〔更新後のノード数〕
総コア数32,000個を、 1ノードのコア数16で割って「32,000 16=2,000」 となります。
〔更新後の総理論ピーク演算性能〕
総コア数32,000個に、1コアの理論ピーク演算性能20GFLOPSを乗じた 「32,000×20= 64 0,000GFLOPS」です。単位をGFLOPS⇒TFLOPSにして640TFLOPSとなります。
したがって「イ」の組合せが正解です。
"
674,"DJ-AP-R7A

投資の意思決定手法の一つであるPBP法に関する記述として、 適切なものはどれか。

ア　キャッシュフローの時間的価値が考慮されている。

イ　投資回収後のキャッシュフローも考慮されている。

ウ　投資金額の回収期間の長さによって投資を評価する手法である。

エ　ほかの意思決定手法であるNPV法やIRR法と同様に割引率を用いる手法である。
","【正解】　ウ 
“あなたの解答:エ”

PBP法 (Pay Back Period: 回収期間法)は、投資から生み出されたキャッシュフローで投資額を回収できるまでの期間を求め、その期間の長短で投資の有利・不利を比較する方法です。回収できる期間が短いほど良い投資と判断されます。

初期投資100万円を1年目30、2年目40、3年目50で回収すると、3年目で累積が100を超える。
残り30を3年目の50で回収するので回収期間は2.6年。

ア“キャッシュフローの時間的価値が考慮されている。
PBP法は名目額を積み上げて回収期間を見るため、キャッシュフローの時間的価値は考慮しません。計算が単純なのでざっくり評価したい場面には有効ですが、回収の遅い案件が過大評価されるリスクがあります。

イ“投資回収後のキャッシュフローも考慮されている。
PBP法は投資金額を回収するまでの期間にしか注目せず、回収後の追加キャッシュフローは評価に含めません。 回収までの早さだけで判定されるため、長く利益を生む案件が過小評価されるリスクがあります。

ウ“投資金額の回収期間の長さによって投資を評価する手法である。
正しい。PBP法は累積キャッシュフローが投資金額に達するまでの期間を算出し、その長短で投資可否や優先順位を判断する手法です。

エ “ほかの意思決定手法であるNPV法やIRR法と同様に割引率を用いる手法である。
時間的価値を考慮しないPBP法では、割引率を使いません。 外部からの資金調達に掛かる資本コストが考慮されない問題があります。
"
675,"DJ-AP-R7A

システム監査基準 (令和5年)において, システム監査で使用される用語の説明として,適切 なものはどれか。

ア　所見とは,他の標準的な監査人が監査を実施した場合であっても同じ検証結果を得られることである。

イ　正当な懐疑心とは、客観性の保持という精神的な態度を堅持できることである。

ウ　正当な注意とは, 監査で発見したことに基づく考えや意見のことである。

エ　独立性とは,第三者から不当な影響や圧力等を受けていない状態のことである。
","【正解】　エ

ア“所見とは,他の標準的な監査人が監査を実施した場合であっても同じ検証結果を得られることである。”
所見とは、監査で発見したこと、または発見したことに基づく考えや意見を指します。本肢は""再現性""の説明です。

イ“正当な懐疑心とは,客観性の保持という精神的な態度を堅持できることである。
正当な懐疑心とは、何事をも当然のこととせず疑ってみる、または確認してみる心をいいます。本肢は""精神的独立性""の説明です。

ウ “正当な注意とは,監査で発見したことに基づく考えや意見のことである。""
正当な注意とは、監査の実施過程で監査人として当然払うべき注意をいいます。本肢 は""所見""の説明です。

エ “独立性とは,第三者から不当な影響や圧力等を受けていない状態のことである。
正しい。独立性とは、第三者から不当な影響や圧力等を受けていない状態を指し、精神的独立性と外観的独立性から構成されます。
"
676,"DJ-AP-R7A

関係データベースのビューに関する記述のうち,適切なものはどれか。

ア　ビューの列名は,基の表の列名と異なる名称で定義することができる。

イ　ビューは,基の表から指定した列を抜き出すように定義するものであり,行を抜き出 すように定義することはできない。

ウ　二つ以上の表の結合によって定義されたビューは、結合の仕方によらず更新操作ができる。

エ　和両立な二つの表に対し, 和集合演算を用いてビューを定義することはできない。
","【正解】　エ　← 表を結合したビュー更新操作できない

ア “ビューの列名は,基の表の列名と異なる名称で定義することができる。
正しい。ビューの列名には元表とは別の列名を付けることができます。 異なる列名を定義するには、 SELECT文と同じくAS句を使用します。

イ“ビューは,基の表から指定した列を抜き出すように定義するものであり,行を抜き出すように定義することはできない。
ビューは任意のSELECT文を保存する仕組みなので、WHERE句で行の抽出、SELECT 句で列の抽出の両方が可能です。

ウ“二つ以上の表の結合によって定義されたビューは,結合の仕方によらず更新操作ができる。” 
2つ以上の表を結合して定義されたビューは、一部の例外を除いて更新操作を行うことができません。

エ“和両立な二つの表に対し,和集合演算を用いてビューを定義することはできない。
和集合演算(UNION)を含むビュー定義も有効です。和両立(列数・値の型や範囲が整合する2つの関係)であることは、和・差・積演算の一般則でありビュー定義に限られません。
"
677,"DJ-AP-R7A

ビット誤り率が0.0001%の回線を使って, 1,500バイトのパケットを10,000個送信すると き、誤りが含まれるパケットの個数の期待値はおよそ幾らか。

ア　10

イ 15

ウ　80

エ　120
","【正解】　エ
“あなたの解答:イ”　←「ビット誤り率⇔バイト」だぞ！
"
678,"DJ-AP-R7A

意匠法において、 保護の対象となり得るものはどれか。

ア　独自のGUI

イ　独自のアルゴリズム

ウ　独自の通信プロトコル

エ　独自のビジネスモデル
","【正解】　ア

ア “独自のGUI""
正しい。 GUIは画像意匠(操作画像)として、 意匠法による保護対象です。

イ “独自のアルゴリズム”
アルゴリズムは、 特許法による保護対象です。

ウ“独自の通信プロトコル”
通信プロトコルは、 特許法による保護対象です。

エ “独自のビジネスモデル”
ビジネスモデルは、 特許法による保護対象です。
"
679,"DJ-AP-R7A

産業機器の制御装置として使われるPLCの記述として,適切なものはどれか。

ア　自動制御であり,偏差の比例,積分及び微分の3要素で制御する。

イ　主としてラダー図を用いたシーケンスプログラムによって制御する。

ウ　電圧及び電流のアナログ信号をデジタル信号に変換する。

エ　リレーシーケンス回路のハードウェアによって制御する。
","【正解】　イ 
“あなたの解答:工”

PLC(Programmable Logic Controller) は、リレーやタイマーを用いた制御回路の代替として開発された産業用の制御装置で、従来はハードウェアで行っていた制御をソフトウェアによって実現できるようにしたものです。一般的には「シーケンサー」と呼ばれますが、これはPLCの代名詞となっている三菱電機のPLCの商品名です。

PLCのプログラムは、電気制御の論理を視覚的に表現したものであり、ラダー図 (リレー回路の論理を模した図) や状態遷移図(工程や動作の段階を表す図)などを用いて記述されます。これにより、回路設計の知識を持つ技術者が、 直感的に制御プログラムを作成できるようになっています。

ア“自動制御であり,偏差の比例,積分及び微分の3要素で制御する。
フィードバック制御の一種であるPID制御の説明です。

イ“主としてラダー図を用いたシーケンスプログラムによって制御する。 
正しい。 PLCの説明です。

ウ “電圧及び電流のアナログ信号をデジタル信号に変換する。” 
A/D変換器の説明です。

エ“リレーシーケンス回路のハードウェアによって制御する。 
ハードウェア制御の説明です。
"
680,"DJ-AP-R7A

売上高が7,000万円のとき,200万円の損失、売上高が9,000万円のとき,600万円の利益と予想された。売上高が8,000万円のときの変動費は何万円か。ここで,売上高が変わっても 変動費率は変わらないものとする。

ア　3,200

イ　4,000

ウ　4,800

エ　5,600
","【正解】　ウ　← 単純だが間違える。何度もやること。
"
681,"DJ-AP-R7A

市場成長率と相対的市場シェアから,市場と企業との関係を分析し, 自社製品や事業についての最適な資源配分方針を求めるための手法はどれか。

ア　3C

イ　BSC

ウ　PPM

エ　SWOT
","【正解】　ウ

ア“3C""
3C分析は、マーケティング分析に必要不可欠である顧客(Customer)、自社(Company)、競合他社(Competitor)の3つの視点から、自社の置かれている状況を分析する手法です。

イ“BSC”
Balanced Score Cardの略。 企業のビジョンを明確化し戦略を実現するために、「財務」「顧客」「業務プロセス」「学習と成長」という4つの視点から業績を評価・分析 する手法です。

ウ “PPM""
正しい。 PPM(Products Portfolio Management) は、 市場成長率と市場占有率の2軸からなるマトリックスを用いて、自社の製品や事業を4つの象限(花形、金のなる木、問ｘ題児、負け犬) に分類し、それぞれの現状を分析することで、 経営資源の最適配分や今後の戦略立案に役立てる手法です。

エ “SWOT""
SWOT分析は、企業内外の要因を、 S (Strength : 強み)、W (Weakness : 弱み ・ 弱点)、
O(Opportunity:機会)、T(Threat : 脅威)の4つに分類することで、企業の置かれている経営環境を分析する手法です。
"
682,"DJ-AP-R7A

リアルタイムOSにおいて,実行中のタスクがプリエンプションによって遷移する状態はど れか。

ア　休止狀態

イ　実行可能狀態

ウ　終了狀態

エ　待ち状態
","【正解】　イ

プリエンプションが起きると、実行中だったタスクは強制的にCPUを奪われ、再び実行できる順番を待つ状態になる。これは実行可能状態に戻ることを意味する。

リアルタイムOSでプリエンプションを起こすのは OSカーネル。

より具体的には次のような仕組みでOSが発動する。

・タイマ割込みが発生すると、OSカーネルが現在のタスクを中断できるかを判定する
・より優先度の高いタスクが「実行可能状態」になっていれば、OSが強制的にタスクを切り替える
・ユーザプログラム自身が勝手にプリエンプションを起こすことはできない

つまり、プリエンプションは「OSが割込み処理の中で実行している強制タスク切替」になる。
"
683,"DJ-AP-R7A

関係を第2正規形から第3正規形に変換する手順はどれか。

ア　候補キー以外の属性から、候補キーの一部の属性に対して関数従属性がある場合,その関係を分解する。

イ　候補キー以外の属性間に関数従属性がある場合,その関係を分解する。

ウ　候補キーの一部の属性から、候補キー以外の属性への関数従属性がある場合,その関係を分解する。

エ　一つの属性に複数の値が入っている場合, 単一の値になるように分解する。
","【正解】　イ

第1正規化
繰り返し項目や集合値をもつ属性を排除し、全ての属性が単一値から成るようにする

第2正規化
主キーの一部に関数従属する属性を別表に分離する

第3正規化
非キー属性に関数従属する属性を別表に分離する

例えば、{受注ID（主キー）,商品ID,商品名,顧客ID, 顧客名}という関係があるとします。商品名は非キー属性の商品IDから、顧客名は非キー属性の顧客IDから一意に決まります。このように、主キー以外の列が他の非キー属性に依存している場合に、その関係を別表に移したのが 第3正規形です。

・{受注ID（主キー）,, 商品ID, 顧客ID}
・{商品ID（主キー）,,商品名}
・{顧客ID（主キー）,, 顧客名}

ア“候補キー以外の属性から,候補キーの一部の属性に対して関数従属性がある場合,その関係を分解する。 ""
ボイスコッド正規形への変換手順です。

イ “候補キー以外の属性間に関数従属性がある場合,その関係を分解する。
正しい。 第3正規形への変換手順です。

ウ“候補キーの一部の属性から,候補キー以外の属性への関数従属性がある場合,その関係を分解 する。”
第2正規形への変換手順です。

エ“一つの属性に複数の値が入っている場合, 単一の値になるように分解する。
第1正規形への変換手順です。
"
684,"DJ-AP-R7A

DX認定制度における認定基準に含まれている事項はどれか。

ア　経営ビジョン及びDX戦略を策定して対外発信を行うことに加えて,ビジネスモデルの革新などデジタル技術活用の成果目標も既に達成していること

イ　経営ビジョン及びビジネスモデルの方向性を公表するとともに,策定したビジネスモ デルを実現するための方策として, DX戦略を公表していること

ウ　申請対象が,中小企業基本法で定められた中小企業であること

エ　デジタルガバナンス・コード3.0の全項目に対応していること

","【正解】　イ

ChatGPT:DX認定制度は、企業がデジタルを活用して事業変革を進める体制を整えていることを国が認定する仕組み。
経営戦略とIT活用が適切に結びついている企業であることを示す制度。

ア “経営ビジョン及びDX戦略を策定して対外発信を行うことに加えて,ビジネスモデルの革新などデジタル技術活用の成果目標も既に達成していること”
DXの達成度合いを測るものではありません。DX戦略の達成度を測る指標について公表していることが認定基準となります。

イ“経営ビジョン及びビジネスモデルの方向性を公表するとともに,策定したビジネスモデルを実 現するための方策として, DX戦略を公表していること”
正しい。経営ビジョンおよびビジネスモデルの方向性、所定の事項を含むDX戦略の両方を公表していることが認定基準の一つとなっています。

ウ “申請対象が、 中小企業基本法で定められた中小企業であること”
個人、法人、企業規模等を問わず、全ての事業者を対象とします。

エ “デジタルガバナンス・コード3.0の全項目に対応していること”
デジタルガバナンス・コードは項目ごとに「基本的事項」と「望ましい方向性」 が示されています。 DX 認定で審査されるのは 「基本的事項」への対応状況に限られます。

※DX認定では、Webサイトなどの公開文書を通じて「デジタル技術を活用して企業がビジネス変革に取り組むための準備が整っている状態」であることが審査されます。あくまでも 「これからDXに取り組む企業」といったレベル感です。
"
685,"DJ-AP-R7A

XP(Extreme Programming) のプラクティスの一つであるものはどれか。

ア　構造化プログラミング

イ　コンポーネント指向プログラミング

ウ　ビジュアルプログラミング

エ　ペアプログラミング
","【正解】　エ　← 暗記
"
686,"DJ-AP-R7A

システムをバージョンアップするとき, システムの稼働環境を二つ用意しておき、一方の環 境で現バージョンのシステムを稼働させた状態のままで他方の環境のシステムをバージョン アップし, ロードバランサーなどを使って稼働環境を切り替える。これによって,切替えに 伴うシステムのダウンタイムを短くするとともに,バージョンアップしたシステムで不具合 が発生したときには、元のバージョンに切り戻す時間を短くすることができる。この手法を 何というか。

ア　ブルーグリーンデプロイメント

イ　ホットスタンバイ

ウ　ホットスワップ

エ　ローリングアップデート
","【正解】　ア

ブルーとグリーンという名前は、二つの本番環境を視覚的に区別して説明するためにつけられた呼び名。
片方の環境をブルー、もう片方をグリーンと色で分けて表現することで、旧環境と新環境の切り替えを直感的に説明できるようにしたのが語源。
"
687,"DJ-AP-R7A

分散システムの脆弱性を実験によって発見する手法であるカオスエンジニアリングには,五つの原則がある。 この原則のうちの三つは, ""定常状態における振る舞いの仮説を立て る"", ""実世界の事象を多様化させる"", ""継続的に実行できるよう実験を自動化する""である。 あと二つの原則の組みはどれか。

ア　""開発環境で実験を行う"",""影響範囲を局所化する""

イ　 ""開発環境で実験を行う"",""影響範囲を広く捉える""

ウ　""本番環境で実験を行う"",""影響範囲を局所化する""

エ　""本番環境で実験を行う"",""影響範囲を広く捉える""
","【正解】　ウ

カオスエンジニアリングとは、分散システムが予期しない障害に直面しても動き続けられるかを確認するための実験的手法。

まず、システムが正常であることを示す定常状態を定義し、その状態が崩れないという仮説を立てる。
次に、本番に近い環境で障害を意図的に発生させ、ネットワーク遅延、サーバ障害、負荷急増など実世界で起こり得る事象を再現する。
その際、blast radius（影響範囲）を小さく制限し、被害を局所化しながら安全にテストを進める。
また、これらの実験は継続して行えるよう自動化されることが重要とされている。
このように、実際に壊して確かめながら、システムの耐障害性を高めるための実践的な手法である。

カオスエンジニアリングの五つの原則
・定常状態の仮説を立てる
・実世界の事象を多様化する
・本番環境で実験する
・影響範囲（blast radius）を局所化する
・継続実行できるよう自動化する

blast radius の本来の意味は、爆発によって被害が及ぶ範囲のこと。
日本語では「爆風影響範囲」「爆発被害範囲」などと訳されることが多い。
"
688,"DJ-AP-R7A

ビジネスモデルキャンバスのVPとは何か?
","VPは Value Proposition の略で、価値提案を指す。

顧客にとってどんな価値を提供するのか、
なぜその商品・サービスが選ばれるのか、
という事業の中心となる要素をまとめたもの。
"
689,"DJ-AP-R7A

OSS （Open Source Software）形態４つ。
","GPL　General Public License
最も強いコピーレフトで、派生物を公開する場合は同じGPLで公開する義務がある。
ソース公開と再配布条件が厳格。

LGPL　Lesser General Public License
ライブラリ向けの弱いコピーレフト。
ライブラリとリンクするだけなら自作コードをLGPLにする必要はない。

MPL　Lesser General Public License
ファイル単位でコピーレフトを要求する緩めのライセンス。
変更したファイルのみ公開義務がある。

BSD　Lesser General Public License
パーミッシブ系で制限が非常に少ない。
商用利用や再配布が自由で、ソース公開義務もない。

コピーレフトとは、「改変したものを配布するなら、そのソースを同じ条件で公開しなければならない」という考え方。
日本語に置き換えるなら、「改変物の公開義務を課す仕組み」や「派生物を同じ条件で共有させる仕組み」といった意味になる。
"
690,"DJ-AP-R7A

様々な需要予測モデルのもととなっている時系列モデルに関する記述として,適切なものは どれか。

ア　移動平均法では,平均する期間を長くするほど,短期的な需要の変化の影響が大きく なる。

イ　移動平均法は, 長期的な需要のトレンドを把握するのには向かないが、直近の需要の 変化を把握するのには向いている。

ウ　指数平滑法では、平滑化定数の値が0%に近いほど直前の実績値を重視し、100%に 近いほど過去の実績値を重視する。

エ　指数平滑法は,過去の実績値よりも直近の実績値を用いるほど予測の精度が向上する と考えられる場合に有効な手法である。
","【正解】　エ

指数平滑法
移動平均法の一種であり、直近の一定期間のデータについて、直前のデータほど指数関数的に高い重みを置いて平均を算出する

例)平滑化定数α = 0.4、前回の予測値=110、 今回の実績値=130の場合、
予測値=130×0.4 +110×(1-0.4)=118

エ “指数平滑法は,過去の実績値よりも直近の実績値を用いるほど予測の精度が向上すると考えら れる場合に有効な手法である。

正しい。指数平滑法は、直近のデータに重みを置いて予測を行うため、 需要が急変しやすい環境や、過去の傾向が陳腐化しやすい場合に効果を発揮します。

なぜ直近のデータほど重みをつけるのか。
過去の古いデータは状況が変化した後の予測には適合しにくく、最新データに大きな重みを置くことで、現在の傾向を予測値に素早く反映できるようにしている
"
691,"DJ-AP-R7A

AVL木とは
","AVL木は、高さの不均衡を自動的に抑えることで、常に高速な探索を実現する二分探索木。

二分探索木は、左部分木に小さい値、右部分木に大きい値を置く構造だが、挿入や削除を繰り返すと片側に偏り、探索が遅くなることがある。
AVL木はこれを防ぐため、すべてのノードについて「左右部分木の高さ差が1以内」という条件を必ず維持する。
もし挿入や削除でこの条件が崩れたら、右回転や左回転といった回転操作を実行してバランスを取り戻す。

その結果、木の高さは常におおよそ log N に保たれ、探索・挿入・削除のどれもが安定して高速に処理できる。

AVL木のAVLは、3人の考案者の頭文字を取ったもの。
Adelson-Velsky と Landis の略。
正式には「Adelson-Velsky and Landis tree」。
"
692,"DJ-AP-R7A

FPGAなどに実装するデジタル回路を記述し、論理合成するために使用される言語はどれか。

ア　DDL

イ　HDL

ウ　UML

エ　XML
","【正解】　イ

HDL(Hardware Description Language) は、デジタル回路の設計や構成をテキストベースで記述できるハードウェア記述言語の総称です。VHDL、Verilog、SystemCなどの種類があります。

ゲートやフリップフロップといった論理素子の接続構造や、クロック信号に応じた動作をテキストで記述できることで、論理回路設計が抽象化されソフトウェアのように扱うことができます。これにより、回路を実装する前のシミュレーション検証が可能になる、モジュール 化による保守性・再利用性の向上などのメリットがあります。
FPGAやASICなどのカスタムハードウェアを構築する際には、HDLを使った設計が標準的な手法となっています。

ア “DDL""
Data Definition Languageの略。SQL言語のうちデータベースの構造や構成を定義する命令群です。

イ “HDL”
正しい。HDLは、デジタル回路の設計や構成をテキストベースで記述できるハードウェ ア記述言語です。 なお論理構成とは、回路の論理式の記述 (RTL記述) から回路図を自動生成することをいい、HDLのソースコードを論理合成ツールに与えててネットリスト を生成する工程を指します。

ウ “UML""
Unified Modeling Languageの略。オブジェクト指向開発で用いられる標準表記法群で、オブジェクト間の関連や動作・構成を表現する13種の図表から構成されています。

エ“XML”
eXtended Markup Launguageの略。利用者がタグや属性の名前を自由に定義することができるマークアップ言語です。システム間のデータ交換などに用いられます。
"
693,"DJ-AP-R7A

仮想記憶管理におけるページ置換えアルゴリズムとしてLRU方式を採用する。主記憶のペー ジ枠が,4000, 5000,6000,7000番地(いずれも16進数)の4ページ分で,プログラムが参 照するページ番号の順が,1→2→3→4→2→5→3→1→6→5→4のとき,最後の参照ページ4 は何番地にページインされているか。ここで, 最初の1→2→3→4の参照で,それぞれのペ -ジは4000, 5000,6000,7000番地にページインされるものとする。

ア　4000

イ　5000

ウ　6000

エ　7000
","【正解】　ウ　← これをやってる時間はない。暗記
"
694,"DJ-AP-R7A

システム監査における""監査手続""として,最も適切なものはどれか。

ア　監査計画の立案や監査業務の進捗管理を行うための手続

イ　監査結果を受けて,監査報告書に監査人の結論や指摘事項を記述する手続

ウ　監査項目について,十分かつ適切な証拠を入手するための手続

エ　監査テーマに合わせて,監査チームを編成する手続
","【正解】　ウ
"
695,"DJ-AP-R7A

DMAコントローラーの説明として,適切なものはどれか。

ア　MPUでは時間が掛かる積和演算を,高速に行う。

イ　仮想メモリ機能, メモリ保護機能などのメモリ管理機能を提供する。

ウ　動作クロックに合わせてカウントするカウントレジスタをもち,それによって時間の 経過を保持する。

エ　メモリと入出力装置,又はメモリとメモリとの間でのデータ転送を,MPUを介さず に行う。
","【正解】　エ　← DMAは「Direct Memory Access」

DMAは「Direct Memory Access」の名称が表すとおり、入出力装置がCPUを介さずにメ
モリとの間で直接データを転送を行う方式です。 DMAコントローラーは、CPUに代わって 周辺機器とメモリとの間のデータ転送を制御する専用ハードウェアです。

通常はデータのやり取りはCPUが関与して行われますが (チャネル制御方式) DMA制御 方式ではCPUが他の処理を行いながら、HDD その他の周辺機器とメモリの間のデータ転送 が可能なので、CPUの負荷が軽減され、全体の処理効率が向上します。 一般的なコンピュータでも広く利用されている基本的な技術です。

"
696,"DJ-AP-R7A

プロジェクトマネジメントにおける""プロジェクト憲章”の説明はどれか。

ア　プロジェクトの実行,監視,管理の方法を規定するために, スケジュール,リスクな どに関するマネジメントの役割や責任などを記した文書

イ　プロジェクトのスコープを定義するために, プロジェクトの目標, 成果物, 要求事項 及び境界を記した文書

ウ　プロジェクトの目標を達成し、 必要な成果物を作成するために,プロジェクトで実行 する作業を階層構造で記した文書

エ　プロジェクトを正式に認可するために, ビジネスニーズ, 目標, 成果物, プロジェクトマネージャ,及びプロジェクトマネージャの責任・権限を記した文書
","【正解】　エ

プロジェクト憲章（Project Charter）は、プロジェクトの背景や目的、実施要綱、方針などを最上位レベルで明記し、当該プロジェクトを正式に立ち上げる際に作成される文書です。

プロジェクト憲章は、プロジェクトに対する組織のコミットメントを示します。プロジェクトマネージャに任命された人が草案を作成し、関係各所に申請して承認を受けます。この承 認によりプロジェクト活動が正式に認可され、組織の資源を使用する権限がプロジェクトマ ネージャに与えられます。

コミットメントは「約束すること」に加えて、「責任をもってやり遂げる意志」「そのための主体的な関与」まで含む。

ア“プロジェクトの実行, 監視,管理の方法を規定するために, スケジュール, リスクなどに関す
るマネジメントの役割や責任などを記した文書”
プロジェクトマネジメント計画書の説明です。

イ“プロジェクトのスコープを定義するために, プロジェクトの目標, 成果物, 要求事項及び境界 を記した文書”
プロジェクトスコープ記述書の説明です。

ウ“プロジェクトの目標を達成し,必要な成果物を作成するために, プロジェクトで実行する作業 を階層構造で記した文書”
WBS (Work Breakdown Structure) の説明です。

エ“プロジェクトを正式に認可するために,ビジネスニーズ, 目標, 成果物, プロジェクトマネー ジャ,及びプロジェクトマネージャの責任・権限を記した文書”
正しい。 プロジェクト憲章の説明です。

Charterの語源はラテン語の charta（紙、文書）で、これが古フランス語 charte（文書、証書）になり、そこから英語の charter（公式文書、特許状）になった。もともとは「権利や特権を記した正式な文書」を意味する言葉が発端。

マグナカルタは、まさに「大憲章」という意味で、英語でも Magna Carta（Great Charter）と呼ばれる正式なチャーターの一種。つまり「チャーター」である。
"
697,"DJ-AP-R7A

MTU(Maximum Transmission Unit)が1,500バイトに設定されたIPv4ネットワークで2,000 バイトのデータをTCPを用いて送信するときに,二つ目に送信されるパケットに含まれるデ ータは何バイトか。ここで, TCPヘッダー長は20バイト, IPヘッダー長は20バイト, イ- サネットのヘッダー長とトレーラー長は,それぞれ14バイトと4バイトとする。また, デー タを複数パケットに分割して送信するときは、先に送信するパケットに格納できる上限まで データを含めて送信するものとする。

ア　500

イ　540

ウ　580

エ　598
","【正解】　イ　← 間違えた！

MTU(Maximum Transmission Unit)はデータリンク層のプロトコルによって異なり、イーサネットでは1,500バイト、FDDIでは4,324バイト、ATMでは9,180バイトとなっています。

MTUに含まれるのは、データリンク層においてMACフレームでカプセル化される範囲、すなわちデータリンク層より上位のデータである 「TCPヘッダー+IPヘッダー + ペイロード」です。 設問では、MTUが1,500バイト、 TCPヘッダー長とIPヘッダー長がともに20バイトなので、1つ目のパケットで送信されるペイロードは「1,500-40=1,460バイト」です。 次の2つ目のパケットに含まれるペイロードは残りの 「2,000-1,460=540バイト」となり
"
698,"DJ-AP-R7A

論理式P,Qがいずれも真であるとき, 論理式Rの真偽にかかわらず真になる式はどれか。ここで,""not""は否定,""v""は論理和,""^""は論理積, ""→""は含意(""真→偽""となるときに限り偽と なる演算)を表す。

ア　((P→Q)^(Q→P))→(R→notQ)

イ　((P→Q)^not(Q→notP))→(Q→R)

ウ　((P→notQ)v (Q→P))→(R→notQ)

エ　((P→notQ)v(Q→notP))→(Q→R)
","【正解】　エ　← 暗記

"
699,"DJ-AP-R7A

プロジェクトの期間を短縮する方法のうち, クラッシングに該当するものはどれか。

ア　作業の前後関係を組み直し,実施する順番を変える。

イ　作業を分析し,同時に実施できる部分を複数の作業に分割し、並行して実施する。 

ウ　先行作業の一部の成果物が完成した時点で、後続作業を開始する。

エ　プロジェクトの外部から要員を調達し,クリティカルパス上の作業に投入する。

","【正解】　エ

プロジェクト期間を短縮する方法は、クラッシングとファストトラッキングに大別されます。

クラッシング
アクティビティに追加資源を投入し、所要期間を短縮することでスケジュールの短縮を図る方法

ファストトラッキング
開始当初の計画では直列に並んでいた作業を同時並行的に行ったり、作業の前後を入れ替えたりすることで期間短縮を図る方法

ア“作業の前後関係を組み直し,実施する順番を変える。
ファストトラッキングに該当します。

イ“作業を分析し,同時に実施できる部分を複数の作業に分割し、並行して実施する。 
ファストトラッキングに該当します。

ウ “先行作業の一部の成果物が完成した時点で、後続作業を開始する。
ファストトラッキングに該当します。

エ “プロジェクトの外部から要員を調達し, クリティカルパス上の作業に投入する。”
正しい。要員(資源)を追加投入しているのでクラッシングに該当します。
"
700,"DJ-AP-R7A

引き出された多くの事実やアイディアを, 類似するものでグルーピングしていく収束技法は どれか。

ア　NM法

イ　ゴードン法

ウ　親和図法

エ　ブレーンストーミング

","【正解】　エ

ア “NM法”
NM法は、類比思考法によるアイディア発想法で、 1 課題を決める、2キーワードを決める、3類比を発想する、 4 アナロジーの背景を探る、5 テーマと背景を結び付けてアイデアを出す、6解決案にまとめる、という手順で行うものです。名称の由来は、この技法を考案した中山正和氏のイニシャルです。

イ“ゴードン法”
ゴードン法は、ブレーンストーミングと同じく多様なアイディアを発想するためのグル ープ討議法です。 異なるのは議論の本来のテーマを知っているのが司会者だけという点です。参加者にはテーマよりも抽象的な課題について自由に討論してもらうことで視野を広げ、固定観念にとらわれない柔軟な発想を生まれやすくしています。

ウ“親和図法”
正しい。親和図法(KJ法)は、あるテーマに基づいて集めたデータを相互の関連によってグループ化することで、項目を整理する手法です。複雑に絡み合った問題やまとまっていない意見、出されたアイディアなどを整理したりまとめたりするために用いられます。

エ “ブレーンストーミング”
ブレーンストーミングは、多様なアイディアを幅広く集めるために、批判禁止・自由奔放・質より量・便乗歓迎というルールで行うグループ討議の手法です。
"
701,"DJ-AP-R7S

欧州へ電子部品を輸出するには, RoHS指令への対応が必要である。このRoHS指令の目的として,適切なものはどれか。

ア　家電製品から有用な部分や材料をリサイクルし、廃棄物を減量するとともに,資源の有効利用を推進する。

イ 機器が発生する電磁妨害が、 無線通信機器及びその他の機器の正常な動作を妨げるレベルを超えないようにする。

ウ　大量破壊兵器の開発及び拡散,通常兵器の過剰備蓄に関わるおそれがある場合など, 国際社会の平和と安全を脅かす輸出行為を防止する。

エ　電気電子製品の生産から処分までの全ての段階で,有害物質が環境及び人の健康に及ぼす危険を最小化する。
","【正解】　エ
"
702,"DJ-AP-R7S

ソフトウェアの保守性を定量評価する指標として,適切なものはどれか。

ア　 (運用期間中に発生した不具合件数)÷(プログラムの規模)

イ　 (適正規模の基準を満たすプログラムの数)÷(プログラムの総数)

ウ　 (テスト実施済みの分岐の数)÷(プログラムの総分岐数)

エ　(プログラムの推定総エラー数)-(摘出エラー数)
","【正解】　イ 
""あなたの解答: エ

保守性(Maintainability)は、ソフトウェア製品の修正しやすさを示す品質特性です。
保守性の評価指標としては、MTTR (平均修復時間)、プログラムの行数、 構造の複雑性、 変更容易性、 モジュール結合度、 コメント率などがあります。

ア“(運用期間中に発生した不具合件数)÷(プログラムの規模)”
発生不具合密度を示す式なので、ソフトウェアの信頼性を示す指標と言えます。

イ“(適正規模の基準を満たすプログラムの数)÷(プログラムの総数)”
正しい。 ソフトウェアの規模が拡大すると、ソースコードの量や構成要素が増加して複 雑さが増します。複雑性が高まると、 データやモジュール間の依存関係が強くなって、 1つの変更や修正の影響する範囲を把握するのが難しくなります。逆にプログラムの規 模を小さく分割しすぎても管理が難しくなります。 

ウ“(テスト実施済みの分岐の数)÷(プログラムの総分岐数)""
テストカバレッジを示す式なので、 ソフトウェアテストの網羅度を示す指標と言えます。

エ“(プログラムの推定総エラー数) (摘出エラー数)""
残存バグ数を示す式なので、ソフトウェアテストの進捗を示す指標と言えます。
"
703,"DJ-AP-R7S

サービスの継続的改善で,改善の達成目標を設定して活動するとき, ""サービスの提供やマ ネジメントの成功に重要な要因""を特定したものを何というか。

ア　CSF

イ　KGI

ウ　KPI

エ　OKR
","【正解】　ア
""あなたの解答: イ”

ア“CSF""
正しい。CSF(Critical Success Factor)は、""重要成功要因”とも呼ばれ、企業やプロジェクトの目標を達成する上で決定的な影響を与える要因のことです。「成功の鍵」となる要素であるため、リソースを優先的に投入する対象となります。

イ“KGI”
Key Goal Indicatorの略で重要目標達成指標のこと。企業目標やビジネス戦略の遂行によって達成すべき到達目標 (Goal)を、測定可能な数値で表したものです。

ウ “KPI""
Key Performance Indicatorの略で重要業績評価指標のこと。ビジネス戦略の目標達成に向けて実施される業務プロセスに関し、その実行状況を定量的に把握・評価するために設定される指標です。

エ ""OKR”
Objectives and Key Resultsの略で""目標と主要な結果""のこと。組織やチームが目指すべき目標(Objectives)と、その達成度を測定するための定量的な成果指標(Key Res ults)をセットで定め、目標達成に向けた進捗を継続的に管理・評価するためのフレームワークです。
"
704,"DJ-AP-R7S

同じ命令セットをもつコンピュータAとBがある。それぞれのCPUクロック周期,及びある プログラムを実行したときのCPI (Cycles Per Instruction) は,表のとおりである。 そのプログラムを実行したとき, コンピュータAの処理時間は, コンピュータBの処理時間の何倍に なるか。

　クロック周期　CPI
A　1ナノ秒　　　4.0
B　4ナノ秒　　　0.5

ア　1/32

イ　1/2

ウ　2

エ　8
","【正解】　ウ 
“あなたの解答:イ”　← CPIは、CPUが1命令を実行するのに必要となる平均クロック数

CPI(Cycles Per Instruction)は、CPUが1命令を実行するのに必要となる平均クロック数を表します。CPUクロック周期はクロックが発生する時間間隔なので、1命令を処理するのに 要する時間は「CPUクロック周期×CPI」で求めることができます。

コンピュータAとBの1命令の平均処理時間は、それぞれ以下のとおりです。
・A:1 ナノ秒×4.0CPI= 4 ナノ秒
・B:4ナノ秒×0.5CPI=2ナノ秒
"
705,"DJ-AP-R7S

スクラムにおいて繰り返し実行するイベントのうち, ステークホルダに作業の結果をプレゼ ンテーションして, プロダクトゴールに対する進捗について話し合い,必要に応じてスコー プを調整するイベントはどれか。

ア　スプリントプランニング

イ　スプリントレビュー

ウ　デイリースクラム

エ　レトロスペクティブ
","【正解】　イ 
“あなたの解答:工”

ア “スプリントプランニング”
スプリントプランニングは、スプリントの起点となるミーティングです。 プロダクトバックログの中から、そのスプリントで開発する機能を決定し、作業の計画を立てます。

イ “スプリントレビュー”
正しい。 スプリントレビューは、スプリントの終了時にスプリントの成果を検査し、今後の適応を決定する活動です。主要なステークホルダーに成果物をプレゼンテーションし、プロダクトゴールに対する進捗について話し合います。

ウ “デイリースクラム”
デイリースクラムは、開発チーム全員の活動や進捗を共有するために、スプリント実施中に毎日10~15分程度行われる確認・調整のための会議です。 昨日やったこと、今日やること、障害になっていることを各人が話す形式で行われます。コミュニケーション を改善し、障害物を特定し、迅速な意思決定を促進するために行われます。

エ “レトロスペクティブ""
レトロスペクティブは、スプリントの最後に実施したスプリント全体を振り返る活動です。次のスプリントを見据えて、上手くいったこと、上手くいかなかったこと、それに対する改善法・解決法を話し合います。
"
706,"DJ-AP-R7S

資金決済法における暗号資産に関する記述として,適切なものはどれか。

ア　暗号資産交換業者は,情報の安全管理や広告勧誘規制などの行為規制は受けるが,資 本金額や純資産額などの財務的規制は受けない。

イ　暗号資産は,不特定の者に対して使用でき、 電子的に記録され, 移転できるものであ り,法定通貨又は法定通貨建ての資産ではないが, 法定通貨と相互に交換できる。

ウ　暗号資産は,ブロックチェーン技術を用いて集中管理されており, 法定通貨と同様, 銀行などの金融機関で入手・交換できる。

エ　利用者の保有する暗号資産の残高や取引は、発行者によって利用者ごとに管理されているので,利用者は保有している暗号資産を発行者の指定する加盟店だけで使用できる。



","【正解】　イ 
“あなたの解答:ア”

ア　暗号資産交換業者として登録を受けるためには、資本金の額が1,000万円以上であること、債務超過の状態にないことが要件の一つとなっています。 また、行為規制として情報の安全管理、広告、情報提供、資産の分別管理などが義務付けられています。

イ 正しい。資金決済法によれば、暗号資産は以下の要件全てを満たす財産的価値と定義さ れています。『不特定の者を相手方として購入・売却(法定通貨との交換)ができる』ことが暗号資産の要件の一つです。
1 物品・サービスの代金として不特定の者に対して使用でき、法定通貨と相互に交換できる
2 電子的方法で記録され、インターネットを通じて移転できる
3 法定通貨や法定通貨建ての資産(プリペイドカード等)ではない

ウ　暗号資産の基盤技術であるブロックチェーンは 「分散型台帳」 を実現するものです。 暗号資産の台帳はP2Pネットワークを通じて分散管理されます。 また、暗号資産は暗号資産交換業者を通じて売買します。 銀行などの金融機関では直接入手・交換できません。

エ　暗号資産の残高や取引履歴はブロックチェーン上で記録され、ウォレットを通じて移転されます。不特定の者に移転することができるのが暗号資産の性質であり、取引の相手方は発行者の指定する加盟店に限られません。
"
707,"DJ-AP-R7S

ユーザーインタフェースのユーザビリティを評価する手法には、利用者が参加するものと専 門家だけで実施するものとがある。利用者が参加する手法と専門家だけで実施手法との適切 な組合せはどれか。

上　利用者が参加する手法
下　専門家だけで実施する手法 

ア
アンケート
回顧法

イ
回顧法
思考発話法

ウ 
思考発話法
ヒューリスティック評価法

H
認知的ウォークスルー法
ヒューリスティック評価法
","【正解】　ウ

利用者が参加する手法
アンケート、回顧法、思考発話法

専門家だけで実施する手法
認知的ウォークスルー法、ヒューリスティック評価法
-------------
アンケート(質問紙法)
専門家が用意した質問用紙を多数の利用者に配布し、記入したもらった回答を分析することで評価する手法

回顧法
被験者にタスクを実行してもらい、専門家がその行動を観察し、事後の質問への回答とともに分析する手法

思考発話法
被験者にタスクを実行してもらい、その操作を行っている間、考えたことや感じたことを口に出してもらうことで利用者の感じ方や思考を分析する手法

認知的ウォークスルー法
複数の専門家が、設計仕様書や紙のプロトタイプを見ながら、対象となるユーザーの行動をシミュレーションしていくことで問題点を明らかにしていく手法。 人の認知過程を基準 にする

ヒューリスティック評価法
複数の専門家が、設計仕様書や紙のプロトタイプを見ながら、 既知の経験則に照らし合わせて問題点を明らかにする手法。ヒューリスティックとは「経験則」の意で、専門家の経験則を基準にする


"
708,"DJ-AP-R7S

リアルタイム性が求められる組込みシステムにおいて, システムへの入力に対するリアルタイムな応答のうち、最も適切なものはどれか。

ア　OSを使用しないで応答する。

イ　定められた制限時間内に応答する。

ウ　入力された順序を守って応答する。

エ　入力時刻を記録して応答する。
","【正解】　イ“定められた制限時間内に応答する。

リアルタイムシステムでは、設定されている制限時間内に処理を終了することが要求されます。例として、自動車のエアバック制御、交通管制、医療機器、産業用ロボットの制御などがあります。 いずれも正しく動作するだけでは不十分で、指定された時間内に処理を終えることが極めて重要なシステムです。
"
709,"DJ-AP-R7S

フリーミアムの特徴はどれか。

ア　Webサイト内の広告だけを収益源としているので、サービスの維持・拡大が困難である。

イ　全ての利用者に広く課金するモデルである。

ウ　有料と無料の境界が明確になっていて, 高度な機能や充実した内容など有料のサービ スの優位性がはっきりしている。

エ　利用者ごとに掛かるコストが大きいので,少数の利用者が限定的に使うような場合に だけ, より高い効果が見込める。
","【正解】　ウ
あなたの解答:ウ”

フリーミアムは、フリー(無料) とプレミアム (割増料金) を合わせた造語で、 基本的なサービス・製品は無料で提供し、さらに高度な機能や特別な機能については料金を課金するビジネスモデルです。サービス・製品に触れる敷居を下げて、新規の顧客が入ってくる間口を広げる最大化戦略を採りつつ、有料戦略を組み合わせて利益を確保しようとするものです。
"
710,"DJ-AP-R7S

大量のIoTデバイスから送信される大量で,かつ様々な形式のデータを格納可能なデータモ デルのうち,行ごとに任意の列数をもち,かつ列ごとに複数の値をもつことによって,柔軟 なデータ格納を実現しているデータモデルはどれか。

ア　グラフ

イ　ドキュメント

ウ　リレーショナル

エ　ワイドカラム
","【正解】　エ
“あなたの解答:ア”

ア “グラブ”
グラフ型は、グラフ理論に基づき、ノード、エッジ、プロパティの3要素でデータ間の関係性を表現するデータベースです。 ネットワーク状の構造となるため、列という概念はありません。

イ “ドキュメント”
ドキュメント型は、各レコードをXMLやJSONなどのドキュメント形式で格納・管理す るデータベースです。 列という概念はありません。

ウ “リレーショナル”
リレーショナルは、 2次元の表形式でデータを格納・管理するデータベースです。行と列の概念はありますが、列の数はテーブル内のすべて行で同じです。

エ “ワイドカラム”
正しい。 ワイドカラム型は、キーバリューストア (KVS) を発展させた方式で、キーに対 応する値として複数の列グループ(カラムファミリー)を持つ構造のデータベースで す。列指向データベースとも呼ばれます。 KVSと同様にスキーマレスでありながら、各 レコードごとに異なる列を持つことが可能で、カラム単位でのデータ操作にも対応して いる点で、より柔軟かつ高機能です。
"
711,"DJ-AP-R7S

EVMを使用してマネジメントをしているプロジェクトで、 進捗に関する指標値は次のとおりであった。このプロジェクトに対する適切な評価と対策はどれか。

CPI(コスト効率指数) : 0.9

SPI(スケジュール効率指数): 1.1

BAC(完成時総予算)に基づくTCPI(残作業効率指数) : 1.2

ア　コストが予算を超えているが,スケジュールには余裕があり、残作業のコスト効率を 計画よりも上げる必要はないので,CPIに基づいて完成までに必要なコストを予測す る。

イ　コストが予算を超えているので,完成時総予算を超過するおそれがあるが, スケジュ -ルには余裕があるので,残作業のコスト効率を上げる対策を検討するか,コンティンジェンシー予備費の使用を検討する。

ウ　コストには余裕があるが,スケジュールが予定より遅れており,残作業のコスト効率を計画よりも上げる必要があるので,ファストトラッキングなどを用いたスケジュール短縮を検討するとともに, コンティンジェンシー予備費の使用を検討する。

エ　コストには余裕があるので, 残作業のコスト効率を計画よりも上げる必要はないが,スケジュールが予定より遅れているので,クラッシングなどを用いたスケジュール短縮を検討する。
","【正解】　イ

CPIとSPIは高いほど良好であると覚えておきましょう。

CPI(Cost Performance Index).
実コストに対する予算コストの割合 (EV/AC) 1.0は予算どおり、CPI> 1.0は予算未満、CPI<1.0はコスト超過を意味する

SPI (Schedule Performance Index).
当初計画に対する進捗実績の比率 (EV/PV) 1.0は計画どおり、 SPI> 1.0は計画より進んでいる、SPI<1.0は計画より遅れていることを意味する

BAC (Budget At Completion).
プロジェクト完成させるための総予算額

TCPI (To Complete Performance Index).
BACやEACなどの目標を達成するために、残りの作業に求められるコスト効率

予算内でプロジェクトを達成するためには、残作業を当初の1.2倍 (TCPI=1.2)のコスト効率で進めなければならないという状況です。

ア　TCPI=1.2より、残作業は計画値の1.2倍のコスト効率で進めなければなりません。よって、「コスト効率を計画よりも上げる必要はない」というのは明らかに誤りです。

イ　正しい。 

ウ　コストは超過、スケジュールは計画より進んでいます。 

エ　コストは超過、スケジュールは計画より進んでいます。
"
712,"DJ-AP-R7S

Open API Specification に従ったAPIの定義・開発を支援する機能を提供するOSSはどれか。

ア　curl

イ　OpenAM

ウ　Serverspec

エ　Swagger

","【正解】　エ

ア “curl""
curl(カール)は、HTTP/HTTPSのリクエストをコマンドラインから送信するオープンソースのクライアントツールです。多くのOSに標準で搭載されています。

イ “OpenAM”
OpenAMは、認証・認可・フェデレーション等の機能を備え、Web上でシングルサインオン (SSO) を実現するOSSです。多くの認証方式をサポートしています。

ウ “Serverspec""
Serverspecは、コマンドラインからサーバの設定状態やサービスの稼働状況を自動的に検証するオープンソースのテストツールです。

エ “Swagger""
正しい。Swagger(スワッガー)は、Web APIの設計・記述・管理を支援するオープンソースのツール群です。以下のような機能が提供されます。

•Swagger Editor: OpenAPI仕様に準拠したAPI定義を作成、編集、視覚化できる
•Swagger UI:API定義をもとに生成されたAPIドキュメントをWebブラウザで確認 し、探索・テストできる
•Swagger Codegen: API定義からクライアント/サーバのコード、APIドキュメントのコードを生成する

"
713,"DJ-AP-R7S

システム監査におけるウォークスルー法の説明として、 適切なものはどれか。

ア　機密データの保管状況に関する資料及び文書類を入手し、内容を点検する。

イ　システムの運用状況について、関係者に口頭で問い合わせ、回答を入手する。

ウ　データの生成から入力,処理,出力,利活用までのプロセス,及び組み込まれている 一連のコントロールを確認する。

エ　テストデータを監査対象プログラムで処理し、 期待した結果が出力されるかどうかを 確かめる。
","【正解】　ウ

ウォークスルー法とは
システム監査で、実際の業務や処理の流れを、関係者に説明してもらいながら追って確認する方法。
帳票、入力画面、システム処理、出力結果を順番にたどり、正しく処理されているかを確認する。
机上の文書だけでなく、実際の動きや手順を確認できる。

名前の由来
Walk through
歩いて通り抜ける
処理の流れを最初から最後まで歩くように追って確認する、という意味からきている。
"
714,"DJ-AP-R7S

あるサブネットでは, ルータやスイッチなどのネットワーク機器にIPアドレスを割り当てる 際,割当て可能なアドレスの末尾から降順に使用するルールを採用している。このサブネッ トのネットワークアドレスを 10.16.32.64/26 とするとき, 10番目に割り当てられるネット ワーク機器のアドレスはどれか。ここで,ネットワーク機器1台に対して,このサブネット 内のアドレス1個を割り当てるものとする。

ア　10.16.32.54

イ　10.16.32.55

ウ　10.16.32.117

エ　10.16.32.118
","正解は 10.16.32.117（ウ）　← ネットワークアドレス 10.16.32.64 の次からがホストアドレス

簡潔な理由：

/26 はサブネットマスク 255.255.255.192（ホスト部6ビット）で、ブロック長は64。

与えられたネットワークは 10.16.32.64、ブロードキャストは 10.16.32.127。

利用可能なホストアドレス範囲は 10.16.32.65 〜 10.16.32.126（合計62個）。

「末尾から降順」に割り当てるので1番が 10.16.32.126、2番が 10.16.32.125 … 10番目は 10.16.32.126 - 9 = 10.16.32.117。
"
715,"DJ-AP-R7S

SQL文に示す参照制約が存在する ""商品 ”表と""受注 ""表とがある。 ""商品 ”表の行を削除したとき,削除した行の商品コードと同じ値の商品コードをもつ""受注""表の行を自動的に削除する SQL文として, aに入れる字句はどれか。

CREATE TABLE 商品 (
商品コード　CHAR(4) PRIMARY KEY,
商品名　VARCHAR(64)
)

CREATE TABLE 受注(
受注番号　INTEGER PRIMARY KEY
商品コード　CHAR(4),
受注個数　INTEGER
納品日　CHAR (8),
FOREIGN KEY (商品コード) 
REFERENCES 商品(商品コード)
ON DELETE
a
)
","【正解】　CASCADE

参照制約が設定されているデータベースでは、主キーを含む行が削除されたり、更新されたりすると、参照関係が崩れることがあります。 DBMSでは、参照整合性が損なわれるデータ操作が行われたときに、どのような形で参照整合性を回復するかを、外部キー制約のON DELETEやON UPDATEに指定しておくことができます。 指定できる動作は次の5種類です。

CASCADE
参照先のデータが更新・削除されると、対応する外部キーの値も自動的に更新・削除される

RESTRICT
参照制約違反となるデータの更新・削除を拒否する

NO ACTION(デフォルトの動作)
処理の終了時に参照整合性を確認し、 違反していれば更新・削除を拒否する

SET NULL
参照先のデータが更新・削除されると、対応する外部キーの値にNULLが設定される

SET DEFAULT
参照先のデータが更新・削除されると、対応する外部キーの値にデフォルト値が設定される

Cascadeは英語で「滝」「連なって落ちる水」「連鎖的に次々と起こる現象」という意味がある。水が段々になって落ちていく滝のように、ある変化が次々と他の対象へ連続して伝わっていくことを表す。

SQLでCascadeという文言を使った理由は、親テーブルで行われた変更や削除の操作が、子テーブルへ連鎖的に伝わる性質を示すため。
一つの操作が、関連付けされた他の行へ次々に影響する。その動きが滝のように段階的に流れ落ちていくことになぞらえて、この語が採用された。

元の英語の基本的な意味は「連続して起こる」や「段階的に流れていく」であり、情報処理やネットワークの分野でも連鎖的影響を表す言葉として広く使われている。
"
716,"DJ-AP-R7S

製品 Xと製品Yを販売している企業が, 見積作成と提案書作成に掛かる業務時間を,それぞ れ20%削減できるシステムの構築を検討している。 Activity-Based Costingを用いて,次の 条件が洗い出された。本システム構築による製品Xの見積作成と製品Xの提案書作成に関する月間総人件費削減効果は幾らか。

〔条件〕
製品Xの見積作成に掛かる月間業務時間は,50時間 

製品Xの提案書作成に掛かる月間業務時間は,50時間 

製品Yの見積作成に掛かる月間業務時間は,100時間

製品Yの提案書作成に掛かる月間業務時間は,400時間

製品Xと製品Yの見積作成に掛かる月間総人件費は, 60万円

製品Xと製品Yの提案書作成に掛かる月間総人件費は, 360万円

見積作成と提案書作成は,それぞれ人件費単価が異なる部門が担っている。
·
製品Xと製品Yの見積作成に掛かる人件費単価は,同じである。
製品Xと製品Yの提案書作成に掛かる人件費単価は,同じである。
","【正解】　12万円　← 文章が長すぎて「提案書作成に関する」を読みこぼした

Activity-Based Costing (ABC : 活動基準原価計算)は、企業内で行われる様々な「活動」を定義し、それぞれの活動量に応じて計算したコストを製品やサービスに割り当てることで、原価をより正確に把握するための方法です。

作業ごとの人件費単価が同じなので、 総人件費を業務時間で割って人件費単価を求めます。
見積作成に係る人件費単価
60万円 ÷ (50時間+100時間) = 0.4万円

提案書作成に係る人件費単価
360万円÷(50時間+400時間)=0.8万円

新システム構築により、製品Xの見積作成時間は「50時間 ×80%=40時間」に、提案書作成 時間は「50時間×80%=40時間」になるため、製品Xについての削減効果は、

0.4万円×10時間 +0.8万円×10時間=12万円
したがって「ウ」が正解です。
"
717,"DJ-AP-R7S

総資産回転率の計算方法は

","総資産に対する売上高の割合であり、「売上高÷総資産」の算式で求める (単位は""回"")。
"
718,"DJ-AP-R7S

fact(n)は,非負の整数nに対してnの階乗を返す。 fact (n) の再帰的な定義はどれか。

ア　if n=0 then return 0 else return nxfact(n-1)

イ　if n=0 then return 0 else return nxfact(n+1)

ウ　if n=0 then return 1 else return nxfact(n-1)

エ　if n = 0 then return 1 else return nxfact(n+1)
","【正解】　ウ
"
719,"DJ-AP-R7S

W3Cで仕様が定義され, 矩形や円, 直線, 文字列などの図形オブジェクトをXML形式で記述し、Webページでの図形描画にも使うことができる画像フォーマットはどれか。

ア　OpenGL

イ　PNG

ウ　SVG

エ　TIFF
","【正解】　ウ
“あなたの解答:ア”

SVG (Scalable Vector Graphics) は、ベクター形式による2次元の画像、図形、テキストなどをXML形式で記述する画像フォーマットです。

まとめ
OpenGLはリアルタイムな3D描画のためのプログラム向けAPI
SVGは静的な2D図形を記述するファイル形式でWebや印刷向けに使われる
"
720,"DJ-AP-R7S

A社は,ソリューションプロバイダから,顧客に対するワントゥワンマーケティングを実現 する統合的なソリューションの提案を受けた。この提案が該当するソリューションとして, 最も適切なものはどれか。

ア　CRMソリューション

イ　HRMソリューション

ウ　SCMソリューション

エ　財務管理ソリューション

","【正解】　ア
“あなたの解答:ウ”

ワントゥワンマーケティングとは、顧客1人ひとりの嗜好やニーズに合わせて個別に対応を変化させて展開されるマーケティング活動です。市場シェアの拡大よりも、顧客との好ましい関係を築き、長期にわたって自社製品を購入する顧客の割合を高めることに重点を置くことで、1人の顧客から得られる生涯利益(LTV:Life Time Value)を最大化することを目的 としています。

ワントゥワンマーケティングを展開するには顧客1人ひとりの詳細かつ網羅的な情報が欠かせません。CRM (Customer Relationship Management) システムは、顧客に関するあらゆる情報を統合管理して企業活動に役立てる経営システムですので、ワントゥワンマーケティ ングの目的に合致しています。

“CRMソリューション”
正しい。 CRMは、連絡先情報、購買履歴、コンタクト履歴などを記録し、顧客との関係ｘを効率的に管理するためのソリューションです。
"
721,"DJ-AP-R7S

コンピテンシーモデルの説明はどれか。

ア　権限行使と命令統制による労務管理を批判し、 目標管理制度や経営参加制度などによ る動機付けが有効であるとしたもの

イ　最適なリーダーシップの唯一のスタイルは存在せず、望ましいリーダーシップのスタ イルは,状況に応じて異なるとしたもの

ウ　人材の評価や育成の基準とするために,恒常的に成果に結び付けることができる個人の行動や思考特性を定義したもの

エ　人間の基本的欲求を低次から, 生理的欲求、安全の欲求、 所属と愛の欲求, 承認の欲 求, 自己実現の欲求としたもの
","【正解】　ウ

コンピテンシーモデルとは
仕事で高い成果を出す人に共通して見られる行動特性や能力を整理し、役割や職種ごとにまとめた枠組みのこと。採用、評価、育成などで使われる。

名前の由来
コンピテンシーは英語のcompetencyで、有能さや適格さという意味。ラテン語のcompetere（共に求める、適する）が語源で、ある仕事にふさわしい能力を指す言葉として発展した。
ア　ピーター・ドラッカーの目標管理制度(MBO) の説明です。

イ　ハーシィ&ブランチャードの状況対応リーダーシップ理論等の説明です。

ウ　正しい。 コンピテンシーモデルの説明です。

エ　マズローの自己実現理論(欲求の5段階説)の説明です。

"
722,"DJ-AP-R7S

クラウドで学習し, エッジデバイスで推論する機械学習ベースのエッジAIにおいて, エッジ デバイスで行われる推論処理として,適切なものはどれか。

ア　一定の環境の中で試行錯誤を行い,行動に報酬を与えることで学習するプロセス

イ　学習したモデルに従い、 実際にデータの識別などを行うプロセス

ウ　識別などを行うためのモデルを, 正解のラベルを付けたデータによって作成するプロ セス

エ　識別などを行うためのモデルを、正解のラベルを付けないデータによって作成するプロセス
","【正解】　イ 
“あなたの解答:イ”

エッジAIは、エッジコンピューティングの一形態で、クラウド上のサーバで重い学習処理を行い、その成果物であるモデルを端末の位置する機器(エッジデバイス)に搭載させて軽量な推論処理を行わせるアーキテクチャです。

サーバ上で推論を行った結果を返す従来の仕組みと比べて、通信に要する時間や通信量を削減でき、また通信が不安定な場面でも動作するため、即時性の求められる処理で有効です。

Edge AI は、常にサーバと端末で分担する方式ではない。端末そのもの（スマホ、カメラ、センサー、ロボットなど）にAIの推論機能を載せて、サーバに送らずその場で判断する仕組みのことを指す。

サーバで学習したAIモデルを端末側に載せて、推論だけを端末で行うのが基本的な形。たとえば、スマホの顔認証、監視カメラの人検知、ドローンが自律飛行で障害物を避けるなど、データをクラウドへ送らず端末内で処理する。

ただし場合によっては、端末とクラウドで処理を分担する方式もある。これは「ハイブリッド型」や「協調型」と呼ばれ、Edge AIの応用形に含まれることもあるが、Edge AIの定義そのものではない。

スマホの Apple 製品（例：iPhone 15 など）
　iPhone には Neural Engine（Apple の NPU）が搭載されており、たとえば顔認証（Face ID）、写真処理、ノイズ除去などに使われている。 
"
723,"DJ-AP-R7S

AIにおける機械学習の過程において, 過学習と疑われたときの解消方法として, 最も適切なものはどれか。

ア　訓練した時と同じ精度を出すために, 訓練データをテストデータとして使用する。

イ　精度を高めるために、 元の訓練データに加工を施し, 訓練データの量を増やす。

ウ　予測した結果に近づけるために, モデルをより複雑にする。

エ　より多くの未知のデータに対して予測できるように, 汎化性能を下げる。
","【正解】　イ

理由
過学習は、訓練データにモデルが過剰に適合し、未知のデータに対して性能が低下する状態。これを防ぐには、より多様な訓練データを与えて、データの偏りに引きずられないモデルを作ることが効果的である。そのため、データ拡張や新しいデータの追加によって訓練データを増やす方法が適切。アは評価にならず、ウはさらに過学習を悪化させ、エは目的と逆である。
"
724,"DJ-AP-R7S

ソフトウェアの情報セキュリティ対策のうち, SBOM (Software Bill Of Materials) 管理ツー ルを用いることができるものはどれか。

ア　ソフトウェアでの利用者認証に用いるアカウントの一元管理

イ　ソフトウェアについての脆弱性管理

ウ　ソフトウェアのソースコードについてのバージョン管理, アクセス制御及び改ざん防止

エ　ソフトウェアのソースコードのバックアップとマルウェア混入防止

","【正解】　イ
“あなたの解答:ウ”

ア　ユーザーアカウントや認証に管理には使用されません。本肢はID管理システムなどで行 うべき対策です。

イ　正しい。 SBOMツールを用いたセキュリティ対策です。

ウ　ソースコード自体の管理には使用されません。本肢はバージョン管理システムで行うべ き対策です。

エ　ソースコード自体の管理には使用されません。 本肢はアンチマルウェアソフトなどで行 うべき対策です。
"
725,"DJ-AP-R6A

Webアプリケーションサーバの信頼性に関する記述のうち,適切なものはどれか。

ア　コールドスタンバイ構成で稼働しているサーバに障害が発生した場合、サービスは中断しないが,トランザクションは継続できない。

イ　コールドスタンバイ構成で稼働しているサーバに障害が発生した場合, サービスは中 断するが,トランザクションは継続できる。

ウ　セッションを共有しないクラスタ構成で1台のサーバに障害が発生した場合,サービ スは継続できないが,トランザクションは継続できる。

エ　セッションを共有するクラスタ構成で1台のサーバに障害が発生した場合, サービス 及びトランザクションは継続できる。
","【正解】　エ

セッションとは利用者が接続している間に保持されるログイン状態やカートの中身などの情報。

クラスターでセッションを共有するとはサーバが切り替わってもその情報を引き継げるようにすること。

例として
買い物中に別のサーバに移ってもログイン状態やカート内容が消えない。
"
726,"DJ-AP-R6A

キャッシュメモリのアクセス時間が主記憶のアクセス時間の1/30 で, ヒット率が95%のとき,実効メモリアクセス時間は,主記憶のアクセス時間の約何倍になるか。

ア　0.03

イ　0.08

ウ　0.37

エ　095
","【正解】　イ
""あなたの解答: ア”　← 小学生の算数。これは取っておこう。

実効アクセス時間を計算する公式は以下のとおりです。 ヒット率とは、目的のデータがキャッシュメモリに存在している割合です。

(キャッシュメモリのアクセス時間×ヒット率)+ 主記憶のアクセス時間 ×(1-ヒット率)

主記憶のアクセス時間を""1""とすると、キャッシュメモリのアクセス時間は""1/30""と表すことができます。この値を上記の公式に代入して、主記憶へのアクセス時間に対する実効アク セス時間の割合を計算をします。

(1/30×0.95) +1×0.05
= 0.95/30+0.05
= 0.95/30+1.5/30
= 2.45/30
=0.081666...0.08
"
727,"DJ-AP-R6A

ソフトウェアの使用性を評価する指標の目標設定の例として、 適切なものはどれか。

ア　ソフトウェアに障害が発生してから1時間以内に、利用者が使用できること

イ　ソフトウェアの使用方法を、利用者が1時間以内に習得できること

ウ　利用者から要望のある機能の改善を, 1週間以内に完了できること

エ　利用者の使用したい機能が, 100%提供できていること
","【正解】　イ

ア“ソフトウェアに障害が発生してから1時間以内に、利用者が使用できること”
信頼性を評価する指標です。

イ “ソフトウェアの使用方法を,利用者が1時間以内に習得できること”
正しい。 使用性を評価する指標です。

ウ “利用者から要望のある機能の改善を,1週間以内に完了できること”
保守性を評価する指標です。

エ “利用者の使用したい機能が, 100%提供できていること”
機能性を評価する指標です。
"
728,"DJ-AP-R6A

PMBOKガイド第7版によれば, WBSの最下位のレベルの作業を何と呼ぶか。

ア　WBS辞書

イ　アクティビティ・リスト

ウ　プロジェクト・スコープ

エ　ワークパッケージ

","【正解】　エ

ア “WBS辞書”
WBS辞書は、 WBSの各構成要素に関する詳細な成果物、 アクティビティ、スケジュールなどの情報が記載された文書です。スコープ記述書・WBSとともにスコープベース ラインを構成します。

イ “アクティビティ・リスト”
アクティビティ・リストは、プロジェクトで実施されるべくスケジュールに組み込まれ た個々の作業(アクティビティ)を一覧化した文書です。各アクティビティには名称と 識別子が付与され、 その詳細な作業範囲が記載されます。 PMBOK 第7版では「スケジュ ール・アクティビティを表にした文書」と定義しています。

ウ “プロジェクト・スコープ”
プロジェクト・スコープは、プロジェクトの実施範囲のことで、 成果物とそれを生み出すために行う作業のすべてを定義したものです。PMBOK第7版では「所定のフィーチャーや機能を持つプロダクト、サービス、 所産を生み出すために実行される作業」と定義 しています。

エ “ワーク・パッケージ”
正しい。 PMBOK第7版では「WBSの最下位のレベルに定義される作業。この作業にかｘかるコストと所要時間を見積り、マネジメントする」と定義しています。
"
729,"DJ-AP-R6A

JIS Q 20000-1:2020 (サービスマネジメントシステム要求事項)によれば,継続的改善に関する記述として、 適切なものはどれか。

ア　改善活動では,品質と費用の両方について改善の目標を設定しなければならない。

イ　改善活動は,提供するサービスを改善の対象にして, サービスマネジメントシステムを改善の対象にしない。

ウ　改善の機会に対して適用する評価基準には,改善とサービスマネジメントの目的との整合性が含まれなければならない。

エ　実施された改善は,設定した目標に照らして測定するのではなく,改善前と比較した改善の効果を測定する。
","【正解】　ウ

改善の機会を評価するときは, サービスマネジメントの目的と整合しているかどうかを基準に含める必要がある。

ア　品質と費用の両方を必須としており, 改善目標の範囲を不適切に限定しているため誤り。

イ　サービスだけを対象とし, サービスマネジメントシステム自体の改善を含めていないため誤り。

ウ　改善の評価基準に, サービスマネジメントの目的との整合性を含める必要があるため適切。

エ　改善は目標に照らして測定する必要があり, 改善前との比較だけでは不十分なため誤り。
"
730,"DJ-AP-R6A

コ・クリエーション戦略の特徴はどれか。

ア　企業の営業部門と製造部門が協働し、 特定の商品・サービスに限定して徹底的に自前

イ　主義にこだわることによって強みを発揮する。
顧客が自らのアイデアを商品の仕様に具体的に落とし込み、 企業に製品を製造してもらう。

ウ　顧客や企業ネットワークの力を活用し、 商品・サービスだけでなく, 顧客の経験まで を含めて差別化可能な価値を創造する。

エ　自社に不足する経営資源をM&Aによって強化し、従来にない価値をより素早く創造する。
","【正解】　ウ

コ・クリエーション戦略とは、企業と顧客や外部の人々が協力し合い、価値ある商品やサービスを一緒に作り出す考え方。従来の一方的な提供ではなく、共同でアイデアや知識を出し合うことを重視する。

名前の由来
英語のcoは一緒に、creationは創造するという意味で、両方を合わせて一緒に価値を創造するという意味になる。
"
731,"DJ-AP-R6A

デジタル社会形成基本法において掲げられている10項目の基本理念に含まれているものはど れか。

ア　インターネット上での権利侵害があった場合のサービスプロバイダなどが負う責任範 囲を制限し、同時に被害者が発信者情報の開示を請求できる権利を定めること

イ　広告宣伝を目的とする電子メールの適正化のための措置を定め、電子メールの利用環 境の整備を図ることにより, 高度情報通信社会の健全な発展に寄与すること

ウ　全ての国民が情報通信技術の恵みを享受できる社会の実現を目指し,情報通信技術を 用いた情報の活用により信頼性のある情報の自由かつ安全な流通の確保を図ること

エ　通信販売などの取引を公正にし、購入者等が受ける損害の防止を図り、購入者等の利 益を保護することにより, 国民経済の健全な発展に寄与すること
","【正解】　ウ

ア　情報流通プラットフォーム対処法の目的です。

イ　特定電子メール法の目的です。

ウ　正しい。デジタル社会形成基本法の基本理念です。

エ　特定商取引法の目的です。
"
732,"DJ-AP-R6A

どのようなメニューか

ア　アコーディオン

イ　カルーセル

ウ　タブ

エ　モーダルウィンドウ
","アコーディオン
見出しをタップすると、その部分だけ内容が開閉する方式。
情報量が多い時に、必要な項目だけ展開できるメニュー。

カルーセル
画像やカードを横にスライドして切り替える表示方式。
自動スクロールや矢印操作で複数内容を見せる。
carousel
もとの意味は回転木馬や回転する見せ物という意味で、馬に乗ってぐるぐる回る遊具を指す言葉からきている。そこから、ぐるっと回って順番に見せる展示や画像の切り替えなどにも使われるようになった。

タブ
画面上部や下部にある見出しを切り替えると、内容が瞬時に変わる。
分類された情報を切り替えて表示するのに使う。

モーダルウィンドウ
画面の上に重ねて表示される小さな確認用や入力用のウィンドウ。
閉じるまで元の画面を操作できない形式。

モーダルウィンドウは、一般的なポップアップとは少し違う。画面の中央に重ねて表示され、操作がそのウィンドウ内に限定される。閉じるまで背後の画面を触れないのが特徴。
ポップアップは別ウィンドウや通知のように自由に動かせたり、背後の画面も操作できる場合がある。モーダルウィンドウは操作を一時的に止めて、確認や入力を強制する目的で使われる。
"
733,"DJ-AP-R6A

ベイズ統計の説明として、適切なものはどれか。

ア　経済統計に関する国際条約に基づいて,貿易実態を正確に把握し、 国の経済政策や企業の経済活動の資料とすることを目的とした指標を作成する統計手法

イ　事前分布・事後分布といった確率に関する考え方に基づいて体系化されたものであ り,機械学習, 迷惑メールフィルターなどに利用されている統計理論

ウ　収集されたデータの代表値である平均値・中央値・最頻値を求めたり、度数分布表や ヒストグラムを作成したりすることによって, データの特徴を捉える統計理論

エ　ビッグデータの収集・分析に当たり,分析結果の検証可能性を確保し、複数の分析結 果を比較可能とするために, 対象をオープンデータに限定する統計手法
","【正解】　イ

新しい情報が入ったときに、それまでの予想や考えを更新して、より確からしい答えを求める方法。
「最初の予想（事前の考え）＋観察されたデータ＝更新された予想（事後の考え）」という考え方で進める統計手法。

結果データから原因が起こった確率を求めることができるので、医療分野やAI・機械学習、 データサイエンスやマーケティングなどの分野で使用されます。迷惑メールの分類を行うべイジアンフィルターは、ベイズ統計を応用した技術です。

べイジアンフィルターについても簡単に説明する。
迷惑メールかどうかなどを判定するために、単語の出現回数などの情報を使って確率的に分類する仕組み。過去のデータをもとに学習し、新しいメールが来るたびに判定と学習を繰り返して精度を高める方式

ア　貿易統計の説明です。

イ　正しい。 ベイズ統計の説明です。

ウ　記述統計の説明です。 集めたデータの特徴を分かりやすく表す統計学の分野です。

エ　この記述はオープンデータの利用に関連するものであり、統計の特定の理論の説明では ありません。
"
734,"DJ-AP-R6A

row_number() とは
","row_number() は、あくまで取得した結果の行に 1 から順に番号を振るだけ。
元のデータの値や始まりの数値とは関係しない。

たとえばデータが 2,3,4 の順に並んでいても、row_number() の結果は
1
2
3
となる。

データが 10,50,100 の順でも
1
2
3
となる。

つまり、元データの値ではなく、並び順に番号を振るだけ。
"
735,"DJ-AP-R6A

partition by とは
","partition by は
データを指定した項目ごとに区切って集計や計算をするしくみ。

例えば「顧客ごと」「年ごと」「部署ごと」などに区切って、その中だけで計算をする。

集計する範囲を区切ってくれる役目。

売上データ
顧客A　100
顧客A　200
顧客B　300
顧客B　150

group by と partition by は似ているが、役割が違う。

group by
区切ったあと、1行にまとめて集計する。
例：顧客Aの合計だけを1行で出す。

partition by
区切るだけで行はまとめず、元の行を残したまま個別に計算する。
例：顧客Aの各行を残したまま、その中で順位や平均を計算する。

つまり
group by はまとめる
partition by は分けるだけ。
"
736,"DJ-AP-R6A

式A+B×Cの逆ポーランド表記法による表現として,適切なものはどれか。

ア　 + ×CBA

イ　× + ABC

ウ　ABC × +

エ　CBA + ×
","【正解】　ウ
“あなたの解答:ア”

逆ポーランド表記法は
演算子を後ろに置く書き方。

普通の式
3 + 5

逆ポーランド表記
3 5 +

括弧が不要になり
計算順がわかりやすい。

例
(3 + 4) × 2
→ 3 4 + 2 ×

-------------
7 + (6 × 2 − 4) ÷ 3　
が
7 6 2 × 4 − 3 ÷ +こうなる理由を順番を上げて説明します。

括弧と演算優先度に従って「まず (6×2−4) を計算 → その結果を 3 で割る → 最後に 7 を足す」順になるため、オペランドを先に置き、対応する演算子をその直後に置く逆ポーランド表記が
7 6 2 × 4 − 3 ÷ +
となる。
"
737,"DJ-AP-R6A

AIにおける教師あり学習での交差検証に関する記述はどれか。

ア　過学習を防ぐために, 回帰モデルに複雑さを表すペナルティ項を加え,訓練データへ過剰に適合しないようにモデルを調整する。

イ　学習の精度を高めるために,複数の異なるアルゴリズムのモデルで学習し,学習の結果は組み合わせて評価する。

ウ　学習モデルの汎化性能を高めるために,単一のモデルで関連する複数の課題を学習す ることによって、課題間に共通する要因を獲得する。

エ　学習モデルの汎化性能を評価するために, データを複数のグループに分割し,一部を 学習に残りを評価に使い,順にグループを入れ替えて学習と評価を繰り返す。
","【正解】　エ

交差検証は、データを何回か入れ替えて学習用と評価用に分け、毎回精度を出し、その平均で性能を評価する方法。分け方に左右されず、安定した評価ができる。

ア　正則化の説明です

イ　アンサンブル学習の説明です。

ウ　マルチタスク学習の説明です。

エ　正しい。 交差検証の説明です。
"
738,"DJ-AP-R6A

次の特徴をもつプログラム言語及び実行環境であって,オープンソースソフトウェアとして提供されているものはどれか。

[特徴]
・統計解析や機械学習に適している。
・データ分析, グラフ描画などの、多数のソフトウェアパッケージが提供されている。
・ 変数自体には型がなく、変数に代入されるオブジェクトの型は実行時に決まる。

ア　Go

イ　Kotlin

ウ　R

エ　Scala
","【正解】　ウ
“あなたの解答:工”

ア“Go""
Goは、Googleが開発したオープンソースのプログラム言語です。静的型付け(ソース コードで変数や返り値の型が決まる) 言語なので条件に当てはまりません。

イ“Kotlin""
Kotlin(コトリン)はAndroidアプリの開発言語です。Java仮想マシン上で動作するので、Javaの膨大なライブラリが使えます。しかし、静的型付け言語なので条件に当てはまりません。

ウ “R”
正しい。R言語 (アール) は、 統計解析用に開発されたプログラム言語です。最近では機械学習にも使用されています。統計やデータ分析を支援するパッケージが多数公開されていて、高度なグラフ描画も簡単にできます。また、インタープリタ言語であり動的型 付けであることも特徴です。

エ “Scala""
Scala (スカラ)は、オブジェクト指向をベースとしながら関数型言語の機能が使えるプログラム言語です。Java 仮想マシン上で動作するので、Javaの膨大なライブラリが使えます。しかし、静的型付け言語なので条件に当てはまりません。
"
739,"DJ-AP-R6A

プロジェクトマネジメントにおけるファストトラッキングの例として,適切なものはどれか。

ア　クリティカルパス上のアクティビティの開始が遅れたので,そのアクティビティに人 的資源を追加した。

イ　コストを削減するために,これまで承認されていた残業を禁止した。

ウ　仕様の確定が大幅に遅れたので、プロジェクトの完了予定日を延期した。

エ　設計が終わったモジュールから順にプログラム開発を実施するようにして,スケジュールを短縮した。
","【正解】　エ

クラッシング
追加の人員や費用を投入して作業期間を短縮する。コスト増だが期間を縮められる。

ファーストトラッキング
本来は順番に行う作業を並行して進める。コストは増えにくいがリスクが高くなる。

ア　アクティビティに追加資源を投入しているので、クラッシングの例です。

イ　ファストトラッキングはコスト削減ではなく、スケジュール短縮を目的とする手法です。

ウ　完了予定日を遅らせて対応することは、ファストトラッキングではありません。

エ　正しい。 工程を並行して実施しているので、ファストトラッキングの例です。
"
740,"DJ-AP-R6A

サービスマネジメントにおいて, 中断したサービスを復旧させるときの目標を定めた指標 に,RTO(Recovery Time Objective), RPO(Recovery Point Objective)及びRLO (Recovery Level Objective)がある。RTOとR LOとを定めた例として,適切なものはどれか。

ア　サービスが中断する3時間前の時点の状態にデータを復旧し、 利用者の50%以上にサ ービスを提供できるようにする。

イ　サービスが中断する直前の状態にデータを復旧し、当日のサービス終了時刻を,サービスが中断していた時間だけ延長する。

ウ　サービスの中断から1時間以内に,中断する1時間前の時点の状態にデータを復旧す る。

エ　サービスの中断から1日以内に、中断したサービスのうちの重要なサービスに限定してサービスを復旧する。
","【正解】　エ
あなたの解答: ア

RTO(Recovery Time Objective:目標復旧時間)
『いつまでに復旧するのか』という時間的な目標のこと。
例)サーバダウンからから2時間以内に復旧する

RPO(Recovery Point Objective:目標復旧地点)
『いつの時点のデータまで復元するのか』というデータの復元度合い関する目標のこと。
例)サービス中断した日の0時時点のデータまで復元する

RLO(Recovery Level Objective:目標復旧レベル)
『復旧時にどの程度の機能を回復させるのか』という機能レベルに関する目標のこと。基本的にはRTOと組み合わせて設定する。
例)製造ラインが稼働できるよう、生産管理システムを復旧させる

ア　RPOとRLOを定めた例です。 「3時間前の時点の状態」 がRPO、「利用者の50%以上」
がRLOに該当します。

イ　RPOを定めた例です。「中断する直前の状態」がRPOに該当します。後半の施策はどれにも該当しません。

ウ　RTOとRPOを定めた例です。 「中断から1時間以内」はRTO、「1時間前の時点の状 態」はRPOに該当します。

エ　正解
"
741,"DJ-AP-R6A

何を求めるコマンドか。

ア　“arp""

イ　“ipconfig 又はifconfig""

ウ　“netstat""

エ　“ping""
","ア　arp
同じネットワーク内で通信した機器のIPアドレスとMACアドレスの対応表を確認する

イ　ipconfig または ifconfig
自分の機器のIPアドレス
サブネットマスク
デフォルトゲートウェイ
DNSサーバなどの設定内容を確認する

ウ　netstat
現在使用中のポート番号
確立された通信の相手IPアドレス
通信状態
プロトコル種別などを確認する

エ　ping
相手のIPアドレスへの到達性
応答時間
パケット損失の有無などを確認する
"
742,"DJ-AP-R6A

2相コミットで分散トランザクションの原子性を保証する場合, ネットワーク障害の発生によって参加者のトランザクションが、コミットすべきかロールバックすべきかを判断できなくなることがある。このような状況を発生させるネットワーク障害に関する説明として, 適 切なものはどれか。

ア　調停者のトランザクションが、コミット又はロールバック可否の問合せを参加者に送 る直前に障害になった。

イ　調停者のトランザクションが、コミット又はロールバックの決定を参加者に送る直前 に障害になった。

ウ　調停者のトランザクションに, コミット又はロールバック可否の応答を参加者が返す 直前に障害になった。

エ　調停者のトランザクションに, コミット又はロールバックの完了を参加者が返す直前 に障害になった。
","【正解】　イ

理由：調停者が各参加者の「準備OK（コミット可）」応答を受け取った後、最終決定（COMMIT／ROLLBACK）を送る直前に障害で落ちると、参加者側は「準備済み（prepared）」で待機するが最終指示を受け取れない。参加者だけでは安全に決定できないため、ブロッキング（不確定状態）が発生する。

セキュア状態：　調停者の指示を待つためにコミットもロールバックも可能な準備完了状態。

ア“調停者のトランザクションが、コミット又はロールバック可否の問合せを参加者に送る直前に障害になった。”
調停者またはネットワークが第1相の開始時に障害でダウンした場合、各参加者はタイムアウトとみなしてロールバックを行います。

イ “調停者のトランザクションが,コミット又はロールバックの決定を参加者に送る直前に障害になった。
正しい。セキュア状態になった後に調停者からの通知がない場合、 参加者はコミット/ ロールバックの判断をすることができません。他のサイトでは調停者からコミット/ロ ールバック通知を受けて、正常に処理している可能性があり、原子性・一貫性の観点から安易にどちらの処理も行うことができないためです。

ウ “調停者のトランザクションに,コミット又はロールバック可否の応答を参加者が返す直前に害になった。”
一定時間内に各参加者からの可否の応答がない場合、調停者はタイムアウトとみなして トランザクションを中止し、各参加者にロールバックを命じます。応答をした参加者 (セキュア状態)は調停者からロールバック命令を受けて、障害となった参加者(セキ ュア状態ではない) はタイムアウトにより、いずれもロークバックされるため、 参加者 が判断に困ることはありません。

エ “調停者のトランザクションに,コミット又はロールバックの完了を参加者が返す直前に障害になった。
本肢の障害が発生するのは、各参加者が調停者からコミット/ロールバックの指示を受け取り、その処理を完了した後です。 すでにどちらのアクションを行うべきか決定しているため、判断に困ることはありません。 復旧後に指示どおり再実行すれば済みます。
"
743,"DJ-AP-R6A

自然数をキーとするデータを,ハッシュ表を用いて管理する。キーxのハッシュ関数h(x)を 

h(x) = x mod n 

とすると,任意のキーaとbが衝突する条件はどれか。 ここで, nはハッシュ表の大きさであ り,x mod nはxをnで割った余りを表す。

ア　a+bがnの倍数

イ　a-bがnの倍数

ウ　nがa+bの倍数

エ　nがa-bの倍数
","【正解】　イ　← はーい、暗記。
"
744,"DJ-AP-R6A

企業における研究,開発,事業化,そして産業化へとステージが移行する過程の中で,事業 化から産業化に移行するときの、競合製品との競争過程にある障壁を何と呼ぶか。

ア　キャズム

イ　死の谷

ウ　ダーウィンの海

エ　魔の川
","【正解】　ウ

【研究】
　↑
魔の川
　↓
【開発】
　↑
死の谷
　↓
【事業化】
　↑
ダーウィンの海
　↓
【産業化】
"
745,"DJ-AP-R6A

光ファイバとファイバチャネルの違いは？
","光ファイバ
　ただの通信ケーブル。光で信号を送る物理の線。中で何の方式を使うかは決まっていない。

ファイバチャネル
　主にサーバとストレージ機器をつなぐための通信方式。
　光ファイバなどのケーブルの上で動くプロトコル。
　高速で信頼性は高いが、インターネットでは使われない。
"
746,"DJ-AP-R6A

100MIPSは何回の命令か。
","100×100万＝1億　← 間違えた
"
747,"DJ-AP-R6A

あるクライアントサーバシステムにおいて, クライアントから要求された1件の検索を処理するために,サーバで平均100万命令が実行される。1件の検索につき,ネットワーク内で 転送されるデータは平均 2×10^5 バイトである。このサーバの性能は100MIPSであり,ネッ トワークの転送速度は 8×10^7 ビット/秒である。このシステムにおいて, 1秒間に処理でき る検索要求は何件か。 ここで, 処理できる件数は、サーバとネットワークの処理能力だけで 決まるものとする。 また, 1バイトは8ビットとする。

ア　50

イ　100

ウ　200

エ　400
","【正解】　ア　← 典型的教訓問題。100MIPSは1億。1バイトと1ビット変換。

1件の検索につき平均100万命令が実行され、サーバの処理能力は100MIPSである
　↓
1MIPSは1秒間に命令を100万回を実行できる能力なので、100MIPSのサーバは1秒間に100件の検索要求を処理できます。

1件の検索につき平均2×105バイトが転送され、ネットワークの転送速度は8×107ビットである
　↓
単位をバイトにそろえると、ネットワークの転送速度は 8×10^7[ビット/秒] = 1×10^7[バイト /秒]、 1件当たりの転送データ量は 2×10^5[バイト] です。 よって、1秒間に転送できる件数は、

1×10^7　÷ 1×10^2 
= 50件
"
748,"DJ-AP-R6A

マイクロサービスアーキテクチャを利用するとき, システム構築上の利点はどれか。

ア　各サービスが使用する, プログラム言語,ライブラリ及びミドルウェアを統一しやすい。

イ　各サービスが保有するデータの整合性を確保しやすい。

ウ　各サービスの変更がしやすい。

エ　各サービスを呼び出す回数が減るので, オーバーヘッドが削減できる。
","【正解】　ウ

なお、マイクロサービスアーキテクチャに対して、システムを1つの大きなコードベースで構築する従来型の方法をモノリシックアーキテクチャといいます。

ア “各サービスが使用する, プログラム言語, ライブラリ及びミドルウェアを統一しやすい。”
モノリシックアーキテクチャの特徴です。 マイクロサービスアーキテクチャでは、各サ ービスが独立して設計・開発されるため、プログラム言語やライブラリ、ミドルウェアを統一する必要はありません。

イ “各サービスが保有するデータの整合性を確保しやすい。
マイクロサービスアーキテクチャでは、データを各サービスが独自に保有する (データ ベースの分離) ため、全体として整合性を確保するには、分散トランザクションや整合性の確保に関する仕組みが必要であり、 単一データベースである場合よりも複雑になります。

ウ “各サービスの変更がしやすい。
正しい。各サービスは独立した開発とデプロイが可能な設計思想に基づいており、特定 のサービスの変更が他のサービスに影響を与えにくい構造をもちます。変更が必要な場 合には原則として対象となるサービスのみを改修すればよいため、変更の柔軟性は高いと言えます。

エ “各サービスを呼び出す回数が減るので,オーバーヘッドが削減できる。”
マイクロサービスアーキテクチャではサービス間通信が多く発生するため、それが原因でネットワークのオーバーヘッドが増加し、パフォーマンスに影響を与える場合があります。
"
749,"DJ-AP-R6A

タスクスケジューリング方式の説明のうち、特定のタスクがCPU 資源の割当てを待ち続ける可能性が最も高いものはどれか。

ア　各タスクの優先度を決めて、 優先度が高い順に実行し, CPU割当てまでの待ち時間の長さに応じて優先度を徐々に上げていく。

イ　各タスクを実行可能待ち行列に置かれた順に実行し, 一定時間が経過したら実行を中断して実行可能待ち行列の最後尾に加える。

ウ　処理予定時間が最も短いタスクから順に処理を実行する。現在実行中の処理が終了するか,又は何らかの要因によって中断されたとき,次のタスクを開始する。

エ　タスクがシステムに到着した順に実行可能待ち行列の最後尾に加え、 常に実行可能待ち行列の先頭のタスクにCPUを割り当てる。
","【正解】　ウ
“あなたの解答:イ”

ア　動的優先順位方式の説明です。待ち時間が長いタスクは優先度が上昇していき、やがて最も高い優先度となるので待ち続けることはありません。

イ　ラウンドロビン方式の説明です。実行可能待ち行列の順番に従い、すべてのタスクに一律にCPU時間を割り当てるので、特定のタスクがCPU割当てを待ち続けることはありません。
一定時間が経過して実行を中断した場合次に順番が回ってきた時は途中から続きとして実行する。途中で止めてもタスクの状態（どこまで進んだかなど）は保存される。この仕組みを「コンテキスト保存」といい、ラウンドロビン方式では必ずこれを行う。

ウ “処理予定時間が最も短いタスクから順に処理を実行する。現在実行中の処理が終了するか,又は何らかの要因によって中断されたとき,次のタスクを開始する。
正しい。処理時間順方式の説明です。予定処理時間の長いタスクは、より処理時間が短いタスクが存在する限り、永遠に実行されることはありません。よって、予定処理時間の長い特定のタスクが、CPU資源の割当てを待ち続ける可能性が高くなります。

エ　到着順方式の説明です。 タスクは到着した順に処理されるため、 待ち続けることはあり
ません。
"
750,"DJ-AP-R6A

レスポンシブWebデザインを実現するに当たって、単一のHTML文書を用いて, Webコンテ ンツを各種端末のディスプレイの大きさに合わせた形式で表示するために使用する機能はど れか。

ア　User-Agent

イ　WebSocket

ウ　マッシュアップ

エ　メディアクエリ
","【正解】　エ

ア ""User-Agent""
User-Agentは、WebブラウザがWebサーバに伝える情報で、ユーザーが利用する端末、Webブラウザ、OSの種類やバージョンを識別するためのものです。 User-Agentでデスクトップとスマートフォンを判別し、それに応じたHTML文書を出し分けるスマホ対応もありますが、これはレスポンシブWebデザインではありません。

イ “WebSocket""
WebSocket は、Webアプリケーションにおいてクライアント(Webブラウザ)とWeb サーバとの間で効率的な双方向通信を実現するプロトコルです。主にリアルタイム通信が必要なアプリケーション (チャットやゲームなど) で使われます。

ウ “マッシュアップ”
マッシュアップは、Web上に公開されている様々なWebサービスを組み合わせて、新しいWebサービスを作り出す手法です。

エ “メディアクエリ”
正しい。 メディアクエリは、CSSの機能のひとつで、デバイスの特性 (画面の幅や高さ、解像度、向き)に応じて異なるスタイルを適用することができる仕組みです。 同じHTML文書で異なる画面サイズやデバイスに最適化されたレイアウトを提供するレスポ ンシブWebデザインの中心的な技術です。

レスポンシブWebデザインとは見る機器の画面サイズに合わせてWebページの表示を自動で最適化する仕組み。URLは一つで、画面幅に応じて配置、文字サイズ、画像の大きさなどが変わる。CSSのメディアクエリなどを使って実現する。

@media (条件){　/* 条件が満たされた場合に適用するCSS */}
body { font-size: 16px; }

/* 画面幅768px以下 (主にタブレットやスマートフォン向け)に適用するスタイル */
@media (max-width: 768px) {
body { font-size: 14px; }
}

/* 画面幅480px以下 (主にスマートフォン向け) に適用するスタイル */
@media (max-width: 480px) {
body { font-size: 12px; }
}
"
751,"DJ-AP-R6A

ナッシュ戦略とは
","ナッシュ戦略とは、ゲーム理論で使う考え方で参加者全員が自分にとって一番得になる行動を選んだとき、誰もそれ以上良くできる行動に変えられない状態の戦略のこと。

つまり、相手の行動が決まっているなら、自分の戦略を変えても得にならない、お互いに動けない安定した戦略をナッシュ戦略という。

代表例は囚人のジレンマなどで説明される。

囚人のジレンマとは、ゲーム理論の例で使われる考え方でお互いに協力した方が得なのに、利己的に判断すると双方が損をしてしまう状況のこと。
"
752,"DJ-AP-R6A

プロジェクトマネジメントにおいて, プロジェクトチームのパフォーマンスを高めるため に、チームメンバーを同じ作業場所に集めることを何というか。

ア　コロケーション

イ　ネットワーキング

ウ　バーチャルチーム

エ　ファシリテーション

","【正解】　ア
“あなたの解答:工”

ア “コロケーション”
正しい。コロケーションは、プロジェクチームのメンバーが同じ物理的な場所に集まり、ともに作業をする形態です。コミュニケーションが円滑に行えること、問題解決が迅速に進むこと、そしてチームの絆が強化されることが利点です。
はい。Colocation は同じ場所に集まって仕事をすること。
物理的に同じ空間にいる、という意味になる。
語源は co（共に）＋ location（場所）で、
場所を共有するというニュアンス。

イ “ネットワーキング”
ネットワーキングは、チームメンバーや他の関係者とのつながりを築くなど、プロジェクト内外での人脈作りや情報共有を意味します。

ウ “バーチャルチーム”
バーチャルチームは、地理的に離れた場所にいるプロジェクトチームのメンバーが、主にデジタルツールを活用して協働する形態です。

エ “ファシリテーション”
ファシリテーションは、会議やディスカッションが円滑に進むように効果的に舵取りする技術です。
"
753,"DJ-AP-R6A

ページング方式の仮想記憶において,ページ置換えの発生頻度が高くなり,システムの処理能力が急激に低下することがある。このような現象を何と呼ぶか。

ア　スラッシング

イ　スワップアウト

ウ　フラグメンテーション

エ　ページフォールト
","【正解】　ア

“スラッシング”
正しい。 スラッシングは、ページング処理の多発により処理効率が著しく低下する現象
です。

イ “スワップアウト”
スワップアウトは、主記憶を効率的に利用するために、主記憶上で長い間待ち状態となっているプログラムを実行状態のまま補助記憶上の領域に退避させることです。

ウ “フラグメンテーション”
フラグメンテーションは、主記憶や補助記憶装置の記憶領域の中に使用されない領域の断片が多く存在した状態になる現象です。連続したメモリ領域を確保しにくくなるので アクセス効率が低下します。

エ “ページフォールト”
ページフォールトは、ページング方式において要求されたページが主記憶上に存在しないときに発生する割込みです。
"
754,"DJ-AP-R6A

プロジェクトマネジメントにおけるスコープの管理の活動はどれか。

ア　開発ツールの新機能の教育が不十分と分かったので, 開発ツールの教育期間を2日間延長した。

イ　要件定義が完了した時点で再見積りをしたところ,当初見積もった開発コストを超過 することが判明したので、追加予算を確保した。

ウ　連携する計画であった外部システムのリリースが延期になったので,この外部システ ムとの連携に関わる作業は別プロジェクトで実施することにした。

エ　割り当てたテスト担当者が期待した成果を出せなかったので,経験豊富なテスト担当 者と交代した。
","【正解】　ウ
“あなたの解答:工”

スコープ管理は、プロジェクトで何を作るか（成果物・要件）を明確に定義し、変更要求が出たときに影響（コスト・期間・品質）を評価して承認・却下する活動です。
承認された変更は文書化して計画に反映し、範囲の拡大や縮小をコントロールします。

ア　教育期間の延長はスケジュールの調整であり, スコープの管理ではない。

イ　追加予算の確保はコストの管理であり, スコープの管理ではない。

ウ　外部システムとの連携作業を範囲から外し, 別プロジェクトにする。これは作業範囲を変更しているのでスコープの管理に該当する。

エ　担当者の交代は人的資源の調整であり, スコープの管理ではない。
"
755,"DJ-AP-R6A

量子超越性(Quantum Supremacy)の説明として,適切なものはどれか。

ア　重ね合わせという現象を用いた量子暗号が,現在の暗号化方式よりもはるかに安全であること

イ　従来のコンピュータが古典物理学に依拠する段階にとどまっているのに比べて,量子

ウ　コンピュータが量子力学に依拠して作られていること
従来のコンピュータでは実用的な時間で処理することができない計算を,量子コンピ ユータでは高速に実行できること

エ　同一の性能を実現した従来のコンピュータに比べて, 量子コンピュータの物理的な大 きさを圧倒的に小さくできること
","【正解】　ウ
"
756,"DJ-AP-R6A

SoCの説明として,適切なものはどれか。

ア　システムLSIに内蔵されたソフトウェア

イ　複数のMCUを搭載したボード

ウ　複数のチップで構成していたコンピュータシステムを、一つのチップで実現したLSI

エ　複数のチップを単一のパッケージに封入してシステム化したデバイス
","【正解】　ウ

SoC (System on a Chip) は、CPUコア、GPUコア、 DSP、 メモリ、 タイマー、 通信モジュールなどの複数の構成要素を1つのチップ上に集約したシステムLSI(大規模集積回路)です。
"
757,"DJ-AP-R6A

MCUとは何か。
","MCU は Microcontroller Unit の略で、CPUに加えて、メモリや入出力機能などを1つのチップにまとめた小型の制御用コンピュータ。家電や自動車、センサー機器などの組込み機器で、決められた制御処理を行うために使われる。
"
758,"DJ-AP-R6A

M/M/1の待ち行列モデルにおいて, 窓口の利用率が25%から40%に増えると,平均待ち時間は何倍になるか。

ア　1.25

イ　1.60

ウ　2.00

エ　3.00
","【正解】　ウ
"
759,"DJ-AP-R6A

アンゾフの成長マトリクスを説明したものはどれか。

ア　外部環境と内部環境の観点から、強み、弱み, 機会, 脅威という四つの要因について情報を整理し,企業を取り巻く環境を分析する手法である。

イ　企業のビジョンと戦略を実現するために, 財務, 顧客,内部ビジネスプロセス,学習 と成長という四つの視点から事業活動を検討し,アクションプランまで具体化してい くマネジメント手法である。

ウ　事業戦略を,市場浸透,市場拡大,製品開発,多角化という四つのタイプに分類し, 事業の方向性を検討する際に用いる手法である。

エ　製品ライフサイクルを, 導入期, 成長期, 成熟期, 衰退期という四つの段階に分類 し,企業にとって最適な戦略を立案する手法である。

","【正解】　ウ

ア　SWOT分析の説明です。

イ　バランススコアカードの説明です。

ウ　正しい。 アンゾフの成長マトリクスの説明です。

エ　プロダクトライフサイクルの説明です。
"
760,"DJ-AP-R6A

データアクセス方式の一つであるオブジェクトストレージに関する記述のうち, 最も適切な ものはどれか。

ア　ストレージにファイルシステムを構成し、ファイル単位でデータにアクセスする。

イ　ストレージの論理ボリュームを決まったサイズに分割し、 その単位でデータにアクセスする。

ウ　データとメタデータをセットにして保存し、 階層構造にすることによってデータにア クセスする。

エ　データとメタデータをセットにして保存し,固有の識別子でデータにアクセスする。
","【正解】　エ
"
761,"DJ-AP-R6A

RISCプロセッサの5段パイプラインの命令実行制御の順序はどれか。 ここで,このパイプラインのステージは次の五つとする。

1　書込み

2　実行とアドレス生成

3　命令デコードとレジスタファイル読出し

4　命令フェッチ

5　メモリアクセス

ア　4, 2, 5, 1

イ　3, 5, 2, 4 1

ウ　4 3, 2, 5, 1

エ　4, 5, 3, 2, 1

","【正解】　ウ
コンピュータは、次のようなサイクルを繰り返して命令を処理していきます。

1　プログラムカウンターを参照して、 次に実行すべき命令が格納されている位置を知る

2　主記憶から命令レジスタに命令を読込む (命令フェッチ)

3　その次に実行する命令の主記憶上のアドレスをプログラムカウンターに格納する

4　命令レジスタの命令を命令デコーダで解読 (解釈)する (命令デコード)

5　演算で必要となる値 (オペランド)を主記憶やレジスタから読込む (オペランド読出し)

6　命令を実行する。

7　実行結果を主記憶やレジスタに書込む。
"
762,"DJ-AP-R6A

アジャイル開発の初期段階において,プロジェクトの目的, スコープなどに対する共通認識を得るために,あらかじめ設定されている設問と課題について関係者が集まって確認し合 い,その成果を共有する手法はどれか。

ア　アジャイルモデリング

イ　インセプションデッキ

ウ　プランニングポーカー

エ　 ユーザーストーリーマッピング
","【正解】　イ
“あなたの解答:工”
"
763,"DJ-AP-R6A

生成AIのビジネス活用において、 独自のデータを学習させることにより基盤モデルを自社の 業務やサービスに特化したモデルへとカスタマイズすることを何と呼ぶか。

ア　アノテーション

イ　クラスタリング

ウ　ファインチューニング

エ　プロンプトエンジニアリング
","【正解】　ウ

アノテーション
AIに学習させるために、画像や文章などのデータに正解ラベルや説明を人手で付ける作業。

クラスタリング
AIが特徴の似たデータ同士を自動的にグループに分ける処理で、顧客分類などに使われる。

ファインチューニング
既に学習済みのAIモデルに追加データを与えて、特定の業務や用途に最適化する方法。

プロンプトエンジニアリング
AIに望む回答を出させるために、質問文や指示文の工夫や設計を行う技術。
"
764,"DJ-AP-R6S

今年度のA社の販売実績と費用 (固定費,変動費)を表に示す。 来年度, 固定費が5%増加し, 販売単価が5%低下すると予測されるとき,今年度と同じ営業利益を確保するためには,最 低何台を販売する必要があるか。

販売台数　2,500台

販売単価　200 千円

固定費　150,000 千円

変動費　100 千円/台

ア　2,575

イ　2,750

ウ　2,778

エ　2,862
","【正解】　エ
"
765,"DJ-AP-R6S

JIS X 33002:2017 (プロセスアセスメント実施に対する要求事項の説明として,適切なも のはどれか。

ア　組織のプロセスを継続的に改善して品質を高めるための要求事項を規定している。

イ　組織プロセスの品質を客観的に診断するための要求事項を規定している。

ウ　プロジェクトの実施に重要で,かつ,影響を及ぼすプロジェクトマネジメントの概念 及びプロセスに関する包括的な手引きを規定している。

エ　明確に定義された用語を使用し,ソフトウェアライフサイクルプロセスの共通枠組み を規定している。

","【正解】　イ

ア　マネジメントシステム-要求事項)の説明です。

イ　正しい。 JIS X 33002の説明です。

ウ　JIS Q 21500 (プロジェクトマネジメントの手引)の説明です。

工　JIS X 0160(ソフトウェアライフサイクルプロセス)の説明です。
"
766,"DJ-AP-R6S

企業が属する業界の競争状態と収益構造を, ""新規参入の脅威"", ""供給者の支配力"", ""買い手 の交渉力"", ""代替製品・サービスの脅威"", ""既存競合者同士の敵対関係”の要素に分類して、 分析するフレームワークはどれか。

ア　PEST分析

イ　VRIO分析

ウ　バリューチェーン分析

エ　ファイブフォース分析

","【正解】　エ

PEST分析
政治規制や景気、人口変化や技術革新など外部環境を4つの視点で整理し、事業への影響や将来の機会と脅威を考える方法。

VRIO分析
企業の持つ資源や強みが価値があるか、希少か、真似されにくいか、それを活かす仕組みがあるかを評価し競争優位性を判断する手法。

バリューチェーン分析
製品やサービスが作られ届けられるまでの工程を細かく分け、どこで価値が生まれ、どこに改善の余地があるかを見つける方法。

ファイブフォース分析
競合企業、新規参入、代替品、買い手、売り手の5つの力から業界の競争の強さや利益性を分析する方法。
"
767,"DJ-AP-R6S

シングルクォーテーションの前にある N は何？

THEN N'必要' ELSE N'不要' END AS 発注要否
","シングルクォーテーションの前にある N はUnicode文 字であることを明示する記述です。
"
768,"DJ-AP-R6S

SQLのCOALESCEとは
","SQLのCOALESCEは、NULLを別の値に置き換える関数。
複数の引数を左から順に見て、最初にNULLでない値を返す。

例1
SELECT COALESCE(電話番号, '未登録') AS 連絡先 FROM 顧客;
電話番号がNULLなら「未登録」と表示される。

例2
SELECT COALESCE(ニックネーム, 氏名, '名前なし') AS 表示名 FROM 会員;
ニックネームがNULLなら氏名を使い、それもNULLなら「名前なし」を返す。

例3
UPDATE 社員
SET メール = COALESCE(メール, 'no-mail@example.com
"
769,"DJ-AP-R6S

クラスCのIPアドレスの範囲とプライベートアドレス、グローバルアドレス、それぞれ範囲を述べよ。
","クラスCのIPアドレスの全体範囲
192.0.0.0 ～ 223.255.255.255

クラスCのプライベートアドレス範囲
192.168.0.0 ～ 192.168.255.255　← プライベートIPはここだけだってさ。

クラスCのグローバルアドレス範囲
192.0.0.0 ～ 192.167.255.255
192.169.0.0 ～ 223.255.255.255

IPアドレスの誤設定に対し・・・
普通の機器は警告を出さない。
グローバルを誤って使っても気づかず、通信障害の原因になる。
"
770,"DJ-AP-R6S

IoTの技術として注目されている, エッジコンピューティングの説明として, 最も適切なものはどれか。

ア　演算処理のリソースをセンサー端末の近傍に置くことによって, アプリケーション処理の低遅延化や通信トラフィックの最適化を行う。

イ　人体に装着して脈拍センサーなどで人体の状態を計測して解析を行う。

ウ　ネットワークを介して複数のコンピュータを結ぶことによって,全体として処理能力が高いコンピュータシステムを作る。

エ　周りの環境から微小なエネルギーを収穫して, 電力に変換する。
","【正解】　ア
“あなたの解答:イ”
"
771,"DJ-AP-R6S

JIS Q 31000:2019 (リスクマネジメント-指針)において, リスク特定で考慮することが望 ましいとされている事項はどれか。

ア　結果の性質及び大きさ

イ　残留リスクが許容可能かどうかの判断

ウ　資産及び組織の資源の性質及び価値

エ　事象の起こりやすさ及び結果

","【正解】　ウ
“あなたの解答: イ""

ア “結果の性質及び大きさ”
リスク分析で考慮するべき事項です。

イ “残留リスクが許容可能かどうかの判断” 
リスク対応で考慮するべき事項です。

ウ “資産及び組織の資源の性質及び価値”
正しい。リスク特定で考慮するべき事項です。

エ“事象の起こりやすさ及び結果”
リスク分析で考慮するべき事項です。
"
772,"DJ-AP-R6S

15Mバイトのプログラムを圧縮して,フラッシュメモリに格納している。プログラムのサイズは圧縮によって元のサイズの40%になっている。フラッシュメモリから主記憶への転送速度が20Mバイト/秒であり,1Mバイトに圧縮されたデータの展開に主記憶上で0.03秒が掛 かるとき,このプログラムが主記憶に展開されるまでの時間は何秒か。 ここで,フラッシュ メモリから主記憶への転送と圧縮データの展開は同時には行われないものとする。

ア　0.48

イ　0.75

ウ　0.93

エ　1.20
","【正解】　ウ　← 小学生の計算ができなかった。

データは圧縮された状態でフラッシュメモリから主記憶に転送された後、主記憶上で展開されます。転送と圧縮データの展開は同時には行われないとあるので、転送時間と展開時間の合計となります。

まず15Mバイトのデータを40%に圧縮した場合、圧縮後のデータ量は、
15[Mバイト]×0.4=6[Mバイト]

次に主記憶への転送時間を求めます。圧縮されたデータが6Mバイト、転送速度が20Mバイト/秒なので、転送時間は、
6[Mバイト]÷20[Mバイト/秒] = 0.3[秒]

さらに1Mバイトの展開につき主記憶上で0.03秒が掛かるので、展開に要する時間は、
0.03[秒]×6[Mバイト] = 0.18 [秒]

以上より転送から展開までに要する総時間は、
0.3[秒]+0.18[秒]=0.48[秒]
"
773,"DJ-AP-R6S

バグの数とコンベルツ曲線
","コンベルツ曲線はS字。

最初
テストを始めた直後は調べる範囲が狭く、バグはまだ少ししか見つからない。

中盤
テスト範囲が広がり、機能の組合せも増えるため、一気に多くのバグが発見される。

終盤
多くのバグが修正され、新しいバグも出にくくなり、発見数が減っていく。
"
774,"DJ-AP-R6S

Product Portfolio Management を説明せよ。
","市場成長率 高
│
│　問題児　│　花形
│　　　 　 │　　　
│───────────────→ 市場占有率 高
│　　　 　 │　　　
│　負け犬　│　金のなる木
│
市場成長率 低

問題児
市場は伸びるが自社の力が弱く、投資が必要。

花形
市場も自社も強く、成長と競争優位を持つ。

金のなる木
市場はあまり伸びないが自社の力は強く、安定して稼げる。

負け犬
市場も自社も弱く、収益性が低い領域。
"
775,"DJ-AP-R6S

WALプロトコルとは
","Write Ahead Logging の略で、障害が起きてもこのログを使って復旧できるようにする仕組み。
ログが先、データは後という順序を必ず守るのが特徴
データベースで更新操作を行うときに、変更内容をまずログに書き込み、そのログが保存されたことを確認してから実際のデータを書き換える方式。
"
776,"DJ-AP-R6S

モジュール結合度に関する記述のうち,適切なものはどれか。

ア　あるモジュールがCALL命令を使用せずにJUMP命令でほかのモジュールを呼び出すとき,このモジュール間の関係は、外部結合である。

イ　実行する機能や論理を決定するために引数を受け渡すとき,このモジュール間の関係 は、内容結合である。

ウ　大域的な単一のデータ項目を参照するモジュール間の関係は、制御結合である。

エ　大域的なデータを参照するモジュール間の関係は、共通結合である。

","【正解】　エ

ア
JUMP命令で呼び出すのはモジュールの内部構造に踏み込むため内容結合であり,外部結合ではない。

イ
引数によって機能や論理を決めるのは制御結合であり,内容結合ではない。

ウ
大域的な単一データ項目の参照はスタンプ結合やデータ結合に近く,制御結合ではない。

エ
大域的なデータは複数のモジュールが共通して参照する記憶域であり,共通結合と呼ばれる関係になる。

データ結合(弱い)
処理に必要なデータだけを単一のパラメータとして受け渡している

スタンプ結合
処理に必要なデータだけをレコードや構造体などのデータ構造として受け渡している

制御結合
モジュールの動作を制御するための要素を受け渡している

外部結合
大域宣言された単一のデータを、複数のモジュールが参照している

共通結合
大域宣言されたレコードや構造体などのデータ構造を、 複数のモジュールが参照している

内容結合 (強い)
モジュールの内部を直接参照・ 使用している
"
777,"DJ-AP-R6S

プログラムを構成するモジュールや関数の実行回数, 実行時間など, 性能改善のための分析 に役立つ情報を収集するツールはどれか。

ア　エミュレーター

イ　シミュレーター

ウ　デバッガ

エ　プロファイラ

","【正解】　エ
“あなたの解答:ウ”

ア“エミュレーター”
エミュレーターは、所定のコンピュータや機械装置を模倣するシミュレーターの一種で、他のコンピュータ向けの命令プログラムを解読しながら実行するマイクロプログラムです。

イ “シミュレーター”
シミュレーターは、現実の事象や業務をモデル化して模擬実験を行う装置やプログラムです。

ウ“デバッガ”
デバッガは、プログラム内のバグや不具合を特定し、それを修正する作業(デバッグ) を支援するソフトウェアです。 指定した箇所でプログラムを一時停止させて1行ずつ進めたり、その際の変数の内容を確認したりすることができます。

エ “プロファイラ”
正しい。プロファイラは、プログラムを実際に動作させて、その動作状況を解析するためのツールです。 実行フローや関数ごとの実行回数、実行時間などを詳細に確認することができるので、プログラムのボトルネックを特定するなど性能改善に役立てることが
"
778,"DJ-AP-R6S

複数のクライアントから接続されるサーバがある。 このサーバのタスクの多重度が2以下の 場合, タスク処理時間は常に4秒である。このサーバに1秒間隔で4件の処理要求が到着した 場合,全ての処理が終わるまでの時間はタスクの多重度が1のときと2のときとで,何秒の差
があるか。
","【正解】　7秒。　← 「1秒間隔で到着」と書いてある。よく読むこと。

"
779,"
DJ-AP-R6S

エアコンや電気自動車でエネルギー効率のよい制御や電力変換をするためにパワー半導体が 用いられる。このパワー半導体の活用例の一つであるインバータの説明として,適切なもの はどれか。

ア　直流電圧をより高い直流電圧に変換する。

イ　直流電圧をより低い直流電圧に変換する。

ウ　交流電力を直流電力に変換する。

エ　直流電力を交流電力に変換する。
","【正解】　エ
“あなたの解答:ウ”

インバータ
直流を交流に変換する装置。
英語の invert（反転させる）から来ている。
電圧や波形を反転させて交流を作ることからこの名前が使われた。
例えば太陽光発電やバッテリーの直流を家庭用の交流100Vに変換する用途など。

コンバータ
電気の形態を変換する装置の総称。
英語の convert（変換する）から来ている。
直流を直流に変換するDC-DC、交流を直流にするAC-DCなど多くの形態がある。
たとえば充電器やスイッチング電源などがこれにあたる。

流れとしてはこうなる。
コンバータという言葉は元々「電気の形態を変換する装置」の総称として使われた。交流と直流、電圧の高低、周波数などを変換する機械全般に用いられた広い言葉。

その後、直流から交流に変換する特定の装置が必要になり、変換の特徴である「極性や波形を反転させる」「invertする」ことから、それをインバータと呼ぶようになった。
"
780,"DJ-AP-R6S

ノンプリエンプティブ方式のタスクの状態遷移に関する記述として,適切なものはどれか。

ア　OSは実行中のタスクの優先度を他のタスクよりも上げることによって,実行中のタ スクが終了するまでタスクが切り替えられるのを防ぐ。

イ　実行中のタスクが自らの中断をOSに要求することによってだけ,OSは実行中のタス クを中断し,動作可能な他のタスクを実行中に切り替えることができる。

ウ　実行中のタスクが無限ループに陥っていることをOSが検知した場合, OSは実行中の タスクを終了させ,動作可能な他のタスクを実行中に切り替える。

エ　実行中のタスクより優先度が高い動作可能なタスクが実行待ち行列に追加された場 合, OSは実行中のタスクを中断し, 優先度が高い動作可能なタスクを実行中に切り 替える。

","【正解】　イ

ノンプリエンプティブとは、マルチタスクOS上で実行されているタスクの切替えをプログラム自身に任せ、プログラムがCPUを自発的に開放したタイミングで他のタスクへの切替 えを行うマルチタスク制御方式のことをいいます。 OSがCPUを管理しないので、 1つのプログラムを実行している間は、その他のプログラムの実行は制限されます。
ノンプリエンプティブに対して、OSがCPUの割当てを管理し、状況の変化に応じてタスクの切替えを行う考え方は「プリエンプティブ」 なタスクスケジューリングといいます。

ExcelのVBAマクロ実行環境は non-preemptiveなのか?

はい。ExcelのVBAマクロ実行環境は基本的にNonPreemptive方式で動作する。

理由
VBAマクロは実行中に自動で強制中断されず、処理の制御はマクロ自身が行う。
OSやExcelが強制的に処理を奪わず、DoEventsなどを使って自分で制御を明け渡す必要がある。
他の処理（画面操作、イベント処理）はマクロが終わるか、自ら制御を返すまで動かない。

つまり、プリエンプティブに外部から割り込まれない方式で動作するので、NonPreemptive方式と言える。
"
781,"DJ-AP-R6S

符号長7ビット, 情報ビット数4ビットのハミング符号による誤り訂正の方法を,次のとおり とする。
受信した7ビットの符号語×1×2×3×4×5×6×7 (Xk=0又は1)に対して
Co = X1+ X3+ X5+ X7
C1=X2+X3+ X6 + X7
C2=X4 + X5 + X6 + X7
(いずれも mod 2 での計算)
を計算し, Co, C1, C2の中に少なくとも一つは0でないものがある場合には,
i = co + c, x2 + c2×4
を求めて,左からiビット目を反転することによって誤りを訂正する。 受信した符号語が1000101であった場合,誤り訂正後の符号語はどれか。

ア　1000001
イ　1000101
ウ　1001101
エ　1010101
","【正解】　エ　← こんなの覚えてられるか
"
782,"DJ-AP-R6S

GHGとは
","GHGは温室効果ガスのこと。
二酸化炭素やメタンなどで、大気中にあると地表からの熱を吸収して逃がさず、地球を暖める働きをする。
増えすぎると地球温暖化の原因になる。
"
783,"DJ-AP-R6S

分析対象としている問題に数多くの要因が関係し、それらが相互に絡み合っているとき,原 因と結果,目的と手段といった関係を追求していくことによって, 因果関係を明らかにし, 解決の糸口をつかむための図はどれか。

ア　アローダイアグラム

イ　パレート図

ウ　マトリックス図

エ　連関図

","【正解】　エ
"
784,"DJ-AP-R6S

工場の生産能力を増強する方法として, 新規システムを開発する案と既存システムを改修す る案とを検討している。 次の条件で, 期待金額価値の高い案を採用するとき,採用すべき案 と期待金額価値との組合せのうち, 適切なものはどれか。 ここで, 期待金額価値は,収入と 投資額との差で求める。

〔条件〕
・新規システムを開発する場合の投資額は100億円であって, 既存システムを改修する場合 の投資額は50億円である。

・需要が拡大する確率は70%であって, 需要が縮小する確率は30%である。

・新規システムを開発した場合、需要が拡大したときは180億円の収入が見込まれ、需要が 縮小したときは50億円の収入が見込まれる。

・既存システムを改修した場合,需要が拡大したときは120億円の収入が見込まれ, 需要が 縮小したときは40億円の収入が見込まれる。

・他の条件は考慮しない。

ア　既存システムの改修　46

イ　既存システムの改修　96

ウ　新規システムの開発　41

エ　新規システムの開発　130
","新規システムを開発する案の期待金額価値
80×0.7 + ▲50×0.3=56-15=41億円

既存システムを改修する案の期待金額価値
70×0.7 + ▲10×0.3=49-3=46億円

採用すべきは2つを比べて期待金額価値が高い 「既存システムの改修」、その期待金額価値は「46億円」です。したがって「ア」の組合せが適切です。
"
785,"DJ-AP-R6S

複数の袋からそれぞれ白と赤の玉を幾つかずつ取り出すとき, ベイズの定理を利用して事後 確率を求める場合はどれか。

ア　ある袋から取り出した二つの玉の色が同じと推定することができる確率を求める場合

イ　異なる袋から取り出した玉が同じ色であると推定することができる確率を求める場合

ウ　一つ取り出すために, ある袋が選ばれると推定することができる確率を求める場合

エ　取り出した玉の色から,どの袋から取り出されたのかを推定するための確率を求める 場合
","【正解】　エ

ベイズの定理は結果から原因を逆に推測する考え方。袋は直接見えないが取り出した玉の色は見える。
その色という結果からどの袋かという原因を推測する。

アは色が同じになる確率を計算するだけで推測ではない。

イも色が同じになる確率で原因の推測ではない。

ウは袋が選ばれる確率を直接知りたいだけで逆推測ではない。

エは色から袋を推測する逆向きの考えでベイズそのもの。
"
786,"DJ-AP-R6S

SaaS(Software as a Service)による新規サービスを提供するに当たって,顧客への課金方 式を検討している。課金方式1~4のうち, 想定利用状況に基づいて最も高い利益が得られ る課金方式を採用したときの、年間利益は何万円か。 ここで、新規サービスの課金は月ごと に行い、各月の想定利用状況は同じとする。 また、 新規サービスの運用に掛かる費用は1,050万円/年とする。
〔課金方式〕

1月間のサービス利用時間による従量課金 4,000円/時間

2 月間のトランザクション件数による従量課金 700円/件

3月末時点のディスク割当て量による従量課金 300円/GB 4 月末時点の利用者ID数による従量課金 1,600円/ID

〔想定利用状況〕
・ サービス利用時間 250時間/月

・トランザクション件数 1,500件/月

・月末時点のディスク割当て量 3,300GB

・月末時点の利用者ID数 650ID

","【正解】　ウ
“あなたの解答:工”
どの課金方式でも年間の費用は同じなので、4つの案の中から最も年間売上額が高くなるものを考えて、費用の1,050万円を引きます。

1 250[時間]×12[月]×4,000[円]=12,000,000円=1,200万円 

2 1,500 [件] ×12[月]×700[円] = 12,600,000円=1,260万円

3 3,300[GB]×12[月]×300[円]=11,880,000円=1,188万円

4 650[ID]×12 [月]×1,600 [円] =12,480,000円=1,248万円

最も売上額が高くなるのは2のトランザクション件数に基づく課金方式です。売上額から費用の1,050万円を引いた利益額は、

1,260万円-1,050万円=210万円

したがって「ウ」が正解となります。
"
787,"DJ-AP-R6S

デジタルツインの具体例
","デジタルツインのアプリで最も有名とされるのは

Siemens MindSphere

製造業やインフラ分野で広く使われていて、実際の工場設備や機械と仮想空間のモデルをつなぎ稼働監視　故障予測、保守計画などに利用されている。
"
788,"DJ-AP-R6S

""デジタルガバナンス・コード3.0""の説明として,適切なものはどれか。

ア　企業の自主的なDX推進を促すために, デジタル技術による社会変革を踏まえた経営 ビジョン策定など経営者に求められる対応を, 経済産業省がまとめたもの

イ　教育委員会に対して,教育情報セキュリティポリシーの基本理念や情報セキュリティ 対策基準の記述例を,文部科学省がまとめたもの

ウ　全国どこでも誰もが便利で快適に暮らせる社会を目指し, 自治体が重点的に取組むべ き事項を,総務省がまとめたもの

エ　デジタル社会形成のために政府が迅速かつ重点的に実施すべき施策などを,デジタル庁がまとめたもの
","【正解】　ア

ア　正しい。 デジタルガバナンス・コードは、デジタル化の進展によるDXやデジタルディ スラプションを背景として、経営者に求められる企業価値向上に向けて実践すべき事柄 を取りまとめたものです。

イ　教育情報セキュリティポリシーに関するガイドラインの説明です。各教育委員会が教育情報セキュリティポリシーの策定や見直しを行う際の参考として、教育情報セキュリティポリシーの基本理念と検討する際の考え方について解説したものです。

ウ　デジタル田園都市国家構想総合戦略の説明です。デジタルの力によって「全国どこでも 誰もが便利で快適に暮らせる社会」 を目指すデジタル田園都市国家構想を実現するためのアクションプランであ、2023年~2027年までのKPIやロードマップが定められています。

エ　デジタル社会の実現に向けた重点計画の説明です。 日本が目指すデジタル社会の姿と、それを実現するために必要な考え、政府が迅速かつ重点的に実施すべき施策を明記したものです。
"
789,"DJ-AP-R6S

リーンソフトウェア開発において,ソフトウェア開発のプロセスとプロセスの所要時間とを可視化し, ボトルネックや無駄がないかどうかを確認するのに用いるものはどれか。

ア　ストーリーカード

イ　スプリントバックログ

ウ　バーンダウンチャート

エ　バリューストリームマップ
","【正解】　エ

ストーリーカード
ユーザーの要求や機能を簡潔に書いたカードで、開発チームで共有しやすくする道具。主に作業内容の理解や優先順位づけに使う。

スプリントバックログ
スプリント期間内で行う作業の一覧。チームが日々のタスク管理と進捗把握に使う。

バーンダウンチャート
残りの作業量を時間経過とともに折れ線で示す。スプリントが予定通り進んでいるかを見る。

バリューストリームマップ
作業工程と所要時間の流れを図で示し、待ち時間や無駄を発見するために使う。
"
790,"DJ-AP-R6S

ビッグデータの基盤技術として利用されるNoSQLに分類されるデータベースはどれか。

ア　関係データモデルをオブジェクト指向データモデルに拡張し、 操作の定義や型の継承 関係の定義を可能としたデータベース

イ　経営者の意思決定を支援するために, ある主題に基づくデータを現在の情報とともに過去の情報も蓄積したデータベース

ウ　様々な形式のデータを一つのキーに対応付けて管理するキーバリュー型データベース

エ　データ項目の名称,形式など, データそのものの特性を表すメタ情報を管理するデー タベース
","【正解】　ウ

NoSQLには大まかに分けて4つのタイプがあります。

キー・バリュー型
1つのキーに1つの値を結びつけてデータを格納する

カラム指向
行キーに対してカラム(名前と値の組み合わせ)を結びつけて格納する
データを行ごとにまとめるのではなく, 項目(カラム)ごとに分けて保存する方式。
同じ種類のデータが縦にまとまるので, 特定の項目だけを大量に検索したり集計したりする処理がとても速い。
データ分析やログ解析, BI(ビジネス分析)など, 集計中心の用途に向いている。

ドキュメント指向
XMLやJSONなどの構造でデータを格納する

グラフ指向
グラフ理論に基づいてデータ間の関係性を表現する
人や物などのデータを点(ノード)として置き, それらの関係を線(エッジ)でつないで保存する方式。
友達関係, 経路探索, ネットワーク構造など,「つながり」を中心に分析できるのが強み。
関係性のたどりやすさが特徴で, SNS分析や推薦システム, 不正検知などに向いている。

ア　オブジェクト指向データベースの説明です。

イ　データウェアハウスの説明です。

ウ　正しい。キーバリュー型データベースは、プログラミングで使用される連想配列のように、1つのキーに1つの値を結びつけてデータを格納するタイプのデータベースでNoSQ Lに分類されます。 KVS (キーバリューストア) とも呼ばれます。

エ　データディクショナリやリポジトリの説明です。
"
791,"DJ-AP-R6S

ゲーム理論における""ナッシュ均衡""の説明はどれか。

ア　一部プレイヤーの受取が,そのまま残りのプレイヤーの支払となるような, 各プレイ ヤーの利得(正負の支払)の総和がゼロとなる状態

イ　戦略を決定するに当たって,相手側の各戦略(行動)について,相手の結果が最大利得 となる場合同士を比較して,その中で相手の利得を最小化する行動を選択している状態

ウ　戦略を決定するに当たって, 自身の各戦略(行動)について, 自身の結果が最小利得と なる場合同士を比較して,その中で自身の利得を最大化する行動を選択している状態

エ　非協力ゲームのモデルであり, 相手の行動に対して最適な行動をとる行動原理の中 で,どのプレイヤーも自分だけが戦略を変更しても利得を増やせない戦略の組合せ状 態

","【正解】　エ
"
792,"DJ-AP-R6S

主記憶のアクセス時間が60ナノ秒, キャッシュメモリのアクセス時間が10ナノ秒であるシステムがある。キャッシュメモリを介して主記憶にアクセスする場合の実効アクセス時間が 15ナノ秒であるとき, キャッシュメモリのヒット率は幾らか。
","【正解】　0.9　← 0.1と答えた。冷静に。
"
793,"DJ-AP-R6S

オブジェクト指向におけるクラス間の関係のうち、 適切なものはどれか。

ア　クラス間の関連は、二つのクラス間でだけ定義できる。

イ　サブクラスではスーパークラスの操作を再定義することができる。

ウ　サブクラスのインスタンスが,スーパークラスで定義されている操作を実行するとき は,スーパークラスのインスタンスに操作を依頼する。

エ　二つのクラスに集約の関係があるときには, 集約オブジェクトは部品オブジェクトと,属性及び操作を共有する。

","【正解】　イ
""あなたの解答: エ”

ア　二つのクラスだけでなく複数間でも定義できるので不適切

イ　操作の再定義(オーバーライド)が可能なので適切

ウ　サブクラスのインスタンスは自分で操作を実行できるので不適切

エ　集約は共有ではなく「含む関係」であり属性や操作は共有しないので不適切
"
794,"DJ-AP-R5A

何理論か。

ア　既存製品か新製品かという製品軸と既存市場か新市場かという市場軸の両軸で捉え、事業成長戦略を考える。

イ　コストで優位に立つかコスト以外で差別化するか, ターゲットを広くするか集中するかによって戦略を考える。

ウ　市場成長率が高いか低いか, 相対的市場シェアが大きいか小さいかによって事業を捉 え,資源配分の戦略を考える。

エ　自社の内部環境の強みと弱み、取り巻く外部環境の機会と脅威を抽出し, 取組方針を 整理して戦略を考える。
","ア　アンゾフの成長マトリクス

イ　ポーターの基本戦略

ウ　PPM(プロダクトポートフォリオマネジメント)

エ　SWOT分析
"
795,"DJ-AP-R5A

ページング方式の仮想記憶において, あるプログラムを実行したとき,1回のページフォールトの平均処理時間は30ミリ秒であった。ページフォールト発生時の処理時間が次の条件で あったとすると,ページアウトを伴わないページインだけの処理の割合は幾らか。

〔ページフォールト発生時の処理時間〕
(1) ページアウトを伴わない場合、 ページインの処理時間は20ミリ秒である。

(2)ページアウトを伴う場合、置換えページの選択,ページアウト, ページインの合計処理時間計60ミリ秒である。

ア　0.25

イ　0.33

ウ　0.67

エ　0.75

","【正解】　工

ページインだけの処理の割合を ""P""とすると、ページアウトを伴う処理の割合は""1-P""で表すことができます。
ページフォールト処理の平均時間は、 ""ページインだけの処理時間 "" と ""ページアウトを伴う処理時間""を発生割合で加重平均したものとなるため、

20[ミリ秒]×P + 60 [ミリ秒] ×(1-P)=30[ミリ秒]

という等式が成り立ちます。この式を解いてPを求めることができます。

20×P+60×(1-P)=30

20P+60-60P=30

-40P = -30

P=0.75
以上より、ページインだけの処理の割合 (P) は0.75となります。
"
796,"DJ-AP-R5A

サービスマネジメントシステム(SMS)における是正処置の説明はどれか。

ア　検出された不適合又はほかの望ましくない状況の原因を除去する,又は再発の起こり やすさを低減するための処置

イ　構成品目の変更の展開に伴って,構成情報を更新する処置

ウ　パフォーマンスを向上するために繰り返し行われる活動であって, SMS及びサービ スの適切性,妥当性及び有効性を継続的に改善するための処置

エ　問題を""記録・分類""し, ""優先度付け""し, ""必要ならばエスカレーション""し, ""可能な らば解決する""一連の処置

","【正解】　ア

サービスマネジメントにおける是正処置とは、是正 (悪い点を改めて正しくする) の言葉どおり、モニタリングや監査においてサービスの要求事項への不適合が検出された場合に、それらを管理し、修正することで、要求事項を満たす状態にする活動をいいます。 問題発生を受けて行うリアクティブなアクションであることが特徴です。

ア　正しい。 是正処置の説明です。

イ　構成管理の説明です。

ウ　継続的改善の説明です。

エ　インシデント管理の説明です。
"
797,"DJ-AP-R5A

あるコンピュータ上で, 異なる命令形式のコンピュータで実行できる目的プログラムを生成 する言語処理プログラムはどれか。

ア　エミュレーター

イ　クロスコンパイラ

ウ　最適化コンパイラ

エ　プログラムジェネレーター
","【正解】　イ
“あなたの解答:ア”

ア エミュレーター”
エミュレーターは、特定のアーキテクチャのコンピュータやデバイスの挙動をソフトウエアの機能として模倣し、 本来とは異なる動作環境で疑似的に実行できるようしたプログラムです。

イ “クロスコンパイラ”
正しい。 クロスコンパイラは、コンパイラが動作している以外のプラットフォーム向けに実行ファイルを生成する機能を持つコンパイラです。主に組込みシステム向けのコンパイラとして使われたり、マルチプラットフォーム対応のコンパイルに使われます。
例えばWindows上で動作する開発環境で、 Linux用の実行ファイルを生成するというようなことが可能になります。

ウ“最適化コンパイラ”
最適化コンパイラは、特定用途のプロセッサやアーキテクチャの特性に合わせて、ソースコードを最適化することができるコンパイラです。主に資源の制約が厳しい組込みシステムの開発で使用されています。

エ “プログラムジェネレーター”
プログラムジェネレーターは、ソースコードを記述しなくても処理条件の入力・処理・出力・引数などのパラメータを指定することで自動的にプログラムを生成する言語プロセッサです。
"
798,"DJ-AP-R5A

FPGAとは
","Field Programmable Gate Array の略。
工場で決まった回路ではなく, 利用者が後から自由に回路構成を書き込んで使える集積回路。
CPUのように順番に命令を実行するのではなく, 作った回路そのものが並列に動くのが特徴。
画像処理、暗号処理、制御機器などで高速な専用処理を行いたいときに使われる。
"
799,"DJ-AP-R5A

ファイルシステムをフラッシュメモリで構成するとき, ブロックごとの書換え回数を管理す ることによって, フラッシュメモリの寿命を延ばす技術はどれか。

ア　ウェアレベリング

イ　ジャーナリング

ウ　デフラグ

エ　ライトアンプリフィケーション

","【正解】　ア
“あなたの解答:工”

ウェアレベリング (Wear Leveling) は、電子記憶媒体において、全体的にどのブロックも均等に使うように物理的な書込み位置を制御することです。フラッシュメモリのように書換え可能回数に制限がある記憶媒体では、同じブロックへの書込みと消去が集中するとそのブロックが先に不良となってしまいます。記憶媒体の寿命を延ばすために、このような制御が行 われています。

ア “ウェアレベリング""
正しい。ウェアレベリングは、メモリデバイス内の異なるメモリセルやブロックにデータを均等に分散して書込む方法です。

イ “ジャーナリング”
ジャーナリングは、ファイルが更新された際に、その変更履歴をログに記録するファイルシステムの機能です。

ウ “デフラグ""
デフラグは、ハードディスク上に断片化しているデータを連続した領域に再配置することで、読書き性能を回復させる技術です。

エ “ライトアンプリフィケーション”
ライトアンプリフィケーションは、消去と書込みをブロック単位で行うフラッシュメモリやSSDの性質上、メモリセルに対する必要以上の書込みが発生してしまう現象です。フラッシュメモリの寿命を縮める要因となります。
"
800,"DJ-AP-R5A

市場を消費者特性でセグメント化する際に, 基準となる変数を, 地理的変数, 人口統計的変 数,心理的変数, 行動的変数に分類するとき,人口統計的変数に分類されるものはどれか。

ア　社交性などの性格

イ　職業

ウ　人口密度

エ　製品の使用割合

","【正解】　イ

ア　“社交性などの性格”
""性格""は心理的変数に該当します。

イ“職業”
正しい。 ""職業""は人口統計的変数に該当します。

ウ“人口密度”
""人口密度""は地理的変数に該当します。

エ“製品の使用割合”
""製品の使用割合""は行動的変数に該当します。
"
801,"DJ-AP-R5A

バーチャルリアリティに関する記述のうち,レンダリングの説明はどれか。

ア　ウェアラブルカメラ, 慣性センサーなどを用いて非言語情報を認識する処理

イ　仮想世界の情報をディスプレイに描画可能な形式の画像に変換する処理

ウ　視覚的に現実世界と仮想世界を融合させるために,それぞれの世界の中に定義された 3次元座標を一致させる処理

エ　時間経過とともに生じる物の移動などの変化について, モデル化したものを物理法則 などに当てはめて変化させる処理
","【正解】　イ

レンダリングとはデータや数式, 設計情報などをもとにして, 実際に画面に描画したり映像や画像として形を作る処理のこと。WebではHTMLやCSSをもとに画面表示を作り, CGやゲームでは3Dモデルから光や質感を計算して画像を生成することを指す。

ア “ウェアラブルカメラ, 慣性センサーなどを用いて非言語情報を認識する処理”
トラッキングの説明です。

イ “仮想世界の情報をディスプレイに描画可能な形式の画像に変換する処理”
正しい。 レンダリングとは、 CGデータからディスプレイに描画できる画像を生成する 処理です。

ウ “視覚的に現実世界と仮想世界を融合させるために,それぞれの世界の中に定義された3次元座標 を一致させる処理”
幾何学的レジストレーションの説明です。 ビューイング変換と投影変換を用いて、 3次 元座標値を2次元座標値に変換します。

エ“時間経過とともに生じる物の移動などの変化について, モデル化したものを物理法則などに当 てはめて変化させる処理”
モデリング変換の説明です。
"
802,"DJ-AP-R5A

JIS X 9303-1:2006 (ユーザーシステムインタフェース及びシンボル-アイコン及び機能-アイコン一般)で規定されているアイコンの習得性の説明はどれか。

ア　アイコンによって表現されたシステム機能が,それが理解された後に,どれだけ容易に思い出すことができるかを示す。

イ　アイコンの図柄の詳細を,どれだけ容易に区別できるかを示す。

ウ　同じ又は類似したアイコンによる以前の経験に基づいて,どれだけ容易にアイコンを識別できるかを示す。

エ　空間的,時間的又は文脈的に近くに表示された別のアイコンから、与えられたアイコ ンをどれだけ容易に区別できるかを示す。

","【正解】　ア

ア　正しい。習得性(learnability)の説明です。アイコンの意味やそれに関連付けられた機能を覚えやすいことを示します。ハートは""お気に入り""、ゴミ箱が""削除""など、機能とアイコンが容易に結び付くほうが良いデザインと言えます。

イ　判読性(legibility) の説明です。アイコンが明瞭で読み取りやすいことを示します。アイコンは小さなグラフィックなので、余分な要素を詰め込まず、本質だけを切り出したデザインのほうが意味が明確になります。

ウ　認識性 (recognisability) の説明です。アイコンの意味を迅速に認識できることを示します。""開く""は開いたフォルダ、""保存""はフロッピーディスク、""切り取り""はハサミ、""太ｘ字""はBなど、慣用的なアイコンを選ぶことでユーザーの理解を促進できます。

工　識別性(discriminability) の説明です。 他のアイコンと混同しないように設計されていることを示します。多くのアイコンが並んでいる中でも、特定のアイコンを素早く見つけられるデザインが望ましいです。
"
803,"DJ-AP-R5A

アクティブ-スタンバイ構成の2台のサーバから成るシステムがある。各サーバのMTBFは99時間, MTTRは10時間, フェールオーバーに要する時間は2時間であるときこのシステムの 稼働率はおよそ幾らか。 ここで,二重に障害は発生しないものとする。

ア　0.82

イ　0.89

ウ　0.91

エ　0.98


","【正解】　エ
“あなたの解答:イ”　← なるほど「アクティブスタンバイ」

アクティブ-スタンバイ構成では、アクティブがダウンしたときにはスタンバイのシステムに切り替わります。フェールオーバーとは、主系のシステムで障害が発生したときに、自動的に予備系のシステムに切替えを行うことなので、フェールオーバーに要する時間=予備系に切り替わるまでの時間となります。
"
804,"DJ-AP-R5A

サブネットマスクが 255.255.252.0 のとき, IPアドレス 172.30.123.45 のホストが属するサブネットワークのアドレスはいくつか。
","【正解】　172.30.120.0

IPアドレス 172.30.123.45
サブネットマスク 255.255.252.0

3番目のオクテットだけ2進法を重ねて説明する

IP　　　123 → 01111011
マスク　252 → 11111100

ANDを取る

　　01111011
AND 11111100

= 01111000 → 120

よって3番目のオクテットは120になる

あとはホスト部を0にそろえる
172.30.120.0
"
805,"DJ-AP-R5A

IT投資効果の評価方法において, キャッシュフローベースで初年度の投資によるキャッシュアウトを何年後に回収できるかという指標はどれか。

ア　IRR(Internal Rate of Return)

イ　NPV(Net Present Value)

ウ　PBP(Pay Back Period)

エ　ROI(Return On Investment)

","【正解】　ウ
あなたの解答: エ""

ア “IRR (Internal Rate of Return)""
IRR(Internal Rate of Return)は、投資により将来得られるキャッシュフローの現在価値と投資額の現在価値とが等しくなる割引率(内部収益率)を求め、投資により見込まれ る内部収益率が本来得るべき利回りより大きいかどうかで投資の可否を判断する手法です。

イ “NPV (Net Present Value)""
NPV(Net Present Value) は、 投資により得られるキャッシュフローを現在価値に換算し、そこから投資額を引いた正味現在価値を求め、その額が0(ゼロ)を上回っているか どうかで投資の可否を判断する手法です。

ウ “PBP (Pay Back Period)""
正しい。 PBP (Pay Back Period)は、投資した資金をどれだけの期間で回収できるかを キャッシュフローベースで算定し、それを組織内の基準と比較することで投資の有効性を評価する手法です。 回収期間法やペイバック法と呼ばれることもあります。

エ “ROI (Return On Investment)""
ROI(Return On Investment)は、投資額に対する利益の割合で投資効果を評価する手法です。
"
806,"DJ-AP-R5A

パイプラインの性能を向上させるための技法の一つで,分岐条件の結果が決定する前に,分 岐先を予測して命令を実行するものはどれか。

ア　アウトオブオーダー実行

イ　遅延分岐

ウ　投機実行

エ　レジスタリネーミング

","【正解】　ウ

ア　アウトオブオーダー実行
順番通りの命令を待たずに, 計算可能な命令から先に実行する方式。例えば先の命令がメモリ待ちでも, 後ろの足し算は先に進める。

イ　遅延分岐
分岐命令の直後の1命令を必ず実行するようにして, 分岐判断の遅れを隠す方法。空き時間を減らすために使う。
if A then
 X を実行
else
 Y を実行

この if文のすぐ次に, 例えば単純な命令があるとする
　Z = Z + 1
遅延分岐ではこの Z = Z + 1 がX に行く前でも Y に行く前でも必ず一回だけ先に実行される

ウ　投機実行
分岐の先を予測して, 正しいか確かめる前に命令を先に実行しておく方式。予測が当たれば高速化できる。

エ　レジスタリネーミング
同じレジスタ名でも実際には別の物理レジスタに割り当てて, データの書き換え衝突を防ぐ方法。命令を並列に実行しやすくする。

■まとめ
遅延分岐＝必ず実行される1命令で待ち時間を埋める工夫
投機実行＝行き先を予測して先に実行してしまう方法
"
807,"DJ-AP-R5A

問題は発生していないが,プログラムの仕様書と現状のソースコードとの不整合を解消するために, リバースエンジニアリングの手法を使って仕様書を作成し直す。 これはソフトウェ ア保守のどの分類に該当するか。

ア　完全化保守

イ　是正保守

ウ　適応保守

エ　予防保守

","【正解】　ア

完全化保守
利用者の要望に応じて機能追加や性能向上を行う保守
新しい要求や改良のために仕様を拡張する

是正保守
運用中に発見された障害やバグを修正する保守
本来の仕様と異なる動作を直すことが目的

適応保守
OSや周辺機器など利用環境の変化に合わせて修正する保守
新しい環境で正しく動作させるために調整する

予防保守
今は問題ないが将来の不具合や混乱を防ぐための保守
仕様書との不整合解消や構造整理などの保全的作業

ChatGPT：答えはエで正しい。理由を整理する

仕様書とソースコードが食い違っているが今の時点では不具合は発生していない
しかし将来の保守や改修で混乱や不具合の原因になる
→ 先に整えておく保全的な活動
→ これは予防保守に該当する

アの完全化保守は
「新しい機能を追加したり性能向上したりする保守」
今回のように仕様を整理するだけで機能は変えていない
→ 該当しない

つまり
今問題はないが、将来の障害発生を防ぐために整備する
→ 予防保守（エ）が正解になる
"
808,"DJ-AP-R5A

laC(Infrastructure as Code) に関する記述として、最も適切なものはどれか。

ア　インフラストラクチャの自律的なシステム運用を実現するために, インシデントへの 対応手順をコードに定義すること

イ　各種開発支援ツールを利用するために, ツールの連携手順をコードに定義すること

ウ　継続的インテグレーションを実現するために,アプリケーションの生成手順や試験の手順をコードに定義すること

エ　ソフトウェアによる自動実行を可能にするために,システムの構成や状態をコードに定義すること
","【正解】　エ
 ""あなたの解答: ウ”

laC(Infrastructure as Code) は、インフラストラクチャ、すなわちシステムの動作基盤となるサーバ、ネットワーク、OS、ミドルウェアなどの設定をプログラムのようなコードとして管理することで、その変更やセットアップ作業をソフトウェアで自動化する手法です。
手順書に基づいて手作業で行っていた従来の作業と比較すると、設定作業の工数削減や共通化、人為的ミスのリスク低減といった利点があります。ただし、最初のコード化にはある程度のコストがかかります。 laCツールとしては、Terraform、 AWS CloudFormation、Pulumi、Ansibleなどが有名です。

"
809,"DJ-AP-R5A

PMBOKガイド第7版によれば,プロジェクト・スコープ記述書に記述する項目はどれか。

ア　WBS

イ　コスト見積額

ウ　ステークホルダー分類

エ　 プロジェクトからの除外事項

","【正解】　エ

PMBOK第7版では,プロジェクト・スコープ記述書は,プロジェクトで実施する内容だけでなく,やらないこと(除外事項)も明確にして境界を示すための文書とされている。
プロジェクトの目的,成果物,要求事項に加え,除外事項を書くことで,期待のずれや範囲外の要求を防ぐことができる。
したがって,プロジェクトからの除外事項が含まれる。
"
810,"DJ-AP-R5A

更新可能なビューを作成するSQL文はどれか。 ここで, SQL文中に現れる基底表は全て更新可能とする。

ア　CREATE VIEW 高額商品(商品番号,商品名, 商品単価)
AS SELECT 商品番号, 商品名, 商品単価 FROM 商品 WHERE 商品単価 1000

イ　CREATE VIEW 受注商品(商品番号)
AS SELECT DISTINCT 商品番号 FROM 受注

ウ　CREATE VIEW 商品受注(商品番号, 受注数量)
AS SELECT 商品番号, SUM (受注数量) FROM 受注 GROUP BY 商品番号

エ　CREATE VIEW 商品平均受注数量 (平均受注数量)
AS SELECT AVG (受注数量) FROM 受注

","【正解】　ア

ビューを更新可能とするためには、ビュー定義に次に挙げる構造を含めてはいけません。

1. 集約関数(AVG、COUNT、SUM、MIN、MAXなど)

2. 2つ以上の表の結合(更新可能な結合, 和集合及び列を除く)

3. GROUP BY, ORDER BY, MODEL, CONNECT BY, START WITH, DISTINCTO 句

4. SELECT構文のリストにコレクション式

5. SELECT構文のリストにある副問合せ

6. WITH READ ONLYが指定された副問合せ

ア　正しい。

イ　DISTINCT句が含まれているため更新できません。

ウ　SUMおよび GROUP BY句が含まれているため更新できません。

エ　集約関数AVGが含まれているため更新できません。

"
811,"DJ-AP-R5A

副問い合わせが先に実行されるのか。
","はい、その通りです。

副問い合わせ（内側のSELECT）はまず実行され、その結果が外側の検索条件や値として使われます。

先ほどの例で言うと

SELECT 商品名
FROM 商品
WHERE 商品単価 > (SELECT AVG(商品単価) FROM 商品)

手順としては

(SELECT AVG(商品単価) FROM 商品) を実行して、商品単価の平均値を計算

外側の SELECT 商品名 FROM 商品 WHERE 商品単価 > … が、副問い合わせの結果（平均値）を条件として実行

この順番になるので「副問い合わせが先に実行される」と言えま
"
812,"DJ-AP-R5A

BCM(Business Continuity Management)において考慮すべきレジリエンスの説明はどれか。

ア　競争力の源泉となる、他社に真似のできない自社固有の強み

イ　想定される全てのリスクを回避して事業継続を行う方針

ウ　大規模災害などの発生時に事業の継続を可能とするために事前に策定する計画

エ　不測の事態が生じた場合の組織的対応力や、支障が生じた事業を復元させる力

","【正解】　エ
""あなたの解答: イ""

レジリエンス (Resilience)は、適応力や回復力という意味で、複雑かつ変化する環境下での組織の適応能力のことです。 BCMは、企業が事業を継続するためにBCPを策定し、その運用や見直し、または教育や訓練などを包括的に行う一連の管理活動ですから、不測の事態で事業継続が困難になった時でもそれに対応できるような力、つまり「レジリエンス」を高めておくことが重要となります。

レジリエンス（Resilience）とは、困難や変化、障害に直面したときに、耐えたり回復したり、あるいは適応して持ちこたえる能力のことです。

文脈によって少し意味が変わります：

心理学・個人の能力：ストレスや逆境に負けず、精神的に回復する力

組織・システム：障害やトラブルが起きても機能を維持したり、速やかに復旧する能力

技術・インフラ：システムが障害や攻撃に耐え、停止せずに運用を続ける能力

例

個人：困難な仕事を経験しても落ち込まず前向きに立ち直る

社会・都市：地震や洪水の後に、インフラを早く復旧させて日常生活を再開する

IT：サーバ障害が起きても自動で切り替えてサービスを継続する

簡単に言えば「壊れてもすぐ立ち直る力」や「適応力」です。
"
813,"DJ-AP-R5A

顧客から得る同意の範囲を段階的に広げながら, プロモーションを行うことが特徴的なマー ケティング手法はどれか。

ア　アフィリエイトマーケティング

イ　差別型マーケティング

ウ　パーミッションマーケティング

エ　バイラルマーケティング
","【正解】　ウ

まぐまぐ（MagMag？ → 正しくは「まぐまぐ」） はパーミッション・マーケティングの側面があります。具体的に見ると：

まぐまぐはメールマガジン（メルマガ）配信サービス。読者は「読みたいメルマガ」を自分で登録する。 
マガジン2
+1

まぐまぐリーダーアプリでは、登録したメルマガの新着がプッシュ通知で届く機能がある。 
mag2.co.jp
+1

この「通知を受け取るかどうか」はユーザー側の選択（＝許可）が前提。つまり、アプリ利用者が自分で情報受信の設定をしており、一方的なスパムではなく、価値あるコンテンツ（登録したメルマガ）を届ける仕組み。

よって、まぐまぐリーダーアプリは パーミッション・マーケティング の典型例として見なせます。
"
814,"DJ-AP-R5A

JPCERT コーディネーションセンター ""CSIRT ガイド (2021年11月30日)""では, CSIRTを機能とサービス対象によって六つに分類しており、その一つにコーディネーションセンターが ある。コーディネーションセンターの機能とサービス対象の組合せとを答えよ。
","コーディネーションセンター（C-SIRT）は、基本的に 他のCSIRT間の情報連携や調整 を行うのが主な機能で、サービス対象は 他のCSIRT になります。
"
815,"DJ-AP-R5A

発生した故障について, 発生要因ごとの件数の記録を基に,故障発生件数で上位を占める主 な要因を明確に表現するのに適している図法はどれか。

ア　特性要因図

イ　パレート図

ウ　マトリックス図

エ　 連関図
","【正解】　イ
あなたの解答: ア

pdf参照
"
816,"DJ-AP-R5A

匿名加工情報取扱事業者が、適正な匿名加工を行った匿名加工情報を第三者提供する際の義 務として,個人情報保護法に規定されているものはどれか。

ア　第三者に提供される匿名加工情報に含まれる個人に関する情報の項目及び提供方法を 公表しなければならない。

イ　第三者へ提供した場合は、速やかに個人情報保護委員会へ提供した内容を報告しなけ ればならない。

ウ　第三者への提供の手段は、ハードコピーなどの物理的な媒体を用いることに限られ る。

エ　匿名加工情報であっても,第三者提供を行う際には事前に本人の承諾が必要である。

","【正解】　ア

匿名加工情報は、一定要件のもとに本人の同意をとらなくても自由に利活用することができ ますが、第三者に提供する場合には、匿名加工情報取扱事業者は以下の2点を行うことが義務となっています。

・あらかじめ提供する匿名加工情報に含まれる個人の情報の項目と提供方法について、イ ンターネット等を利用して公表する

・第三者に対して提供する情報が匿名加工情報である旨を電子メールまたは書面で明示す る
"
817,"DJ-AP-R5A

逆ポーランド表記法(後置記法)で表現されている式ABCD-×+において,A=16,B=8, C =4,D=2のときの演算結果はどれか。 逆ポーランド表記法による式AB + は, 中置記法に よる式A+Bと同一である。

ア　32

イ　46

ウ　48

エ　94
","【正解】　ア

式中で最も左にある演算子を起点にして、中置記法の式に戻し、 値を代入して演算します。

1. ""CD-""を""C-D""にする

2.""B(C-D)x""を""Bx(C-D)""にする

3. ""AB×(C-D)+""を""A+B×(C-D)""にする

値を当てはめると、

16+8×(4-2)

= 16+8×2

= 16+16=32
"
818,"DJ-AP-R5A

リーダーシップ論のうち, F.E.フィードラーが提唱するコンティンジェンシー理論の特徴は どれか。

ア　優れたリーダーシップを発揮する, リーダー個人がもつ性格, 知性, 外観などの個人 リーダー個人がもつ性格,知性,外観などの個人的資質の分析に焦点を当てている。

イ　リーダーシップのスタイルについて, 目標達成能力と集団維持能力の二つの次元に焦 点を当てている。

ウ　リーダーシップの有効性は,部下の成熟(自律性)の度合いという状況要因に依存する としている。

エ　リーダーシップの有効性は, リーダーがもつパーソナリティと,リーダーがどれだけ統制力や影響力を行使できるかという状況要因に依存するとしている。
","【正解】　エ
"
819,"DJ-AP-R5A

SQLで書き込み処理がないときはログは生成されないのか
","SQLで読み取り（SELECT）だけならトランザクションログは基本的に生成されません。INSERT、UPDATE、DELETEなどデータを変更する操作をしたときだけログが作られます
"
820,"DJ-AP-R5A

MOSトランジスタの説明として、適切なものはどれか。

ア　pn接合における電子と正孔の再結合によって光を放出するという性質を利用した半導体素子

イ　pn接合部に光が当たると電流が発生するという性質を利用した半導体素子

ウ　金属と半導体との間に酸化物絶縁体を挟んだ構造をもつことが特徴の半導体素子

エ　逆方向電圧をある電圧以上印加すると,電流だけが増加し電圧がほぼ一定に保たれるという特性をもつ半導体素子
","【正解】　ウ
“あなたの解答:イ”

MOSトランジスタは、電流や電圧のON/OFFを切り替えたり増幅したりする電子部品であるトランジスタの一種で、金属(Metal)、酸化膜 (Oxide)、半導体(Semiconductor)の3層構 造を持ちます。ゲート、ドレイン、ソースの3つの端子があり、ゲートに印加される電圧によってドレインからソース間の電流を制御する仕組みになっています。

ア “pn接合における電子と正孔の再結合によって光を放出するという性質を利用した半導体素子”
発光ダイオードの説明です。

イ “pn接合部に光が当たると電流が発生するという性質を利用した半導体素子”
フォトダイオードの説明です。

ウ“金属と半導体との間に酸化物絶縁体を挟んだ構造をもつことが特徴の半導体素子”
正しい。 MOS トランジスタの説明の説明です。

エ “逆方向電圧をある電圧以上印加すると, 電流だけが増加し電圧がほぼ一定に保たれるという特 性をもつ半導体素子”
ツェナーダイオードの説明です。
"
821,"DJ-AP-R5A

SQLの候列での例で説明せよ。
","列での例で説明します。

表：社員（社員ID, 氏名, メール, 部署ID）

スーパーキーの例

社員ID

社員ID + 氏名

社員ID + メール

候補キーの例

社員ID

説明

スーパーキーは「行を一意に特定できればOK」で、余計な列を含んでもよい。

候補キーは「一意に特定できる最小の列の組み合わせ」で、余計な列を含まない。補キーとスーパーキーの違いを次を上げて説明せよ。
"
822,"DJ-AP-R5A

複数の変数をもつデータに対する分析手法の記述のうち、主成分分析はどれか。

ア　変数に共通して影響を与える新たな変数を計算して, データの背後にある構造を取得する方法

イ　変数の値からほかの変数の値を予測して,データがもつ変数間の関連性を確認する方法

ウ　変数の値が互いに類似するものを集めることによって,データを分類する方法

エ　変数を統合した新たな変数を使用して, データがもつ変数の数を減らす方法
","【正解】　エ

主成分分析は、複数の要因が相互に関連している場合に、その群の特性を決定づけている主な要因を合成変数として求める統計的な手法です。合成された変数を主成分と呼びます。情報の損失を最小限に抑えながら変数を減らすことで、分析対象のデータを理解しやすくする効果があります。

国数理社英の5教科の得点から総合評価点を求める、身長と体重をBMIという1つの指標にする、アンケート調査の分析で寄与度が高い要素を抽出するなどが主成分分析の例です。

ア　因子分析の説明です。

イ　回帰分析の説明です。

ウ　クラスタ分析の説明です。

エ “変数を統合した新たな変数を使用して, データがもつ変数の数を減らす方法 ""
正しい。 主成分分析は、多変量データの次元削減やデータの特徴抽出に用いられる手法です。
"
823,"DJ-AP-R5A

スマートフォンなどで高い処理性能と低消費電力の両立のために、異なる目的に適した複数 の種類のコアを搭載したプロセッサはどれか。

ア　スーパースカラプロセッサ

イ　ソフトコアプロセッサ

ウ　ヘテロジニアスマルチコアプロセッサ

エ　ホモジニアスマルチコアプロセッサ
","【正解】　ウ

「ヘトロジニアス」は英語で heterogeneous と書きます。

語源を遡ると以下の通りです。

hetero-：ギリシャ語 ἕτερος (heteros)「異なる、他の」

-geneous：ラテン語 genus, generis「種類、種族」に由来し、英語で「…の性質を持つ」となる

つまり heterogeneous は直訳すると「異なる種類の性質を持つもの」という意味になります。
"
824,"DJ-AP-R5A

バックキャスティングの説明として、 適切なものはどれか。

ア　システム開発において,先にプロジェクト要員を確定し, リソースの範囲内で優先すべき機能から順次提供する開発手法

イ　前提として認識すべき制約を受け入れた上で未来のありたい姿を描き, 予想される課題や可能性を洗い出し解決策を検討することによって, ありたい姿に近づける思考方法

ウ　組織において、下位から上位への発議を受け付けて経営の意思決定に反映するマネジ メント手法

エ　投資戦略の有効性を検証する際に,過去のデータを用いてどの程度の利益が期待できるかをシミュレーションする手法

","【正解】　イ
“あなたの解答:エ”

バックキャスティングは「目標の未来から逆算して、今何をすべきかを考える計画手法」です。

例：2050年にCO₂排出ゼロを目標に、今どの技術や政策を進めるかを逆算して決める。
"
825,"DJ-AP-R5S

100Mビット/秒のLANと1Gビット/秒のLANがある。 ヘッダーを含めて1,250バイトのパ ケットをN個送付するときに,100Mビット/秒のLANの送信時間が1Gビット/秒のLANよ り9ミリ秒多く掛かった。Nは幾らか。ここで,いずれのLANにおいても,パケットの送信 間隔(パケットの送信が完了してから次のパケットを送信開始するまでの時間)は1ミリ秒であり、パケット送信間隔も送信時間に含める。

ア　10

イ　80

ウ　100

エ　800
","【正解】　ウ
"
826,"DJ-AP-R5S

CPI(Cycles Per Instruction) の計算方法は？
","CPI(Cycles Per Instruction) は、CPUが1つの命令を実行するのに必要となる平均クロック数を表します。 
例えば、100HzのCPUで1秒間に100回の命令を実行したのなら、CPIは1とｘいうことになります。

インストラクションがクロック数の整数倍にならないのは、パイプライン化やスーパースカラー化などを行っているからということか。

その通りです。

パイプライン化：命令の実行を複数段階に分け、同時に複数の命令を進める仕組み。1命令が完了するまでに複数クロックかかっても、パイプラインが埋まっていれば平均的には1クロックあたり複数命令が進むため、CPIは整数でなくなることがあります。

スーパースカラー化：CPU内部に複数の実行ユニットを持ち、1クロックで複数命令を同時に実行する仕組み。これも平均CPIを1未満や非整数にできます。

まとめると、1命令が単純に何クロックかかるかではなく、複数命令を重ねて処理する平均値としてCPIが計算されるため、整数にならないことがある、ということです。
"
827,"DJ-AP-R5S

コンピュータグラフィックスに関する記述のうち, 適切なものはどれか。

ア　テクスチャマッピングは、全てのピクセルについて,視線と全ての物体との交点を計 算し,その中から視点に最も近い交点を選択することによって,陰面消去を行う。

イ　メタボールは,反射・透過方向への視線追跡を行わず, 与えられた空間中のデータから輝度を計算する。

ウ ラジオシティ法は、拡散反射面間の相互反射による効果を考慮して拡散反射面の輝度を決める。

エ　レイトレーシングは、形状が定義された物体の表面に,別に定義された模様を張り付 けて画像を作成する。

","【正解】　ウ

ア　テクスチャマッピングは、多数のポリゴン (多角形)の組合せで構成させる3DCG表面に壁紙のようなものを貼り付け、擬似的な凹凸や表面模様などを付加することで質感の向上をもたらす技法です。本記述は、陰面消去方法のひとつであるZバッファ法を説明した文です。

イ　メタボールは、物体を球や楕円体の集合として擬似的にモデル化することで、 滑らかな物体を表現する技術です。本記述は、レイキャスティング法を説明した文です。

ウ　正しい。 ラジオシティは、各ポリゴンに光のエネルギー量を持たせて形状の相互反射を計算することで、間接光 (やわらかい光の回り込み) などを表現する技術です。 照明工学の分野で発達した技術を3DCGのレンダリングに応用したものです。

エ　レイトレーシングは、 3DCGを作成する時に必要となる陰影をつけるときに使われる手法で、観察者(物体を見ている目)から光源の経路を逆に追跡し、算術演算によって物体表面の輝度を求める手法です。 本記述は、テクスチャマッピングを説明した文です。

「ラジオシティ」という名前の由来

英語 radiosity は radiation（放射） から派生した造語です。
「ある面が単位時間あたりに放射するエネルギー量」を意味する物理用語から来ています。
つまり、ラジオシティは 「面単位で放射される光の量（輝度のようなもの）」 を表す概念です。
"
828,"DJ-AP-R5S

セキュアOSを利用することによって期待できるセキュリティ上の効果はどれか。

ア　1回の利用者認証で複数のシステムを利用できるので、強固なパスワードを一つだけ 管理すればよくなり、 脆弱なパスワードを設定しにくくなる。

イ　Webサイトへの通信路上に配置して通信を解析し,攻撃をブロックすることができ
るので,Webアプリケーションソフトウェアの脆弱性を悪用する攻撃からWebサイ トを保護できる。

ウ　強制アクセス制御を設定することによって,ファイルの更新が禁止できるので,シス テムに侵入されてもファイルの改ざんを防止できる。

エ　システムへのログイン時に,パスワードのほかに専用トークンを用いて認証が行える ので,パスワードが漏えいしても,システムへの侵入を防止できる。
","【正解】　ウ

セキュアOSは、軍事機密や国家機密などを守るために作られたトラステッドOSをルーツとし、価格や使い勝手などの面を一般的な使用に適した形で開発されたOSです。セキュアOS には、トラステッドOSで要求されていた「最小特権」と「強制アクセス制御」という機能が取り入れられていて、高いセキュリティが実現されています。

最小特權
特権を付与する際に、全部の操作に対して特権を与えるのではなく、 特権を細かく分割し、実行する必要のある操作に限定して特権を与える仕組み。管理者アカウントによる不必要な操作や権限の乱用を防ぎ、管理者アカウントが乗っ取られたときの被害を小さくす る

強制アクセス制御(MAC:Mandatory Access Control).
ファイルやディレクトリの設定でアクセス制御を行うのではなく、システム全体のアクセス制御を記述したセキュリティポリシーが設定され、管理者アカウントを含むすべてのアカウントやプロセスがそれに強制的に従う仕組み。ファイル所有者や管理者アカウントによりファイル等のアクセス権が変更されるのを防ぐ

まとめ

セキュアOSはWindows派生型もあるが、必ずしもそうではない

軍事・政府向けでは独自開発型が多く、外部の一般OSをベースに強化したものと完全自前のものの両方が存在する
"
829,"DJ-AP-R5S

AIにおける機械学習で, 2クラス分類モデルの評価方法として用いられるROC曲線の説明と して,適切なものはどれか。

ア　真陽性率と偽陽性率の関係を示す曲線である。

イ　真陽性率と適合率の関係を示す曲線である。

ウ　正解率と適合率の関係を示す曲線である。

エ　適合率と偽陽性率の関係を示す曲線である。
","【正解】　イ

ROC曲線は、縦軸に真陽性率、横軸に偽陽性率にとったグラフ上で、 陽性・陰性の判断基準となるしきい値を動かしながら、各点での真陽性率と偽陽性率を打点していくことで描かれる曲線です。真陽性率と偽陽性率はトレードオフの関係にありますが、高い真陽性率を維持しつつ、偽陽性率をどれだけ抑えたモデルとなっているかを可視化することができます。
"
830,"DJ-AP-R5S

金融庁""財務報告に係る内部統制の評価及び監査の基準 (令和元年)"" における, 内部統制に関 係を有する者の役割と責任の記述のうち, 適切なものはどれか。

ア　株主は,内部統制の整備及び運用について最終的な責任を有する。

イ　監査役は,内部統制の整備及び運用に係る基本方針を決定する。

ウ　経営者は,取締役及び執行役の職務の執行に対する監査の一環として、独立した立場 から,内部統制の整備及び運用状況を監視,検証する役割と責任を有している。

エ　内部監査人は,モニタリングの一環として, 内部統制の整備及び運用状況を検討,評価し、必要に応じて、その改善を促す職務を担っている。
","【正解】　エ
"
831,"DJ-AP-R5S

仮想記憶方式に関する記述のうち, 適切なものはどれか。

ア　LRUアルゴリズムは,使用後の経過時間が最長のページを置換対象とするページ置換アルゴリズムである。

イ　アドレス変換をインデックス方式で行う場合は、 主記憶に存在する全ページ分のページテーブルが必要になる。

ウ　ページフォールトが発生した場合は,ガーベジコレクションが必要である。

エ　ページングが繰り返されるうちに多数の小さな空きメモリ領域が発生することを,フラグメンテーションという。
","【正解】　ア
“あなたの解答:工”

ア　正しい。LRU(Least Recently Used)は、最も長い期間使用されていないページを置換え対象とするアルゴリズムです。

イ　インデックス方式では、小さなページテーブルをいくつか用いて使用中の仮想空間の領域だけをカバーし、本当に必要なときだけ追加のページテーブルを作成する多段ページテーブルを用いるので、必要最低限のページテーブルだけで済みます。

ウ　ページフォールトが発生した場合は、置換え対象を決定した後、ページアウト/ページインが行われます。

エ　フラグメンテーション(メモリの断片化) は、様々なサイズ (可変長)のメモリの取得や解放が繰り返されることによって発生します。ページング方式の交換単位となるページは 固定長なので、フラグメンテーションが発生することはありません。
"
832,"DJ-AP-R5S

配列に格納されたデータ2,3,5,4,1に対して, クイックソートを用いて昇順に並べ替え る。2回目の分割が終わった状態はどれか。ここで,分割は基準値より小さい値と大きい値のグループに分けるものとする。 また, 分割のたびに基準値はグループ内の配列の左端の値 とし,グループ内の配列の値の順番は元の配列と同じとする。

ア　1, 2, 3, 5, 4

イ　1, 2, 5, 4, 3

ウ　2, 3, 1, 4, 5

エ　2, 3, 4, 5, 1
","【正解】　ア

1配列の左端の値を基準値とする、 2分割は基準値よりも小さい値と大きい値に分ける、という条件に従って分割を進めていくと次のようなります。

1. [2, 3, 5, 4, 1]

2.左端の2より小さいグループ、大きいグループに分ける(1回目の分割)
[1], [2], [3, 5, 4]

3. 各グループで左端の値を基準に小さいグループ、大きいグループに分ける (2回目の分 割)
[1], [2], [3], [5, 4]

したがって、2回目分割後の配列の状態は 「1,2,3,5,4」です。
"
833,"DJ-AP-R5S

仮想記憶システムにおいて,ページ置換えアルゴリズムとしてFIFOを採用して,仮想ペー ジ参照列1,4,2,4,1,3を3ページ枠の実記憶に割り当てて処理を行った。


","その理解でよい。

実記憶に入るのは、そのページの中身そのものではなく、どの仮想ページが入っているかという番号の対応だけを管理する

実記憶側は番号と位置だけを覚えている

実際の内容は
ページ1ならページ1の領域の内容
ページ4ならページ4の中身
というように
番号に結びついた内容として
アクセスされる

だから
FIFOやLRUなどの置き換え計算では、内容には触れず番号だけで判断している

仮想記憶で扱うのは、中身ではなくページ番号、その対応関係
それで正しい理解になる
"
834,"DJ-AP-R5S

メッセージにRSA方式のデジタル署名を付与して2者間で送受信する。 そのときのデジタル 署名の検証鍵と使用方法はどれか。

ア　受信者の公開鍵であり、送信者がメッセージダイジェストからデジタル署名を作成する際に使用する。

イ　受信者の秘密鍵であり, 受信者がデジタル署名からメッセージダイジェストを算出する際に使用する。

ウ　送信者の公開鍵であり,受信者がデジタル署名からメッセージダイジェストを算出する際に使用する。

エ　送信者の秘密鍵であり,送信者がメッセージダイジェストからデジタル署名を作成する際に使用する。
","【正解】　ウ　← S/MIMEとまた混同
"
835,"DJ-AP-R5S

プロジェクトのリスクマネジメントにおける, リスクの特定に使用する技法の一つであるデ ルファイ法の説明はどれか。

ア　確率分布を使用したシミュレーションを行う。

イ　過去の情報や知識を基にして、 あらかじめ想定されるリスクをチェックリストにまと めておき, チェックリストと照らし合わせることによってリスクを識別する。

ウ　何人かが集まって、他人のアイディアを批判することなく, 自由に多くのアイディアを出し合う。

エ　複数の専門家から得られた見解を要約して再配布し, 再度見解を求めることを何度か 繰り返して収束させる。
","【正解】　エ

手順の流れを縦に示す

① ある新製品分野の専門家数名にアンケートを送る
② 各専門家が「5年後に普及しそうな技術」を予測して回答
③ 回答を集めて集計し、匿名で各専門家に返す
④ 専門家は他の意見を参考にして自分の予測を修正
⑤ ③④を数回繰り返して意見の収束を図る
⑥ 最終的に全員の意見をまとめ、合意した将来技術予測を得る

ポイント
・専門家の匿名性を保つ
・何度も意見を回して調整
・意見の収束によって信頼性の高い予測が得られる

応用例
・新規市場の成長予測
・技術ロードマップ作成
・政策や規制の影響評価
"
836,"DJ-AP-R5S

JIS Q 20000-1:2020 (サービスマネジメントシステム要求事項)によれば,組織は,サービスレベル目標に照らしたパフォーマンスを監視し、レビューし、顧客に報告しなければなら ない。レビューをいつ行うかについて,この規格はどのように規定しているか。

ア　SLAに大きな変更があったときに実施する。

イ　あらかじめ定めた間隔で実施する。

ウ　 間隔を定めず, 必要に応じて実施する。

エ　サービス目標の未達成が続いたときに実施する。
","【正解】　イ
"
837,"DJ-AP-R5S

会社の固定費が150百万円,変動費率が60%のとき,利益50百万円が得られる売上高は何百万円か。

ア　333

イ　425

ウ　458

エ　500
","【正解】　エ
"
838,"DJ-AP-R5S

図のような関係データベースの""注文 ""表と""注文明細""表がある。""注文”表の行を削除すると, 対応する""注文明細 ""表の行が、 自動的に削除されるようにしたい。 参照制約定義の削除規則(ON DELETE)に指定する語句はどれか。 
","【正解】　ア

参照制約が設定されているデータベースでは、主キーを含む行が削除されたり、更新されたりすると、参照関係が崩れることがあります。DBMSでは、参照整合性が損なわれるデータ操作が行われたときに、どのような形で参照整合性を回復するかを、外部キー制約の ON DELETEやON UPDATE に指定しておくことができます。指定できる動作は次の5種類です。

CASCADE
参照先のデータが更新・削除されると、対応する外部キーの値も自動的に更新・削除される

RESTRICT
参照制約違反となるデータの更新・削除を拒否する

NO ACTION　(デフォルトの動作)
処理の終了時に参照整合性を確認し、違反していれば更新・削除を拒否する

SET NULL
参照先のデータが更新・削除されると、対応する外部キーの値にNULLが設定される

SET DEFAULT
参照先のデータが更新・削除されると、対応する外部キーの値にデフォルト値が設定される

本問では、""注文明細""表から参照されている""注文 ""表の行が削除されたときに、対応する""注文明細""表の行を自動的に削除したいので、""注文明細""表の外部キー属性の定義に「ON DEL ETE CASCADE」と記述することになります。

CREATE TABLE 注文明細 (
FOREIGN KEY(注文番号) REFERENCES 注文(注文番号)
ON DELETE CASCADE
･･･
"
839,"DJ-AP-R5S

意味を答えよ。

ア “CCE (Common Configuration Enumeration)""

イ “CVE(Common Vulnerabilities and Exposures)”

ウ “CVSS (Common Vulnerability Scoring System)""

エ “CWE(Common Weakness Enumeration)""
","ア “CCE (Common Configuration Enumeration)""
CCE(共通セキュリティ設定)は、コンピュータのセキュリティ設定項目ごとに付けられた識別子です。

イ “CVE(Common Vulnerabilities and Exposures)”
CVEは、脆弱性ごとに付けられている識別子です。

ウ “CVSS (Common Vulnerability Scoring System)""
CVSS (共通脆弱性評価システム)は、情報システムの脆弱性の深刻度を同一の基準のもとで定量的に評価
する共通的な手法です。

エ“CWE(Common Weakness Enumeration)""
CWE(共通脆弱性タイプ)は、ソフトウェアの脆弱性の種類を識別するための共通基準で す。
"
840,"DJ-AP-R5S

モバイル通信サービスにおいて,移動中のモバイル端末が通信相手との接続を維持したまま、ある基地局経由から別の基地局経由の通信へ切り替えることを何と呼ぶか。

ア　テザリング

イ　ハンドオーバー

ウ　フォールバック

エ　 ローミング

","【正解】　イ
あなたの解答: エ

ア “テザリング”
テザリングは、スマートフォンなどのモバイル端末がもつ携帯回線などのインターネット接続機能を使って、他のコンピュータや情報端末をインターネットに接続することです。

イ “ハンドオーバー”
正しい。 ハンドオーバーは、無線LAN端末やモバイル端末を使用しながら移動するときに、端末の場所に応じて通信する基地局やアクセスポイントを切り替えることです。

ウ“フォールバック”
フォールバックは、通信エリアや電波環境に応じて、データ通信網を5G回線から4G回線に、あるいは4G回線から3G回線に落とし、適切な回線に自動的に切り替える技術で す。

エ ""ローミング”
ローミングは、 契約している通信事業者のサービスエリア外でも、他の事業者のサービ スによってモバイル端末を使用できるサービスです。
"
841,"DJ-AP-R5S

車の自動運転に使われるセンサーの一つであるLiDARの説明として,適切なものはどれか。

ア　超音波を送出し,その反射波を測定することによって,対象物の有無の検知及び対象 物までの距離の計測を行う。

イ　道路の幅及び車線は無限遠の地平線で一点(消失点)に収束する, という遠近法の原理 を利用して,対象物までの距離を計測する。

ウ　ミリ波帯の電磁波を送出し, その反射波を測定することによって, 対象物の有無の検 知及び対象物までの距離の計測を行う。

エ　レーザー光をパルス状に照射し,その反射光を測定することによって,対象物の方 向, 距離及び形状を計測する。

","【正解】　エ
"
842,"DJ-AP-R5S

Webで広告費を600,000円掛けて,単価1,500円の商品を1,000個販売した。ROAS(Return On Advertising Spend) は何%か。

ア　40

イ　60

ウ　250

エ　600
","【正解】　ウ　← ％だよ

ROAS(広告費用対効果)は、投じた広告費に対してどれだけ売上があったかを表す指標で、以下の式で計算します。
ROAS(%)=広告経由での売上÷広告費 ×100
"
843,"DJ-AP-R5S

バランススコアカードで使われる戦略マップの説明はどれか。

ア　切り口となる二つの要素をX軸、Y軸として、市場における自社又は自社製品のポジ ションを表現したもの

イ　財務、顧客,内部ビジネスプロセス,学習と成長という四つの視点を基に,課題,施策、目標の因果関係を表現したもの

ウ　市場の魅力度、自社の優位性という二つの軸から成る四つのセルに自社の製品や事業 を分類して表現したもの

エ　どのような顧客層に対して,どのような経営資源を使用し,どのような製品・サービ スを提供するのかを表現したもの
","【正解】　イ
"
844,"DJ-AP-R5S

NFC(Near Field Communication) の説明として、 適切なものはどれか。

ア　静電容量式のタッチセンサーで,位置情報を検出するために用いられる。

イ　接触式ICカードの通信方法として利用される。

ウ　通信距離は最大10m程度である。

エ　ピアツーピアで通信する機能を備えている。
","【正解】　エ

NFCの説明として、Peer-to-Peerで通信する機能を備えていると言えるか。

はい、一部のNFC（Near Field Communication）機能はPeer-to-Peer通信に対応していると言えます。
NFCには大きく3つのモードがあります：

カードエミュレーションモード
スマホがICカードのように振る舞う
例：交通系ICカードの読み取り
この場合はクライアント・サーバ型で、P2Pではない

リーダー／ライターモード
スマホがICカードやタグを読み書きする
基本的には「スマホがアクティブ、タグがパッシブ」なのでP2Pではない

Peer-to-Peerモード
NFC対応デバイス同士が対等にデータを交換できる
例：NFCで名刺情報を交換したり、簡単なファイル転送をする「Android Beam」

つまり、NFC自体はP2P通信機能を備えていると言えますが、すべてのNFC通信がP2Pになるわけではなく、モードによって変わるということです。
"
845,"DJ-AP-R5S

情報化投資計画において,投資価値の評価指標であるROIを説明したものはどれか。

ア　売上増やコスト削減などによって創出された利益額を投資額で割ったもの

イ　売上高投資金額比, 従業員当たりの投資金額などを他社と比較したもの

ウ　現金流入の現在価値から、 現金流出の現在価値を差し引いたもの

エ　プロジェクトを実施しない場合の、市場での競争力を表したもの
","【正解】　ア
"
846,"DJ-AP-R5S

公衆無線LANのアクセスポイントを設置するときのセキュリティ対策とその効果の組みとし て,適切なものはどれか。

ア 　MAC アドレスフィルタリングを設定 正規の端末の MAC アドレスに偽装した攻する。
⇒撃者の端末からの接続を遮断し、 利用者 のなりすましを防止する。

イ　SSID を暗号化する。
⇒自社がレジストラに登録したドメ インを, アクセスポイントのSSID に設定する。

ウ　同一のアクセスポイントに無線で 接続している端末同士のアクセス ポイント経由の通信を遮断する。
⇒SSID を秘匿して, SSID の盗聴を防止する。

エ　正規のアクセスポイントと同一のSSID を 設定した, 悪意のあるアクセスポイント の設置を防止する。
⇒同一のアクセスポイントに無線で接続している他の端末に,公衆無線 LAN の利用 者がアクセスポイントを経由してアクセ スすることを防止する。
","【正解】　エ
"
847,"DJ-AP-R5S

ドップラー効果を応用したセンサーで測定できるものはどれか。

ア　血中酸素飽和度

イ　血糖值

ウ　血流量

エ　体内水分量
","【正解】　ウ
"
848,"DJ-AP-R5S

要求に応じて可変量のメモリを割り当てるメモリ管理方式がある。 要求量以上の大きさをも つ空き領域のうちで最小のものを割り当てる最適適合 (best-fit)アルゴリズムを用いる場合, 空き領域を管理するためのデータ構造として, メモリ割当て時の平均処理時間が最も短いも のはどれか。

ア　空き領域のアドレスをキーとする2分探索木

イ　空き領域の大きさが小さい順の片方向連結リスト

ウ　空き領域の大きさをキーとする2分探索木

エ　アドレスに対応したビットマップ

","【正解】　ウ
“あなたの解答:工”

エ “アドレスに対応したビットマップ”
ビットマップインデックスは取り得る値が少ない場合に有効な方法ですが、 ●以上や●以下などの範囲を指定して検索することはできません。
"
849,"DJ-AP-R5S

システム要件定義プロセスにおいて、トレーサビリティが確保されていることを説明した記 述として,適切なものはどれか。

ア　移行マニュアルや運用マニュアルなどの文書化が完了しており、システム上でどのように業務を実施するのかを利用者が確認できる。

イ　所定の内外作基準に基づいて外製する部分が決定され,調達先が選定され,契約が締結されており、調達先を容易に変更することはできない。

ウ モジュールの相互依存関係が確定されており,以降の開発プロセスにおいて個別モジ ュールの仕様を変更することはできない。

エ　利害関係者の要求の根拠と成果物の相互関係が文書化されており,開発の途中で生じ る仕様変更をシステムに求められる品質に立ち返って検証できる。
","【正解】　エ
“あなたの解答:ア”

トレーサビリティ (Traceability) は、製品やサービスのライフサイクルにおいて、現在の状ｘ態に至るまでのプロセスや変更の履歴を追跡できる能力のことです。履歴を整えておくことｘで、その物品に関心を持つ人が過去の履歴を追跡したり、物品に問題がある場合に購入した顧客を特定したりといったことが可能となります。
"
850,"DJ-AP-R5S

クリティカルチェーン法に基づいてスケジュールネットワーク上にバッファを設ける。クリ ティカルチェーン上にないアクティビティが遅延してもクリティカルチェーン上のアクティ ビティに影響しないように, クリティカルチェーンにつながっていくアクティビティの直後 に設けるバッファはどれか。

ア　合流バッファ

イ　資源バッファ

ウ　フレームバッファ

エ　プロジェクトバッファ
","【正解】　ア

結論：今回の文言「クリティカルチェーンにつながっていくアクティビティの直後に設ける」から考えると、正解は ア　合流バッファ です。

要するに、「直後に置く」という条件が決め手で、資源バッファではなく合流バッファを指しています。
"
851,"DJ-AP-R5S

コンピュータシステムの信頼性を高める技術に関する記述として、 適切なものはどれか。

ア　フェールセーフは,構成部品の信頼性を高めて、 故障が起きないようにする技術である。

イ　フェールソフトは, ソフトウェアに起因するシステムフォールトに対処するための技術である。

ウ　フォールトアボイダンスは、構成部品に故障が発生しても運用を継続できるようにする技術である。

エ　フォールトトレランスは,システムを構成する重要部品を多重化して,故障に備える技術である。

","【正解】　エ
“あなたの解答:イ”　← ChatGPT　重要なのは「障害時でも可能な限り機能を維持する」点で、ハードウェアかソフトウェアかは本質ではありません。

ア 本記述はフォールトアボイダンスを説明した文です。

イ　“フェールソフトは,ソフトウェアに起因するシステムフォールトに対処するための技術であ る。
ソフトウェアに起因する障害ではなく、ハードウェアに起因する障害に対処するための技術なので間違った説明です。

ウ　本記述はフェールソフトを説明した文です。

エ 正しい。 

フォールト・トレランス（Fault Tolerance）
システムが故障しても機能を維持できるように設計する技術
具体例：重要部品の多重化（冗長化）、エラー訂正コード、RAID構成
「故障を許容してもシステムを止めない」アプローチ

フォルト・アボイダンス（Fault Avoidance）
故障自体が発生しないように、設計段階で防ぐ技術
例：高品質部品の使用、耐環境設計、ソフトウェアの安全チェック
「故障を事前に避ける」アプローチ
"
852,"DJ-AP-R5S

組込み機器の開発を行うために, ベンダーに見積りを依頼する際に必要なものとして,適切 なものはどれか。ここで,システム開発の手順は共通フレーム2013に沿うものとする。

ア　納品書

イ　評価仕様書

ウ　見積書

エ　要件定義書
","【正解】　エ
“あなたの解答:イ”　← 評価仕様書は、テストの判断基準を定めた文書です。
"
853,"DJ-AP-R4S

JIS Q 31000:2019 (リスクマネジメント-指針)におけるリスクアセスメントを構成するプロセスの組合せはどれか。

ア　リスク特定, リスク評価, リスク受容

イ リスク特定,リスク分析, リスク評価

ウ リスク分析,リスク対応, リスク受容

エ　リスク分析,リスク評価, リスク対応

","【正解】　イ
“あなたの解答:エ”
"
854,"DJ-AP-R4S

システム監査基準の意義はどれか。

ア　システム監査業務の品質を確保し、 有効かつ効率的な監査を実現するためのシステム監査人の行為規範となるもの

イ　システム監査の信頼性を保つために, システム監査人が保持すべき情報システム及びシステム監査に関する専門的知識・技能の水準を定めたもの

ウ　情報システムのガバナンス, マネジメント,コントロールを点検・評価・検証する際の判断の尺度となるもの

エ　どのような組織体においても情報システムの管理において共通して留意すべき基本事 項を体系化・一般化したもの

","【正解】　ア

ア　正しい。 システム監査基準は、システム監査を実施する監査人の行為規範及び監査手続の規則を規定したものです。

イ　基準類ではありませんが、システム監査技術者試験シラバスがあります。

ウ　システム管理基準に関する記述です。

工　ステム管理其淮に関する記述です
"
855,"DJ-AP-R4A

次のURLに対し, 受理するWebサーバのポート番号(8080)を指定できる箇所はどれか。 

https://www.example.com/member/login?id=user

ア　クエリ文字列(id=user)の直後
https://www.example.com/member/login?id=user:8080

イ　スキーム(https)の直後
https:8080://www.example.com/member/login?id=user

ウ　パス (/member/login)の直後
https://www.example.com/member/login:8080?id=user

エ　ホスト名 (www.example.com)の直後
https://www.example.com:8080/member/login?id=user

","【正解】　エ
あなたの解答: ウ

URLの一般的な構文は以下のように規定されています。

foo://ftp.example.com:8042/over/there?name=ferret#nose

スキーム　ホスト名　宛先ポート　パス　クエリ文字列　フラグメント

URLで宛先のポート番号を指定する場合、ホスト名の直後に "":"" (コロン)と数字を加えます。

まとめ
ポート番号を変えると、通信する宛先のポートが変わる。
そのポートでHTTPサービスが動いていればログイン可能。
動いていなければ失敗。
"
856,"DJ-AP-R4A

あるクライアントサーバシステムにおいて, クライアントから要求された1件の検索を処理 するために,サーバで平均100万命令が実行される。 1件の検索につき, ネットワーク内で転送されるデータは平均2×105 バイトである。 このサーバの性能は100MIPSであり, ネッ トワークの転送速度は 8×107ビット/秒である。 このシステムにおいて, 1秒間に処理でき る検索要求は何件か。 ここで,処理できる件数は,サーバとネットワークの処理能力だけで 決まるものとする。また, 1バイトは8ビットとする。

ア　50

イ　100

ウ　200

エ　400
","【正解】　ア
“あなたの解答:イ”　← サーバかネットワークかの問題

サーバの処理能力とネットワークの処理能力に切り分けて考えます。

【サーバの処理能力】
1件の検索につき平均100万命令が実行され、 サーバの処理能力は100MIPSである
↓
1MIPSは1秒間に命令を100万回を実行できる能力なので、100MIPSのサーバは1秒間に100件の検索要求を処理できます。

【ネットワークの処理能力】
1件の検索につき平均2×105 バイトが転送され、ネットワークの転送速度は8×107ビットである
↓
単位をバイトにそろえると、ネットワークの転送速度は 8×107[ビット/秒]=1×107[バイト /秒]、1件当たりの転送データ量は 2×105 [バイト] です。よって、1秒間に転送できる件数は 50件。

以上を整理すると、サーバでは1秒間に100件の検索要求を処理できますが、ネットワークでは1秒間に50件分のデータ転送が上限です。ネットワークの転送速度がボトルネックとなるため、このシステムが1秒間に処理できる検索要求は最大50件となります。

"
857,"DJ-AP-R4A

データベースで障害が起こった。 そこでチェックポイントからデータをリカバリする。 その時にロールフォワードするのは、 チェックポイント後にコミットされているデータか、 それともされていないデータか。
","ロールフォワードで反映するのは、チェックポイントの後にコミットされているデータ。

コミットされていないデータはロールバックする。

流れを整理すると：

障害発生

データベースはチェックポイント以前の状態はディスクに確実に反映済み

チェックポイント以降でコミット済みの更新はログからロールフォワードして反映

チェックポイント以降でコミットされていない更新は、障害時点では未完了のトランザクション扱いになるので、ロールバックして破棄

つまり、リカバリでは

コミット済み → ロールフォワードで反映

未コミット → ロールバックで破棄

これでデータベースの一貫性（コミット単位での整合性）が保たれる。
"
858,"DJ-AP-R4A

タスクのコンテキストとは
","ChatGPT:タスクのコンテキストとは、タスク（プロセスやスレッド）が動作するために必要な「状態情報」のこと。
具体的には次の要素を含む：

レジスタの値：CPUレジスタ（プログラムカウンタやスタックポインタなど）

メモリ情報：タスク専用のアドレス空間やスタック

CPU状態：割り込みマスクやフラグなど

I/Oやファイルの状態：タスクが開いているファイル、デバイスの状態

利用場面

コンテキストスイッチ：CPUがあるタスクから別のタスクに切り替えるとき、このコンテキスト情報を保存・復元することで、タスクを中断前と同じ状態で再開できる。

簡単に言うと
「タスクが今どこで何をしていたか、再開するための全情報」がタスクのコンテキスト。
"
859,"DJ-AP-R4A

製品100個を1ロットとして生産する。一つのロットからサンプルを3個抽出して検査し,3 個とも良品であればロット全体を合格とする。 100個中に10個の不良品を含むロットが合格 と判定される確率は幾らか。

ア　178/245

イ　405/539

ウ　89/110

エ　87/97
","【正解】　ア　← じぇじぇん分かりましぇん。暗記。
"
860,"DJ-AP-R4A

コンテナ型仮想化の説明として,適切なものはどれか。

ア　物理サーバと物理サーバの仮想環境とがOSを共有するので, 物理サーバか物理サー バの仮想環境のどちらかにOSをもてばよい。

イ　物理サーバにホストOSをもたず、 物理サーバにインストールした仮想化ソフトウェアによって,個別のゲストOSをもった仮想サーバを動作させる。

ウ　物理サーバのホストOSと仮想化ソフトウェアによって,プログラムの実行環境を仮想化するので, 仮想サーバに個別のゲストOSをもたない。

エ　物理サーバのホストOSにインストールした仮想化ソフトウェアによって,個別のゲ ストOSをもった仮想サーバを動作させる。
","【正解】　ウ

ホスト型コンテナ：ホストOSのカーネルを共有し、ゲストOSなしで軽量に動作。例：Docker、LXC

ハイパーバイザ型コンテナ：軽量VM上でコンテナを実行し、ゲストOSありで隔離性を確保。例：Kata Containers、AWS Firecracker
"
861,"DJ-AP-R4A

ハーシィ及びブランチャードが提唱したSL理論の説明はどれか。

ア　開放の窓, 秘密の窓, 未知の窓, 盲点の窓の四つの窓を用いて, 自己理解と対人関係の良否を説明した理論

イ　教示的,説得的, 参加的, 委任的の四つに、部下の成熟度レベルによって、リーダー シップスタイルを分類した理論

ウ　共同化, 表出化, 連結化, 内面化の四つのプロセスによって、個人と組織に新たな知 識が創造されるとした理論

エ　生理的, 安全, 所属と愛情, 承認と自尊、自己実現といった五つの段階で欲求が発達 するとされる理論

","【正解】　イ

SL理論は、部下の能力と意欲に応じてリーダーが指示・支援のスタイルを変える状況対応型リーダーシップ理論。

状況対応型リーダーシップとは、リーダーの行動や指示の仕方を「部下の能力や意欲、状況」に合わせて柔軟に変えるリーダーシップのこと。状況に応じて指示型・支援型・委任型などを使い分け、成果と部下の成長を両立させる考え方。
"
862,"DJ-AP-R4A

スクラムのスプリントにおいて,(1)~(3)のプラクティスを採用して開発を行い, スプリントレビューの後にKPT手法でスプリントレトロスペクティブを行った。""KPT""の""T""に該当 する例はどれか。

〔プラクティス〕

(1)ペアプログラミングでコードを作成する。

(2) スタンドアップミーティングを行う。

(3) テスト駆動開発で開発を進める。

ア　開発したプログラムは欠陥が少なかったので,今後もペアプログラミングを継続する。

イ　スタンドアップミーティングにメンバー全員が集まらないことが多かった。

ウ　次のスプリントからは,スタンドアップミーティングにタイムキーパーを置き, 終了

エ　5分前を知らせるようにする。テストコードの作成に見積り以上の時間が掛かった。

","【正解】　ウ
“あなたの解答:イ”

スクラムガイドによれば、スプリントレトロスペクティブ (スプリント後に行われるふりかえり)では、1スプリント中に何がうまくいったか、2どのような問題が発生したか、そしてそれらの3問題がどのように解決されたか(または解決されなかったか)について話し合うとされています。

KPT(ケプト)手法は、ふりかえりの際に、継続すべき良かった点(KeeP)、発生した問題(Problem)、今後試したいこと (Try) を開発チーム全員で考えるフレームワークです。

ア　K (KeeP)

イ　P(Problem)

ウ　正しい。Try

エ　P(Problem)
"
863,"DJ-AP-R4A

XMLにおいて, XML宣言中で符号化宣言を省略できる文字コードはどれか。

ア　EUC-JP

イ　Shift-JIS

ウ　ISO-2022-JP

エ　UTF-16

","【正解】　エ
""あなたの解答: ウ

XMLの仕様によると、XMLのデフォルト文字コードはUTF-8であり、UTF-8とUTF-16は符号化宣言を必要としないとされています。符号化宣言がない場合、 XMLプロセッサは文書先頭のBOM(Byte Order Mark)を見て、BOMがなければUTF-8として、BOMがあればUTF-16として処理することになっています。
"
864,"DJ-AP-R4A

電気泳動型電子ペーパーの説明として,適切なものはどれか。

ア　デバイスに印加した電圧によって,光の透過状態を変化させて表示する。

イ　電圧を印加した電極に, 着色した帯電粒子を集めて表示する。

ウ　電圧をかけると発光する薄膜デバイスを用いて表示する。

エ　半導体デバイス上に作成した微小な鏡の向きを変えて,反射することによって表示す る。
","【正解】　ア

ア　液晶ディスプレイの説明です。

イ　正しい。電気泳動型電子ペーパーの説明です。

ウ　有機ELディスプレイの説明です。

エ　MEMS(Micro Electro Mechanical Systems) ディスプレイの説明です。
"
865,"DJ-AP-R4A

ほとんどのプログラムの大きさがページサイズの半分以下のシステムにおいて,ページサイズを半分にしたときに予想されるものはどれか。 ここで,このシステムは主記憶が不足しが ちで,多重度やスループットなどはシステム性能の限界で運用しているものとする。

ア　ページサイズが小さくなるので,領域管理などのオーバーヘッドが減少する。

イ　ページ内に余裕がなくなるので,ページ置換えによってシステム性能が低下する。

ウ　ページ内の無駄な空き領域が減少するので,主記憶不足が緩和される。

エ　ページフォールトの回数が増加するので,システム性能が低下する。
","【正解】　ウ
“あなたの解答:イ”

ページング方式とは、仮想記憶管理方式の一つで、仮想アドレス空間を「ページ」と呼ばれる固定長の区画に分割するとともに主記憶のアドレス空間(実アドレス空間)も同じように固定長に分割して、このページ単位で主記憶と仮想記憶 (補助記憶装置)のアドレス変換を行う方式です。

ア “ページサイズが小さくなるので、 領域管理などのオーバーヘッドが減少する。'
ページサイズを半分にすると、同じ容量を管理するために必要なページ数は2倍になります。OSが管理するページテーブルのエントリ数も2倍になるため、システムのオーバ ーヘッドは増加します。

イ “ページ内に余裕がなくなるので, ページ置換えによってシステム性能が低下する。""
ほとんどのプログラムはページサイズの半分以下なので、多くは1つのページに収まります。ページサイズが小さくなると、その分だけ主記憶上に展開できるプログラムが増えます。これにより、主記憶が不足しがちなシステムではページフォールトの回数が減 って、システムの性能は向上します。

ウ “ページ内の無駄な空き領域が減少するので,主記憶不足が緩和される。
正しい。ページ内の無駄な空き領域が減ることで、主記憶に載せられるページ数が増えます。これまで無駄になっていた主記憶の容量を有効に使うことができるので、主記憶不足が緩和されます。

エ “ページフォールトの回数が増加するので,システム性能が低下する。”
ページサイズが半分になると、その分だけ主記憶に展開できるプログラムが増えます。その結果、ページフォールトの回数が減って、システムの性能は向上します。
"
866,"DJ-AP-R4A

顧客に,A~Zの英大文字26種類を用いた顧客コードを割り当てたい。 現在の顧客総数は8,000人であって、毎年、前年対比で2割ずつ顧客が増えていくものとする。 3年後まで全顧客 にコードを割り当てられるようにするためには、顧客コードは少なくとも何桁必要か。

ア　3

イ　4　

ウ　5

エ　6
","【正解】　ア
"
867,"DJ-AP-R4A

信頼性工学の視点で行うシステム設計において,発生し得る障害の原因を分析する手法であ るFTAの説明はどれか。

ア　システムの構成品目の故障モードに着目して,故障の推定原因を列挙し,システムへ の影響を評価することによって,システムの信頼性を定性的に分析する。

イ　障害と,その中間的な原因から基本的な原因までの全ての原因とを列挙し,それらをゲート(論理を表す図記号)で関連付けた樹形図で表す。

ウ　障害に関するデータを収集し, 原因について ""なぜなぜ分析 ""を行い, 根本原因を明らかにする。

エ　多角的で,互いに重ならないように定義したODC属性に従って障害を分類し,どの分類に障害が集中しているかを調べる。

","【正解】　イ
"
868,"DJ-AP-R4A

L1,L2と2段のキャッシュをもつプロセッサにおいて,あるプログラムを実行したとき,L1 キャッシュのヒット率が0.95, L2キャッシュのヒット率が0.6であった。このキャッシュシステムのヒット率は幾らか。ここでL1キャッシュにあるデータは全てL2キャッシュにもあ るものとする。

ア　0.57

イ　0.6

ウ　0.95

エ　0.98

","【正解】　エ

L1キャッシュでヒットする確率が0.95、L1キャッシュでヒットしなかった場合(1 - 0.95 = 0.05)でもL2キャッシュに0.6の確率でヒットするので、キャッシュシステム全体としてのヒット率は、

0.95＋0.05×0.6

＝ 0.95+0.03

＝ 0.98
"
869,"DJ-AP-R4A

プロジェクトマネジメントにおけるスコープコントロールの活動はどれか。

ア　開発ツールの新機能の教育が不十分と分かったので,開発ツールの教育期間を2日間延長した。

イ　要件定義が完了した時点で再見積りをしたところ,当初見積もった開発コストを超過することが判明したので、 追加予算を確保した。

ウ　連携する計画であった外部システムのリリースが延期になったので,この外部システ ムとの連携に関わる作業は別プロジェクトで実施することにした。

エ　割り当てたテスト担当者が期待した成果を出せなかったので、経験豊富なテスト担当者と交代した。

","【正解】　ウ
“あなたの解答:イ”

プロジェクトにおけるスコープとは、プロジェクトの成果物と成果物を作成するために行わなければならない全作業を定義したものです。スコープコントロールは、プロジェクトを実行している間、プロジェクトスコープと成果物スコープの状況を監視し、スコープの差異や変更が、WBSやスコープ記述書に適切に反映されるように管理するプロセスです。

「ウ」の事例では、元々スコープ内であった作業をスコープ外に変更しているので、スコープコントロールの活動であると判断できます。 よって「ウ」が正解です。
"
870,"DJ-AP-R4A

エンタープライズアーキテクチャ (EA)を説明したものはどれか。

ア　オブジェクト指向設計を支援する様々な手法を統一して標準化したものであり,クラ ス図などの構造図と,ユースケース図などの振る舞い図によって,システムの分析や 設計を行うものである。

イ　概念データモデルを, エンティティとリレーションシップとで表現することによっ て,データ構造やデータ項目間の関係を明らかにするものである。

ウ　各業務と情報システムを、ビジネスアーキテクチャ, データアーキテクチャ, アプリ ケーションアーキテクチャ, テクノロジアーキテクチャの四つの体系で分析し, 全体 最適化の観点から見直すものである。

エ　企業のビジネスプロセスを, データフロー,プロセス, ファイル, データ源泉/デー 夕吸収の四つの基本要素で抽象化して表現するものである。

","【正解】　ウ
“あなたの解答:エ”

エンタープライズアーキテクチャ (Enterprise Architecture、以下EAと言う)は、社会環境や情報技術の変化に素早く対応できるよう、「全体最適」の観点から業務とシステム全体を改革するためのフレームワークです。 主に大企業や政府、地方公共団体といった巨大な組織 (enterprise)の業務手順と情報システムの標準化、 組織の最適化を図るための方法論として活用されます。

EAにおける業務・システム最適化計画は、モデリングにより業務とシステムの現状(As-ls) とあるべき姿 (To-Be) を整理し、 あるべき姿 (To-Be) の実現を目指して業務とシス
"
871,"DJ-AP-R4A

コンジョイント分析の説明はどれか。

ア　顧客ごとの売上高、利益額などを高い順に並べ、自社のビジネスの中心をなしている顧客を分析する手法

イ　商品がもつ価格, デザイン, 使いやすさなど, 購入者が重視している複数の属性の組合せを分析する手法

ウ　同一世代は年齢を重ねても、時代が変化しても,共通の行動や意識を示すことに注目 した,消費者の行動を分析する手法

エ　|ブランドがもつ複数のイメージ項目を散布図にプロットし、それぞれのブランドのポ ジショニングを分析する手法
","【正解】　イ

ア　パレート分析の説明です。

イ　正しい。 コンジョイント分析の説明です。

ウ　コーホート分析の説明です。

エ　コレスポンデンス分析の説明です。

コーホート
英語では cohort

語源
ラテン語の cohors
もともとは軍隊の一部隊を指す言葉
兵士の集団という意味から
共通点を持つ人の集まりという意味に広がった
"
872,"DJ-AP-R4A

ターゲットリターン価格設定の説明はどれか。

ア　競合の価格を十分に考慮した上で価格を決定する。

イ　顧客層,時間帯、場所など市場セグメントごとに異なった価格を決定する。

ウ　目標とする投資収益率を実現するように価格を決定する。

エ　リサーチなどによる消費者の値頃感に基づいて価格を決定する。

","【正解】　ウ

ターゲットリターン価格とは、コスト志向型の価格設定法で、目標とする投資収益率(ROI)を達成するために得るべき金額を計算し、それを原価に加えて販売価格とする方法です。目標収益法ともいいます。

ターゲットリターン価格=原価+{(投下資本×目標収益率)÷販売数量}

ア　実勢価格の説明です。

イ　差別価格の説明です。

ウ　正しい。 ターゲットリターン価格設定の説明です。

エ　知覚価値価格の説明です。
"
873,"DJ-AP-R4A

デジタルツインとサイバーフィジカルシステムは同じか?
","まとめ
同じではない
デジタルツインは
サイバーフィジカルシステムの一部の概念として使われることが多い
"
874,"DJ-AP-R4A

あるシステムにおいて, MTBFとMTTRがともに1.5倍になったとき, アベイラビリティ (稼働率)は何倍になるか。
","【正解】　同じ

アベイラビリティの式
A = MTBF ÷ (MTBF + MTTR)　← そもそもこれが稼働率の定義だというのがおかしい･･･しかし覚えるしかない。
"
875,"DJ-AP-R4A

組織的なインシデント対応体制の構築や運用を支援する目的でJPCERTコーディネーション センターが作成したものはどれか。

ア　CSIRTマテリアル

イ　ISMSユーザーズガイド

ウ　証拠保全ガイドライン

エ　組織における内部不正防止ガイドライン

","【正解】　ア

CSIRTマテリアルは、組織的なインシデント対応体制である「組織内CSIRT」の構築を支援する目的で作成されたガイドラインです。構想フェーズ、構築フェーズ、運用フェーズの3部構成になっていて、ITセキュリティに対応するための情報およびノウハウが提示されて います。 CSIRTマテリアルはJPCERT/CCのWebサイトで閲覧可能です。

ア “CSIRTマテリアル”
正しい。CSIRTマテリアルは、組織内CSIRT(インシデント対応チーム)の構築を支援する目的でJPCERT/CCが作成したガイドラインです。

イ ""ISMSユーザーズガイド”
ISMSユーザーズガイドは、 ISMS認証基準の要求事項について一定の範囲でその意味するところを説明しているガイドです。 JIPDECによって作成されています。

ウ “証拠保全ガイドライン""
証拠保全ガイドラインは、電磁的証拠の保全手続きの参考として、様々な事案について広く利用できるように策定された指針です。デジタル・フォレンジック研究会によって 作成されています。

エ “組織における内部不正防止ガイドライン”
組織における内部不正防止ガイドラインは、組織が管理する情報と情報システムに対する内部不正の防止、および不正行為発生時の早期発見と拡大防止のための体制の整備を 推進するための指針です。IPAによって作成されています。
"
876,"DJ-AP-R4A

aを正の整数とし,b=a2とする。aを2進数で表現するとnビットであるとき,bを2進数で表現すると最大で何ビットになるか。

ア　n+1

イ　2n

ウ　n2

エ　2n

","【正解】　イ
"
877,"DJ-AP-R4S

再入可能プログラムの特徴はどれか。

ア　主記憶上のどこのアドレスに配置しても,実行することができる。

イ　手続の内部から自分自身を呼び出すことができる。

ウ　必要な部分を補助記憶装置から読み込みながら動作する。主記憶領域の大きさに制限 があるときに, 有効な手法である。

エ　複数のタスクからの呼出しに対して, 並行して実行されても,それぞれのタスクに正しい結果を返す。
","【正解】　エ
“あなたの解答:イ”

再入可能(リエントラント)プログラムとは、複数のタスクから同時に呼び出されても、それぞれに正しい値を返すことができるプログラム構造のことを表します。これを実現するには、プログラムをデータ部分と内容が共通である手続き部分に分離し、データ部分をタスクごとに用意する必要があります。

ア　再配置可能プログラムの特徴です。

イ　再帰プログラムの特徴です。

ウ　オーバーレイの説明です。

エ　正しい。再入可能プログラムの特徴です。
"
878,"DJ-AP-R4S

クライアント証明書で利用者を認証するリバースプロキシサーバを用いて,複数のWebサーバにシングルサインオンを行うシステムがある。このシステムに関する記述のうち,適切な ものはどれか。

ア　クライアント証明書を利用者のPCに送信するのは,Webサーバではなく, リバース プロキシサーバである。

イ　クライアント証明書を利用者のPCに送信するのは, リバースプロキシサーバではな く, Webサーバである。

ウ　利用者IDなどの情報をWebサーバに送信するのは,リバースプロキシサーバではな く、利用者のPCである。

エ　利用者IDなどの情報をWebサーバに送信するのは、 利用者のPCではなく, リバース プロキシサーバである。

","【正解】　エ

1　リバースプロキシサーバは、利用者からの通信をいったん受け取り、内部のWebサーバの代わりに応答を返す窓口となるサーバ

2　利用者が接続するとき、クライアント証明書を提示させる設定にしておく証明書には利用者の公開鍵や所有者情報などが含まれている

3　リバースプロキシサーバは、提示されたクライアント証明書を信頼できる認証局で発行されたものかどうか検証する

4　証明書が正当であると確認できたら、利用者は実在性や所属などが確認された正当な利用者として認証される

5　その後、リバースプロキシサーバは、内部のWebサーバに対して、認証済みの利用者であることを伝え
必要な情報を添えて通信を中継する

6　内部のWebサーバは、クライアント証明書の処理を直接行わずに、認証済みの情報を受け取るだけでよいこのため内部サーバの構成を簡素に保てる

7　仕組みの利点
・通信経路が暗号化される
・なりすましが困難
・安全に本人確認ができる
・内部システムを外部から保護できる
"
879,"DJ-AP-R4S

MTBFを長くするよりも, MTTRを短くするのに役立つものはどれか。

ア　エラーログ取得機能

イ　記憶装置のビット誤り訂正機能

ウ　命令再試行機能

エ　予防保全

","【正解】　ア
"
880,"DJ-AP-R4S

バイラルマーケティングの説明はどれか。

ア　顧客の好みや欲求の多様化に対応するために、画一的なマーケティングを行うのではなく、顧客一人ひとりの興味関心に合わせてマーケティングを行う手法

イ　市場全体をセグメント化せずに一つとして捉え、一つの製品を全ての購買者に対し, 画一的なマーケティングを行う手法

ウ　実店舗での商品販売, ECサイトなどのバーチャル店舗販売など複数のチャネルを連 携させ,顧客がチャネルを意識せず購入できる利便性を実現する手法

エ　人から人へ,プラスの評価が口コミで爆発的に広まりやすいインターネットの特長を 生かす手法

","バイラルマーケティングは、インターネット上では人から人への口コミが連鎖して爆発的に広がっていく性質を利用し、SNSやメール等での拡散を狙って話題になりやすい記事や企 画を仕掛けることで、商品やサービスへの認知や興味を高めようとするマーケティング手法です。口コミを活用するので少ない広告宣伝費用で大きなプロモーション効果が望めますが、利用者に自発的なアクションを促す仕掛け作りが難しい、拡散の度合いがコントロールしにくいという面もあります。 

バイラル(viral)は、「ウイルス性の」や「感染的な」という意味を持つ言葉です。
"
881,"DJ-AP-R4S

専門家が行うものと利用者が多なうものに分けよ。

アンケート
回顧法
思考発話法
認知的ウォークスルー法
ヒューリスティック評価法
","利用者が参加する手法
アンケート
回顧法
思考発話法

専門家だけで実施する手法
認知的ウォークスルー法
ヒューリスティック評価法
"
882,"DJ-AP-R4S

非機能要件の使用性に該当するものはどれか。

ア　4時間以内のトレーニングを受けることで,新しい画面を操作できるようになること

イ　業務量がピークの日であっても, 8時間以内で夜間バッチ処理を完了できること

ウ　現行のシステムから新システムに72時間以内で移行できること

エ　地震などの大規模災害時であっても, 144時間以内にシステムを復旧できること
","【正解】　ア
"
883,"DJ-AP-R4S

リーダーシップ論のうち,PM理論の特徴はどれか。

ア　優れたリーダーシップを発揮する, リーダー個人がもつ性格, 知性, 外観などの個人的資質の分析に焦点を当てている。

イ　リーダーシップのスタイルについて,目標達成能力と集団維持能力の二つの次元に焦点を当てている。

ウ　リーダーシップの有効性は、部下の成熟(自律性)の度合いという状況要因に依存する としている。

エ　リーダーシップの有効性は, リーダーがもつパーソナリティと,リーダーがどれだけ統制力や影響力を行使できるかという状況要因に依存するとしている。

","【正解】　イ 
""あなたの解答: エ”

PM理論(ピーエムりろん)とは、リーダーシップは 「P機能」 と「M機能」という2つの柱で構成されているとする理論で、2つの機能の強弱の組合せでリーダーのタイプを類型化して表します。

P機能(Performance function)... 目標達成能力
計画立案、指示、叱咤などによってチームの生産性を高め、目標達成に向けてチームをけん引していく能力

M機能(Maintenance function)... 集団維持能力
チーム構成員同士の人間関係を良好に保ち、チームワークを深める能力
各機能が強い場合を大文字(P,M)、弱い場合を小文字(p,m)で表し、その組合せで4つのタイプに当てはめます。
"
884,"DJ-AP-R4S

問題は発生していないが,プログラムの仕様書と現状のソースコードとの不整合を解消するために、リバースエンジニアリングの手法を使って仕様書を作成し直す。 これはソフトウェ ア保守のどの分類に該当するか。

ア　完全化保守

イ　是正保守

ウ　適応保守

エ　予防保守

","【正解】　ア
"
885,"DJ-AP-R4S

一つのI2Cバスに接続された二つのセンサーがある。 それぞれのセンサー値を読み込む二つ のタスクで排他的に制御したい。 利用するリアルタイムOSの機能として、 適切なものはど れか。

ア　キュー

イ セマフォ

ウ マルチスレッド

エ　ラウンドロビン

","【正解】　イ
""あなたの解答: イ”

セマフォは、並行動作している複数のタスク間で共通して使用する資源へのアクセスを制御するメカニズムです。
資源を使用するにはセマフォを取得する必要があり、あるタスクがセマフォを取得するとセマフォは1つ減り、逆に資源が解放されると1つ増えます。セマフォが1以上であれば資源は使用可能で、0のときは資源へのアクセスは待たされます。この仕組みによって、同時更新が問題となる処理部分の排他制御を行います。

I2Cバスを使う具体的な機器の例

温度センサ
加速度センサ
ジャイロセンサ
リアルタイムクロックIC
"
886,"DJ-AP-R4S

CAP定理におけるAとPの特性をもつ分散システムの説明として,適切なものはどれか。

ア　可用性と整合性と分断耐性の全てを満たすことができる。

イ　可用性と整合性を満たすが分断耐性を満たさない。

ウ　可用性と分断耐性を満たすが整合性を満たさない。

エ　整合性と分断耐性を満たすが可用性を満たさない。

","【正解】　ウ　← 「AとPの特性をもつ」とは「満たさない」こと
"
887,"DJ-AP-R4S

ITIL 2011 editionでは, 可用性管理における重要業績評価指標 (KPI)の例として, ""保守性を表す指標値""の短縮を挙げている。保守性を表す指標に該当するものはどれか。

ア　一定期間内での中断の数

イ　平均故障間隔

ウ　平均サービス・インシデント間隔

エ　平均サービス回復時間

","【正解】　エ

ア“一定期間内での中断の数”
 可用性を表す指標です。

イ“平均故障間隔”
信頼性を表す指標です。

ウ “平均サービス・インシデント間隔 ""
信頼性を表す指標です。

エ“平均サービス回復時間”
正しい。保守性を表す指標です。
"
888,"DJ-AP-R4S

あるシステムにおけるデータ復旧の要件が次のとおりであるとき, データのバックアップは
最長で何時間ごとに取得する必要があるか。

〔データ復旧の要件〕

RTO (目標復旧時間) : 3時間

RPO(目標復旧時点) : 12時間前

","【正解】　ウ

RTO (Recovery Time Objective) は、企業が不測の事態に陥った際に「いつまでに復旧するのか」という時間的な目標のこと

RPO (Recovery Point Objective)は、「いつの時点の データまで復元する必要があるか」という目標です。

本問の要件だと、障害が発生した場合に3時間以内に少なくとも障害発生12時間前の時点のデータまで復旧するということです。12時間前の状態に戻すには12時間以内に取得したバックアップがあればよいので、データのバックアップ頻度は最長で12時間ごととなります。
"
889,"DJ-AP-R4S

XBRLで主要な取扱いの対象とされている情報はどれか。

ア　医療機関のカルテ情報

イ　企業の顧客情報

ウ　企業の財務情報

エ　自治体の住民情報

","【正解】　ウ
“あなたの解答:エ”

XBRL(eXtensible Business Reporting Language)は、各種財務報告用の情報を電子化して作成・流通・利用できるように標準化されたXMLベースの言語です。国内では日本公認会計士協会等が中心となって設立したXBRL Japanが作成、普及、啓蒙活動を行っており、2005年7月20日にJIS化(JIS X7206) されています。 XBRLに対応した代表的なシステムに国税庁のe-Tax (電子申告・電子納税システム 財務諸表部分に使用)等があります。

XBRLが主に取り扱うのは 「企業の財務情報」です。したがって「ウ」 が正解です。
"
890,"DJ-AP-R4S

JIS Q 27000:2019 (情報セキュリティマネジメントシステム-用語)における""リスクレベ ル""の定義はどれか。

ア　脅威によって付け込まれる可能性のある,資産又は管理策の弱点

イ　結果とその起こりやすさの組合せとして表現される, リスクの大きさ

ウ　対応すべきリスクに付与する優先順位

エ　リスクの重大性を評価するために目安とする条件

","【正解】　イ

“あなたの解答:工”

ア “脅威によって付け込まれる可能性のある, 資産又は管理策の弱点”
脆弱性の定義です。

イ“結果とその起こりやすさの組合せとして表現される,リスクの大きさ”
正しい。 リスクレベルの定義です。リスクは影響度と発生確率の積で大きさを見積もります。

ウ “対応すべきリスクに付与する優先順位”
この記述に対応する用語はありません。

エ “リスクの重大性を評価するために目安とする条件”
リスク基準の定義です。
"
891,"DJ-AP-R4S

キャッシュメモリのフルアソシエイティブ方式に関する記述として,適切なものはどれか。

ア　キャッシュメモリの各ブロックに主記憶のセットが固定されている。

イ　キャッシュメモリの各ブロックに主記憶のブロックが固定されている。

ウ　主記憶の特定の1ブロックに専用のキャッシュメモリが割り当てられる。

エ　任意のキャッシュメモリのブロックを主記憶のどの部分にも割り当てられる。


","【正解】　エ
""あなたの解答: エ”

ダイレクトマップ
ハッシュ演算などにより、 主記憶のアドレスからキャッシュメモリのブロック番号が一意に定まる方式。主記憶のブロックとキャッシュメモリのブロックが1対1で対応する

フルアソシエイティブ
主記憶のブロックをキャッシュメモリ上のどのブロックにも格納することができる方式

セットアソシエイティブ
キャッシュメモリのブロックを連続した一定数ごとにまとめた""セット""を用意し、主記憶のアドレスから対応する""セット""が一意に定まり、そのセット内のブロックならどこでも格納できる方式。ダイレクトマップとフルアソシエイティブの中間的な存在で、現在ほぼすべてのCPUアーキテクチャで採用されている
"
892,"DJ-AP-R4S

M/M/1の待ち行列モデルにおいて, 窓口の利用率が25%から40%に増えると, 平均待ち時間 は何倍になるか。

ア　1.25

イ　1.60

ウ　2.00

エ　3.00

","【正解】　ウ
"
893,"DJ-AP-R4S

UMLの図のうち, 業務要件定義において、業務フローを記述する際に使用する, 処理の分岐や並行処理,処理の同期などを表現できる図はどれか。

ア　アクティビティ図

イ　クラス図

ウ　状態遷移図

エ　ユースケース図

","【正解】　ア
"
894,"DJ-AP-R4S

8Tバイトの磁気ディスク装置6台を,予備ディスク(ホットスペアディスク) 1台込みのRAID5構成にした場合、 実効データ容量は何Tバイトになるか。

ア　24

イ　32

ウ　40

エ　48

","【正解】　イ

Hot Spare Diskとは

1　RAID構成で使われる予備のディスクのこと

2　通常は待機状態で使用されず、他のディスクが故障したときに自動的に代わりに組み込まれる

3　故障ディスクの代替としてすぐに動作するので復旧が自動で素早く行われる

4　システムの停止時間を減らし耐障害性を高める目的で使われる
"
895,"DJ-AP-R4S

ANSI/SPARC 3層スキーマモデルにおける内部スキーマの設計に含まれるものはどれか。

ア　SQL問合せ応答時間の向上を目的としたインデックスの定義

イ　エンティティ間の""1対多"", ""多対多""などの関連を明示するE-Rモデルの作成

ウ　エンティティ内やエンティティ間の整合性を保つための一意性制約や参照制約の設定

エ　データの冗長性を排除し、 更新の一貫性と効率性を保持するための正規化
","【正解】　ア
“あなたの解答:ア”

ANSI/SPARC 3層スキーマは、概念スキーマ、外部スキーマ、内部スキーマの3つのグループに分けてデータ定義を行うデータベースモデルで、物理的・論理的データの独立性を達成 するためにDBMSがサポートすべきアーキテクチャとして提案されたものです。

概念スキーマ
データベース化対象の業務とデータの内容を論理的なデータモデルとして表現したもの。 概念スキーマを記述するために記号系にはリレーショナルモデルの他にも、 ネットワークモデル、 階層型モデルなどがある。 リレーショナルモデルではE-R図の作成、 表定義、表の正規化が概念スキーマに相当する。

外部スキーマ
概念スキーマで定義されたデータモデル上に利用者ごとの目的に応じた見方を表現したもの。リレーショナルモデルのビューやネットワークモデルのサブスキーマが外部スキーマ に相当する。

内部スキーマ
概念スキーマで定義されたデータモデルを記憶装置上にどのような形式で格納するかを表現したもの。 ファイル編成やインデックスの設定などが内部スキーマに相当する。
"
896,"DJ-AP-R4S

BPOの説明はどれか。

ア　災害や事故で被害を受けても,重要事業を中断させない,又は可能な限り中断期間を 短くする仕組みを構築すること

イ　社内業務のうちコアビジネスでない事業に関わる業務の一部又は全部を,外部の専門 的な企業に委託すること

ウ　製品の基準生産計画、 部品表及び在庫情報を基に、資材の所要量と必要な時期を求め、これを基準に資材の手配、納入の管理を支援する生産管理手法のこと

エ　プロジェクトを、戦略との適合性や費用対効果, リスクといった観点から評価を行い,情報化投資のバランスを管理し、 最適化を図ること
","【正解】　イ
BPO (Business Process Outsourcing)
"
897,"DJ-AP-R4S

不正アクセス禁止法で規定されている, ""不正アクセス行為を助長する行為の禁止""規定によ って規制される行為はどれか。

ア　業務その他正当な理由なく、他人の利用者IDとパスワードを正規の利用者及びシス テム管理者以外の者に提供する。

イ　他人の利用者IDとパスワードを不正に入手する目的で, フィッシングサイトを開設する。

ウ　不正アクセスの目的で,他人の利用者IDとパスワードを不正に入手する。

エ　不正アクセスの目的で,不正に入手した他人の利用者IDとパスワードをPCに保管する。

","【正解】　ア

ア　正しい。不正アクセス行為を助長する行為の禁止 (5条)で規制される行為です。

イ　識別符号の入力を不正に要求する行為の禁止 (7条)で規制される行為です。

ウ　他人の識別符号を不正に取得する行為の禁止 (4条)で規制される行為です。

エ　他人の識別符号を不正に保管する行為の禁止(6条)で規制される行為です。
"
898,"DJ-AP-R3A

ページング方式の仮想記憶において,ページ置換えの発生頻度が高くなり,システムの処理 能力が急激に低下することがある。このような現象を何と呼ぶか。

ア　スラッシング

イ　スワップアウト

ウ　フラグメンテーション

エ　ページフォールト
","【正解】　ア
"
899,"DJ-AP-R3A

経済産業省""情報セキュリティ監査基準 実施基準ガイドライン (Ver1.0)"" における, 情報セ キュリティ対策の適切性に対して一定の保証を付与することを目的とする監査(保証型の監 査)と情報セキュリティ対策の改善に役立つ助言を行うことを目的とする監査 (助言型の監査) の実施に関する記述のうち, 適切なものはどれか。

ア　同じ監査対象に対して情報セキュリティ監査を実施する場合、 保証型の監査から手が け,保証が得られた後に助言型の監査に切り替えなければならない。

イ　情報セキュリティ監査において、 保証型の監査と助言型の監査は排他的であり,監査人はどちらで監査を実施するかを決定しなければならない。

ウ　
情報セキュリティ監査を保証型で実施するか助言型で実施するかは, 監査要請者の二 ーズによって決定するのではなく、監査人の責任において決定する。

エ　不特定多数の利害関係者の情報を取り扱う情報システムに対しては、保証型の監査を 定期的に実施し、その結果を開示することが有用である。

","【正解】　エ
"
900,"DJ-AP-R3A

loT推進コンソーシアム, 総務省経済産業省が策定した ""loTセキュリティガイドライン(ve r1.0)""における ""要点17. 出荷・リリース後も安全安心な状態を維持する "" に対策例として挙 げられているものはどれか。

ア　IoT機器及びloTシステムが収集するセンサーデータ, 個人情報などの情報の洗い出並びに保護すべきデータの特定

イ　IoT機器のアップデート方法の検討, アップデートなどの機能の搭載, アップデートの実施

ウ　IoT機器メーカー IoTシステムやサービスの提供者、 利用者の役割の整理

エ　PDCAサイクルの実施, 組織としてIoTシステムやサービスのリスクの認識, 対策を行う体制の構築

","【正解】　イ
"
901,"DJ-AP-R3A

企業が,""特定電子メールの送信の適正化等に関する法律""に定められた特定電子メールに該当する広告宣伝メールを送信する場合に関する記述のうち, 適切なものはどれか。

ア　SMSで送信する場合はオプトアウト方式を利用する。

イ　オプトイン方式, オプトアウト方式のいずれかを企業が自ら選択する。

ウ　原則としてオプトアウト方式を利用する。

エ　原則としてオプトイン方式を利用する。
","【正解】　エ
あなたの解答:ウ”

「オプトイン」と「オプトアウト」は次のような方式です。

オプトイン
事前に同意を得た相手だけにメールを送信する

オプトアウト
メールの送信は原則自由で、受け取りたくない受信者は個別に受信拒否通知を行う
"
902,"DJ-AP-R3A

バリューチェーンの説明はどれか。

ア　企業活動を,五つの主活動と四つの支援活動に区分し、 企業の競争優位の源泉を分析 するフレームワーク

イ　企業の内部環境と外部環境を分析し,自社の強みと弱み, 自社を取り巻く機会と脅威を整理し明確にする手法

ウ　財務,顧客,内部ビジネスプロセス, 学習と成長の四つの視点から企業を分析し、戦略マップを策定するフレームワーク

エ　商品やサービスを、誰に, 何を,どのように提供するかを分析し、事業領域を明確にする手法

","【正解】　ア
“あなたの解答:工”

バリューチェーンとは、マイケル・ポーターの競争戦略の中で提唱されたフレームワークで、事業活動を価値創造活動の集合と捉え、製品の付加価値がどの部分(機能)で生み出さ れているかを分析し、その価値の連鎖を最適化するためのフレームワークです。業務を「購 買物流」「製造」「出荷物流」「販売・マーケティング」「サービス」という5つの主活動 と、「調達」「技術開発」「人事・労務管理」 「全般管理」の4つの支援活動に分類して、主活動の効率を上げることで他企業との競争優位を確立しようとします。

ア　正しい。 バリューチェーンの説明です。

イ　SWOT分析の説明です。

ウ　バランススコアカードの説明です。

エ　事業ドメインを設定する際に用いられるCFT分析の説明です。 CFTは、 顧客 (Custome r)、機能(Function)、 技術 (Technology) の頭文字をとった字句です。
"
903,"DJ-AP-R3A

オープンリダイレクトを悪用した攻撃に該当するものはどれか。

ア　HTMLメールのリンクを悪用し, HTMLメールに,正規のWebサイトとは異なる偽のWebサイトのURLをリンク先に指定し, 利用者がリンクをクリックすることによっ て,偽のWebサイトに誘導する。

イ　Webサイトにアクセスすると自動的に他のWebサイトに遷移する機能を悪用し,攻 撃者が指定した偽のWebサイトに誘導する。

ウ　インターネット上の不特定多数のホストからDNSリクエストを受け付けて応答するD NSキャッシュサーバを悪用し, 攻撃対象のWebサーバに大量のDNSのレスポンスを 送り付け, リソースを枯渇させる。

エ　設定の不備によって, 正規の利用者以外からの電子メールやWebサイトへのアクセ ス要求を受け付けるプロキシを悪用し, 送信元を偽った迷惑メールの送信を行う。

","【正解】　イ
“あなたの解答:ウ”

オープンリダイレクトは、URLパラメータやフォームデータなどの入力情報をもとに利用者を特定のWebページに遷移させるWebアプリケーションにおいて、任意のページにリダイレクトできてしまう脆弱性です。

Webアプリケーションでは、ある処理を行った後に利用者を特定のWebページに遷移させるケースがあり、遷移先のURLをパラメータとして受け取るものがあります。このURLを無制限に受け入れている場合、入力パラメータを細工することで利用者を任意のURLにリダイレクトさせることが可能となります。 この脆弱性を攻撃者が悪用することで、利用者は気付かないうちに信頼できるWebサイトから悪意のあるWebサイトに誘導されてしまい、誘導した先でフィッシングなどの被害に遭う危険があります。オープンリダイレクトの脆弱性に対しては、リダイレクト先のドメインやページを限定することが根本的な対策となります。

// オープンリダイレクト脆弱性の例
https://example.com/redirect?url=https://attacker.com/
"
904,"DJ-AP-R3A

データベースの障害回復処理に関する記述のうち, 適切なものはどれか。

ア　異なるトランザクション処理プログラムが,同一データベースを同時更新することに よって生じる論理的な矛盾を防ぐために, データのブロック化が必要になる。

イ　システムが媒体障害以外のハードウェア障害によって停止した場合, チェックポイン トの取得以前に終了したトランザクションについての回復作業は不要である。

ウ　データベースの媒体障害に対して, バックアップファイルをリストアした後, ログフ アイルの更新前情報を使用してデータの回復処理を行う。

エ　トランザクション処理プログラムがデータベースの更新中に異常終了した場合には, ログファイルの更新後情報を使用してデータの回復処理を行う。

","【正解】　イ

ア　更新によるデータの不整合を防ぐためには、トランザクションの排他制御を行います。

イ　正しい。

ウ　更新後ログを使用して

エ　更新前ログを使用して
"
905,"DJ-AP-R3A

マクシミン原理とは何か?
","マクシミン原理とは、不確実性のある状況や意思決定問題において「最悪の場合の結果を最小化する」ことを基準に意思決定を行う方法です。簡単に言うと、「最悪のシナリオをできるだけ良くする」戦略です。

具体的には次のように考えます：

各選択肢に対して、最も悪い結果（最小の利益や最大の損失など）を確認する。

その中で最も「まし」な最悪結果をもたらす選択肢を選ぶ。

例：

投資の選択肢が複数ある場合、各投資の最悪の損失額を計算する。

その中で損失が最も小さい投資を選ぶ。

特徴：

リスク回避的な意思決定に向く。

情報が不十分な状況でも使いやすい。

最適性より安全性を重視するアプローチ。

対義的な考え方として「マキシマックス原理（最も良い結果を最大化する）」があります。

希望すれば、簡単な表でマクシミンとマキシマックスの比較も示せます。作りますか?
"
906,"DJ-AP-R3A

リーダーシップ論のうち, ハーシィ&ブランチャードが提唱するSL理論の特徴はどれか。

ア　優れたリーダーシップを発揮する, リーダー個人がもつ性格, 知性, 外観などの個人 的資質の分析に焦点を当てている。

イ　リーダーシップのスタイルについて,目標達成能力と集団維持能力の二つの次元に焦点を当てている。

ウ　リーダーシップの有効性は、 部下の成熟 (自律性)の度合いという状況要因に依存する としている。

エ　リーダーシップの有効性は, リーダーがもつパーソナリティと, リーダーがどれだけ 統制力や影響力を行使できるかという状況要因に依存するとしている。
","【正解】　ウ

SL は Situational Leadership の略。

ポイント：

部下の能力（スキル）と意欲（やる気）の組み合わせに応じて、指示的・支持的なリーダーシップの度合いを調整する。

4つのリーダーシップスタイル（S1〜S4）に分類される：

S1 指示型（高指示・低支援）

S2 コーチ型（高指示・高支援）

S3 支援型（低指示・高支援）

S4 委任型（低指示・低支援）

部下が成長（成熟）するに従って、リーダーの関わり方を柔軟に変えるのが特徴です。
"
907,"DJ-AP-R3A

静的型付けを行うプログラム言語では,コンパイル時に変数名の誤り,誤った値の代入など が発見できる。 Webプログラミングで用いられるスクリプト言語のうち, 変数の静的型付け ができるものはどれか。

ア　ECMAScript

イ　JavaScript

ウ　TypeScript

エ　VBScript
","【正解】　ウ

TypeScriptは、Microsoftが開発したJavaScriptに型付けを追加したプログラミング言語です。

静的型付け
変数や関数の型をあらかじめ指定できるため、コンパイル時に型の不整合をチェックできる。

JavaScriptのスーパーセット
既存のJavaScriptコードはそのままTypeScriptで動作する。

コンパイル必須
TypeScriptで書いたコードは、最終的に**JavaScriptに変換（トランスパイル）**されてブラウザやNode.jsで実行される。

オブジェクト指向サポートの強化
クラス、インターフェース、ジェネリクスなどの高度な型設計が可能。
"
908,"DJ-AP-R3A

演算レジスタが16ビットのCPUで符号付き16ビット整数×1, X2を16ビット符号付き加算(×1 + x2)するときに,全てのx1, X2の組合せにおいて加算結果がオーバーフローしないものはど れか。ここで,|x|はxの絶対値を表し, 負数は2の補数で表すものとする。

ア　|x1|+|x2|≦32,768の場合

イ　|x1|及び|x2|がともに 32,767未満の場合

ウ　x１+x2 > 0の場合

エ　x1とx2の符号が異なる場合
","【正解】　エ
"
909,"DJ-AP-R3A

アジャイル開発手法の一つであるスクラムでは,プロダクトオーナー, スクラムマスター, 開発者でスクラムチームを構成する。 スクラムマスタが行うこととして, 最も適切なものは どれか。

ア　各スプリントの終わりにプロダクトインクリメントのリリースの可否を判断する。

イ　スクラムの理論とプラクティスを全員が理解するように支援する。

ウ　プロダクトバックログアイテムを明確に表現する。

エ　プロダクトバックログの優先順位を決定する。

","【正解】　イ

ア　プロダクトオーナーの行うことです。

イ　正しい。 スクラムマスターの行うことです。

ウ　プロダクトオーナーの行うことです。

エ　プロダクトオーナーの行うことです。
"
910,"DJ-AP-R3A

RFIとRFPを説明せよ
","RFI：調達や導入の前に、ベンダーから情報を収集するための文書。

RFP：具体的な要件や条件を提示して、提案や見積もりを依頼する文書。
"
911,"DJ-AP-R3A

盗まれたクレジットカードの不正利用を防ぐ仕組みのうち, オンラインショッピングサイト での不正利用の防止に有効なものはどれか。

ア　3Dセキュアによって本人確認する。

イ　クレジットカード内に保持されたPINとの照合によって本人確認する。

ウ　クレジットカードの有効期限を確認する。

エ　セキュリティコードの入力によって券面認証する。


","【正解】　ア
“あなたの解答:イ”

イ　PIN(暗証番号)は、ICチップ内の情報を読み出すことが前提となっているため、オンライン決済の認証には使えません。
"
912,"DJ-AP-R3A

プログラム特性に関する記述のうち, 適切なものはどれか。

ア　再帰的プログラムは再入可能な特性をもち, 呼び出されたプログラムの全てがデータを共用する。

イ　再使用可能プログラムは実行の始めに変数を初期化する, 又は変数を初期状態に戻し た後にプログラムを終了する。

ウ　再入可能プログラムは, データとコードの領域を明確に分離して, 両方を各タスクで共用する。

エ　再配置可能なプログラムは,実行の都度, 主記憶装置上の定まった領域で実行され
る。

","【正解】　イ
“あなたの解答: ウ”

リエントラント (Reentrant 再入可能)
プログラム中の変数を各プロセスごとに用意することで、複数のプロセスから同時に実行されてもそれぞれに正しい値を返すことができる性質

リユーザーブル (Reusable: 再使用可能)
プログラムの主記憶へのロードを初回実行時のみ行い、以後は再ロードせずに繰り返し利用できる性質

リカーシブ (Recursive: 再帰可能)
プログラム中において自分自身を呼び出すことが可能な性質

リロケータブル (Relocatable: 再配置可能)
プログラムを主記憶上のどの位置においても処理が可能な性質

ア　再帰的プログラムは、 複数のプロセスにより同時に実行されるため再入可能でなければなりません。 再入可能ということは、呼び出されたプログラムごとに別個の変数部分を保持するということです。

イ　正しい。再使用可能プログラムでは、再使用の際に前の実行時データを使ってしまわないように、プログラムの最初または最後で変数を初期化する処理が必要です。

ウ　再入可能プログラムでは、コード領域は各タスクで共用し、データ領域は各タスクごとに持ちます。

エ　再配置可能プログラムは、主記憶上のどの位置においても正しく実行される特性を持つので誤りです。
"
913,"DJ-AP-R3A

信頼性設計においてフールプルーフを実現する仕組みの一つであるインターロックの例とし て,適切なものはどれか。

ア　ある機械が故障したとき,それを停止させて代替の機械に自動的に切り替える仕組み

イ　ある条件下では,特定の人間だけが,システムを利用することを可能にする仕組み

ウ　システムの一部に不具合が生じたとき,その部分を停止させて機能を縮小してシステ ムを稼働し続ける仕組み

エ　動作中の機械から一定の範囲内に人間が立ち入ったことをセンサーが感知したとき, 機械の動作を停止させる仕組み

","【正解】　エ
“あなたの解答:イ”

インターロックは、特定の条件を満たさない限り、機械が作動しないようにする機構です。 機械が動作しているときにガードを開くと機械が停止したり、ガードの中に人間がいるとき には機械の運転ができないようにしたりすることで未然に危険を回避します。

ア　フェールオーバーの例です。

イ　フェールセーフを実現する仕組みであるアクセス制御の例です。

ウ　フェールソフトを実現する仕組みであるフォールバックの例です。

エ　正しい。 インターロックの例です。
"
914,"DJ-AP-R3A

新しい事業に取り組む際の手法として, E.リースが提唱したリーンスタートアップの説明は どれか。

ア　地方公共団体など,公共機関の補助金・助成金の交付を前提とし,事前に詳細な 事業計画を検討・立案した上で, 公共性のある事業を立ち上げる手法

イ　市場環境の変化によって競争力を喪失した事業分野に対して,経営資源を大規模に追 加投入し, リニューアルすることによって, 基幹事業として再出発を期す手法

ウ　持続可能な事業を迅速に構築し, 展開するために、 あらかじめ詳細に立案された事業 計画を厳格に遂行して、 成果の検証や計画の変更を最小限にとどめる手法

エ　実用最小限の製品・サービスを短期間で作り、構築・計測・学習というフィードバッ クループで改良や方向転換をして,継続的にイノベーションを行う手法

","【正解】　エ
あなたの解答:工”

リーンスタートアップは、トヨタ生産方式を起源とするリーン生産方式の着想を起業プロセスに応用した方法論です。起業プロセスにかかわる無駄をなくし、科学的にマネジメントを 行うことで、 起業・新事業・新製品開発で陥りやすい失敗を少なくすることを目的としています。
"
915,"DJ-AP-R3A

PMBOKガイド第6版によれば, リスクの定量的分析で実施することはどれか。

ア　発生の可能性や影響のみならず他の特性を評価することによって,さらなる分析や行 動のためにプロジェクトの個別リスクに優先順位を付ける。

イ　プロジェクトの個別の特定した個別リスクと,プロジェクト目標全体における他の不確実性要因が複合した影響を数量的に分析する。

ウ　プロジェクトの全体リスクとプロジェクトの個別リスクに対処するために,選択肢の 策定、戦略の選択, 及び対応処置を合意する。

エ　プロジェクトの全体リスクの要因だけでなくプロジェクトの個別リスクの要因も特定し,それぞれの特性を文書化する。
","【正解】　イ
"
916,"DJ-AP-R3A

IPv4ネットワークにおいて,あるホストが属するサブネットのブロードキャストアドレス を,そのホストのIPアドレスとサブネットマスクから計算する方法として、 適切なものはどれか。ここで,論理和,論理積はビットごとの演算とする。

ア　IPアドレスの各ビットを反転したものとサブネットマスクとの論理積を取る。

イ　IPアドレスの各ビットを反転したものとサブネットマスクとの論理和を取る。

ウ　サブネットマスクの各ビットを反転したものとIPアドレスとの論理積を取る。

エ　サブネットマスクの各ビットを反転したものとIPアドレスとの論理和を取る。

","【正解】　エ

例
IPアドレス 192.168.10.25
サブネットマスク 255.255.255.240

IPアドレスを2進数にする
11000000 10101000 00001010 00011001

サブネットマスクを2進数にする
11111111 11111111 11111111 11110000

サブネットマスクを反転する
00000000 00000000 00000000 00001111
反転した部分がホスト部のビット範囲

IPアドレスと反転マスクで論理和を取る
00011001 と 00001111 を比較する
論理和 OR はどちらかが1なら1になる

00011001
OR
00001111

00011111

これを10進数に戻す
192.168.10.31
これがブロードキャストアドレス
"
917,"DJ-AP-R3S

システムの信頼性設計に関する記述のうち, 適切なものはどれか。

ア　フェールセーフとは、利用者の誤操作によってシステムが異常終了してしまうことのないように,単純なミスを発生させないようにする設計方法である。

イ　フェールソフトとは、故障が発生した場合でも機能を縮退させることなく稼動を継続 する概念である。

ウ フォールトアボイダンスとは, システム構成要素の個々の品質を高めて故障が発生しないようにする概念である。

エ　フォールトトレランスとは,故障が生じてもシステムに重大な影響が出ないように,あらかじめ定められた安全状態にシステムを固定し、全体として安全が維持されるような設計手法である。

","【正解】　ウ
"
918,"DJ-AP-R3S

スクラムチームにおけるプロダクトオーナーの役割はどれか。

ア　ゴールとミッションが達成できるように, プロダクトバックログのアイテムの優先順位を決定する。

イ　チームのコーチやファシリテータとして, スクラムが円滑に進むように支援する。

ウ　プロダクトを完成させるための具体的な作り方を決定する。

エ　リリース判断可能なプロダクトのインクリメントを完成する。
ウ
","【正解】　ア

ア　正しい。プロダクトオーナーの役割です。

イ　スクラムマスターの役割です。

ウ　開発チームの役割です。

エ　開発チームの役割です。
"
919,"DJ-AP-R3S

桁落ちによる誤差の説明として、 適切なものはどれか。

ア　値のほぼ等しい二つの数値の差を求めたとき, 有効桁数が減ることによって発生する誤差

イ　指定された有効桁数で演算結果を表すために,切捨て, 切上げ, 四捨五入などで下位 の桁を削除することによって発生する誤差
ウ　絶対値の非常に大きな数値と小さな数値の加算や減算を行ったとき,小さい数値が計 算結果に反映されないことによって発生する誤差

エ　無限級数で表される数値の計算処理を有限項で打ち切ったことによって発生する誤差
","【正解】　ア

ア　正しい。桁落ちの説明です。

イ　丸め誤差の説明です。

ウ　情報落ちの説明です。

エ　打ち切り誤差の説明です。
"
920,"DJ-AP-R3S

PMBOKガイド第6版によれば,リスクにはマイナスの影響を及ぼすリスク (脅威)とプラスの 影響を及ぼすリスク(好機)がある。 プラスの影響を及ぼすリスクに対する""強化""の戦略はど れか。

ア　いかなる積極的行動も取らないが, 好機が実現したときにそのベネフィットを享受する。

イ　好機が確実に起こり,発生確率が100%にまで高まると保証することによって,特別の好機に関連するベネフィットを捉えようとする。

ウ　好機のオーナーシップを第三者に移転して、好機が発生した場合にそれがベネフィッ トの一部を共有できるようにする。

エ　好機の発生確率や影響度,又はその両者を増大させる。

","【正解】　エ
"
921,"DJ-AP-R3S

NoSQLの一種である, グラフ指向DBの特徴として,適切なものはどれか。

ア　データ項目の値として階層構造のデータをドキュメントとしてもつことができる。また,ドキュメントに対しインデックスを作成することもできる。

イ　ノード, リレーション, プロパティで構成され, ノード間をリレーションでつないで 構造化する。ノード及びリレーションはプロパティをもつことができる。

ウ　一つのキーに対して一つの値をとる形をしている。値の型は定義されていないので, 様々な型の値を格納することができる。

エ　一つのキーに対して複数の列をとる形をしている。 関係データベースとは異なり, 列 の型は固定されていない。

","【正解】　イ
"
922,"DJ-AP-R3S

アグリゲーションサービスに関する記述として,適切なものはどれか。

ア　小売販売の会社が、店舗やECサイトなどあらゆる顧客接点をシームレスに統合し, どの顧客接点でも顧客に最適な購買体験を提供して、顧客の利便性を高めるサービス

イ　物品などの売買に際し,信頼のおける中立的な第三者が契約当事者の間に入り,代金 決済等取引の安全性を確保するサービス

ウ　分散的に存在する事業者, 個人や機能への一括的なアクセスを顧客に提供し,比較, まとめ, 統一的な制御, 最適な組合せなどワンストップでのサービス提供を可能にす るサービス

エ　本部と契約した加盟店が、本部に対価を支払い、販売促進,確立したサービスや商品 などを使う権利をもらうサービス
","【正解】　ウ

アグリゲーションサービスの例

新聞記事やニュースをまとめて表示するサービス
Yahoo!ニュース
SmartNews
NewsPicks

複数のネットショップの商品情報をまとめて検索できるサービス
価格.com
楽天市場の比較ページ
トラベルコ (旅行商品の比較)
"
923,"DJ-AP-R3S

暗号学的ハッシュ関数における原像計算困難性,つまり一方向性の性質はどれか。

ア　あるハッシュ値が与えられたとき, そのハッシュ値を出力するメッセージを見つける ことが計算量的に困難であるという性質

イ　入力された可変長のメッセージに対して, 固定長のハッシュ値を生成できるという性質

ウ　ハッシュ値が一致する二つの相異なるメッセージを見つけることが計算量的に困難で あるという性質

エ　ハッシュの処理メカニズムに対して, 外部からの不正な観測や改変を防御できるという性質

","【正解】　ア
"
924,"DJ-AP-R3S

経済産業省とIPAが策定した""サイバーセキュリティ経営ガイドライン(Ver2.0)""の説明はどれか。

ア　企業がIT活用を推進していく中で, サイバー攻撃から企業を守る観点で経営者が認識 すべき3原則と, 情報セキュリティ対策を実施する上での責任者となる担当幹部に, 経営者が指示すべき重要10項目をまとめたもの

イ　経営者が情報セキュリティについて方針を示し,マネジメントシステムの要求事項を満たすルールを定め、組織が保有する情報資産をCIAの観点から維持管理し、継続的 に見直すためのプロセス及び管理策を体系的に規定したもの

ウ　事業体のITに関する経営者の活動を,大きくITガバナンス (統制)とITマネジメント (管理)に分割し、 具体的な目標と工程として40のプロセスを定義したもの

エ　世界的規模で生じているサイバーセキュリティ上の脅威の深刻化に関して,企業の経 営者を支援する施策を総合的かつ効果的に推進するための国の責務を定めたもの

","【正解】　ア
"
925,"DJ-AP-R3S

ページング方式の仮想記憶において,ページアクセス時に発生する事象をその回数の多い順 に並べたものはどれか。 ここで,A≧Bは,Aの回数がBの回数以上, A=Bは,AとBの回数 が常に同じであることを表す。

ア　ページアウト≧ページイン≧ページフォールト

イ　ページアウト≧ページフォールト≧ページイン

ウ　ページフォールト=ページアウト≧ページイン

エ　ページフォールト=ページイン≧ページアウト

","【正解】　エ

そうですね、あなたの指摘は正しいです。細かく整理するとこうなります。

仮想記憶は論理的なアドレス空間であり、実際に存在するのは主記憶（RAM）と補助記憶（ディスクなど）です。ページフォールトが発生するのは、CPUがアクセスしたページが主記憶に存在しない場合です。

そのときOSはディスク（スワップ領域やファイル）からそのページを読み込んで主記憶に置くという操作を行います。これがページインです。

つまり、ページフォールトとページインは原因と結果の関係にあります。ページフォールトは「メモリにない」という事象、ページインは「ディスクから持ってきてメモリに置く」という処理です。

理論上はページフォールト=ページインと書くのは、ページフォールトが起きたときには必ずページインが行われるという平均的な回数の話であって、実際にはディスクからの読み込み操作です。

要するに、「仮想記憶から持ってくる」という表現は便宜的な言い方で、正確にはディスクから主記憶に持ってくるです。
"
926,"DJ-AP-R3S

コストベースのオプティマイザがSQLの実行計画を作成する際に必要なものはどれか。

ア　ディメンジョンテーブル

イ　統計情報

ウ　待ちグラフ

エ　ログファイル
","【正解】　イ

オプティマイザ (optimizer) は、 SQL文が実行された際、対象となるレコードの取得時間を 最小とするようにアクセスパスを最適化するデータベース管理システム(DBMS)の機能です。レコードを取得するためには、インデックスの使用や表全体の読込みなどの複数の方法が考えられます。 オプティマイザはクエリの実行計画を評価し、問合せ内容に応じて最も効 率がよい方法を選択します。
アクセスパスを選択する基準には「コストベースアプローチ」と「ルールベースアプロー チ」の2つがあり、 コストベースアプローチが一般的です。コストベースアプローチは、DBMSに蓄積された表やインデックスの統計情報をもとにコストを見積り、その結果に基づい て最も効率的な実行計画を作成する方法です。よって、コストベースアプローチにおいて実行計画を得る際に必要となる情報は「統計情報」が適切です。
なお、ルールベースアプローチは、あらかじめ決めておいたアクセスパスの優先順位などのルールに、実行しようとするSQL 構文と表やインデックスの定義情報を当てはめて実行計画 を作成する方法です。
"
927,"DJ-AP-R3S

マスタファイル管理に関するシステム監査項目のうち, 可用性に該当するものはどれか。

ア　マスタファイルが置かれているサーバを二重化し, 耐障害性の向上を図っていること

イ　マスタファイルのデータを複数件まとめて検索・加工するための機能が,システムに盛り込まれていること

ウ　マスタファイルのメンテナンスは,特権アカウントを付与された者だけに許されてい ること

エ　マスタファイルへのデータ入力チェック機能が,システムに盛り込まれていること
","【正解】　ア
“あなたの解答:イ”

ア　正しい。 障害が起きてもサービスの提供を維持できるような対策が実施されているかど うかが、可用性の監査項目になります。

イ　効率性に該当する項目です。

ウ　機密性に該当する項目です。

エ　完全性に該当する項目です。
"
928,"DJ-AP-R3S

ITIL 2011 editionによれば, サービス ポートフォリオの説明のうち、適切なものはどれ か。

ア　サービス・プロバイダの約束事項と投資を表すものであって,サービス・プロバイダ によって管理されている""検討中か開発中"",""稼働中か展開可能""及び""廃止済み""の全 てのサービスが含まれる。

イ　サービスの販売と提供の支援に使用され, 顧客に公開されるものであって, ""検討中 か開発中""と""廃止済み""のサービスは含まれず,""稼働中か展開可能""のサービスだけ が含まれる。

ウ　投資の機会と実現される価値を含むものであって, ""廃止済み” のサービスは含まれ ず,""検討中か開発中""のサービスと""稼働中か展開可能""のサービスが含まれる。

エ　どのようなサービスが提供できたのか 実力を示すものであって, ""検討中か開発 中""のサービスは含まれず, ""稼働中か展開可能""のサービスと""廃止済み""のサービス が含まれる。
","【正解】　ア
"
929,"DJ-AP-R3S

W3Cで仕様が定義され,矩形や円,直線,文字列などの図形オブジェクトをXML形式で記 述し、Webページでの図形描画にも使うことができる画像フォーマットはどれか。

ア　OpenGL

イ　PNG

ウ　SVG

エ　TIFF

","【正解】　ウ
“あなたの解答: ア

SVG (Scalable Vector Graphics) は、ベクター形式による2次元の画像、図形、テキストなどをXML形式で記述する画像フォーマットです。
"
930,"DJ-AP-R3S

レコメンデーション(お勧め商品の提案)の例のうち,協調フィルタリングを用いたものはど れか。

ア　多くの顧客の購買行動の類似性を相関分析などによって求め, 顧客Aに類似した顧客 Bが購入している商品を顧客Aに勧める。

イ　カテゴリ別に売れ筋商品のランキングを自動抽出し, リアルタイムで売れ筋情報を発信する。

ウ　顧客情報から,年齢,性別などの人口動態変数を用い, ""20代男性"", ""30代女性""など にセグメント化した上で,各セグメント向けの商品を提示する。

エ　野球のバットを購入した人に野球のボールを勧めるなど商品間の関連に着目して,関 連商品を提示する。

","【正解】　ア

ア　正しい。協調フィルタリングを用いたレコメンデーションです。

イ　ポピュラリティを用いたレコメンデーションです。

ウ　ルールベースのレコメンデーションです。

エ　内容(コンテンツ)ベースのレコメンデーションです。
"
931,"DJ-AP-R3S

エンタープライズアーキテクチャの""四つの分類体系""に含まれるアーキテクチャは、ビジネ スアーキテクチャ, テクノロジアーキテクチャ, アプリケーションアーキテクチャともう一 つはどれか。

ア　システムアーキテクチャ

イ　ソフトウェアアーキテクチャ

ウ　データアーキテクチャ

エ　バスアーキテクチャ

","【正解】　ウ
エンタープライズアーキテクチャ (Enterprise Architecture、以下EAと言う)は、社会環境や情報技術の変化に素早く対応できるよう、「全体最適」の観点から業務とシステム全体を 改革するためのフレームワークです。主に大企業や政府、地方公共団体といった巨大な組織 (enterprise) の業務手順と情報システムの標準化、組織の最適化を図るための方法論として活用されます。
"
932,"DJ-AP-R3S

JIS Q 21500:2018(プロジェクトマネジメントの手引)によれば, プロジェクトマネジメン トのプロセスのうち,計画のプロセス群に属するプロセスはどれか。

ア　スコープの定義

イ　品質保証の遂行

ウ　プロジェクト憲章の作成

エ　プロジェクトチームの編成
","【正解】　ア
"
933,"DJ-AP-R3S

Hadoopの説明はどれか。

ア　JavaEE仕様に準拠したアプリケーションサーバ

イ　LinuxやWindowsなどの様々なプラットフォーム上で動作するWebサーバ

ウ　機能の豊富さが特徴のRDBMS

エ　大規模なデータセットを分散処理するためのソフトウェアライブラリ
","【正解】　エ
“あなたの解答: ウ""

Hadoop (ハドゥープ)は、ペタバイト級の大規模データの蓄積・処理の分散処理を実現するミドルウェアです。Googleが論文として発表した分散処理フレームワーク 「MapReduce」 および分散ファイルシステム 「Google File System」 を基盤技術に、 オープンソースとし てJavaで実装したものです。分散ファイルシステムのHDFS(Hadoop Distributed File Sys tem)と、分散処理のフレームワークであるHadoop MapReduceの2つから構成されます。
"
934,"DJ-AP-R2A

正の整数の10進表示の桁数Dと2進表示の桁数Bとの関係を表す式のうち、最も適切なものは どれか。

ア　D÷2log10 B

イ　D≒10log2 B

ウ　D≒Blog2 10

エ　D≒Blog10 2
","【正解】　エ　← 考えるのをやめよう。暗記。
"
935,"DJ-AP-R2A

IPv4ネットワークにおいて, IPアドレスを付与されていないPCがDHCPサーバを利用して ネットワーク設定を行う際、最初にDHCPDISCOVER メッセージをブロードキャストする。このメッセージの送信元IPアドレスと宛先IPアドレスの適切な組合せは？ ここで,このPCにはDHCPサーバからIPアドレス 192.168.10.24 が付与されるものとする。
","【正解】　
送信元　0.0.0.0　← これにDHCPから割り当てる（まだだよ）
送信先　255.255.255.255
"
936,"DJ-AP-R2A

3台の機械A, B, Cが良品を製造する確率は, それぞれ60%, 70%,80%である。 機械A,B,Cが製品を一つずつ製造したとき,いずれか二つの製品が良品で残り一つが不良品になる確率は何%か。

ア　22.4

イ　36.8

ウ　45.2

エ　78.8

","【正解】　ウ

[Aが不良品、B・Cが良品の確率] 
(1 -0.6)×0.7×0.8=0.224

[Bが不良品、 ACが良品の確率]
0.6×(1-0.7)×0.8=0.144

[Cが不良品、 ABが良品の確率]
0.6×0.7×(1-0.8)=0.084

それぞれの事象は排反事象であるため、二つの製品が良品で残り一つが不良品になる確率は、上記を合計して、
0.224+0.144+0.084 0.452-45.2%
"
937,"DJ-AP-R2A

次のシステムにおいて,ピーク時間帯のCPU使用率は何%か。ここで, トランザクションは レコードアクセス処理と計算処理から成り、レコードアクセスはCPU処理だけで入出力は発 生せず, OSのオーバーヘッドは考慮しないものとする。また, 1日のうち発生するトランザ クション数が最大になる1時間をピーク時間帯と定義する。

〔システムの概要〕
(1) CPU数:1個
(2) 1日に発生する平均トランザクション数 : 54,000件
(3) 1日のピーク時間帯におけるトランザクション数の割合: 20%
(4) 1トランザクション当たりの平均レコードアクセス数:100レコード
(5) 1レコードアクセスに必要な平均CPU時間 : 1ミリ秒
(6) 1トランザクション当たりの計算処理に必要な平均CPU時間:100ミリ秒

ア　20

イ　30

ウ　50

エ　60

","【正解】　エ

1日に発生する平均トランザクション数のうち、ピーク時間帯におけるトランザクション数 は、

54,000件×20%=10,800件

また、1トランザクション当たりの平均CPU時間は、レコードアクセス時間と計算処理時間の合計なので、
・レコードアクセス:100件 ×1ミリ秒=100ミリ秒
・計算処理 : 100ミリ秒
より、1トランザクション当たり200ミリ秒とわかります。

ピーク時間帯における総CPU使用時間は、

10,800件×200ミリ秒 = 2,160,000ミリ秒=2,160秒

CPU数は1なので、ピーク時間帯の1時間(=3,600秒)におけるCPU使用率は、

2,160 ÷ 3,600 = 0.6→60%
"
938,"DJ-AP-R2A

PMBOKガイド第6版によれば,プロジェクト・スコープ記述書に記述する項目はどれか。

ア　WBS

イ　コスト見積額

ウ　ステークホルダー分類

エ　プロジェクトからの除外事項

","【正解】　エ
"
939,"DJ-AP-R2A

アジャイル開発手法の説明のうち, スクラムのものはどれか。
ア　コミュニケーション, シンプル, フィードバック, 勇気,尊重の五つの価値を基礎と し,テスト駆動型開発, ペアプログラミング, リファクタリングなどのプラクティス を推奨する。

イ　推測(プロジェクト立上げ,適応的サイクル計画),協調(並行コンポーネント開発), 学習(品質レビュー,最終QA/リリース)のライフサイクルをもつ。

ウ　プロダクトオーナーなどの役割,スプリントレビューなどのイベント, プロダクトバ ックログなどの作成物、及びルールから成るソフトウェア開発のフレームワークである。

エ　モデルの全体像を作成した上で,優先度を付けた詳細なフィーチャリストを作成し, フィーチャを単位として計画し, フィーチャ単位に設計と構築を繰り返す。
","【正解】　ウ
"
940,"DJ-AP-R2A

CPUのスタックポインタが示すものとして、最も適切なものはどれか。

ア　サブルーチン呼出し時に, 戻り先アドレス, レジスタの内容などを格納するメモリのアドレス

イ　次に読み出す機械語命令が格納されているアドレス

ウ　メモリから読み出された機械語命令

エ　割込みの許可状態,及び条件分岐の判断に必要な演算結果の状態
","【正解】　ア
"
941,"DJ-AP-R2A

共通フレーム2013によれば、企画プロセスで実施すべきものはどれか。

ア　市場,競合など事業環境を分析し,企業の情報戦略と事業目標の関係を明確にする。

イ　システムのライフサイクルの全期間を通して, システムの利害関係者を識別する。

ウ　人間の能力及びスキルの限界を考慮して,利用者とシステムとの間の相互作用を識別 する。

エ　利害関係者の要件が正確に表現されていることを, 利害関係者とともに確立する。

","【正解】　ア

共通フレーム2013 とは、日本で使われる、システム／ソフトウェア開発や運用を「誰が／いつ／どこで／何をするか」を共通の言葉と枠組みで定めたガイドライン（フレームワーク）です。以下、その概要を整理する。
"
942,"DJ-AP-R2A

EVMとは
","EVMとは Earned Value Management（アーン・バリュー・マネジメント） の略で、プロジェクト管理手法の一つです。プロジェクトの 進捗、コスト、スケジュールの三つを統合的に把握するための手法です。

■ 基本の考え方

EVMでは、以下の3つの指標を使います。

PV（Planned Value：計画価値）

計画時点で、どれだけの作業を完了する予定だったかを金額や工数で表した値。

EV（Earned Value：出来高価値）

実際に完了した作業の価値を計画に基づいて評価したもの。

「予定どおりに完了したらどれだけの価値になるか」を数値化。

AC（Actual Cost：実コスト）

実際にかかったコストや工数。
"
943,"DJ-AP-R2A

もう一度聞くが、東京も大阪も35個であった場合、ユニオンだと1行しか表示されないのか。
","はい、その通りです。

前提データ：

表	商品コード	在庫数
東京	C003	35
大阪	C003	35

1. UNION の場合
重複行は削除される
(C003, 35) が両方の表にあるので 1行にまとめられる
結果：
商品コード	在庫数
C003	35　　← 数量が違うと別行として表示される！

2. UNION ALL の場合
重複削除なし
両方の行をそのまま表示する
結果：
商品コード	在庫数
C003	35
C003	35

ポイント：
UNION は「全列が完全に同じ行」を重複として削除する
値がすべて同じ場合は1行にまとめられる
値が異なれば別行として残る
自動で数量を合算することはない




ChatGPT の回答は必ずしも正しいとは限りません。
"
944,"DJ-AP-R2A

複数のサーバを用いて構築されたシステムに対するサーバコンソリデーションの説明とし て,適切なものはどれか。

ア　各サーバに存在する複数の磁気ディスクを、特定のサーバから利用できるようにし て,資源の有効活用を図る。

イ　仮想化ソフトウェアを利用して元のサーバ数よりも少なくすることによって, サーバ 機器の管理コストを削減する。

ウ　サーバのうちいずれかを監視専用に変更することによって, システム全体のセキュリ ティを強化する。

エ　サーバの故障時に正常なサーバだけで瞬時にシステムを再構成し, サーバ数を減らし てでも運転を継続する。
","【正解】　イ

仮想化ソフトウェアを使って複数のサーバを統合し、物理的なサーバ台数を減らすことで、管理コストや運用負担を削減する考え方がサーバコンソリデーションである。
"
945,"DJ-AP-R2A

サービス可用性の計算において、計画サービス時間はどうやって計算するか。
","計算方法
計画サービス時間 ＝ 総運用時間（1日や1年間などの期間）
　　　　　　　　　－ 計画停止時間（保守・点検・アップグレードなど、事前に予定されていた停止時間）

つまり
使えるはずの時間から、あらかじめ予定されていた停止時間だけを引いたもの。
故障による停止（故障停止・障害停止）は引かない。
"
946,"DJ-AP-R2A

電子メールをスマートフォンで受信する際のメールサーバとスマートフォンとの間の通信を メール本文を含めて暗号化するプロトコルはどれか。

ア　APOP

イ　IMAPS

ウ　POP3

エ　SMTP Submission

","【正解】　イ
""あなたの解答: エ""　← IMAPSのSを見落としてた。慎重に。
"
947,"DJ-AP-R2A

複雑な要因の絡む問題について,その因果関係を明らかにすることによって,問題の原因を 究明する手法はどれか。

ア　PDPC法

イ　クラスタ分析法

ウ　系統図法

エ　連関図法

","【正解】　エ
"
948,"DJ-AP-R2A

企業の事業活動を機能ごとに主活動と支援活動に分け, 企業が顧客に提供する製品やサービ スの利益は,どの活動で生み出されているかを分析する手法はどれか。

ア　3C分析

イ　バリューチェーン分析

ウ　バリューチェーン分析

エ　ファイブフォース分析
","【正解】　ウ
“あなたの解答:ア”

バリューチェーン分析は、業務を「購買物流」「製造」「出荷物流」「販売・マーケティン グ」「サービス」という5つの主活動と、「調達」「技術開発」 「人事・労務管理」「全般 管理」の4つの支援活動に分類し、製品の付加価値がどの部分(機能)で生み出されている かを分析する手法です。
"
949,"DJ-AP-R2A

マイナンバー法の個人番号を取り扱う事業者が特定個人情報の提供をすることができる場合 はどれか。

ア　A社からグループ企業であるB社に転籍した従業員の特定個人情報について, B社で の給与所得の源泉徴収票の提出目的で, A社がB社から提出を求められた場合

イ　A社の従業員がB社に出向した際に, A社の従業員の業務成績を引き継ぐために, 個 人番号を業務成績に付加して提出するように,A社がB社から求められた場合

ウ　事業者が、営業活動情報を管理するシステムを導入する際に、営業担当者のマスタ情 報として使用する目的でシステムを導入するベンダーから提出を求められた場合

エ　事業者が、 個人情報保護委員会による特定個人情報の取扱いに関する立入検査を実施された際,同委員会から資料の提出を求められた場合

","【正解】　エ
"
950,"DJ-AP-R2A

企業システムにおけるSoE(Systems of Engagement) の説明はどれか。

ア　高可用性,拡張性, セキュリティを確保しながら情報システムを稼働・運用するため のハードウェア, ソフトウェアから構成されるシステム基盤

イ　社内業務プロセスに組み込まれ, 定型業務を処理し、結果を記録することによって省力化を実現するためのシステム

ウ　データの活用を通じて,消費者や顧客企業とのつながりや関係性を深めるためのシステム

エ　日々の仕訳伝票を入力した上で, データの改ざん,消失を防ぎながら取引データベー スを維持・管理することによって, 財務報告を行うためのシステム
","【正解】　ウ

SoE の具体例

LINE での問い合わせ対応やクーポン配布
Twitter を使ったリアルタイム情報発信
Instagram でのブランドファンとの交流
ECサイトでのレビュー投稿機能
商品にコメントや評価を投稿し、それを他の利用者と共有する仕組
"
951,"DJ-AP-R2A

PMBOKガイド第6版によれば、脅威と好機のどちらに対しても採用されるリスク対応戦 略として,適切なものはどれか。

ア　回避

イ　共有

ウ　受容

エ　転嫁

","【正解】　ウ
"
952,"DJ-AP-R2A

FPGAなどに実装するデジタル回路を記述して、 直接論理合成するために使用されるものはどれか。

ア　DDL

イ　HDL

ウ　UML

エ　XML
","【正解】　イ

HDL(Hardware Description Language)は、デジタル回路の設計や構成をテキストベースで記述できるハードウェア記述言語の総称です。VHDL、Verilog SystemCなどの種類があります。
ゲートやフリップフロップといった論理素子の接続構造や、クロック信号に応じた動作をテキストで記述できることで、論理回路設計が抽象化されソフトウェアのように扱うことがで きます。これにより、回路を実装する前のシミュレーション検証が可能になる、モジュール化による保守性・再利用性の向上などのメリットがあります。

FPGAやASICなどのカスタムハードウェアを構築する際には、 HDLを使った設計が標準的 な手法となっています。
"
953,"DJ-AP-R1S

データベースの概念設計に用いられ、 対象世界を、 実体と実体間の関連という二つの概念で表現するデータモデルはどれか。

ア　E-Rモデル

イ　階層モデル

ウ　関係モデル

エ　ネットワークモデル
","【正解】　ア
"
954,"DJ-AP-R1S

分解能が8ビットのD/A変換器に, デジタル値0を入力したときの出力電圧が0Vとなり, デジ タル値128を入力したときの出力電圧が2.5Vとなる場合,最下位の1ビットの変化による当 該D/A変換器の出力電圧の変化は何Vか。

ア　2.5/128

イ　2.5/255

ウ　2.5/256

エ　2.5/512

","【正解】　ア
""あなたの解答: イ""

分解能とは、器械装置等がアナログ信号をどの程度細かく表現できるかの性能を表すもので す。この設問では分解能が8ビットなので、このD/A変換器は0~最大出力までの電圧を2°= 256階調で任意に出力可能であるとわかります。
入力値を表すビット列の最下位1ビットが変化すると入力値は1だけ増減します。設問のD/A 変換器に0を与えたときの出力電圧はOV、そして128を与えたときの出力電圧は2.5Vですか ら、1ビットの変化によって増減する出力電圧は2.5Vを128等分した量になります。
つまり最下位の1ビットが変化したとき、このD/A変換器の出力電圧は2.5/128Vだけ変化 します。
"
955,"DJ-AP-R1S

TCOの算定に当たって, 適切なものはどれか。

ア　エンドユーザーコンピューティングにおける利用部門の運用費用は考慮しない。

イ　システム監査における監査対象データの収集費用や管理費用は考慮しない。

ウ　システム障害の発生などによって,その障害とは直接関係のない仕入先企業が被るお それがある,将来的な損失額も考慮する。

エ　利用部門におけるシステム利用に起因する, 埋没原価などの見えない費用も考慮す る。

","【正解】　エ
""あなたの解答: ウ""

TCO (Total Cost of Ownership)は、ある設備・システムなどを取得してから廃棄に至るま でに発生するコストの総額を表します。総所有コストとも呼ばれます。特にITシステムでは購入金額や利用料金以外にもライフサイクルを通して様々なコストが生じるため、 全体のコ ストを総合的かつ正確に把握することが効果的な投資判断につながります。
TCOは、初期投資額であるイニシャルコストと、維持管理費用であるランニングコストに 大別できます。
イニシャルコストの例
ハードウェア購入・設置費用、 パッケージソフトの購入費用・開発費、初期教育費など
ランニングコストの例
保守・サポート契約費、 ライセンス料、 運用人件費、消耗品費など
"
956,"DJ-AP-R1S

JIS X 25010:2013 (システム及びソフトウェア製品の品質要求及び評価 (SQuaRE)-システ ム及びソフトウェア品質モデル)で規定されたシステム及びソフトウェア製品の品質特性の 一つである""機能適合性""の説明はどれか。

ア　同じハードウェア環境又はソフトウェア環境を共有する間, 製品, システム又は構成 要素が他の製品, システム又は構成要素の情報を交換することができる度合い,及び /又はその要求された機能を実行することができる度合い

イ　人間又は他の製品若しくはシステムが、 認められた権限の種類及び水準に応じたデー タアクセスの度合いをもてるように、 製品又はシステムが情報及びデータを保護する
度合い

ウ　明示された時間帯で, 明示された条件下に, システム, 製品又は構成要素が明示され た機能を実行する度合い

エ　明示された状況下で使用するとき,明示的ニーズ及び暗黙のニーズを満足させる機能 を、製品又はシステムが提供する度合い

","【正解】　エ

ア　互換性の説明です。

イ　セキュリティの説明です。

ウ　信頼性の説明です。

エ　正しい。 機能適合性の説明です。
"
957,"DJ-AP-R1S

それぞれ説明せよ。

損益分岐点売上高

損益分岐点比率

安全余裕率

限界利益率
","損益分岐点売上高
固定費+(1-変動費率)

損益分岐点比率
損益分岐点売上高 売上高 × 100

安全余裕率
(売上高-損益分岐点売上高)+売上高×100

限界利益率
(売上高 - 変動費)÷売上高×100

"
958,"DJ-AP-R1S

VolP通信において8kビット/秒の音声符号化を行い,パケット生成周期が10ミリ秒のとき, 1パケットに含まれる音声ペイロードは何バイトか。

ア　8

イ　10

ウ　80

エ　100
","【正解】　イ
“あなたの解答: エ""　← また間違えた

1秒間に行われる音声符号化のデータ量は「8kビット=8,000ビット」 です。 パケットの生 成は 「10ミリ秒=1/100秒」ごとに行われるので、 1秒間では100個のパケットが生成され ます。よって、 1パケット当たりのデータ量(音声データのみ)は、

8,000ビット100回 = 80ビット

本問はバイト単位で答えるので、 80ビットをバイト表記に直さなければなりません。1バイ ト=8ビットなので 「80ビット+8ビット=10バイト」となります。したがって「イ」が正 解です。
"
959,"DJ-AP-R1S

ITIL 2011 editionによれば, サービス・パッケージの説明として,適切なものはどれか。

ア　コアサービス,実現サービス及び強化サービスの組合せで構成された,特定の種類の 顧客ニーズへのソリューションを提供する複数のサービスの集まりである。

イ　サービス・パイプライン, サービス・カタログ及び廃止済みサービスで構成された, サービス・プロバイダによって管理されている全てのサービスである。

ウ　成果物,価格, 連絡先などが内容として含まれた, 稼働中の全てのITサービスに関す る情報を格納するデータベース又は構造化された文書である。

エ　ハードウェア, ソフトウェア, ライセンス, 文書などで構成された,稼働中のITサービスに対して承認された変更を実施するためのコンポーネントの集合である。
","【正解】　ア
"
960,"DJ-AP-R1S

オープンデータはどれか

ア　営利・非営利の目的を問わず二次利用が可能という利用ルールが定められており,編集や加工をする上で機械判読に適し、 原則無償で利用できる形で公開された官民デー タ

イ　行政事務の効率化・迅速化を目的に,国,地方自治体を相互に接続する行政専用のネ ットワークを通じて利用するアプリケーションシステム内に,安全に保管されたデー タ

ウ　コンビニエンスストアチェーンの売上データや運輸業者の運送量データなど,事業運 営に役立つデータであり,提供元が提供先を限定して販売しているデータ

エ　商用のDBMSに代わりオープンソースのDBMSを用いて蓄積されている企業内の基幹 業務データ
","【正解】　ア
"
961,"DJ-AP-R1S

あるホテルは客室を1,000部屋もち, 部屋番号は、 数字4と9を使用しないで0001から順に数 字4桁の番号としている。部屋番号が0330の部屋は、何番目の部屋か。

ア　204

イ　210

ウ　216

エ　218
","【正解】　ウ

対象の部屋番号は0330なので数字の置き換えは発生せず、そのまま8進数を10進数に変換する計算を行えば大丈夫です。
82x3 + 8×3=192+24=216
"
962,"DJ-AP-R1S

共通フレーム2013によれば, 要件定義プロセスで行うことはどれか。

ア　利害関係者の識別

イ　システム化計画の立案

ウ　システム方式設計

エ　ソフトウェア詳細設計

","【正解】　エ

ア“システム化計画の立案” 
企画プロセスで行います。

イ“システム方式設計”
システム開発プロセスで行います。

ウ “ソフトウェア詳細設計”
ソフトウェア実装プロセスで行います。

エ“利害関係者の識別”
正しい。要件定義プロセスで行います。
"
963,"DJ-AP-R1S

AIの機械学習における教師なし学習で用いられる手法として,最も適切なものはどれか。

ア　幾つかのグループに分かれている既存データ間に分離境界を定め、新たなデータがど のグループに属するかはその分離境界によって判別するパターン認識手法

イ　数式で解を求めることが難しい場合に、乱数を使って疑似データを作り,数値計算を することによって解を推定するモンテカルロ法

ウ　データ同士の類似度を定義し,その定義した類似度に従って似たもの同士は同じグル ープに入るようにデータをグループ化するクラスタリング

エ　プロットされた時系列データに対して, 曲線の当てはめを行い,得られた近似曲線に よってデータの補完や未来予測を行う回帰分析
","【正解】　ウ
"
964,"DJ-AP-R1S

ソフトウェアの要求分析や設計に利用されるモデルに関する記述のうち, ペトリネットの説明として,適切なものはどれか。

ア　外界の事象をデータ構造として表現する, データモデリングのアプローチをとる。その表現は,エンティティ, 関連及び属性で構成される。

イ　システムの機能を入力データから出力データへの変換とみなすとともに,機能を段階的に詳細化して階層的に分割していく。

ウ　対象となる問題領域に対して, プロセスではなくオブジェクトを用いて解決を図ると いうアプローチをとる。

エ　並行して進行する事象間の同期を表す。その構造はプレースとトランジションという2種類の節点をもつ有向2部グラフで表される。
","【正解】　エ
"
965,"DJ-AP-R1S

意味を答えよ。

アンケート(質問紙法)

回顧法

思考発話法

認知的ウォークスルー法

ヒューリスティック評価法
","アンケート(質問紙法)
専門家が用意した質問用紙を多数の利用者に配布し、記入したもらった回答を分析することで評価する手法

回顧法
被験者にタスクを実行してもらい、 専門家がその行動を観察し、事後の質問への回答とともに分析する手法

思考発話法
被験者にタスクを実行してもらい、その操作を行っている間、考えたことや感じたことを口に出してもらうことで利用者の感じ方や思考を分析する手法

認知的ウォークスルー法
複数の専門家が、設計仕様書や紙のプロトタイプを見ながら、対象となるユーザーの行動をシミュレーションしていくことで問題点を明らかにしていく手法。人の認知過程を基準にする

ヒューリスティック評価法
複数の専門家が、設計仕様書や紙のプロトタイプを見ながら、既知の経験則に照らし合わせて問題点を明らかにする手法。ヒューリスティックとは 「経験則」の意で、専門家の経験則を基準にする
"
966,"DJ-AP-R1S

ページング方式の仮想記憶において,主記憶に存在しないページをアクセスした場合の処理や状態の順番として、 適切なものはどれか。ここで,現在主記憶には, 空きページはないものとする。

ア　置換え対象ページの決定→ページイン→ページフォールト→ページアウト

イ　置換え対象ページの決定→ページフォールト→ページアウト→ページイン

ウ　ページフォールト→置換え対象ページの決定→ページアウト→ページイン

エ　ページフォールト 置換え対象ページの決定→ページイン→ページアウト
","【正解】　ウ　← 「空きページはない」を見落とした。
"
967,"DJ-AP-R1S

無線LAN環境におけるWPA2-PSKの機能はどれか。

ア　アクセスポイントに設定されているSSIDを共通鍵とし, 通信を暗号化する。

イ　アクセスポイントに設定されているのと同じSSIDとパスワード (Pre-Shared Key)が 設定されている端末だけに接続を許可する。

ウ　アクセスポイントは, IEEE 802.11acに準拠している端末だけに接続を許可する。

エ　アクセスポイントは、利用者ごとに付与されたSSIDを確認し、無線LANへのアクセ ス権限を識別する。
","【正解】　イ
“あなたの解答:ア”

WPA2-PSK (WPA2 Pre-Shared Key) は、無線LANの暗号化方式の規格であるWPA2のうち個人宅やスモールオフィスなどの比較的小規模なネットワークで使用されることを想定したパーソナルモードです。このモードではアクセスポイントと端末間で事前に8文字から63文 字から成るパスフレーズ (PSK:Pre-Shared Key)を共有しておき、そのパスフレーズとSSIDによって端末の認証を行います。
したがって「イ」が適切です。
"
968,"DJ-AP-R1S

インターネットとの接続において, ファイアウォールのNAPT機能によるセキュリティ上の 効果はどれか。

ア　DMZ上にある公開Webサーバの脆弱性を突く攻撃からWebサーバを防御できる。

イ　インターネットから内部ネットワークへの侵入を検知し、 検知後の通信を遮断でき る。

ウ　インターネット上の特定のWebサービスを利用するHTTP通信を検知し,遮断でき る。

エ　内部ネットワークからインターネットにアクセスする利用者PCについて,インター ネットからの不正アクセスを困難にすることができる。
","【正解】　エ
"
969,"DJ-AP-R1S

(1)〜(7)に示した七つの原則を適用して, アジャイル開発プラクティスを実践する考え方はどれか。
(1) ムダをなくす
(2) 品質を作り込む
(3) 知識を作り出す
(4) 決定を遅らせる
(5) 早く提供する
(6) 人を尊重する
(7) 全体を最適化する

ア　エクストリームプログラミング

イ　スクラム

ウ　フィーチャ駆動型開発

エ　リーンソフトウェア開発
","【正解】　エ
"
970,"DJ-AP-R1S

ワークサンプリング法はどれか。

ア　観測回数・観測時刻を設定し、 実地観測によって観測された要素作業数の比率などか ら,統計的理論に基づ
いて作業時間を見積もる。

イ　作業動作を基本動作にまで分解して、 基本動作の時間標準テーブルから構成される 基本動作の時間を合計して作業時間を求める。

ウ　作業票や作業日報などから各作業の実績時間を集計し、 作業ごとに平均して標準時間を求める

エ　実際の作業動作そのものをストップウォッチで数回反復測定して,作業時間を調査する。
","【正解】　ア

“あなたの解答:工”

ワークサンプリング法は、 ある時点での観測対象が作業内容のどの状態にあったかという瞬 間観測を何回か行い、 観察記録の回数の割合から各作業時間がどのくらいであるかを統計学的に推定する方法です。

ア　正しい。 ワークサンプリング法の説明です。

イ　PTS法(規定時間標準法)の説明です。

ウ　実績資料法の説明です。

エ　ストップウォッチ法(時間観測法)の説明です。
"
971,"DJ-AP-R1S

作業成果物の作成者以外の参加者がモデレーターとして主導する役割を受け持つこと, 並び に公式な記録及び分析を行うことが特徴のレビュー技法はどれか。

ア　インスペクション

イ　ウォークスルー

ウ　パスアラウンド

エ　ペアプログラミング

","【正解】　ア

ア “インスペクション” 
正しい。

イ“ウォークスルー”
ウォークスルーは、 開発者が主体となりエラーの早期発見を目的としてプログラムのステップごとにシ
ミュレーションを行いながら確認をしていくレビュー技法です。

ウ “パスアラウンド”
パスアラウンドは、電子メールなどを使って、対象の成果物を複数のレビュアに配布・ 回覧し、フィードバックを求めるレビュー技法です。

エ “ペアプログラミング""
ペアプログラミングは、二人一組で実装を行い、 1人が実際のコードをコンピュータに打ち込み、もう1人はそれをチェックしながら補佐するという役割を随時交代しながら 開発作業を進める手法です。
"
972,"DJ-AP-R1S

国際的な標準として取り決められた会計基準などの総称であり,資本市場の国際化に対し, 利害関係者からみた会計情報の比較可能性や均質性を担保するものはどれか。

ア　GAAP

イ　IASB

ウ　IFRS

エ　SEC

","【正解】　ウ
"
973,"DJ-AP-R1S

PMBOKガイド第6版によれば, プロジェクト・マネジャー, プログラム・マネジャー, ポ ートフォリオ・マネジャー, プロジェクトマネジメント・オフィス (PMO)は,それぞれ他と 異なる役割を担っている。 それぞれに対応した役割の説明のうち, PMOのものはどれか。

ア　戦略目標に整合させるよう, 関連する複数のプロジェクトに影響する制約条件及びコ ンフリクトを解消する。

イ　戦略目標を達成するために、プログラム及びプロジェクトの最適な組合せを選択して、構成要素の優先順位を決定し、 必要な資源を提供する。

ウ　プロジェクトに関連するガバナンス・プロセスを標準化し,資源,方法論,ツール及び技法の共有を促進する。

エ　プロジェクトの要求事項を満たすために, 知識,スキル, ツールと技法をプロジェク ジェクトのアクティビティへ適用する。

","【正解】　ウ

ア　プログラム・マネジャーの役割です。

イ　ポートフォリオ・マネジャーの役割です。

ウ　正しい。 プロジェクトマネジメント・オフィスの役割です。

エ　プロジェクト・マネジャーの役割です。
"
974,"DJ-AP-R1S

RDBMSのロックに関する記述のうち,適切なものはどれか。ここで,X,Yはトランザクションとする。

ア　XがA表内の特定行aに対して共有ロックを獲得しているときは,YはA表内の別の特定行bに対して専有ロックを獲得することができない。

イ　XがA表内の特定行aに対して共有ロックを獲得しているときは,YはA表に対して専有ロックを獲得することができない。

ウ　XがA表に対して共有ロックを獲得しているときでも,YはA表に対して専有ロックを 獲得することができる。

エ　XがA表に対して専有ロックを獲得しているときでも,YはA表内の特定行aに対して 専有ロックを獲得することができる。
","【正解】　イ

ア　共有ロックが掛けられているのは行aなので、それとは別の行bに対する専有ロックは獲 得可能です。

イ　正しい。共有ロックが掛けられている行aは表Aの一部なので、表A全体に対する専有口 ックは獲得できません。

ウ　共有ロックが掛けられている資源に対して、他のトランザクションが獲得可能なのは共 有ロックのみです。

エ　A表には専有ロックが掛けられているので、A表の一部である行aに対するロックは獲得 できません。
"
975,"DJ-AP-R1S

PCとディスプレイの接続に用いられるインタフェースの一つであるDisplayPortの説明として適切なものはどれか。

ア　DVIと同じサイズのコネクタで接続する。

イ　アナログ映像信号も伝送できる。

ウ　映像と音声をパケット化して, シリアル伝送できる。

エ　著作権保護の機能をもたない。
","【正解】　ウ

ア　DVIより小型です。

イ　アナログ・デジタル両用なのはDVI-Iです。

ウ　正しい。 DisplayPort は、音声と映像の信号をパケットにして伝送することが特徴です。

エ　DisplayPortはHDCPという著作権保護技術に対応しています。 HDCPは再生機器からディスプレイなどの表示機器にデジタル信号を送るときに送受信経路を暗号化する技術です。
"
976,"SC-R7-PM

ECDHEとDHEの必要条件

●ビットセキュリティ以上を満たす●。
●方式を使う。
","ECDHE「128ビットセキュリティ以上を満たす曲線のECDHE」
ECDHEは「楕円曲線」を使う方式。より小さい鍵サイズで高い安全性を得られ、処理が速い。　

DHE「112ビットセキュリティ以上を満たす鍵長のDHE」
DHEは「離散対数（通常の素数）」を使う方式。安全だが計算が重く、処理が遅い。

要点
DHE＝古典方式で遅め
ECDHE＝楕円曲線方式で速くて強い
"
977,"SC-R7-PM
問2

EPSS（Exploit Prediction Scoring System）
","EPSS（Exploit Prediction Scoring System）
「その脆弱性が近い将来どれくらいの確率で悪用されるか」を数値化した予測値。

CVSSとは目的が違う。

危険度ではなく「攻撃される確率」を示す。

完全に時系列データや攻撃観測情報から算出するので常に変動。

FIRST（Forum of Incident Response and Security Teams） が策定しました。

"
978,"SC-R7-PM
問4

システムやネットワーク、アプリケーションに存在するセキュリティ上の弱点（脆弱性）を自動で検出するソフトウェアと何というか。
","【正解】　
脆弱性スキャナー
"
979,"SC-R7S-PM
問４-設問4-(1)

(1) 本文中の下線 5について, CVSS の最新のバージョン番号を, 4 字以内で答えよ。
","4.0

2023年11月にCVSS4.0が正式にリリースされ,最新バージョンは3.1から4.0になりました。



"
980,"SC-R7S-PM
問４-設問4-(2)

KEVとは
","KEV
Known Exploited Vulnerabilities
「既に悪用が確認されている脆弱性リスト」

米国 CISA が公開しており、
実際に攻撃へ利用された脆弱性だけを集めたカタログです。

「今まさに危険で、必ず対策すべき脆弱性一覧」という意味です。

CISA（Cybersecurity and Infrastructure Security Agency：米国のサイバーセキュリティ・インフラ安全保障庁）が策定しています。
"
981,"SC-R7S-PM
問１設問２

セキュリティ調査定石作業を列挙せよ。
","①ポートスキャンで Web のポートだけが開いていることを確認する。

②全てのドメインユーザーに対して, https://△△△.com/を管理者拒否リストに登録する。

③https://○○○.com/社内ホストがないか調査する。

④タスク名が install であるタスクが登録されている L 社内ホストがないか調査する。

⑥マルウェア対策サービスのログから,マルウェア対策ソフトが停止した L 社内ホストを検出する。

⑦ドメインサーバのログから, RDP 接続をくり返しているL 社内ホストを検出す。

⑧仮想 PC への RDP 接続に対して, IPアドレスによる接続元制限を行う。

⑨L 社内に DLP を導入し, ファイルの持出しを制限する。　← DLPの文字がなくともこの仕組みがいる。
　Data Loss Prevention（DLP）とは、企業や組織の重要データが意図せず外部に漏れるのを防ぐための技術・仕組みのこと。


"
982,"SC-R6A-PM
問2

★
攻撃者が偽サイトに誘導してそのあとにやることの定石は
","ソフトウェア修正プログラムに見せかけたマルウェアをダウンロードさせる。
"
983,"SC-R6A-PM
問2-設問4

下線③について 受信するメールの内容及び続きの攻撃の例を具体的に答えよ。

従業員が業務で用いる社外サービスがあり, メールでの連絡先として, A社ドメイン名のメールアドレスを登録していたとする。 もし連絡先の変更を忘れてしまうと,③【 3第三者が, 社外サービスからA社ドメイン名のメールアドレスへのメールを受信し,そのメールを使って続き の攻撃を行う】という悪用が考えられる。

","これは大切！
--------------------------------
【正解】　
メール　社外サービスのパスワード再設定画面のURLが書かれたメール
攻撃　　任意のパスワードを設定し,アカウントを乗っ取る。


"
984,"SC-R6A-PM
問3-設問1

表2の a 行目が b 脆弱性を狙った攻撃だと思いますが,
そういった攻撃であれば偽フォームの表示が可能です。 さらに b 脆弱性が c 型であれば, 1回の攻撃で多数の利用者に対して偽フォームの表示が可能です。
","【正解】　
a 5　← 「そういった攻撃であれば偽フォームの表示が「可能」とあるので「<script>」
GET cart?add=""><script>document.getElementById(...

b クロスサイトスクリプティング
スクリプトを注入することで, 攻撃を実行すると考えられます。したがって空欄♭は,クロスサイトスクリプティングとなります。

C 格納
クロスサイトスクリプティング脆弱性の種類を考えます。クロスサイトスクリプティング(XSS)脆弱性には, 

反射型：入力値がそのまま即座にレスポンスに反映される攻撃方式。

格納型：攻撃コードがサーバに保存され、後から閲覧した利用者に実行される方式。

DOMベース：サーバを介さず、ブラウザ上のDOM操作で発生する方式。

の3種類があります。 GET メソ ッドのリクエスト URI では, 
「/cart?add=""> <script>document.getElementById(..」
 となっており,「/cart」のプログラムの「add」 パラメータにスクリプトを含んだ値を設定しています。
 
図1の商品購入に関する画面遷移より,「/cart」は,ショッピング カート画面で, add パラメータで商品をショッピングカートのデータに追加すると考えられます。この流れは,ユーザーが入力したデータをいったんデータベースなどに格納 する, 格納型のクロスサイトスクリプティング脆弱性を狙った攻撃だと考えられます。したがって, 空欄 cは、格納、となります。


"
985,"反射型とDOMベースの違い
","反射型はサーバが関与する。
DOMベースはサーバが関与しない。

反射型
・リクエストは必ずサーバに送られる
・攻撃文字列はサーバのレスポンスHTMLに埋め込まれて返ってくる
・そのHTMLをブラウザが解釈してスクリプトが実行される

DOMベース
・リクエスト後の処理はブラウザ内部だけで完結する
・サーバが返すHTMLは同じ
・URLやフラグメントなどをJavaScriptが読み取り、DOM操作で危険な処理をする

"
986,"SC-R6A-PM
問3-設問1

それとは別に, 表2の d 行目は e 脆弱性を狙った攻撃の
痕跡だと思うが, 仮にその脆弱性が存在した場合に, 偽フォームの表示は可能なのか。

","【正解】　
d 2 
e SQL インジェクション

2行目のGETメソッドのリクエスト URI には, 「/login?id=hoge&pw= 'UNION select 1 FROM ...」とあり,カンマ(')の後に「UNION select 1 FROM ...」と SQL 文が含まれています。この攻撃は, データベースに不正な SQL文を挿入する攻撃である SQLインジェクション脆弱性を狙ったものと考えられます。 




"
987,"SC-R6A-PM
問3-設問3

【超重要】

利用者が改ざんされた画面に入力して、クレジットカード情報が送信されてしまったときに, 攻撃者の Web サーバでWebアプリケーションプログラムを用意していなくても, 攻撃者は利用者の入力したクレジットカード情報を取得する方法があります。 
","【正解】　
Web サーバのアクセスログのリクエスト URI から情報を取得する。

送信時に利用しているのは GET メソッドなので,送信されたクエリパラメータは URI の一部となり, Web サーバのアクセスログに残ります。

"
988,"SC-R6A-PM
問4

セッションフィクセーションの流れを段階ごとに説明する。

","1
攻撃者が有効なセッションIDを用意する。
自分でサイトにアクセスして取得する場合が多い。

2
攻撃者がそのセッションIDを被害者に使わせる。
URLに付ける、Cookieを仕込むなどの方法を使う。

3
被害者がその状態のままログインする。
ログイン後もセッションIDが変わらない。

4
攻撃者が同じセッションIDでアクセスする。
被害者としてログイン済みの状態になる。
"
989,"SC-R6A-PM
問4

セッションフィクセーションによる攻撃
","手順1: 求人企業の登録メールアドレスを、 何らかの方法で入手する。 
手順2: URL""https://test.△△△.jp/""にアクセスして, sessionID を入手する。
手順3: 次の二つの要素を含む HTML を作成する。
- 手順2で入手した sessionID を記述したフォーム
- 当該HTML が Web ブラウザに読み込まれた直後に, 上記のフォームをURL""https://test.△△△.jp/""
に POST メソッドで送信するスクリプト
手順4: 手順3で作成したHTMLを, 罠サイトに置く。
手順5: 手順 4 の HTML へのリンクを含むメールを作成し, 手順1で入手したメールアドレスに送信する。
手順6: 手順5のメールがメール受信者に届き、罠サイトにアクセスするのを待つ。
手順7: 罠サイトへのアクセスを検知後,メール受信者によるログインが完了することを期待して数分間待ち, 手順2で入手した sessionID を指定した状態で, URL""https://test.△△△.jp/""にアクセスする。

攻撃者は最初から同じ sessionID を知っている。
その sessionID を指定して正規サイトにアクセスするとサーバは被害者本人からのアクセスと区別できない。
"
990,"SC-R6A-PM
問4

セッションフィクセーションを防ぐにはどうする？
","ログイン成功時にセッションIDを再生成すること。（画面遷移ごとに変える必要はない）

正しい対策
・ログイン前とログイン後でセッションIDを必ず変更
・セッションID固定を無効化
・URLにセッションIDを含めない

補足対策
・Cookie に
　HttpOnly
　Secure
　SameSite
　を設定

・CSRF 対策を実施
　CSRFトークンを使う
　SameSite属性を設定する
　RefererやOriginを確認する
　重要処理はPOSTのみで受け付ける
"
991,"SC-R6A-PM
問4

★★
この2つの意味を簡単に説明しろ。

Strict-Transport-Security

X-Content-Type-Options
","Strict-Transport-Security (HSTS)⇔CookieのSecureと混同するな
・ブラウザに「今後このサイトには必ずHTTPSで接続する」と指示する
・HTTPでのアクセスを強制的にHTTPSにリダイレクト

X-Content-Type-Options
・ブラウザに「サーバが指定したContent-Typeを無視せずそのまま扱え」と指示する
・MIMEタイプの誤解釈による攻撃（スニッフィング）を防ぐ
"
992,"SC-R6A-PM
問3

コンサルとして、Webアプリケーションの改善提案を思いつだけかけ。
","求職者IDを推測困難にするため生成方法を変更する

WebAPIのアクセス元IPを限定して接続を許可する

WebAPIで取得できる求職者属性は個人特定できない情報だけに限定する

ログイン認証を多要素認証に変更する

パスワードを安全なハッシュ関数（bcryptやArgon2）で保存する

ログイン試行回数制限を設け、一定回数失敗で一時ロックする

セッションIDはログイン時に毎回再生成する

CSRFトークンを導入してフォーム送信やAPI呼び出し時に検証する

CookieにSecure、HttpOnly、SameSite属性を設定する
Set-Cookie: sessionid=abc123; SameSite=Strict; Secure; HttpOnly

HTTPS通信を必須にして、HTTPアクセスは自動でリダイレクトする

入力値のバリデーションとエスケープ処理を徹底する（XSSやSQLインジェクション防止）

不要な情報（メールアドレスや電話番号など）を画面やAPIレスポンスに表示しない

管理者用画面や機密機能へのアクセスをIP制限やVPN接続必須にする

ログや監査記録を取得し、異常アクセスや操作を検知できるようにする

WebAPIのレスポンスは必要最低限のデータに限定する

重要操作（情報変更、削除、決済など）は操作確認や二段階認証を導入する

外部ライブラリやフレームワークは常に最新バージョンに更新する

不要な機能やエンドポイントは削除し、攻撃対象を減らす

ファイルアップロード機能は拡張子チェック、ウイルススキャン、保存先制限を行う

エラーメッセージには内部情報を含めないようにする

これだけ挙げれば、Webアプリケーションの セキュリティ・情報保護・運用安全性の改善提案として十分です。
"
993,"SC-R6S-PM
問3

セッション管理を行わないという性質の名称は
","ステートレス（stateless）

セッション管理を行うとは、
利用者ごとの状態をサーバ側で識別・保持しながら処理を行うこと。

具体的には次のようなことをする。

・利用者ごとにセッションIDを発行する
・セッションIDとログイン状態や権限をひも付けて管理する
・リクエストごとにセッションIDを確認する
・ログアウトやタイムアウトでセッションを無効化する
・不正利用を防ぐためにセッションIDを再生成・破棄する

要するに、

誰が、どの状態でアクセスしているかを継続的に管理する仕組み
がセッション管理である。
"
994,"SC-R6S-PM
問3

RESTful API とは
","RESTful API とは、
HTTP を使い、状態を持たず、URL で資源を表して操作する API の設計方式。

要点だけ並べる。

・URL でデータ（資源）を表す
・GET、POST、PUT、DELETE などのHTTPメソッドを使い分ける
・各リクエストは独立しており、セッション管理をしない
・結果はHTTPステータスコードで返す

状態を持たずとは、
サーバが利用者ごとの処理状態を記憶しないことを指す。

具体的に言うと。

・前のリクエスト内容を覚えていない
・ログイン状態や操作履歴を保持しない
・各リクエストはそれ単体で完結する
・必要な情報は毎回リクエストに含める
"
995,"SC-R6S-PM
問3

API Gateway Serviceとは何か?
","APIゲートウェイサービスとは、
複数のバックエンドサービスへの入口となる 中継・仲介サービスのことです。

1
役割
・クライアントからのAPIリクエストを受ける
・リクエスト内容に応じて適切なバックエンドサービス（サービスLなど）を呼び出す
・レスポンスをクライアントに返す

2
主な機能
・認証・認可（APIキー、トークンなど）
・リクエストのルーティング
・負荷分散
・レスポンス変換（JSON/XML変換など）
・レート制限、キャッシュ、ログ取得

3
メリット
・クライアントは複数のサービスの詳細を意識せずに利用可能
・バックエンドサービスの構造を隠蔽できる
・セキュリティや運用を集中管理できる
"
996,"SC-R6S-PM
問3

SON WebTokenにはヘッダとケイロードがあるのか?
","はい、JSON Web Token（JWT）はヘッダ（Header） とペイロード（Payload）、そして署名（Signature） の 3 部分で構成されています。

1
ヘッダ（Header）
トークンの種類（通常は JWT）
使用する署名アルゴリズム（例：HS256）

2
ペイロード（Payload）
ユーザー情報や権限などのクレーム（Claim）
iss（発行者）、exp（有効期限）など標準クレームも含まれる

3
署名（Signature）
・ヘッダとペイロードを組み合わせ、秘密鍵または公開鍵で署名
・改ざん検出や発行者認証に使われる
形式は Base64 URL エンコード され、Header.Payload.Signature の形で一つの文字列になる。
"
997,"SC-R6S-PM
問２

PUTとPOST比較
","1
POST
用途：サーバ側で新しいリソースを作成する
URLの意味：リソース集合（例：/users）に対して送る
性質：非冪等（同じリクエストを複数回送ると結果が変わる可能性がある）
例：同じ内容で POST を 2 回送るとユーザーが 2 人作られる
適用例：新規ユーザー作成、問い合わせフォーム送信

2
PUT
用途：指定したリソースを更新する、または同じ内容で新規作成
URLの意味：特定のリソース（例：/users/123）を指定して送る
性質：冪等（同じリクエストを何度送っても結果は同じ）
例：同じ内容で PUT を 2 回送ってもユーザー 123 の情報は同じまま
適用例：ユーザー情報更新、設定値更新

まとめ
POST = 非冪等、新規作成向き
PUT = 冪等、更新または置換向き
"
998,"SC-R6S-PM
問4

JWT、Java Web TokenのヘッダにALGと入力する。 このALGはどういう意味か。
","JWT（JSON Web Token）のヘッダにある alg は、署名に使われるアルゴリズム（Algorithm）を指定するフィールドです。

具体的には：

alg = ""HS256"" → HMAC SHA-256 を使用して署名

alg = ""RS256"" → RSA SHA-256 を使用して署名

alg = ""none"" → 署名なし（安全上は推奨されない）

この値によって、サーバや受信側は ヘッダ＋ペイロードの内容をどのアルゴリズムで署名・検証するか を判断します。

要点：
alg = 署名アルゴリズムの種類
"
999,"SC-R6S-PM
問2

総当たり攻撃対策は
","時間ではなんく、回数制限。
"
1000,"SC-R6S-PM
問2

HTTP リクエストの x-api-version ヘッダとは何か。
","x-api-version ヘッダ は、HTTPリクエストで API のバージョンを指定するためのカスタムヘッダ です。

1　役割
クライアントがアクセスしたい API のバージョンをサーバに伝える
サーバは指定されたバージョンに応じて処理やレスポンスを変える

2　書き方の例
GET /users HTTP/1.1
Host: example.com
x-api-version: 2

3　使われる場面
API を改修・更新しても既存クライアントの互換性を保ちたい場合
複数バージョンの API を同時に提供する場合

4　注意点
x- で始まるヘッダはカスタムヘッダの慣例
新しい仕様では単に API-Version のような名前を使う場合もある

"
1001,"SC-R6S-PM
問3

クッキーのSameSite属性の書き方の例。
","Set-Cookie: sessionid=abc123; SameSite=Strict

Strict
同一サイトからのアクセスのみクッキー送信。外部サイト経由のリンクやPOSTでは送信されない。CSRF対策に最も強い。

Lax
通常のリンク(GET)では送信されるが、外部サイトからのPOSTやiframeでは送信されない。安全性と利便性のバランス型。

None
他サイトからのリクエストでも送信される。HTTPS限定でSecure属性が必須。外部サービス連携や埋め込み用途向け。

"
1002,"SC-R6S-PM
問3

iframeとは
","iframe（アイフレーム）は、HTMLで使われるタグで、別のHTMLページを自分のページ内に埋め込む枠のこと。

ポイントを整理すると：

1
タグ名
<iframe>
例：
<iframe src=""https://example.com"" width=""600"" height=""400""></iframe>

2
用途
・他サイトや自分の別ページをページ内に表示する
・動画プレイヤーや広告バナーなどもiframeで埋め込むことが多い

3
特徴
・埋め込まれたページは独立して動作する（JavaScriptやスタイルは基本的に別扱い）
・外部サイトの場合、同一生成元ポリシー（Same-Origin Policy）で制限されることがある
・スクロールやサイズ調整も可能

4
セキュリティ面
・悪意ある外部サイトをiframeに埋めるとクリックジャッキングなどのリスクがある
・X-Frame-OptionsやContent-Security-Policyで埋め込み制御が可能

要するに、自分のページの中に別のページを「窓枠」で表示する仕組み
"
1003,"SC-R6S-PM
問3

どのような攻撃方法か３０字以内で

(4) さらに,ある利用者がほかの利用者が注文した際の order-code を知らなくても, 4ある攻撃手法を用いれば攻撃が成功することを確認した。
","【正解】　
order-code の下 6桁を総当たりで試行する。

問題が難しすぎるときは頭が凍っている。深呼吸！
"
1004,"SC-R6S-PM
問3

SSRFとは
","サーバーサイドリクエストフォージェリー

SSRFとは利用者が指定した値を使ってサーバ自身が通信してしまう仕組みを悪用し、本来アクセスできない場所へサーバに代わりにアクセスさせる攻撃。

クラウド環境での危険な例。

クラウドにはサーバ専用の情報取得URLがある。
例。
http://169.254.169.254/

攻撃者がこれを指定すると、
・認証情報
・APIキー
などが取得される可能性がある。

なぜ危険か。

本来。
・利用者は外部のURLしか指定できない想定

現実。
・サーバは内部ネットワークも見える
・サーバは信頼された立場で通信する

その結果。
「利用者の入力」
→
「サーバの権限で通信」
という危険な変換が起こる。

対策の考え方。

1
URLをそのまま使わない

2
アクセス先を限定する
・許可したドメインだけ
・IPアドレス直接指定を禁止

3
内部アドレスを遮断
・localhost
・127.0.0.1
・169.254.x.x
・プライベートIP

まとめ。
SSRFは
「入力したURLに
サーバが代わりにアクセスしてくれる」
という便利機能が、
「サーバを操る踏み台」
に変わってしまう攻撃である。
"
1005,"SC-R6S-PM
問4

Linux のパーミッションの「数字」の意味は




","読み取り（read） = 4
書き込み（write） = 2
実行（execute） = 1

0 ・権限なし

1 ・実行のみ

2 ・書き込みのみ

3（2+1） ・書き込み＋実行

4・読み取りのみ

5（4+1）・読み取り＋実行

6（4+2）・読み取り＋書き込み

7（4+2+1）・読み取り＋書き込み＋実行

"
1006,"SC-R6S-PM
問4

パーミッションは次の3区分で設定されます。



","所有者（user）
グループ（group）
その他（others）
"
1007,"SC-R6S-PM
問4

Linux のパーミッション

755

644

700


","755
・所有者 7 → 読み・書き・実行
・グループ 5 → 読み・実行
・その他 5 → 読み・実行

644
・所有者 6 → 読み・書き
・グループ 4 → 読みのみ
・その他 4 → 読みのみ

700
・所有者のみ全権限
・他は一切アクセス不可

"
1008,"SC-R5A-PM
問1

XSSを防ぐ方法は


","タイトルなどの文字を出力する前にエスケープ処理する。
"
1009,"SC-R5A-PM
問1

入力文字数制限を超える長さのスクリプトが実 行されるようにした方法を, 50字以内で答えます。

","HTML がコメントアウトされ一つのスクリプトになるような投稿を複数回に分けて行った

はい、一般的に行われる攻撃です。

これは
入力分割によるXSS回避攻撃
コメントアウトを利用したXSS
などと呼ばれ、文字数制限やフィルタを回避するために実際に使われます。

対策が不十分な掲示板やフォームでは、複数投稿を組み合わせて
最終的に一つのスクリプトとして実行させる手法は珍しくありません。
"
1010,"SC-R5A-PM
問1

設問1 この攻撃で使われた XSS 脆弱性について答えよ。
(1) XSS 脆弱性の種類を解答群の中から選び, 記号で答えよ。

ア DOM Based XSS 

イ 格納型 XSS 

ウ 反射型 XSS

","イ
"
1011,"SC-R5A-PM
問1

Web アプリ Q における対策を, 30字以内で答えよ。

","レビュータイトルを出力する前にエスケープ処理を施す。
"
1012,"SC-R5A-PM
問1

図3について,入力文字数制限を超える長さのスクリプトが実行されるようにした方法を,50 字以内で答えよ。

","HTML がコメントアウトされ一つのスクリプトになるような投稿を複数回に分け
て行った。
"
1013,"SC-R5A-PM
問1

図4の6~20行目の処理の内容を, 60 字以内で答えよ。

xhr.onload = function() {  // 以降は、1回目のXMLHttpRequest(XHR)のレスポンスの受信に成功してから実行される。
    page = xhr.response;
    token = page.getElementById(""token"").value;
    xhr2 = new XMLHttpRequest();
    url2 = ""https://□□□.co.jp/user/upload"";
    xhr2.open(""post"", url2);
    form = new FormData();
    cookie = document.cookie;
    fname = ""a.png"";
    ftype = ""image/png"";
    file = new File([cookie], fname, {type: ftype});
    // アップロードするファイルオブジェクト
    // 第1引数：ファイルコンテンツ
    // 第2引数：ファイル名
    // 第3引数：MIMEタイプなどのオプション
    form.append(""uploadfile"", file);
    form.append(""token"", token);
    xhr2.send(form);
};
","XHR のレスポンスから取得したトークンとともに, アイコン画像としてセッシ ョン ID をアップロードする。
"
1014,"SC-R5A-PM
問1

攻撃者は,図4のスクリプトによってアップロードされた情報をどのよう にして取得できるか。 取得する方法を, 50字以内で答えよ。

","会員のアイコン画像をダウンロードして,そこからセッション ID の文字列を取り出す。　← 格納型なので、サーバにアイコンとCookieを結びつけるマルウェアが入っている。
"
1015,"SC-R5A-PM
問1

攻撃者が (2) で取得した情報を使うことによってできることを, 40 字以内で答えよ。


","ページ Vにアクセスした会員になりすまして, Web アプリQの機能を使う。
"
1016,"SC-R5A-PM
問1

仮に、攻撃者が用意したドメインのサイトに図4と同じスクリプトを含む HTML を準備し, そのサイトに Web アプリ Q のログイン済み会員がアクセスしたとしても,Web ブラウザの仕組みによって攻撃は成功しない。この仕組みを, 40 字以内 で答えよ。

","スクリプトから別ドメインの URL に対してcookie が送られない仕組み　← 

問題文にあるように、攻撃者が用意したサイトは Web アプリ Qとは別ドメインにある前提である。Web ブラウザが cookie を取り扱う際には、cookie を発行したドメインと異なるドメインには送出されない仕組みになっている。これにより、Web アプリ Q にログイン済み会員が攻撃者が用意したサイトにアクセスしたとしても、不正なスクリプトによって cookie が送られることはないため、攻撃は成功しない。
"
1017,"SC-R5A-PM
問2

サーバ証明書が偽物の時のエラーメッセージは？
","このサーバ証明書は,信頼された認証局から発行されたサーバ証明書ではない
このサーバ証明書に記載されているサーバ名は,接続先のサーバ名と異なる

TLSのサーバ証明書には、
・CN（Common Name）
・SAN（Subject Alternative Name）
として、その証明書が有効なサーバ名（ドメイン名）が記載されている。
"
1018,"SC-R5A-PM
問2

HSTS(HTTP Strict Transport Security)にHTTPで接続しようとするときのブラウザの動きは

","HTTP のアクセスを HTTPS のアクセスに置き換えてアクセスする。その後, 偽サイトからサーバ証明書を受け取る。　← 70文字の場合「偽サイトからサーバ証明書を受け取る」を書く必要がある。
"
1019,"SC-R5A-PM
問2

認証サーバが EAP で使う UDP 上のプロトコルを
答えよ。
","認証サーバが EAP（Extensible Authentication Protocol）で使う UDP 上のプロトコルは RADIUS です。

補足
・EAP自体は認証方式の枠組みで、直接ネットワーク上に送信されるわけではない
・802.1X や PPP などで EAP メッセージを RADIUS にカプセル化して送信する
・RADIUS は通常 UDP 1812（認証用）、1813（課金用）を使用する
"
1020,"SC-R5A-PM
問2

認証情報をPCのTPMに格納する理由は？
","EAP-TLS に必要な認証情報は, 業務 PC にしか格納できないから　← 酷い肩透かしではあるが、出題者はEAP-TLSには「クライアント」証明書が必要ということを聞いているらしい。
"
1021,"SC-R5A-PM
問2

Linuxのデーモンを停止するには特権が必要か?
","はい、通常は特権（root 権限）が必要です。

理由
・Linux では 他のユーザーが起動したプロセスを停止することはできない
・デーモンはシステムサービスとして root 権限で起動されることが多いため、停止・再起動も root 権限が

Linuxのデーモンとは、バックグラウンドで常駐して動作するプログラムのことです。
"
1022,"SC-R5A-PM
問2

「時刻を用いたワンタイムパスワード(TOTP)を、クラウド管理サイトへのログイン時に入力するように設定している」の場合の悪者のログイン方法は



","攻撃者が偽サイトに入力された TOTP を入手したときに, その TOTP が有効な間にログインすることで,不正ログイン を成功させることが可能です。したがって解答は,偽サイトに入力された TOTP を入手 し,その TOTP が有効な間にログインした,です。
"
1023,"SC-R5A-PM
問2

プロセス Yがシークレットを取得するのに使った方法として考えられるものを, 35字以内で答えよ。


","/proc ファイルシステムから環境変 数を読み取った。

/proc ファイルシステムは、Linuxが提供する仮想ファイルシステムで、システムやプロセスの情報をファイルとして参照できる仕組みです。

主な用途

プロセス情報の取得

/proc/[PID]/status : プロセスの状態やメモリ使用量

/proc/[PID]/cmdline : 起動コマンドライン

システム情報の確認

/proc/cpuinfo : CPUの種類やコア数

/proc/meminfo : メモリの使用状況

/proc/uptime : 起動からの時間

カーネル設定の変更

/proc/sys/ 以下のファイルを通じてカーネルパラメータを変更可能

例: /proc/sys/net/ipv4/ip_forward を 1 にすると IP フォワーディング有効
"
1024,"SC-R5A-PM
問1

Javaのインスタンス変数とクラス変数

","1. インスタンス変数
new でオブジェクトを生成したときに初めてメモリ上に作られる

class MyClass {
    int number; // インスタンス変数
}

MyClass obj = new MyClass(); // objごとにnumberが生成される

2. クラス変数
static キーワードを付けて宣言する

class MyClass {
    static int count; // クラス変数
}

MyClass.count = 5; // オブジェクトなしでアクセス可能

簡単に言うと、インスタンス変数は「オブジェクトごとの箱」、クラス変数は「みんなで使う箱（static）」です。
"
1025,"SC-R5S-PM
問2

PSコマンドとは
","psコマンドとは、LinuxやUNIX系OSで
現在実行中のプロセス（実行中のプログラム）を表示するコマンドです。

基本的な役割

実行中のプロセス一覧を表示する

プロセスID（PID）や状態を確認する

デーモンやバックグラウンド処理の動作確認に使う
"
1026,"SC-R5S-PM
問2

cronエントリーとは
","cronとは

指定した時刻や周期でコマンドを自動実行する仕組み

バックアップやログ整理などの定期処理に使われる

cronエントリーの役割

「いつ」

「何を実行するか」
を1行で定義する
"
1027,"SC-R5S-PM
問2

digコマンドとは
","digコマンドとは、
DNS（名前解決）の問い合わせ結果を確認するためのコマンドです。
主にネットワークやDNSのトラブル調査で使われます。
"
1028,"SC-R5S-PM
問2

CookieのHttpOnlyの意味は


","CookieのHttpOnly属性とは、JavaScriptからそのCookieにアクセスできないようにする設定です。　← 「アクセスできないように」

"
1029,"SC-R5S-PM
問1

偽の入力フォームを表示させ, ［　　　　］を攻撃者サイトに送る手口

","入力情報
"
1030,"SC-R4A-PM
問1

bin/sh は何？
","bin/sh は Unix 系 OS のシェルであり、これを取得して実行させる意図のある部分がここ。
"
1031,"SC-R4A-PM
問1

ここのEに入るトークンが持つべき特徴を15時以内で答えよ。

次に, 脆弱性 Bについては,利用者からのリクエストのパラメータに, セッションにひも付けられ,かつ【e】 という特徴をもつトークンを付与し, WebアプリRはそのトークンを検証するように修正した。
","推測困難である

Chappe:　推測困難な乱数
"
1032,"SC-R5S-PM
問2

LDAPサーバーがクエリを受けるとは
","LDAPサーバーがクエリを受けるとは、クライアントから「ディレクトリ情報を検索・取得・確認したい」という要求が送られてきて、それをLDAPサーバーが処理することを意味する。

「クエリ」とは何か。
LDAPにおけるクエリは、SQLのSELECTのような検索要求を指すことが多い。例えば、
・どの階層（DN）から探すか
・どんな条件（属性＝値）で探すか
・どの属性を返すか

例。
「uid=taro のユーザー情報を取得せよ」
「このIDとパスワードは正しいか（認証）」

要するに、
LDAPサーバーがクエリを受けるとは、
ディレクトリサービスに対する検索や認証などの要求を受信し、
ディレクトリ情報を基に処理して結果を返すこと、である。
"
1033,"SC-R5S-PM
問3

404 Not Foud からサーバ固有の情報は取れるか
","はい、可能である。

HTTPレスポンスのステータスが404であっても、ヘッダー情報は通常通り返される。ヘッダーにはサーバーの種類やバージョン情報が含まれることがある。例えば以下のようなヘッダーがある。

HTTP/1.1 404 Not Found
Server: Apache/2.4.51 (Ubuntu)
Date: Fri, 27 Dec 2025 07:00:00 GMT
Content-Type: text/html

この場合、Serverヘッダーから「Apache 2.4.51」というサーバー固有情報を取得できる。
"
1034,"SC-R5S-PM
問3

コンテナエスケープとは
","コンテナエスケープとは、
コンテナ内で動作しているプログラムが、本来隔離されているはずの範囲を抜け出し、
ホストOSや他のコンテナにまで不正にアクセスする攻撃である。

攻撃の要点。
・コンテナの脆弱性や設定不備を悪用する
・コンテナ内の権限からホスト側の権限を取得する
・ホストOS上のファイルやプロセスを操作される可能性がある
"
1035,"SC-R5S-PM2
問1

なぜ？

近年の攻撃の傾向を考えると, 2 今日確認した検体αの挙動が, 検体αを 週明けに再実行した時には, 攻撃者による変更によって再現できなくなる可能性がある。
","C&CサーバのIPアドレスを頻繁に変えるから。
"
1036,"SC-R5S-PM
問1

前の各機のARPテーブルはこうなり、攻撃者が標的PCとDNSサーバの通信を盗み見る。
IPスプーフィング前と後の各機のARPテーブルを答えよ。

①DNSサーバ、攻撃者PC、標的PCのIPアドレスとMACアドレスは以下の通りのとき

DNSサーバ　IPアドレスa　　　MACアドレスx

攻撃者PC   IPアドレスb　　　MACアドレスy

標的PC   　IPアドレスc　　　MACアドレスz

","②アープスプーフィング実行前
DNSサーバ　IPアドレスb　　　MACアドレスy

DNSサーバ　IPアドレスc　　　MACアドレスz
-----
攻撃者PC   IPアドレスa　　　MACアドレスx

攻撃者PC   IPアドレスc　　　MACアドレスz
-----
標的PC   　IPアドレスa　　　MACアドレスx

標的PC  　 IPアドレスb　　　MACアドレスy

③アープスプーフィング実行後

DNSサーバ　IPアドレスc　　　MACアドレスy
-----
攻撃者PC   IPアドレスa　　　MACアドレスx

攻撃者PC   IPアドレスc　　　MACアドレスz
-----
標的PC   　IPアドレスa　　　MACアドレスy




"
1037,"SC-R5S-PM2
問1

アープテーブルの不審な状態とは
","複数のMACアドレスがある状態。　← IPアドレスではないぞ！
"
1038,"SC-R5S-PM2
問1

デバッグログの出力注意点は？
","認証情報を出力しないこと。
"
1039,"SC-R5S-PM2
問2

見直し方法は？

IRT (Incident Response Team)での通報受付を早めるために, 通報 窓口を見直す。

レベルの判定のタイミングを見直す。
","Incident Response Team

社外向けの通報窓口を設置する。

最初の判定に加え, 影響の大きさ又は影響の広がりについての事実が見つかるたびに, 再判定を行う。
"
1040,"SC-R4S-PM1
問1

java.sql.①　stmt　=　con. prepareStatement (sql);

②.setInt(1, projectId);

String sql = ""SELECT 情報番号, 情報名, 情報内容 FROM 情報管理テーブル FROM-7 WHERE ③;

java.sql.①　stmt = con.prepareStatement (sql);
","①　PreparedStatement
②　stmt
③　情報番号 = ?AND プロジェクト ID = ?

"
1041,"SC-R5S-PM1
問2

ASCIIコードの「2f」は
","「/」ディレクトリトラバーサルに使う
"
1042,"SC-R5S-PM1
問2

sudoコマンドでは特定のコマンドを設定できないように、実行できないようにできるのか?
","できる。
sudo では「実行できるコマンド」と「実行できないコマンド」を細かく制御できる。
"
1043,"SC-R5S-PM1
問2

インターネットの検索エンジンで検索されないようにするために設定する内容は？
","インターネットの検索エンジンで検索されないようにするためには, <meta>タグを使用し, 次のような内容を<head>セクションに配置します。

<meta name=""robots"" content=""noindex"">

また, noindex の代わりに none としても,同じ意味となります。 したがって,解答は, noindex, または none です。
"
1044,"SC-R5S-PM1
問3

デジタル証明書を公開鍵で確認したあとに、もう一つやるべきことは？
","失効していないか確認する。
"
1045,"SC-R5S-PM2
問1

println は
","基本的には「テキストに書き出す」のではない。
println は「標準出力に文字列を出力する」命令。

整理して説明する。

println の役割

・文字列や数値を標準出力に送る
・多くの場合、画面（コンソール）に表示される
・最後に改行を付ける
"
1046,"SC-R5S-PM2
問1

out.println(""<meta property=\""og:ur l\"" content=\""https://""+serverName+""/""
+scriptName+""?""+queryString+""\"">"");
","og:url はOpen Graph Protocol のプロパティ名。

このコードがやっていること

<meta property=""og:url"" content=""https://サーバ名/スクリプト名?クエリ"">

つまり
・このページの正式なURLはこれです
とSNS向けに宣言している。
"
1047,"SC-R5S-PM2
問1

out.println(""<meta property=\""og:ur l\"" content=\""https://""+serverName+""/""
+scriptName+""?""+queryString+""\"">"");
","ここで言う「ここ」とは
URL の ? 以降のクエリ文字列のこと。

例
https://example.com/page?param=XXX

この XXX の部分はユーザが自由に入力・変更できる。そのためスクリプト文字列

<script>alert(1)</script>

のようなものも、技術的には入れられる。ただし重要なのは次。クエリにスクリプトを書いた瞬間に
それが実行されるわけではない。実行されるかどうかはサーバやWebアプリがそのクエリをどう扱うか次第。
"
1048,"SC-R5S-PM2
問1

クリックジャッキング脆弱性の対策には, レスポンスヘッダに① を含める方法と②を含める方法がある。 後者は標準化されている。

","①　X-Frame-Options
②　X-Content-Type-Options

"
1049,"SC-R5S-PM2
問1

①別の対策とは

D 社からは, P 社宿泊サイトからのレスポンスに含まれる URL が想定されたものかを調べて想定外の値の場合はその URL にはアクセスしないようにするという, SSRF 脆弱性への対策が提案された。 加えて,①別の対策も実施することが望ましい とのことであった。

","returnURL の値を固定値にする。
"
1050,"SC-R5S-PM2
問1

HTTP の GET でいう returnURL は
","HTTP の GET でいう returnURL は、一般的に「処理が終わったあとに戻す先の URL」を示すパラメータです。

ユーザが操作を終えたあと、どのページにリダイレクト（遷移）させるかを指定するための URL
https://example.com/login?returnURL=/dashboard

returnURL=/dashboard
→ ログインが成功したら /dashboard に戻る

注意点
ユーザが自由に書き換えられるため、セキュリティ上のリスクがある
例：オープンリダイレクト攻撃

returnURL=https://malicious.example.com


ログイン後に攻撃者のページに誘導される可能性
サーバ側で 正当な URL かチェックする 必須
"
1051,"SC-R5S-PM2
問2

GET /index.html HTTP/1.1
①: www.example.com
","Hosth　← Hostヘッダが思い出せなかった。
"
1052,"SC-R5S-PM2
問2

TLSで接続先としているURLかそれともIPアドレスか。
","TLS（HTTPS）で接続するとき、基本的には URL（ドメイン名） を使います。

理由

１．サーバ証明書との照合

・TLS はサーバ証明書を使って暗号化通信と認証を行う

・証明書には ドメイン名（Common Name / SAN） が含まれる

・接続時にクライアントは、アクセス先のホスト名と証明書のドメイン名が一致するかチェックする

・IP アドレスで接続すると、この照合が失敗することが多い

２．SNI（Server Name Indication）

・1 台のサーバで複数のドメインを運用する場合

・TLS ハンドシェイク時に「どのドメイン宛か」を伝える必要がある

・これも URL（ホスト名）が必要
"
1053,"SC-R5S-PM2
問2

stateとnonceの違い
","●state

認可リクエストとレスポンスの紐付け / CSRF防止

リダイレクトURLパラメータ

●nonce

IDトークンのリプレイ防止

IDトークンのペイロード
"
1054,"SC-R5S-PM2
問2

まず, nonce 値を生成し①に含めて送信します。 

次に, 送られてきた X に含まれる nonce 値を検証す ることで,攻撃者による ID トークンの不正利用を防ぐことができます。
","①認証要求

②IDトークン
"
1055,"SC-R5S-PM2
問2

NSレコードとCNAMEレコードの比較
","NSレコード
役割
そのドメインを管理しているDNSサーバを示す

CNAMEレコード
役割
ある名前を別の名前の別名として定義する
"
1056,"SC-R3A-PM1
問1

SSHフィンガプリントとは
","★接続できないときは、サーバ違う。

①SSHサーバは公開鍵を持っている

②クライアントが初めて接続すると公開鍵を受け取る

③その公開鍵をハッシュ化した値がフィンガプリント

④クライアントは表示されたフィンガプリントを確認する

保存される場所
クライアント側の
known_hosts ファイル。

重要な点
同じサーバならフィンガプリントは同じ。
変わった場合はサーバ変更か攻撃の可能性があるため注意が必要。
"
1057,"SC-R3A-PM1
問1

SSH 接続の認証方式を挙げよ
","パスワード認証と公開鍵認証
"
1058,"SC-R3A-PM1
問1

ファイアウォールのフィルタリングルールで、送信元がインターネットで、宛先がネットワークの内側なら、これは送信元のIPを絞るべきであると疑ってかかる。
","【常識】このFW設定を見たら疑え！

その条件の意味
送信元：インターネット
宛先：内部ネットワーク

例
許可してよいケース
・特定の外部IPからのVPN接続
・特定クラウドの固定IPからのAPI通信

許可すべきでない例
・インターネット全体 → 内部サーバ
（特別な理由がない限り危険）
"
1059,"SC-R3A-PM1
問1

マルウェアが情報を外部に持ち出す方法は？
","利用者がファイルを開いたとき,画面をキャプチャし, 攻撃者に送信する　← 頭を柔らかく！
"
1060,"SC-R3A-PM1
問3

ハッシュ比較で実行を禁止できないマルウェア
","実行ファイルのマクロとして実行されるマルウェア
"
1061,"SC-R3A-PM2
問1

HTTPでポップアップを表示する方法は？
","scriptタグ内に書かれたJavaScriptがブラウザ上で実行されることで表示される。
scriptタグ自体はポップアップを表示する機能を持っていない。

しかし
scriptタグの中で実行されるJavaScriptによってポップアップを表示できる。

代表例
alert(""表示"")
confirm(""確認"")
prompt(""入力"")
"
1062,"SC-R3A-PM2
問1

XSS対策はどうする？
","①エスケープ処理
この問題では、&quat;となっているのでやっている。

②JavaScript の実行は防ぐために･･･
そのため,脆弱性の原因は,設問1(2)で考えたような, 「javascript:」で始まるような JavaScript を実行する URL を無効化しなかったことだと考えられます。 
http://又は https://で始まる URL だけを出力するようにするように改修すれば, JavaScript の実行は防ぐことができます。
したがって解答は, http://又は https://で始まる URL だけを出力するようにする, です。
"
1063,"SC-R3A-PM2
問1

 「指定したスクリプトファイルの実行だけを許可する」について,実行が許可 されるのはどのようなスクリプトファイルか
","したがって解答は, URL と同じオリジンであるスクリプトファイルです。

「“Content-Security-Policy: script-src 'self"";""という ヘッダフィールドを, HTTP レスポンスのヘッダに追加する」 対策をとります。　← 漫然と見逃した。

CSP (ontent-Security-Policy)ヘッダフィールドは,Web サイトで読み込みを許可された リソースを管理できるようにするもので, script-src では,許可される JavaScript のソ ースを設定します。 script-src に 'self を設定すると, URL と同じオリジン(スキーム (プロトコル), ホスト, ポート番号の組合せ)であるスクリプトファイルの実行が 許可されます。
"
1064,"SC-R3A-PM2
問2

マルウェアがC&Cサーバと通信しているときに、通信先をブロックしても無駄な理由は？
","マルウェア無いの FQDN で指定されていされている IP アドレスを DNS で変えるから。
"
1065,"SC-R3A-PM2
問2
",
1066,"SC-R3S-PM2
問1

パスワードリスト攻撃対策は？
","同じPWを、別のサイトで使わないこと！
"
1067,"SC-R3S-PM2
問2

(1) 本文中の下線8について, 要件2を満たし, そのセキュリティ設定が従業員によって無効にされないためには, どのように設定する必要があるか。 30 字以内で述べよ。
","秘密鍵を書き出しできないように設定する。　← 汎用性のある問題！
"
1068,"""SC-R3S-PM1
問1

図の内容は OAuth 2.0 の典型的な 認可コードフロー を表している。
それを前提に a〜c を整理する。

まず役割の対応関係。

Sサービス
・OAuth 2.0のクライアント
・Tサービスのリソースを使いたい側

Tサービス
・認可サーバー ＋ リソースサーバー
・権限を与える側、リソースを提供する側

利用者
・権限付与の主体
","Tサービス
・認可サーバー ＋ リソースサーバー　← Chappieもこう答えたから間違いない

重要なポイント。

「写真をアップロードする」という機能の
リソースサーバーは 確かにSサービス自身。

しかし
OAuthで保護しているリソースが何か
がこの問題の焦点。

この図でOAuthの対象となっているリソースは
・Tサービスが持つアカウント名
・Tサービスが提供する権限（図3）

写真データそのものは
OAuthの保護対象ではない。

結論。

・OAuthの文脈では
リソースサーバーはTサービス
・Sサービスは
Tサービスのリソースを使うクライアント
・写真アップロードという機能は
OAuthとは別の話

なので
この設問の範囲では
「リソースサーバーはTサービス」
で正しい。
"
1069,"SC-R3S-PM1
問1

リソースサーバーとは
","リソースサーバーとは
OAuth 2.0 において
アクセストークンで保護されているリソースを提供するサーバー。

重要なポイント
「リソースサーバー」という呼び方はそのサーバーの役割を指している。

物理的なサーバー名やサービス名そのものではない。

もう少し噛み砕くと
・OAuthで守りたいデータやAPIがある
・それを持っているサーバー
→ それがリソースサーバー

具体例
・ユーザーのアカウント情報
・プロフィー

これらをアクセストークンがないと取得できない場合そのAPIを提供するサーバーがリソースサーバー。
"
1070,"SC-R3S-PM1
問1

アカウントは攻撃者か利用者か

Y氏は,一つ目の問題を、次の攻撃シナリオで説明した。S サービスにログインしていない利用者が攻撃者の用意した罠サイトにアクセスすると,図4中に示すシーケンスXが走り、後に, 2利用者が攻撃を受けているとは知らずにSサービスにファイルをアップロードすると,そのファイルを攻撃者にダウン ロードされてしまうおそれがある。この場合、ファイルをアップロード・ダウンロードすると、 このアカウントは利用者のアカウントか攻撃者のアカウントか
","こんな問題は、認可サーバ云々ではなく「攻撃者アカウント」！
"
1071,"SC-R3S-PM1
問1

1. state

誰が作るか：

どこで使うか：

目的：　

送信される場所：

検証方法：
","state　← 「認可リクエスト」で作られる。つまり認可リクエストの場所が違えば変わってくる。

誰が作るか：クライアント（アプリ）

どこで使うか：認可コードフローなど、認可リクエストとリダイレクトの間

目的：　CSRF攻撃防止
認可レスポンスをリクエストと紐づける

送信される場所：認可リクエストのパラメータ

検証方法：リダイレクトで返ってきたstateがクライアントが送ったものと一致するか確認
"
1072,"SC-R3S-PM1
問3

DNS over HTTPS/TLSとは
","DNS over HTTPS/TLSとは、クライアントがキャッシュDNSサーバに問い合わせをする際に、DNSクエリをHTTPSやTLSのプロトコルで暗号化するための手順である。

通常はプルサービスリゾルバーとPCは同じ会社、だから同じネットワークにいる。 そうすると、その間に中間者攻撃が入るということか。

はい、その理解でほぼ合っています。整理するとこうです。

通常のDNSの問題点

DNSは基本的に 平文（暗号化されていない） でやり取りされる

たとえキャッシュDNSサーバ（リゾルバ）が同じ会社や同じネットワーク内にあっても、

LAN内やISP内部で 中間者攻撃（MITM） が可能

例：DNSクエリを書き換えて偽サイトに誘導する DNSスプーフィング
要するに、同じネットワークにいても平文DNSだとMITMの危険があるため、DoH/DoTで暗号化することで安全性を高める、という仕組みです。
"
1073,"SC-R2S-PM1
問1

SubjectAltNameとは
Subject Alternative Name
","まとめ

subjectAltName は証明書が有効な名前の正式な一覧

現代のTLSではCNよりSANが優先される　← ★★★

サーバ証明書ではSANにドメイン名を書くのが必須

つまり、ドメイン名を取得するのは、まずSubject、Alt、Name、 それがなかったらSubjectのCommonNameを使うのか。

はい、TLS/HTTPS証明書における接続先ドメイン名の照合順序はそのイメージで正しいです。整理するとこうなります。

subjectAltName (SAN) を最優先

証明書に SAN がある場合、ここに書かれた DNS 名・IP アドレス・URI などのリストだけを使って照合

現代のブラウザや TLS 実装では、SAN にない名前は無効扱い

SAN がない場合

仕方なく Subject の CN（Common Name）を使って照合

ただし古い互換用の方法であり、現在は推奨されない
"
1074,"SC-R2S-PM1
問2

デジタル署名を●●する。
","検証　← 認証ではない！
"
1075,"SC-R2S-PM2
問1

シェアード・シークレットとは何か?
","シェアード・シークレット（shared secret）とは、通信する両者だけが知っている秘密情報のことです。

●例
Wi-Fi WPA/WPA2 のパスフレーズ
API のアクセスキーとシークレットキー
認証トークンを作るための秘密鍵

●使い方のイメージ
サーバとクライアントが同じシークレットを持つ
それを使ってハッシュや暗号化で認証メッセージを作る
相手も同じシークレットで計算して一致すれば認証成功
"
1076,"SC-R2S-PM2
問1

Implicit フローとは
","Implicit フロー（OAuth 2.0 の場合）

●ブラウザで直接アクセストークンを受け取るフロー
●トークンエンドポイント（/token）を通さずに、認可エンドポイントから直接アクセストークンが返される
●そのためクライアントシークレットは不要で、公開クライアント（JavaScript アプリなど）向き
"
1077,"SC-R2S-PM2
問1

クラウドの脆弱性診断の代わりとなるものは
","監査報告書で確認する。
"
1078,"SC-R2S-PM2
問1

VPNのセキュリティを高める方法は？
","クライアント証明書によるデバイス認証。

VPNには必ずしもクライアント認証が必要ではありません。

VPNの目的
●公衆ネットワーク上で安全に通信すること
●通信内容の暗号化（トンネル化）
"
1079,"SC-R2S-PM2
問1

TOTPの仕組みを最短ステップでまとめる。
","1 事前に
サーバと端末で同じシェアード・シークレットを持つ

2 生成
現在時刻を一定間隔（例 30秒）で区切る
秘密鍵＋時刻からHMACを計算する

3 表示
計算結果から6桁などの数字を作り、OTPとして表示

4 検証
サーバも同じ計算を行い、一致すれば認証成功

一言まとめ
「同じ秘密鍵と同じ時刻から、両者が同じワンタイムパスワードを作る」。
"
1080,"SC-R1A-PM2
問1

Linuxのtopコマンドは
","Linuxのtopコマンドは、リアルタイムでプロセスとシステム資源の使用状況を監視するツールです。
表示内容：

CPU使用率、メモリ使用量、ロードアベレージ

プロセス一覧（PID、ユーザー、CPU/メモリ使用率、実行時間）
操作：

ソート変更、プロセス終了、優先度変更など可能
用途：

高負荷原因の特定、リソース監視
"
1081,"SC-R1A-PM2
問1

procディレクトリとは
","/procディレクトリは、Linuxでカーネルとプロセスの情報を仮想ファイルとして提供する特殊なディレクトリです。

特徴：

実際のディスク上のファイルではなく、カーネルが動的に生成する仮想ファイル

システム情報や各プロセスの情報を読み取れる

主な内容：

/proc/cpuinfo：CPU情報

/proc/meminfo：メモリ情報

/proc/[PID]/：特定プロセスの詳細情報（状態、メモリ使用量、オープンファイルなど）

/proc/uptime：稼働時間

用途：

システム監視、プロセス解析、デバッグやチューニング
"
1082,"SC-R1A-PM2
問1

全然わからないときに、なんでもいいから書いておくべきは。
","構成とバージョン
"
1083,"SC-R1A-PM2
問1

回帰テストとは
","回帰テストは英語で Regression Test と言います。

回帰テストとは、ソフトウェアの修正や機能追加の後に、既存機能が正しく動作するかを確認するテストです。
"
1084,"SC-R1A-PM2
問2

User-Agent ヘッダフィールドとは
","具体例
User-Agent: Mozilla/5.0 (Windows NT 10.0; Win64; x64) Firefox/146.0

この情報を使ってサーバは
・PC向け、スマホ向けで表示を切り替える
・特定ブラウザ専用の処理を行う
・アクセス解析やログ分析を行う
"
1085,"SC-R1A-PM2
問2

CVSSの3つの値の違いは
","基本値
脆弱性そのものの危険度
環境に依存しない共通評価

現状値
時間とともに変わる危険度
攻撃コード公開や修正状況を反映

環境値
自組織の環境での危険度
★★★業務重要度や配置を反映
"
1086,"SC-R1A-PM2
問2

ECBモードとCTRモード
Electronic Codebook　　
Counter
","1. ヘッダは平文
TCP/IPやKCPのヘッダは、ルータやスイッチが読めるように平文で送られる
暗号化モード（ECBやCTR）で扱うのは ペイロード部分だけ
そのため、ヘッダは平文で固定されていて、暗号文ブロックとして繰り返されることはない

2. ECBで問題になるのは「暗号化対象の繰り返し」
ペイロードをECBで暗号化すると
同じペイロードブロックが何度も出ると、同じ暗号文ブロックになる
これが「統計的攻撃」「平文パターン推測」のリスク

3. CTRモードの場合
ペイロードブロック = 平文 ⊕ キーストリーム
平文が同じでも、カウンタ値が変われば暗号文は異なる
"
1087,"SC-R1A-PM2
問2

CONNECTメソッドとは
","CONNECTメソッドでは
URLは使わない。
基本は「FQDN:ポート番号」を指定する。

整理するとこうなる。

CONNECTのリクエスト行
CONNECT ホスト名:ポート HTTP/1.1

ここに書くもの
・スキーム（https://）は書かない
・パス（/index.html など）は書かない
・クエリ（?a=b など）は書かない

指定できる対象
・通常はFQDN（例：www.example.com:443）

・技術的にはIPアドレス:ポートも指定可能（例：203.0.113.10:443）

なぜFQDNが使われるか
・HTTPSではTLSのSNIでホスト名が必要
・証明書検証もホスト名ベース
・そのため実運用ではFQDN指定が前提に
"
1088,"SC-R1A-PM2
問2

HTTPS通信の場合，社内PCからプロキシサーバにCONNECTメソッドによって接続要求を送る時点では平文でWebサーバの g 名とポート番号が渡されるが，社内PCとWebサーバの間でTLSセッションが成立して暗号通信路が確立した後は，プロキシサーバでは内容を f ことはできない。そのため，HTTPS通信の場合，実質的にブラックリストに登録できるのが，URLの g 部とポート番号部だけであり， h 部は指定できないことや，そもそもブラックリストに登録すべきURL情報が必要なタイミングで入手できないことから効果が期待できないとの結論となった。
","f　読み取る
g　ホスト
h　パス
"
1089,"SC-H31A-PM2
問2

第三者からのメール転送を制限せず、誰でも自由にメールを中継できてしまうことを何というか。
","オープンリレー
"
1090,"SC-H31A-PM2
問2

基本的にプロキシを使わないもの
","SMTP
POP3
IMAP
SSH
Telnet
RDP
DB接続系
"
1091,"SC-H30H-PM2
問1

なぜこの # 以降（フラグメント）はHTTP リクエストとしてサーバーに送られないのか
"," # 以降（フラグメント識別子）は、URL の仕様で「クライアント側だけで使う情報」と定義されているため、HTTP リクエストとしてサーバーには送られない。

実際の HTTP リクエスト例

ブラウザでアクセス
https://example.com/page.html#test

実際に送られるリクエスト

GET /page.html HTTP/1.1
Host: example.com

#test は含まれない。

"
1092,"SC-H30H-PM2
問1

DOM based XSSの対処方法
","フラグメント識別子の値で，クライアント上で動的にHTMLドキュメントが生成される場合，Rポータルへのアクセスを行わなくても，クライアント上だけでスクリプトを分析することができます。具体的には，“#”以降のフラグメント識別子の値をいろいろ変化させて表示させ，その挙動を確認することで，スクリプトが実行される脆弱性があるかどうかが確認できます。

したがって，解答は，スクリプトを分析し，フラグメント識別子の値の変化による挙動を確認する，となります。
"
1093,"SC-H30H-PM2
問1

したがって,空欄eは製作パートナに渡すCCIの数となります。
","セキュリティの試験なのだから、セキュリティに関係する回答を考える。
"
1094,"SC-H30H-PM2
問1

DRM サーバへの通信を製作パートナのグローバル IP アドレスからだけに制限する
","何の問題でも、まずこの解答を思いつくこと。
"
1095,"SC-H30H-PM2
問2

攻撃がWebサーバのアクセスログに残らない方法は？
","攻撃に使われる文字列が POST データ内に含まれている場合
"
1096,"SC-H30A-PM2
問2

マルウェア感染のPCをネットワークから切断する前に行うことは
","メモリダンプを取る。
"
1097,"SC-H30A-PM2
問2

SC-H30A-PM2
問2
","pro.php の正体

pro.php は
・PHPで書かれたサーバサイドプログラム
・Webサーバ（Apache / Nginx + PHP-FPM など）上で動く
・URLの一部として公開されているエンドポイント

例
https://IPn.example/pro.php

ブラウザやマルウェアがGET や POST を送ると、Webサーバがそれを PHPとして実行し、その実行結果をHTTPレスポンスとして返す。

"
1098,"SC-H30A-PM2
問2

(5) 図7中の下線5について, Dさんの利用者 ID を用いた PC-B へのログインに最初に成功するまでに, 攻撃者が何回ログインに失敗したことが記録され ているか。 記録されている失敗の回数を答えよ。
","「最初に成功するまでに」が引っかけ問題。

単純に数えられるときは、ヒッカケ！を肝に銘ずる。
"
1099,"SC-H30A-PM2
問2

同じファイルかどうかを確認する方法は？
","ファイルサイズとハッシュ値
"
1100,"SC-H29S-PM2
問2

①ウイルスチェックをするときの常識は？

①ウイルスチェック対策の常識は？
","①ファイルを暗号化しない。

②業務LANの全てのサーバにホスト型IPSソフトウェアを導入する。
"
1101,"SC-H29A-PM2
問2

3ウェイハンドシェイク
","SYN⇒SYN/ACK⇒ACK　← 間違えた！
"
1102,"SC-H29A-PM2
問2

3ウェイハンドシェイクが失敗したときの受信反応
","①RST
②応答なし
"
1103,"SC-H29A-PM2
問2

出荷済み機器（カメラ）への脆弱性対策は？
","ファームウェアを修正して配布
"
1104,"SC-H29A-PM2
問2

開発委託先との契約に入れる条件の定石は？
","脆弱性検査の合格を受け入れ条件とすること。
"
1105,"SC-H29A-PM2
問2

構成管理を導入していないときの問題点は？
","静寂性がシステムに影響するかどうかを短時間で判断できない。
"
1106,"SC-R1A-PM1
問1

DNSトンネリングの特徴
","DNSトンネリングとは
DNSという名前解決の仕組みを悪用して、本来は通さない通信データをDNS問い合わせや応答に埋め込み、外部と通信する手法である。

典型的な特徴
・非常に長いドメイン名
・意味のない文字列が連続するサブドメイン
・同一ドメインへの高頻度なDNS問い合わせ
・通常よりTXTレコードの利用が多い
"
1107,"SC-H27S-PM2
問1

SMTP通信では、基本的に次の順でコマンドが送られます。
","HELO または EHLO

MAIL FROM

RCPT TO 　← 思い出せなかった。

DATA
"
1108,"SC-H27S-PM2
問1

この場合、FWにどういう設定をするか

現状ではすべて「拒否」になっている。
初期設定用ネットワークからの接続サイトを制限する設定。

","現状ではすべて「拒否」になっている。

許可するURLを設定する！

「接続サイトを制限する」の文字で、ついつい「何を拒否」するのか、と頭が固まってしまった。
"
1109,"SC-H27S-PM2
問1

正規表現 超要点一覧

",". ：任意の1文字
? ：直前の文字が0回または1回

[abc] ：a / b / c のどれか1文字
[0-9] ：数字1文字
[^0-9] ：数字以外の1文字

^ ：行の先頭
$ ：行の末尾

{n} ：n回ちょうど
{n,} ：n回以上
{n,m} ：n回以上m回以下

() ：グループ化
| ：または（OR）

(?i) ：大文字小文字を区別しない

https? ：http と https
https?:// ：URLの先頭

^[0-9]{4}$ ：4桁数字のみ

<script> ：XSS検出例 ('|--|;) ：SQLインジェクション検出例

"
1110,"SC-H27S-PM2
問1

リバースブルートフォース攻撃とは
","パスワードを固定して何通りものユーザID の組合せを試行する手法である。

その説明に該当する手法は、パスワードスプレー攻撃（Password Spraying）です。
"
1111,"SC-H28S-PM2
問2

システムディレクトリ等に不正なコードを含むファイルを埋め込み, ブラウザなどの既存のプログラムに利用者が意図していない振る舞いをさせる手口
","DLL (Dynamic Link Library) インジェクション攻撃と呼ぶ。
"
1112,"SC-H28A-PM2
問1

★★★
サーバ証明書が不正であるWebに接続するとどうなるか？
","ブラウザで警告が表示される。
そのまま続行してしまう可能性あり！
"
1113,"SC-H28A-PM2
問２

この目的を述べよ。

 2新台帳にはバージョンを含むソフトウェアの情報も記載することにした。
","あなた：ソフトウェアに新たな脆弱性がみつかった時に迅速に対応できるようにするため。
正答例：脆弱性が発見された特定バージョンのソフトウェアが導入された機器を迅速に特定するため

判定：△（一般化しすぎ）
理由：あなたの答案は方向性は近いですが、解答例の要点は「特定バージョンが入っている機器の特定」です。ここを明確に書かないと、脆弱性対応全般の話に広がってしまい減点されやすいです。
"
1114,"SC-H28A-PM2
問２

bashとは
","bash（バッシュ）とは、主に UNIX/Linux系OSで使われるシェル（コマンドライン操作のためのプログラム） の一つです。

正式名称は
Bourne Again SHell（ボーン・アゲイン・シェル） です。

シェルって何？

シェルは
👉「人間が入力した命令を、OS（カーネル）に伝える通訳役」

bashはその中でも 最も広く使われているシェル の一つです。
"
1115,"SC-H28A-PM2
問２

CATとは
","cat
ファイル内容の表示
複数ファイルの連結
標準入力の受け取り、リダイレクトとの組み合わせが豊富

DOSのType
"
1116,"SC-H28A-PM2
問２

httpd とは
","httpd は、HTTPサーバ（Webサーバ）を指す名称・実行プログラム名として使われる言葉です。主に次の意味で使われます。

1. 一般的な意味

HTTP daemon の略です

HTTP（Web）リクエストを受け取り、HTMLや画像などのコンテンツを返す常駐プロセスを指します

「Webサーバそのもの」または「Webサーバのプロセス」という意味合いで使われます
"
1117,"SC-H28A-PM2
問２

HTTPのフィールド値とは
","HTTPのフィールド値とは、HTTPメッセージにおけるヘッダフィールドの「値」の部分を指します。

1. 基本構造
HTTPヘッダは、次の形式で構成されます。
フィールド名: フィールド値

例
Content-Type: text/html; charset=UTF-8
User-Agent: Mozilla/5.0


フィールド名（header field name）
Content-Type, User-Agent など

フィールド値（field value）
text/html; charset=UTF-8, Mozilla/5.0 など

"
1118,"SC-H28A-PM2
問２

あなた：WAF導入だけでよく、パッチ当てによるシステムへの影響の検証作業が不要だから。

正答例：WAFの場合，検証作業の試験項目がパッチ適用のときよりも少なくて済むから 
","判定：△（言い過ぎ＋理由がズレ）
理由：

解答例は「不要」ではなく「試験項目が少なくて済む」です。WAFでも導入・設定変更の検証は必要です。

「影響の検証作業が不要」と断定すると、過剰で不正確になります。
"
1119,"SC-H28A-PM2
問２

あなた：導入までの時間が短く、かつ通信量の上限を随時変更できるから。

正答例：通信量の上限の切替えでWAFの能力変更が随時可能、かつ作業工数やコストの観点から無駄がない。 
","判定：△（一部不足）
理由：あなたの答案は「随時変更できる」は合致しますが、解答例のもう一つの要点である「工数・コスト面で無駄がない」が抜けています。
"
1120,"SC-H28A-PM2
問２

 V チームが機器ごとにリスクを評価し、その結果, j というリスク又は k というリスクが高いと判断された場合は, リスクレベル3とする。
","あなた：j 社外からアクセスできる機器／k 重要情報を扱っている機器
正答例：j＝重要情報が漏えいする、k＝社外から侵入される（順不同） 

判定：×（内容が別物）
理由：この設問は「機器の属性」ではなく、脆弱性対応で優先度を決める観点（リスク）として

j 重要情報が漏えいする
k 社外から侵入される

を挙げる問題です。あなたの答案は“機器分類”になっており、問われ方（リスクの表現）に一致していません。
"
1121,"SC-H28A-PM2
問1

ウイルススキャンが行われないのはどのような場合か。
","・通信が暗号化されている場合
・ファイルが暗号化されている場合

実務的には、他にも「スキャンできない／されない」ケースはある
(1) 圧縮ファイルの場合：ZIP、RAR、7z など。特に パスワード付き圧縮ファイル

(2) 多重圧縮（ネスト）されている場合：zip の中に zip、その中に exe、など。展開回数・サイズ制限を超えるとスキャンされない

(3) 未対応フォーマットの場合：スキャナが解析できない独自形式。破損したファイル形式

(4) 巨大ファイルの場合：サイズ制限超過でスキップされる。タイムアウト回避のために検査省略

(5) 実行時に復号・展開されるタイプ：パッカー型マルウェア。実行時に自己復号する形式。
"
1122,"SC-H28A-PM2
問1

監査とセキュリティ管理の役割を一つの組織にもたせた場合,どのような不都合が起こるか。 30字以内で述べよ。
","あなたの解答
セキュリティに漏れがあった場合、隠蔽される恐れがある。

正解（解答例）
セキュリティ管理の状況を客観的に監査できないという不具合。

判定：×
理由：
この設問は「監査の客観性が確保できない」という統制上の問題を問っています。
あなたの解答は結果的影響の推測に留まっています。
"
1123,"SC-H28A-PM2
問1

IAとは
","「IAは Internet Access の略である」　← 素人じゃないんだから、知ってて当たり前。
"
1124,"SC-H28A-PM2
問1

DLPサーバとは
","DLPサーバとは、組織内の重要情報が外部に漏えいしないよう監視・制御するための仕組み（Data Loss Prevention）を提供するサーバです。
"
1125,"SC-H27A-PM2
問2

この措置は,マルウェア感染ファイルの拡散がどのように起こることを想定したものか。40字以内で具体的に述べよ。
","あなた：同期フォルダがQサービスフォルダと自動的に同期されることによる。
正解：マルウェア感染ファイルが複数の利用者の同期用フォルダ間で自動同期される。

判定：△（一部不足）

理由：「自動同期される」点は合っていますが、「複数の利用者の同期用フォルダ間で（感染ファイルが）広がる」という“拡散の範囲・被害の核心”が弱いです。感染ファイルであること、利用者間に広がることまで書くと〇になります。
"
1126,"SC-H27A-PM2
問2

どういう機能？

試験導入において表出 した問題を踏まえると, 同期用 FS には, マルウェア対策に関して追加すべき機能があると指摘された。 
","あなた：同期完了後FS内のフォルダとファイルを削除する機能。
正解：マルウェア感染ファイルの発見時に利用者に警告を発する機能。

同期用 FSにより, マルウェアが検 知された場合には, Q サービス利用者フォルダや同期ディスクにある感染ファイルは削除されるが,そのことを利用者に通知する機能がない。　← そんなバナナ！しかし、問題文には削除機能は書いてない。
"
1127,"SC-H27A-PM2
問2

どんな問題？

ECB モードをそのまま用いるのは,セキュリティ上の問題がある。
","「同一平文ブロック→同一暗号文」というECBの性質による“推測されやすさ。
"
1128,"SC-H27A-PM2
問2

どんな情報？

暗号化対象ファイルに関係する情報の一部は秘匿されない
","正解：ファイルの名称／おおよそのファイルサイズ 
理由：ここは「暗号化しても（サービス側が）把握できるメタ情報」を問う　← メタ情報！

通常, ファイルを暗号化しても,ファイル名までは秘匿されない。ファイルの属性情報として,更新日付,ファイルサイズ等があるが,通常,更新日付は暗号化した際に変更されて元の情報が秘匿化されるのに対 し,ファイルサイズはそれほど大きく変化しない。
"
1129,"SC-H27A-PM2
問2

どうする？

マルウェア感染ファイルの拡散防止対策が不十分である。
","正解：暗号化フォルダに登録されたファイルは、復号した後でマルウェアスキャンを行うようにする。

暗号化されたファイルに対してマルウェアスキャンを行っ ても有効な結果を得ることはできない。　← 図を見てこれでいいのかと思ったが、自分の理解不足だと思っていたら、単純な話だった。まずは当たり前のことを書く。
"
1130,"SC-H31A-PM1
問1

クッキーはサーバーが発行するのか、クライアントが発行するのか。
","1 クッキーを発行するのは誰か
クッキーはサーバーがHTTPレスポンスで発行します。
具体的には、サーバーが Set-Cookie ヘッダーをレスポンスに含めて返すことで発行されます。

例
Set-Cookie: SESSIONID=abc123; Path=/; Secure; HttpOnly

この時点で、クッキーの内容を決めているのはサーバーです。

2 クッキーを保存・送信するのは誰か
クライアント（Webブラウザ）が、サーバーから受け取ったクッキーを保存します。
そして、次回以降、条件（ドメイン、パス、有効期限など）が一致するリクエストを送る際に、自動的に Cookie ヘッダーとして送信します。

例
Cookie: SESSIONID=abc123
"
1131,"SC-H31A-PM1
問1

プリフライトリクエストとは何か?
","プリフライトリクエストとは、CORS（Cross-Origin Resource Sharing）において、本来のリクエストを送信してよいかを事前に確認するために、ブラウザが自動的に送信する確認用のHTTPリクエストのことです。

要点を段階的に説明します。

1 目的
異なるオリジンへのリクエストが、サーバー側で許可されているかを事前に確認し、危険なリクエストを防ぐことが目的です。
利用者やJavaScriptが明示的に送るものではなく、ブラウザが自動で行います。

2 いつ送られるか
次のような場合、ブラウザは本リクエストの前にプリフライトリクエストを送ります。
・GETやPOST以外のメソッド（PUT、DELETEなど）
・application/json などの「シンプルでない」Content-Type
・独自のHTTPヘッダーを付ける場合
これらは「シンプルリクエスト」に該当しないため、事前確認が必要になります。

3 どんなリクエストか
プリフライトリクエストは、HTTPの OPTIONS メソッドで送信されます。

主なヘッダーは次のとおりです。
・Origin
・Access-Control-Request-Method
・Access-Control-Request-Headers

これにより、
「このオリジンから、このメソッド・ヘッダーでアクセスしてよいか」
をサーバーに問い合わせます。

4 サーバーの応答
サーバーが許可する場合、レスポンスに次のようなヘッダーを返します。
・Access-Control-Allow-Origin
・Access-Control-Allow-Methods
・Access-Control-Allow-Headers

この応答をブラウザが確認し、条件が満たされていれば、初めて本来のリクエストを送信します。
"
1132,"SC-H31A-PM1
問3

あなたの解答：
・MACを使う仕様

正解：
・仕様：MACの生成に共通鍵を使用する。

判定：×
","ここは引っかけというより、「MAC」という言葉を答案に書いただけでは、採点者が“その人が何を理解しているか”を判定できない、という出題上の事情です。

1 「MAC＝共通鍵」は事実だが、設問が欲しいのはそこではありません
暗号の教科書的には、あなたの言うとおりで、MACは（一般に）共通鍵を使う方式です。
しかし、この設問2(3)の空欄は「仕様」を文章で説明させる形になっていて、解答例は

「MACの生成に共通鍵を使用する」という“仕様の中身”を明示しています。

★★★つまり採点基準は、単に用語を言ったかではなく、「鍵を使う真正性確認（改ざん検出）をする仕組みである」という性質を言語化できているか、です。
"
1133,"SC-H31A-PM1
問3

あなたの解答：MACにはゲームシステム全体で同一の共通鍵が使われるから
正解：ゲームサーバに認証サーバと同じ共通鍵を保存する。 
判定：△
","理由：言いたい方向性（共通鍵を使う）は近いですが、解答例が求めているポイントは「認証サーバが作ったMACを、ゲームサーバ側でも検証できるように、同じ共通鍵をゲームサーバに保存する」という配置・運用の説明です。「システム全体で同一鍵」という言い方だと、どこに鍵を置くべきか（ゲームサーバ側に保存）が抜けやすく、採点上は弱くなります。
"
1134,"SC-HR07A-PM
問1

CSPは何の略で、何をするものか。
","CSPは Content Security Policy の略です。
Webブラウザに対して「どの種類のコンテンツを、どこから読み込んでよいか」を指示するセキュリティ機構です。
"
1135,"SC-HR07A-PM
問2

サイドチャネル攻撃とは
","あなたの解答：施設Kから漏れ出す電磁波信号を分析して通信内容を導き出す。

正解：施設Kの外から，鍵管理PCの作動音や鍵管理PCから放出される電磁波を観測し，署名鍵Sを推測する。 

判定：△（要点が一部不足）

理由：電磁波を使う方向性は合っていますが、正解の要点は「作動音や電磁波を観測して、署名鍵Sを推測する（鍵の推測）」です。　← ★★★通信のなからか署名鍵S（とか普通ならPWとか）を推測するのが目的
"
1136,"SC-HR07A-PM
問2

あなたの解答：パスワードを紙に書き留めること。

正解：作業2において，パスワードで暗号化した署名鍵Sと紙に書き留めたパスワードを一緒に移送している点 

","判定：△（一部不足）

理由：「紙に書き留めたパスワード」が問題点に含まれるのは合っています。ただし問われている問題点は「暗号化した署名鍵S」と「紙のパスワード」を“一緒に”移送している点で、セットで書けると満点に近づきます。 　← そうなんよ。このあたり、もっと深く考えて、慎重に。

"
1137,"SC-HR07A-PM
問2

あなたの解答：秘密鍵Sは署名鍵Eで暗号化され、移送用メディアからは署名鍵Eは削除されているため。

正解：復号鍵Dがないので，暗号化された署名鍵Sは復号できない。 

","判定：×（理由が別物）

理由：正解の要点は「復号鍵Dがない」ことです。ご解答は「署名鍵Eで暗号化」「署名鍵Eを削除」としており、鍵の種類と関係（なぜ復号できないか）の説明が解答例の筋と一致していません。 　← そうりゃそうだ。
"
1138,"SC-HR07A-PM
問2

あなたの解答：復号鍵Dと同じファイルの内容。

正解：攻撃者の生成した鍵ペアの暗号鍵 

","判定：×（内容が別物）

理由：問われているのは「置き換えられる（または差し替えられる）鍵の正体」で、正解は「攻撃者が生成した鍵ペアの暗号鍵」です。ご解答の「復号鍵Dと同じファイル内容」は、鍵の同一性や置換対象を示せていません。 　

試験の意図としては「攻撃者が用意した鍵ペア」を指している。　← これなら納得。最初から用意している鍵ペアに置き換えたということか。


"
1139,"SC-HR07A-PM
問4

マルウェア対策ソフトから検知を逃れるために、自分の形を変えるマルウェアは、主に次のように呼ばれます。
","1．ポリモーフィック型マルウェア

2．メタモーフィック型マルウェア
"
1140,"SC-HR07A-PM
問4

マルウェア対策として、なぜ「圧縮」は不正解になるのか
","・圧縮は「結果として見えにくくなることはある」
・暗号化は「検知を回避するために意図的に行う」

という違いが評価されています。

しかしこの設問は、

・実務の細かい挙動
ではなく
・問題文が意図する用語選択
"
1141,"SC-HR07A-PM
問4

ACLとは
","Access Control List
"
1142,"SC-HR07H-PM
問1

セキュリティ・バイ・デザインとは
","システムやサービスを企画・設計する最初の段階から、セキュリティ対策を前提として組み込む考え方のことです。
"
1143,"SC-HR07H-PM
問1

委託先に要求する、再委託先にへのセキュリティに関する契約は？
","L社の業務委託先に要求する対策と同等のセキュリティ対策を、再委託先にも要求させること。

理由：問われているのは「再委託先にも同等レベルの対策を要求させる」という要求範囲（流し先まで同等）です。監査合格条件という手段の話になっており、「同等の対策を再委託先へ要求」という要点が外れています。
"
1144,"SC-HR07H-PM
問1

BOMの利点
","利用しているソフトウェアやそのバージョンが明確になり、脆弱性の影響有無を容易に把握できるから。
　← キーワードは「バージョン」と「構成」
"
1145,"SC-HR07H-PM
問1

なぜ踏み台サーバーなのか。ファイアウォールでもログは取れるではないか。
","ログが取れるかどうかでは、踏み台サーバかファイアウォールかは決まりません。
人がログインして作業する中継点かどうかが判断基準です。

順に整理します。

まず、ファイアウォールの役割です。
・通信を許可／拒否する
・どのIP・ポート・プロトコルを通すかを制御する
・通信ログは取れる

しかしファイアウォールは、
・利用者がログインして操作するものではない
・「共用アカウントでログインする」「踏み台として使う」という使われ方はしない
という点が重要です。

次に、踏み台サーバの役割です。
・管理者や開発者がログインする
・そこから先のサーバへ SSH などで接続する
・誰が・いつ・どこへ入ったかをログで追跡する
・直接内部サーバに入らせないための中継点
"
1146,"SC-HR07H-PM
問1

CI/CDパイプラインとは
","CI/CDパイプラインとは、ソフトウェアの変更を、
「作成 → 検証 → 配布」
まで一連の流れとして自動的に処理する仕組みのことです。

CI（Continuous Integration：継続的インテグレーション）
開発者が作成したプログラムを、頻繁に共有リポジトリへ取り込み、そのたびに自動でビルドやテスト、静的解析などを実行する仕組みです。不具合やエラーを早い段階で発見することが目的です。

CD（Continuous Delivery / Continuous Deployment）
CIで問題がなかった成果物を、
・テスト環境
・本番環境
などへ自動または半自動で反映する仕組みです。
"
1147,"SC-HR07H-PM
問1

SASTツールとは
","SASTツールとは、ソースコードを実行せずに解析し、脆弱性やセキュリティ上の問題を検出するツールのことです。

SASTは
Static Application Security Testing（静的アプリケーションセキュリティテスト）
の略です。

主な特徴は次のとおりです。

・プログラムを実行せず、ソースコードやバイトコードを解析する
・SQLインジェクション、XSS、認証不備などの脆弱性の原因となる記述を検出できる
・開発の早い段階（実装中、ビルド時）で利用できる
・CI/CDパイプラインに組み込みやすい
"
1148,"SC-HR07H-PM
問4


設問1(2)
あなたの解答：Fアプリのコード中に定数として定義されている。

正解：Fアプリを解析し，暗号化されたアクセスキー並びに共通鍵及び初期ベクトルを入手し，暗号化されたアクセスキーをAES-CBCで復号する。

判定：×

","理由：「定数として平文で入っている」ではなく、「暗号化されたアクセスキー＋復号に必要な共通鍵とIVを取り出してAES-CBCで復号する」が要点です。暗号化・復号という肝心の流れが抜けています。
どう書くべきか：AES-CBCで復号する（共通鍵とIVを使う）まで書くと安全です。

あなたの答案
「Fアプリのコード中に定数として定義されている」は、
・情報の所在
は述べていますが、
・取得方法の核心（AES-CBCで復号する）
が書かれていません。
"
1149,"SC-HR07H-PM
問4

この親ドメインは？
https://www.a-sha.co.jp.k-sha.co.jp/
","このURLの親ドメインは k-sha.co.jp です。
"
1150,"SC-HR04H-PM１
問１

メールヘッダーインジェクション対策は
","・メールアドレス
・件名（Subject）
に キャリッジリターン（CR）やラインフィード（LF）を含めることは仕様上も禁止 されています。

「メールヘッダからすべてのキャリジリターンを抜く」
のではなく、

「利用者入力に含まれるキャリジリターンやラインフィードを許可しない」
"
1151,"SC-HR04H-PM１
問2

あなたの解答：OSコマンドがPOSTメソッドのボディに書かれていたから。

正解：POSTメソッドで送信したボディがアクセスログに残っていなかったから 

判定：×
","理由：問われているのは「なぜログから追えなかったか（残っていなかったか）」で、★★★正解はアクセスログに残らない点です。「POSTボディに書かれていた」は事実の説明であって、ログに残らない理由になっていません。
"
1152,"SC-HR04H-PM１
問2

あなたの解答：sudoコマンドを使用してtarコマンドを実行できないように設定する。

正解：sudoコマンドの設定ファイルで，tarコマンドのオプションを受け付けないように設定する。

判定：△
","理由：sudo設定でtarを縛る方向性は合っていますが、正解の要点は「tar自体を禁止」ではなく「危険なオプションを受け付けない（許さない）ようにする」です。制御の粒度が違います。

"
1153,"SC-HR7H-PM
問4

どのような調査で分かったか？

表6の結果については, SSH では接続できませんでしたが,公開サービス は Web だけが稼働しているようだということが, X, Y, Z サービス以外の2調査から分かりました。
","【正解】　ポートスキャンでWebのポートだけが開いていることを確認する。

文章が長くて読み取れなかた。「稼働しているようだ」が問題なのだからポートスキャン。"
1154,"SC-HR7H-PM
問4

別の調査とは

多くの脆弱性が内在しているようだということが,  別の調査から分かりました。
","【正解】　脆弱性スキャナーを実行して、脆弱性の有無を確認する。

「脆弱性スキャナー」「脆弱性検出ツール」　← これは覚える必要あり。"
1155,"SC-HR7H-PM
問4

あなたの解答：
継続する場合：K事業部としてFQDNをDNSのCNAMEレコードに入れる。
継続しない場合：FQDNをDNSのCNAMEレコードから削除する。

正解：
する場合：一旦サービスを停止し、脆弱性を修正後に再開する。
しない場合：速やかにネットワークから切り離し、機器を廃棄する。

判定：×
","問題文には「具体的に述べよ」がある。これがミソ。具体的はサーバの話。

判定：×
理由：
本設問は「サーバの扱い（運用継続／廃止）に応じたセキュリティ対応」を問うています。DNS設定の変更ではなく、サービス停止・修正・廃棄といった運用面の対応を書く必要があります。
"
1156,"SC-HR6H-PM
問1

あなたの解答：ヘッダの署名アルゴリズムが正しいこと
正解：JWTヘッダ内のalgに指定された値が「NONEでない」ことを検証
判定：△

","理由：「ヘッダのalgを見る」という方向性は近いのですが、設問の肝は「NONEを指定して署名検証を回避する改ざん」を防ぐために、algがNONEでないことを明示的に検証する点です。「正しいこと」だと、何を条件に弾くのか（NONEの排除）が採点上弱くなります。
"
1157,"SC-HR6H-PM
問1

あなたの解答：ログイン成功までの利用者ID連続入力回数の制限値
正解：連続失敗回数がしきい値を超えたらアカウントをロックする処理
判定：×
理由：「入力回数の制限」ではなく、「失敗回数を数えて、しきい値超過でアカウントロック」という対策内容が求められています。成功までのID入力回数という表現だと、失敗回数・ロック処理の要点が抜けます。

","2. あなたの表現が示してしまう挙動
「ログイン成功までの利用者ID連続入力回数の制限値」

この表現だと、システムの動きとしては次のようにも読めます。

・一定回数入力したら、それ以上入力できなくする
・成功したかどうかは副次的
・ロックという強制的な制御が読み取れない

3. 正解が強調しているポイント
解答例は、あえて次の3点を明示しています。

失敗回数を数える

しきい値を超えたら

アカウントをロックする"
1158,"SC-HR6A-PM
問1

あなたの解答：管理者拒否リストに 3URL を追加する。
正解：全てのドメインユーザーに対して、3URL を管理者拒否リストに登録する。
判定：△
理由：やること（拒否リストへ登録、対象URLの列挙）は合っていますが、「全てのドメインユーザーに対して」という適用対象の明示が解答例の要点として入っています。
",プロキシ（FW）の設定は、送信元も必要。
1159,"SC-HR6A-PM
問1

あなたの解答：(6)と同じ（全ホストにPC-A同様の調査）

正解：タスク名が install のタスクが登録されている L社内ホストがないか調査する。

判定：×

理由：問われている新たな着眼点は「タスク名 install の登録有無」です。URL通信調査とは別の観点での横展開なので、(6)の一般化では要点を満たしません。
",「タスク名 install の登録有無」は気づかなかった。
1160,"SC-HR6A-PM
問1

あなたの解答：マルウェア対策サービスに i.ps1 と q.ps1 を追加する。

正解：2つ答え（順不同）

マルウェア対策サービスのログから、マルウェア対策ソフトが停止した L社内ホストを検出

ドメインサーバのログから、RDP接続をくり返している L社内ホストを検出

判定：×

理由：「検出する仕組み」を2つ具体的に答える設問です。スクリプトを追加（許可・遮断・検知ルール追加の趣旨だとしても）だと、解答例が求める“ログからどう特定するか”の2本立てに一致しません。


",マルウェア対策ソフトが停止した L社内ホストを検出　← こっちは気づくべきだった。
1161,"SC-HR6A-PM
問1

あなたの解答：プロキシサービスでファイルの外部への送信を拒否する。

正解：L社内にDLPを導入し、ファイルの持出しを制限する。

判定：△

理由：「ファイル持出し（外部送信）を制限する」という目的は近いです。一方で解答例は仕組みとしてDLP導入を明示しています。プロキシ拒否だと、持出し経路全体（メール添付、クラウド同期、USB等）まで含めた統制にならない可能性があり、解答例の指定とずれます。

",DLPを導入し　← 時代はDLPらしい。覚える必要あり。
1162,"SC-HR6A-PM
問2

Reply-ToとReturn-Path","・Reply-To
　受信者が「返信」したときの宛先を指定するためのヘッダーです。
　人がメールに返信する際に使われ、配送や認証には関与しません。

・Return-Path
　メール配送に失敗した場合の返送先を示すためのヘッダーです。
　SMTPのエンベロープFromに対応し、SPFの判定対象になります。

一言で言うと、
Reply-To は「返信先」、Return-Path は「配送エラーの戻り先」です。"
1163,"SC-HR6A-PM
問2

あなたの解答：
・メールの内容：代金振込予定など取引内容
・続きの攻撃：なりすまし＋偽口座へ振込依頼（詐取）

正解：
・メール：社外サービスのパスワード再設定画面のURLが書かれたメール
・攻撃：任意のパスワードを設定し、アカウントを乗っ取る

判定：×（メール内容・続きの攻撃が違う）

","A社ドメイン名を悪用しようと考える第三者がA社ドメイン名を 取得した場合, メールアドレスは自由に作成できます。 そのため, 変更を忘れてしまっ たものと同じメールアドレスを作成し, 社外サービスのパスワード再設定用の URL が 書かれたメールを受信することが考えられます。 このメールを受信した第三者が,任意 のパスワードを設定してアカウントを乗っ取ることが続きの攻撃となります。
"
1164,"SC-HR6A-PM
問2

あなたの解答：偽のWebサイトでID/パスワードを入力させて窃取（フィッシング）

正解：ソフトウェア修正プログラムに見せかけたマルウェアをダウンロードさせる

判定：×（攻撃の型が別物）

理由：ここは「認証情報の窃取」ではなく、「修正プログラム偽装でマルウェアを入れさせる」ことが問われています。
","問題文中の冒頭の段落に, 「A 社の Web サイトでは,一般向けに IR 情報と関連会社へのリンクを,顧客向けに自社製の工作機械管理用アプリケーションプログラムとその ソフトウェア修正プログラムを提供している」とあります。　← 完全に軽く読み飛ばしてしまった。"
1165,"ECBモードECBモード CBCモード CTRモード（Counterモード）
これは何。","ECBモード
Electronic Codebook（エレクトロニック・コードブック）。
データをブロックごとに独立して暗号化します。
同じ平文ブロック→同じ暗号文になるので、模様や規則性が残ります。そのため安全性が低く、通常は使いません。
特徴：単純・高速だが危険。

CBCモード
Cipher Block Chaining（サイファー・ブロック・チェイニング）。
前の暗号文ブロックと次の平文を混ぜてから暗号化します。
最初にはIV（初期化ベクトル）が必要です。
同じ平文が続いても暗号文が同じになりにくく、ECBより安全です。
ただし暗号化を順番に行う必要があり、並列処理しにくいです。

CTRモード
Counter Mode（カウンター・モード）。
「カウンター値」をAESで暗号化し、それを平文とXORして暗号文を作ります。
実質的にはブロック暗号をストリーム暗号のように使います。
並列処理でき、高速で、パディングも不要です。
ただし同じ鍵＋同じnonce/カウンターを絶対に再利用してはいけません。"
1166,ブロック暗号  ストリーム暗号,
1167,"公開鍵暗号方式
ハイブリッド暗号方式
","公開鍵暗号方式 RSA暗号
ハイブリッド暗号方式 セッション鍵を安全に届ける手段の一つがDH法"
1168,"衝突発見困難性

第二原像計算困難性

原像計算困難性
","衝突発見困難性
ハッシュ値が一致する2つの元データの検索が難しい。H（M）が既知のとき、H（M'）を見つけるのが難しい
ハッシュ値はなんでもいいと解釈しておく

第二原像計算困難性
特定のハッシュ値と同じハッシュ値を持つファイルをつくるのが難しい。H（M）=H（M'）となるような別のメッセージM'を探索することが困難
ハッシュ値は既知と解釈しておく

原像計算困難性
ハッシュ値から元の入力値を検索することが難しい"
1169,フィンガープリント,ハッシュ値の計算結果
1170,HMAC（Hash Based Message Authentication Code）,"HMAC（Hash Based Message Authentication Code）
入力データに共通鍵の情報を含めてハッシュ値を計算する手法"
1171,"電子政府推奨暗号リスト
","CRYPTREC
"
1172,前方秘匿性,"PFS
Perfect Forward Secrecy
暗号化鍵の共有に使われている秘密鍵が漏えいしたとしても、過去に暗号化された通信データは解読されないという鍵交換プロトコルに求められる性質"
1173,盗難、漏えい等、他人によって使用され得る状態になること,危殆化
1174,ゼロ知識証明,"「秘密の合い言葉そのものは言わず、合い言葉を知っている人にしかできない行動で、知っていることだけを証明する例です。」

さらに短い試験向けの一文なら、

「秘密情報を明かさずに、その情報を知っていることだけを示す例である。」"
1175,利用者IDとパスワードを、HTTPのリクエストヘッダに含めて送信し、Webサーバで利用者を認証する方式は何か。,ベーシック認証
1176,"サーバが毎回異なる乱数を送信し，利用者は秘密情報を使ってその値に対応する応答を返す。パスワードそのものをそのまま送らずに本人確認を行うこの方式は何か。

別の問題例：
盗聴されてもパスワード自体がそのまま流れないように，認証時にサーバから提示された値に対して計算した結果を返して認証する方式は何か。","答え：
チャレンジレスポンス認証"
1177,FIDO認証,
1178,WebAuthn,
1179,Passkeys,
1180,MAC（Message Authentication Code）で何がわかるか２つ,"「メッセージが改ざんされていないこと」と
「正しい共通鍵を持つ相手が作ったこと」"
1181,人とメッセージの両方を認証するもの,"電子署名
デジタル署名
"
1182,"電子メールに電子署名や公開鍵暗号処理をする仕組み
２つ","PGP（Pretty Good Privacy）
S/MIME（Secure/Multipurpose internet Mail Extensions）"
1183,署名対象文書の作成者と署名者を分離し，署名者には署名する文書の内容が分からないようにする方式,ブラインド署名
1184,XML形式のデータにくっつける電子署名のこと,XMLデジタル署名
1185,自分をアイデンティティを隠しながら，自分がその組織に含まれていることを証明する電子署名方式,グループ署名
1186,"マルウェアの影響が及ばないハードウェアトークンで生成したワンタイムパスワードを認証情報として使用する方法
中間者攻撃の対策になる方法",トランザクション署名
1187,ソフトウェアのバイナリまたはファイルにデジタル署名を付与するプロセス,コードサイニング
1188,ネットワークアクセスに対してルーターがサポートするすべての認証、許可、アカウンティング、アドレス割り当て、動的要求サービスに対して単一の連絡先を提供します,"AAAフレームワーク（認証，認可，アカウンティング）
・RADIUS
・Diameter
・TACACS+

"
1189,ブロック暗号を用いてメッセージ認証コードを構成する方式,CMAC（Cipher-based MAC）
1190,人や物の正体が本当に主張している人や物であるかを検証する技術,エンティティ認証
1191,普段と異なる環境からアクセスした場合に追加で認証を行う仕組み,リスクベース認証
1192,クライアントから送信側メールサーバへ通信をする際にクライアントに対して認証情報を元に認証を取る方法,SMTP-AUTH
1193,公開鍵が正規に相手のものであることを確認するために使うものは,"デジタル証明書

呼び方がさまざまある
公開鍵証明書
電子証明書
サーバー証明書
クライアント証明書
"
1194,サーバー証明書の種類３つ,"DV証明書
Domain Validation
ドメインの所有

OV証明書
Organization Validation
ドメインの所有、企業の実在性

EV証明書
Extended Validation
ドメインの所有、企業の実在性、企業の業務実態"
1195,公開鍵証明書の発行や失効管理を通じて、公開鍵が正規の相手のものであることを保証する仕組みを何というか。,PKI（Public Key Infrastructure）　公開鍵基盤
1196,公開鍵証明書の連鎖をたどって正当性を確認する処理は何か。,証明書パス検証
1197,ルート認証局から中間認証局を経由してエンドエンティティ証明書に至るまで、公開鍵証明書が連続してつながった構造を何というか。,証明書チェーン
1198,公開鍵の信頼性を保証する機関,"認証局
CA
Certificate Authority"
1199,デジタル証明書の失効リスト（CRL）を集中管理して、証明書の有効性をチェックする機関,"VA
Validation Authority
検証局"
1200,認証局の業務のうち、デジタル証明書の発行申請書に記載された申請者の本人確認を行い、審査結果に基づき申請の承認または却下を行うことです。承認された申請情報を登録する役割も担います。,"RA
Registration Authority
登録局"
1201,電子商取引を行う場合など、デジタル証明書の保有者本人の身元確認だけでなく、保有者が持つ肩書、権利や資格などの属性確認が必要になることがあります。この本人の属性を証明する属性証明書を発行するのが,"属性認証局(AA)です。
Attribute Authority"
1202,GPKI,"Government Public Key Infrastructure：政府認証基盤
政府が運営するPKI"
